-0.198,-1.1
-0.165,-1.039
-0.164,-1.039
-0.163,-1.039
-0.162,-1.039
-0.157,-1.039
-0.164,-1.038
-0.163,-1.038
-0.162,-1.038
-0.161,-1.038
-0.158,-1.038
-0.157,-1.038
-0.156,-1.038
-0.154,-1.038
-0.164,-1.037
-0.163,-1.037
-0.162,-1.037
-0.161,-1.037
-0.16,-1.037
-0.159,-1.037
-0.158,-1.037
-0.157,-1.037
-0.156,-1.037
-0.155,-1.037
-0.154,-1.037
-0.164,-1.036
-0.163,-1.036
-0.162,-1.036
-0.161,-1.036
-0.16,-1.036
-0.159,-1.036
-0.158,-1.036
-0.157,-1.036
-0.156,-1.036
-0.155,-1.036
-0.154,-1.036
-0.153,-1.036
-0.162,-1.035
-0.161,-1.035
-0.16,-1.035
-0.159,-1.035
-0.158,-1.035
-0.157,-1.035
-0.156,-1.035
-0.155,-1.035
-0.154,-1.035
-0.153,-1.035
-0.152,-1.035
-0.162,-1.034
-0.161,-1.034
-0.16,-1.034
-0.159,-1.034
-0.158,-1.034
-0.157,-1.034
-0.156,-1.034
-0.155,-1.034
-0.154,-1.034
-0.153,-1.034
-0.163,-1.033
-0.162,-1.033
-0.161,-1.033
-0.16,-1.033
-0.159,-1.033
-0.158,-1.033
-0.157,-1.033
-0.156,-1.033
-0.155,-1.033
-0.154,-1.033
-0.153,-1.033
-0.162,-1.032
-0.161,-1.032
-0.16,-1.032
-0.159,-1.032
-0.158,-1.032
-0.157,-1.032
-0.156,-1.032
-0.155,-1.032
-0.154,-1.032
-0.153,-1.032
-0.163,-1.031
-0.162,-1.031
-0.161,-1.031
-0.16,-1.031
-0.159,-1.031
-0.158,-1.031
-0.157,-1.031
-0.156,-1.031
-0.155,-1.031
-0.154,-1.031
-0.162,-1.03
-0.161,-1.03
-0.16,-1.03
-0.159,-1.03
-0.158,-1.03
-0.157,-1.03
-0.156,-1.03
-0.155,-1.03
-0.161,-1.029
-0.16,-1.029
-0.159,-1.029
-0.158,-1.029
-0.157,-1.029
-0.156,-1.029
-0.155,-1.029
-0.163,-1.028
-0.162,-1.028
-0.161,-1.028
-0.16,-1.028
-0.159,-1.028
-0.158,-1.028
-0.157,-1.028
-0.156,-1.028
-0.162,-1.027
-0.161,-1.027
-0.159,-1.027
-0.157,-1.027
-0.157,-1.026
0.0,-1.0
-0.128,-0.989
-0.127,-0.989
-0.043,-0.989
-0.129,-0.988
-0.128,-0.988
-0.127,-0.988
-0.045,-0.988
-0.044,-0.988
-0.043,-0.988
-0.042,-0.988
-0.128,-0.987
-0.127,-0.987
-0.045,-0.987
-0.044,-0.987
-0.043,-0.987
-0.042,-0.987
-0.045,-0.986
-0.044,-0.986
-0.043,-0.986
-0.042,-0.986
-0.041,-0.986
-0.04,-0.986
-0.045,-0.985
-0.044,-0.985
-0.043,-0.985
-0.041,-0.985
-0.044,-0.984
-0.074,-0.971
-0.074,-0.97
-0.114,-0.969
-0.105,-0.927
-0.105,-0.926
-0.107,-0.925
-0.106,-0.925
-0.105,-0.925
-0.104,-0.925
-0.107,-0.924
-0.106,-0.924
-0.105,-0.924
-0.104,-0.924
-0.109,-0.923
-0.105,-0.923
-0.104,-0.923
-0.107,-0.912
-0.113,-0.897
-0.109,-0.897
-0.119,-0.896
-0.11,-0.895
-0.109,-0.895
-0.111,-0.894
-0.11,-0.894
-0.109,-0.894
-0.108,-0.894
-0.113,-0.893
-0.112,-0.893
-0.111,-0.893
-0.11,-0.893
-0.109,-0.893
-0.108,-0.893
-0.114,-0.892
-0.113,-0.892
-0.112,-0.892
-0.111,-0.892
-0.11,-0.892
-0.109,-0.892
-0.108,-0.892
-0.107,-0.892
-0.102,-0.892
-0.115,-0.891
-0.114,-0.891
-0.113,-0.891
-0.112,-0.891
-0.111,-0.891
-0.11,-0.891
-0.109,-0.891
-0.108,-0.891
-0.107,-0.891
-0.106,-0.891
-0.104,-0.891
-0.119,-0.89
-0.116,-0.89
-0.115,-0.89
-0.114,-0.89
-0.113,-0.89
-0.112,-0.89
-0.111,-0.89
-0.11,-0.89
-0.109,-0.89
-0.108,-0.89
-0.107,-0.89
-0.106,-0.89
-0.105,-0.89
-0.104,-0.89
-0.116,-0.889
-0.115,-0.889
-0.114,-0.889
-0.113,-0.889
-0.112,-0.889
-0.111,-0.889
-0.11,-0.889
-0.109,-0.889
-0.108,-0.889
-0.107,-0.889
-0.106,-0.889
-0.105,-0.889
-0.116,-0.888
-0.115,-0.888
-0.114,-0.888
-0.113,-0.888
-0.112,-0.888
-0.111,-0.888
-0.11,-0.888
-0.109,-0.888
-0.108,-0.888
-0.107,-0.888
-0.106,-0.888
-0.105,-0.888
-0.14,-0.887
-0.119,-0.887
-0.118,-0.887
-0.117,-0.887
-0.116,-0.887
-0.115,-0.887
-0.114,-0.887
-0.113,-0.887
-0.112,-0.887
-0.111,-0.887
-0.11,-0.887
-0.109,-0.887
-0.108,-0.887
-0.107,-0.887
-0.106,-0.887
-0.105,-0.887
-0.104,-0.887
-0.126,-0.886
-0.116,-0.886
-0.115,-0.886
-0.114,-0.886
-0.113,-0.886
-0.112,-0.886
-0.111,-0.886
-0.11,-0.886
-0.109,-0.886
-0.108,-0.886
-0.107,-0.886
-0.106,-0.886
-0.105,-0.886
-0.138,-0.885
-0.121,-0.885
-0.115,-0.885
-0.114,-0.885
-0.113,-0.885
-0.112,-0.885
-0.111,-0.885
-0.11,-0.885
-0.109,-0.885
-0.108,-0.885
-0.107,-0.885
-0.106,-0.885
-0.105,-0.885
-0.104,-0.885
-0.121,-0.884
-0.114,-0.884
-0.113,-0.884
-0.112,-0.884
-0.111,-0.884
-0.11,-0.884
-0.109,-0.884
-0.108,-0.884
-0.107,-0.884
-0.106,-0.884
-0.126,-0.883
-0.125,-0.883
-0.121,-0.883
-0.119,-0.883
-0.118,-0.883
-0.117,-0.883
-0.116,-0.883
-0.115,-0.883
-0.114,-0.883
-0.113,-0.883
-0.112,-0.883
-0.111,-0.883
-0.11,-0.883
-0.109,-0.883
-0.108,-0.883
-0.107,-0.883
-0.136,-0.882
-0.127,-0.882
-0.126,-0.882
-0.125,-0.882
-0.124,-0.882
-0.122,-0.882
-0.121,-0.882
-0.12,-0.882
-0.119,-0.882
-0.118,-0.882
-0.117,-0.882
-0.116,-0.882
-0.115,-0.882
-0.114,-0.882
-0.113,-0.882
-0.112,-0.882
-0.111,-0.882
-0.11,-0.882
-0.109,-0.882
-0.108,-0.882
-0.107,-0.882
-0.1,-0.882
-0.137,-0.881
-0.126,-0.881
-0.125,-0.881
-0.124,-0.881
-0.123,-0.881
-0.122,-0.881
-0.121,-0.881
-0.12,-0.881
-0.119,-0.881
-0.118,-0.881
-0.117,-0.881
-0.116,-0.881
-0.115,-0.881
-0.114,-0.881
-0.113,-0.881
-0.112,-0.881
-0.111,-0.881
-0.11,-0.881
-0.109,-0.881
-0.108,-0.881
-0.107,-0.881
-0.106,-0.881
-0.105,-0.881
-0.104,-0.881
-0.103,-0.881
-0.101,-0.881
-0.138,-0.88
-0.133,-0.88
-0.125,-0.88
-0.124,-0.88
-0.123,-0.88
-0.122,-0.88
-0.121,-0.88
-0.12,-0.88
-0.119,-0.88
-0.118,-0.88
-0.117,-0.88
-0.116,-0.88
-0.115,-0.88
-0.114,-0.88
-0.113,-0.88
-0.112,-0.88
-0.111,-0.88
-0.11,-0.88
-0.109,-0.88
-0.108,-0.88
-0.107,-0.88
-0.106,-0.88
-0.105,-0.88
-0.104,-0.88
-0.103,-0.88
-0.102,-0.88
-0.101,-0.88
-0.098,-0.88
-0.082,-0.88
-0.135,-0.879
-0.133,-0.879
-0.128,-0.879
-0.127,-0.879
-0.126,-0.879
-0.125,-0.879
-0.124,-0.879
-0.123,-0.879
-0.122,-0.879
-0.121,-0.879
-0.12,-0.879
-0.119,-0.879
-0.118,-0.879
-0.117,-0.879
-0.116,-0.879
-0.115,-0.879
-0.114,-0.879
-0.113,-0.879
-0.112,-0.879
-0.111,-0.879
-0.11,-0.879
-0.109,-0.879
-0.108,-0.879
-0.107,-0.879
-0.106,-0.879
-0.105,-0.879
-0.104,-0.879
-0.103,-0.879
-0.102,-0.879
-0.101,-0.879
-0.1,-0.879
-0.099,-0.879
-0.098,-0.879
-0.097,-0.879
-0.096,-0.879
-0.084,-0.879
-0.138,-0.878
-0.136,-0.878
-0.135,-0.878
-0.134,-0.878
-0.133,-0.878
-0.132,-0.878
-0.131,-0.878
-0.128,-0.878
-0.127,-0.878
-0.126,-0.878
-0.125,-0.878
-0.124,-0.878
-0.123,-0.878
-0.122,-0.878
-0.121,-0.878
-0.12,-0.878
-0.119,-0.878
-0.118,-0.878
-0.117,-0.878
-0.116,-0.878
-0.115,-0.878
-0.114,-0.878
-0.113,-0.878
-0.112,-0.878
-0.111,-0.878
-0.11,-0.878
-0.109,-0.878
-0.108,-0.878
-0.107,-0.878
-0.106,-0.878
-0.105,-0.878
-0.104,-0.878
-0.103,-0.878
-0.102,-0.878
-0.101,-0.878
-0.1,-0.878
-0.099,-0.878
-0.098,-0.878
-0.097,-0.878
-0.136,-0.877
-0.135,-0.877
-0.134,-0.877
-0.133,-0.877
-0.132,-0.877
-0.131,-0.877
-0.129,-0.877
-0.128,-0.877
-0.127,-0.877
-0.126,-0.877
-0.125,-0.877
-0.124,-0.877
-0.123,-0.877
-0.122,-0.877
-0.121,-0.877
-0.12,-0.877
-0.119,-0.877
-0.118,-0.877
-0.117,-0.877
-0.116,-0.877
-0.115,-0.877
-0.114,-0.877
-0.113,-0.877
-0.112,-0.877
-0.111,-0.877
-0.11,-0.877
-0.109,-0.877
-0.108,-0.877
-0.107,-0.877
-0.106,-0.877
-0.105,-0.877
-0.104,-0.877
-0.103,-0.877
-0.102,-0.877
-0.101,-0.877
-0.1,-0.877
-0.099,-0.877
-0.098,-0.877
-0.097,-0.877
-0.136,-0.876
-0.135,-0.876
-0.134,-0.876
-0.133,-0.876
-0.132,-0.876
-0.131,-0.876
-0.13,-0.876
-0.129,-0.876
-0.128,-0.876
-0.127,-0.876
-0.126,-0.876
-0.125,-0.876
-0.124,-0.876
-0.123,-0.876
-0.122,-0.876
-0.121,-0.876
-0.12,-0.876
-0.119,-0.876
-0.118,-0.876
-0.117,-0.876
-0.116,-0.876
-0.115,-0.876
-0.114,-0.876
-0.113,-0.876
-0.112,-0.876
-0.111,-0.876
-0.11,-0.876
-0.109,-0.876
-0.108,-0.876
-0.107,-0.876
-0.106,-0.876
-0.105,-0.876
-0.104,-0.876
-0.103,-0.876
-0.102,-0.876
-0.101,-0.876
-0.1,-0.876
-0.099,-0.876
-0.098,-0.876
-0.097,-0.876
-0.095,-0.876
-0.084,-0.876
-0.137,-0.875
-0.136,-0.875
-0.135,-0.875
-0.134,-0.875
-0.133,-0.875
-0.132,-0.875
-0.131,-0.875
-0.13,-0.875
-0.129,-0.875
-0.128,-0.875
-0.127,-0.875
-0.126,-0.875
-0.125,-0.875
-0.124,-0.875
-0.123,-0.875
-0.122,-0.875
-0.121,-0.875
-0.12,-0.875
-0.119,-0.875
-0.118,-0.875
-0.117,-0.875
-0.116,-0.875
-0.115,-0.875
-0.114,-0.875
-0.113,-0.875
-0.112,-0.875
-0.111,-0.875
-0.11,-0.875
-0.109,-0.875
-0.108,-0.875
-0.107,-0.875
-0.106,-0.875
-0.105,-0.875
-0.104,-0.875
-0.103,-0.875
-0.102,-0.875
-0.101,-0.875
-0.1,-0.875
-0.099,-0.875
-0.098,-0.875
-0.097,-0.875
-0.096,-0.875
-0.095,-0.875
-0.091,-0.875
-0.086,-0.875
-0.085,-0.875
-0.084,-0.875
-0.136,-0.874
-0.135,-0.874
-0.134,-0.874
-0.133,-0.874
-0.132,-0.874
-0.131,-0.874
-0.13,-0.874
-0.129,-0.874
-0.128,-0.874
-0.127,-0.874
-0.126,-0.874
-0.125,-0.874
-0.124,-0.874
-0.123,-0.874
-0.122,-0.874
-0.121,-0.874
-0.12,-0.874
-0.119,-0.874
-0.118,-0.874
-0.117,-0.874
-0.116,-0.874
-0.115,-0.874
-0.114,-0.874
-0.113,-0.874
-0.112,-0.874
-0.111,-0.874
-0.11,-0.874
-0.109,-0.874
-0.108,-0.874
-0.107,-0.874
-0.106,-0.874
-0.105,-0.874
-0.104,-0.874
-0.103,-0.874
-0.102,-0.874
-0.101,-0.874
-0.1,-0.874
-0.099,-0.874
-0.098,-0.874
-0.097,-0.874
-0.096,-0.874
-0.095,-0.874
-0.092,-0.874
-0.091,-0.874
-0.09,-0.874
-0.136,-0.873
-0.135,-0.873
-0.134,-0.873
-0.133,-0.873
-0.132,-0.873
-0.131,-0.873
-0.13,-0.873
-0.129,-0.873
-0.128,-0.873
-0.127,-0.873
-0.126,-0.873
-0.125,-0.873
-0.124,-0.873
-0.123,-0.873
-0.122,-0.873
-0.121,-0.873
-0.12,-0.873
-0.119,-0.873
-0.118,-0.873
-0.117,-0.873
-0.116,-0.873
-0.115,-0.873
-0.114,-0.873
-0.113,-0.873
-0.112,-0.873
-0.111,-0.873
-0.11,-0.873
-0.109,-0.873
-0.108,-0.873
-0.107,-0.873
-0.106,-0.873
-0.105,-0.873
-0.104,-0.873
-0.103,-0.873
-0.102,-0.873
-0.101,-0.873
-0.1,-0.873
-0.099,-0.873
-0.098,-0.873
-0.097,-0.873
-0.096,-0.873
-0.095,-0.873
-0.093,-0.873
-0.092,-0.873
-0.091,-0.873
-0.09,-0.873
-0.088,-0.873
-0.134,-0.872
-0.133,-0.872
-0.132,-0.872
-0.131,-0.872
-0.13,-0.872
-0.129,-0.872
-0.128,-0.872
-0.127,-0.872
-0.126,-0.872
-0.125,-0.872
-0.124,-0.872
-0.123,-0.872
-0.122,-0.872
-0.121,-0.872
-0.12,-0.872
-0.119,-0.872
-0.118,-0.872
-0.117,-0.872
-0.116,-0.872
-0.115,-0.872
-0.114,-0.872
-0.113,-0.872
-0.112,-0.872
-0.111,-0.872
-0.11,-0.872
-0.109,-0.872
-0.108,-0.872
-0.107,-0.872
-0.106,-0.872
-0.105,-0.872
-0.104,-0.872
-0.103,-0.872
-0.102,-0.872
-0.101,-0.872
-0.1,-0.872
-0.099,-0.872
-0.098,-0.872
-0.097,-0.872
-0.096,-0.872
-0.095,-0.872
-0.094,-0.872
-0.093,-0.872
-0.092,-0.872
-0.091,-0.872
-0.09,-0.872
-0.089,-0.872
-0.088,-0.872
-0.087,-0.872
-0.086,-0.872
-0.134,-0.871
-0.133,-0.871
-0.132,-0.871
-0.131,-0.871
-0.13,-0.871
-0.129,-0.871
-0.128,-0.871
-0.127,-0.871
-0.126,-0.871
-0.125,-0.871
-0.124,-0.871
-0.123,-0.871
-0.122,-0.871
-0.121,-0.871
-0.12,-0.871
-0.119,-0.871
-0.118,-0.871
-0.117,-0.871
-0.116,-0.871
-0.115,-0.871
-0.114,-0.871
-0.113,-0.871
-0.112,-0.871
-0.111,-0.871
-0.11,-0.871
-0.109,-0.871
-0.108,-0.871
-0.107,-0.871
-0.106,-0.871
-0.105,-0.871
-0.104,-0.871
-0.103,-0.871
-0.102,-0.871
-0.101,-0.871
-0.1,-0.871
-0.099,-0.871
-0.098,-0.871
-0.097,-0.871
-0.096,-0.871
-0.095,-0.871
-0.094,-0.871
-0.093,-0.871
-0.092,-0.871
-0.091,-0.871
-0.09,-0.871
-0.089,-0.871
-0.088,-0.871
-0.134,-0.87
-0.133,-0.87
-0.132,-0.87
-0.131,-0.87
-0.13,-0.87
-0.129,-0.87
-0.128,-0.87
-0.127,-0.87
-0.126,-0.87
-0.125,-0.87
-0.124,-0.87
-0.123,-0.87
-0.122,-0.87
-0.121,-0.87
-0.12,-0.87
-0.119,-0.87
-0.118,-0.87
-0.117,-0.87
-0.116,-0.87
-0.115,-0.87
-0.114,-0.87
-0.113,-0.87
-0.112,-0.87
-0.111,-0.87
-0.11,-0.87
-0.109,-0.87
-0.108,-0.87
-0.107,-0.87
-0.106,-0.87
-0.105,-0.87
-0.104,-0.87
-0.103,-0.87
-0.102,-0.87
-0.101,-0.87
-0.1,-0.87
-0.099,-0.87
-0.098,-0.87
-0.097,-0.87
-0.096,-0.87
-0.095,-0.87
-0.094,-0.87
-0.093,-0.87
-0.092,-0.87
-0.091,-0.87
-0.09,-0.87
-0.089,-0.87
-0.137,-0.869
-0.136,-0.869
-0.135,-0.869
-0.134,-0.869
-0.133,-0.869
-0.132,-0.869
-0.131,-0.869
-0.13,-0.869
-0.129,-0.869
-0.128,-0.869
-0.127,-0.869
-0.126,-0.869
-0.125,-0.869
-0.124,-0.869
-0.123,-0.869
-0.122,-0.869
-0.121,-0.869
-0.12,-0.869
-0.119,-0.869
-0.118,-0.869
-0.117,-0.869
-0.116,-0.869
-0.115,-0.869
-0.114,-0.869
-0.113,-0.869
-0.112,-0.869
-0.111,-0.869
-0.11,-0.869
-0.109,-0.869
-0.108,-0.869
-0.107,-0.869
-0.106,-0.869
-0.105,-0.869
-0.104,-0.869
-0.103,-0.869
-0.102,-0.869
-0.101,-0.869
-0.1,-0.869
-0.099,-0.869
-0.098,-0.869
-0.097,-0.869
-0.096,-0.869
-0.095,-0.869
-0.094,-0.869
-0.093,-0.869
-0.092,-0.869
-0.091,-0.869
-0.09,-0.869
-0.089,-0.869
-0.088,-0.869
-0.087,-0.869
-0.086,-0.869
-0.142,-0.868
-0.135,-0.868
-0.134,-0.868
-0.133,-0.868
-0.132,-0.868
-0.131,-0.868
-0.13,-0.868
-0.129,-0.868
-0.128,-0.868
-0.127,-0.868
-0.126,-0.868
-0.125,-0.868
-0.124,-0.868
-0.123,-0.868
-0.122,-0.868
-0.121,-0.868
-0.12,-0.868
-0.119,-0.868
-0.118,-0.868
-0.117,-0.868
-0.116,-0.868
-0.115,-0.868
-0.114,-0.868
-0.113,-0.868
-0.112,-0.868
-0.111,-0.868
-0.11,-0.868
-0.109,-0.868
-0.108,-0.868
-0.107,-0.868
-0.106,-0.868
-0.105,-0.868
-0.104,-0.868
-0.103,-0.868
-0.102,-0.868
-0.101,-0.868
-0.1,-0.868
-0.099,-0.868
-0.098,-0.868
-0.097,-0.868
-0.096,-0.868
-0.095,-0.868
-0.094,-0.868
-0.093,-0.868
-0.092,-0.868
-0.091,-0.868
-0.09,-0.868
-0.088,-0.868
-0.14,-0.867
-0.138,-0.867
-0.136,-0.867
-0.135,-0.867
-0.134,-0.867
-0.133,-0.867
-0.132,-0.867
-0.131,-0.867
-0.13,-0.867
-0.129,-0.867
-0.128,-0.867
-0.127,-0.867
-0.126,-0.867
-0.125,-0.867
-0.124,-0.867
-0.123,-0.867
-0.122,-0.867
-0.121,-0.867
-0.12,-0.867
-0.119,-0.867
-0.118,-0.867
-0.117,-0.867
-0.116,-0.867
-0.115,-0.867
-0.114,-0.867
-0.113,-0.867
-0.112,-0.867
-0.111,-0.867
-0.11,-0.867
-0.109,-0.867
-0.108,-0.867
-0.107,-0.867
-0.106,-0.867
-0.105,-0.867
-0.104,-0.867
-0.103,-0.867
-0.102,-0.867
-0.101,-0.867
-0.1,-0.867
-0.099,-0.867
-0.098,-0.867
-0.097,-0.867
-0.096,-0.867
-0.095,-0.867
-0.094,-0.867
-0.093,-0.867
-0.092,-0.867
-0.089,-0.867
-0.147,-0.866
-0.142,-0.866
-0.138,-0.866
-0.136,-0.866
-0.135,-0.866
-0.134,-0.866
-0.133,-0.866
-0.132,-0.866
-0.131,-0.866
-0.13,-0.866
-0.129,-0.866
-0.128,-0.866
-0.127,-0.866
-0.126,-0.866
-0.125,-0.866
-0.124,-0.866
-0.123,-0.866
-0.122,-0.866
-0.121,-0.866
-0.12,-0.866
-0.119,-0.866
-0.118,-0.866
-0.117,-0.866
-0.116,-0.866
-0.115,-0.866
-0.114,-0.866
-0.113,-0.866
-0.112,-0.866
-0.111,-0.866
-0.11,-0.866
-0.109,-0.866
-0.108,-0.866
-0.107,-0.866
-0.106,-0.866
-0.105,-0.866
-0.104,-0.866
-0.103,-0.866
-0.102,-0.866
-0.101,-0.866
-0.1,-0.866
-0.099,-0.866
-0.098,-0.866
-0.097,-0.866
-0.096,-0.866
-0.095,-0.866
-0.094,-0.866
-0.093,-0.866
-0.092,-0.866
-0.091,-0.866
-0.09,-0.866
-0.142,-0.865
-0.141,-0.865
-0.138,-0.865
-0.137,-0.865
-0.136,-0.865
-0.135,-0.865
-0.134,-0.865
-0.133,-0.865
-0.132,-0.865
-0.131,-0.865
-0.13,-0.865
-0.129,-0.865
-0.128,-0.865
-0.127,-0.865
-0.126,-0.865
-0.125,-0.865
-0.124,-0.865
-0.123,-0.865
-0.122,-0.865
-0.121,-0.865
-0.12,-0.865
-0.119,-0.865
-0.118,-0.865
-0.117,-0.865
-0.116,-0.865
-0.115,-0.865
-0.114,-0.865
-0.113,-0.865
-0.112,-0.865
-0.111,-0.865
-0.11,-0.865
-0.109,-0.865
-0.108,-0.865
-0.107,-0.865
-0.106,-0.865
-0.105,-0.865
-0.104,-0.865
-0.103,-0.865
-0.102,-0.865
-0.101,-0.865
-0.1,-0.865
-0.099,-0.865
-0.098,-0.865
-0.097,-0.865
-0.096,-0.865
-0.095,-0.865
-0.094,-0.865
-0.093,-0.865
-0.092,-0.865
-0.091,-0.865
-0.09,-0.865
-0.089,-0.865
-0.088,-0.865
-0.14,-0.864
-0.139,-0.864
-0.138,-0.864
-0.137,-0.864
-0.136,-0.864
-0.135,-0.864
-0.134,-0.864
-0.133,-0.864
-0.132,-0.864
-0.131,-0.864
-0.13,-0.864
-0.129,-0.864
-0.128,-0.864
-0.127,-0.864
-0.126,-0.864
-0.125,-0.864
-0.124,-0.864
-0.123,-0.864
-0.122,-0.864
-0.121,-0.864
-0.12,-0.864
-0.119,-0.864
-0.118,-0.864
-0.117,-0.864
-0.116,-0.864
-0.115,-0.864
-0.114,-0.864
-0.113,-0.864
-0.112,-0.864
-0.111,-0.864
-0.11,-0.864
-0.109,-0.864
-0.108,-0.864
-0.107,-0.864
-0.106,-0.864
-0.105,-0.864
-0.104,-0.864
-0.103,-0.864
-0.102,-0.864
-0.101,-0.864
-0.1,-0.864
-0.099,-0.864
-0.098,-0.864
-0.097,-0.864
-0.096,-0.864
-0.095,-0.864
-0.094,-0.864
-0.093,-0.864
-0.092,-0.864
-0.091,-0.864
-0.09,-0.864
-0.139,-0.863
-0.138,-0.863
-0.137,-0.863
-0.136,-0.863
-0.135,-0.863
-0.134,-0.863
-0.133,-0.863
-0.132,-0.863
-0.131,-0.863
-0.13,-0.863
-0.129,-0.863
-0.128,-0.863
-0.127,-0.863
-0.126,-0.863
-0.125,-0.863
-0.124,-0.863
-0.123,-0.863
-0.122,-0.863
-0.121,-0.863
-0.12,-0.863
-0.119,-0.863
-0.118,-0.863
-0.117,-0.863
-0.116,-0.863
-0.115,-0.863
-0.114,-0.863
-0.113,-0.863
-0.112,-0.863
-0.111,-0.863
-0.11,-0.863
-0.109,-0.863
-0.108,-0.863
-0.107,-0.863
-0.106,-0.863
-0.105,-0.863
-0.104,-0.863
-0.103,-0.863
-0.102,-0.863
-0.101,-0.863
-0.1,-0.863
-0.099,-0.863
-0.098,-0.863
-0.097,-0.863
-0.096,-0.863
-0.095,-0.863
-0.094,-0.863
-0.093,-0.863
-0.092,-0.863
-0.091,-0.863
-0.09,-0.863
-0.144,-0.862
-0.139,-0.862
-0.138,-0.862
-0.137,-0.862
-0.136,-0.862
-0.135,-0.862
-0.134,-0.862
-0.133,-0.862
-0.132,-0.862
-0.131,-0.862
-0.13,-0.862
-0.129,-0.862
-0.128,-0.862
-0.127,-0.862
-0.126,-0.862
-0.125,-0.862
-0.124,-0.862
-0.123,-0.862
-0.122,-0.862
-0.121,-0.862
-0.12,-0.862
-0.119,-0.862
-0.118,-0.862
-0.117,-0.862
-0.116,-0.862
-0.115,-0.862
-0.114,-0.862
-0.113,-0.862
-0.112,-0.862
-0.111,-0.862
-0.11,-0.862
-0.109,-0.862
-0.108,-0.862
-0.107,-0.862
-0.106,-0.862
-0.105,-0.862
-0.104,-0.862
-0.103,-0.862
-0.102,-0.862
-0.101,-0.862
-0.1,-0.862
-0.099,-0.862
-0.098,-0.862
-0.097,-0.862
-0.096,-0.862
-0.095,-0.862
-0.094,-0.862
-0.093,-0.862
-0.092,-0.862
-0.091,-0.862
-0.137,-0.861
-0.136,-0.861
-0.135,-0.861
-0.134,-0.861
-0.133,-0.861
-0.132,-0.861
-0.131,-0.861
-0.13,-0.861
-0.129,-0.861
-0.128,-0.861
-0.127,-0.861
-0.126,-0.861
-0.125,-0.861
-0.124,-0.861
-0.123,-0.861
-0.122,-0.861
-0.121,-0.861
-0.12,-0.861
-0.119,-0.861
-0.118,-0.861
-0.117,-0.861
-0.116,-0.861
-0.115,-0.861
-0.114,-0.861
-0.113,-0.861
-0.112,-0.861
-0.111,-0.861
-0.11,-0.861
-0.109,-0.861
-0.108,-0.861
-0.107,-0.861
-0.106,-0.861
-0.105,-0.861
-0.104,-0.861
-0.103,-0.861
-0.102,-0.861
-0.101,-0.861
-0.1,-0.861
-0.099,-0.861
-0.098,-0.861
-0.097,-0.861
-0.096,-0.861
-0.095,-0.861
-0.094,-0.861
-0.093,-0.861
-0.092,-0.861
-0.091,-0.861
-0.138,-0.86
-0.137,-0.86
-0.136,-0.86
-0.135,-0.86
-0.134,-0.86
-0.133,-0.86
-0.132,-0.86
-0.131,-0.86
-0.13,-0.86
-0.129,-0.86
-0.128,-0.86
-0.127,-0.86
-0.126,-0.86
-0.125,-0.86
-0.124,-0.86
-0.123,-0.86
-0.122,-0.86
-0.121,-0.86
-0.12,-0.86
-0.119,-0.86
-0.118,-0.86
-0.117,-0.86
-0.116,-0.86
-0.115,-0.86
-0.114,-0.86
-0.113,-0.86
-0.112,-0.86
-0.111,-0.86
-0.11,-0.86
-0.109,-0.86
-0.108,-0.86
-0.107,-0.86
-0.106,-0.86
-0.105,-0.86
-0.104,-0.86
-0.103,-0.86
-0.102,-0.86
-0.101,-0.86
-0.1,-0.86
-0.099,-0.86
-0.098,-0.86
-0.097,-0.86
-0.096,-0.86
-0.095,-0.86
-0.094,-0.86
-0.093,-0.86
-0.092,-0.86
-0.091,-0.86
-0.09,-0.86
-0.089,-0.86
-0.088,-0.86
-0.146,-0.859
-0.137,-0.859
-0.136,-0.859
-0.135,-0.859
-0.134,-0.859
-0.133,-0.859
-0.132,-0.859
-0.131,-0.859
-0.13,-0.859
-0.129,-0.859
-0.128,-0.859
-0.127,-0.859
-0.126,-0.859
-0.125,-0.859
-0.124,-0.859
-0.123,-0.859
-0.122,-0.859
-0.121,-0.859
-0.12,-0.859
-0.119,-0.859
-0.118,-0.859
-0.117,-0.859
-0.116,-0.859
-0.115,-0.859
-0.114,-0.859
-0.113,-0.859
-0.112,-0.859
-0.111,-0.859
-0.11,-0.859
-0.109,-0.859
-0.108,-0.859
-0.107,-0.859
-0.106,-0.859
-0.105,-0.859
-0.104,-0.859
-0.103,-0.859
-0.102,-0.859
-0.101,-0.859
-0.1,-0.859
-0.099,-0.859
-0.098,-0.859
-0.097,-0.859
-0.096,-0.859
-0.095,-0.859
-0.094,-0.859
-0.093,-0.859
-0.092,-0.859
-0.091,-0.859
-0.09,-0.859
-0.089,-0.859
-0.088,-0.859
-0.086,-0.859
-0.085,-0.859
-0.142,-0.858
-0.137,-0.858
-0.136,-0.858
-0.135,-0.858
-0.134,-0.858
-0.133,-0.858
-0.132,-0.858
-0.131,-0.858
-0.13,-0.858
-0.129,-0.858
-0.128,-0.858
-0.127,-0.858
-0.126,-0.858
-0.125,-0.858
-0.124,-0.858
-0.123,-0.858
-0.122,-0.858
-0.121,-0.858
-0.12,-0.858
-0.119,-0.858
-0.118,-0.858
-0.117,-0.858
-0.116,-0.858
-0.115,-0.858
-0.114,-0.858
-0.113,-0.858
-0.112,-0.858
-0.111,-0.858
-0.11,-0.858
-0.109,-0.858
-0.108,-0.858
-0.107,-0.858
-0.106,-0.858
-0.105,-0.858
-0.104,-0.858
-0.103,-0.858
-0.102,-0.858
-0.101,-0.858
-0.1,-0.858
-0.099,-0.858
-0.098,-0.858
-0.097,-0.858
-0.096,-0.858
-0.095,-0.858
-0.094,-0.858
-0.093,-0.858
-0.092,-0.858
-0.091,-0.858
-0.09,-0.858
-0.089,-0.858
-0.088,-0.858
-0.087,-0.858
-0.139,-0.857
-0.138,-0.857
-0.137,-0.857
-0.136,-0.857
-0.135,-0.857
-0.134,-0.857
-0.133,-0.857
-0.132,-0.857
-0.131,-0.857
-0.13,-0.857
-0.129,-0.857
-0.128,-0.857
-0.127,-0.857
-0.126,-0.857
-0.125,-0.857
-0.124,-0.857
-0.123,-0.857
-0.122,-0.857
-0.121,-0.857
-0.12,-0.857
-0.119,-0.857
-0.118,-0.857
-0.117,-0.857
-0.116,-0.857
-0.115,-0.857
-0.114,-0.857
-0.113,-0.857
-0.112,-0.857
-0.111,-0.857
-0.11,-0.857
-0.109,-0.857
-0.108,-0.857
-0.107,-0.857
-0.106,-0.857
-0.105,-0.857
-0.104,-0.857
-0.103,-0.857
-0.102,-0.857
-0.101,-0.857
-0.1,-0.857
-0.099,-0.857
-0.098,-0.857
-0.097,-0.857
-0.096,-0.857
-0.095,-0.857
-0.094,-0.857
-0.093,-0.857
-0.092,-0.857
-0.091,-0.857
-0.09,-0.857
-0.089,-0.857
-0.087,-0.857
-0.139,-0.856
-0.138,-0.856
-0.137,-0.856
-0.136,-0.856
-0.135,-0.856
-0.134,-0.856
-0.133,-0.856
-0.132,-0.856
-0.131,-0.856
-0.13,-0.856
-0.129,-0.856
-0.128,-0.856
-0.127,-0.856
-0.126,-0.856
-0.125,-0.856
-0.124,-0.856
-0.123,-0.856
-0.122,-0.856
-0.121,-0.856
-0.12,-0.856
-0.119,-0.856
-0.118,-0.856
-0.117,-0.856
-0.116,-0.856
-0.115,-0.856
-0.114,-0.856
-0.113,-0.856
-0.112,-0.856
-0.111,-0.856
-0.11,-0.856
-0.109,-0.856
-0.108,-0.856
-0.107,-0.856
-0.106,-0.856
-0.105,-0.856
-0.104,-0.856
-0.103,-0.856
-0.102,-0.856
-0.101,-0.856
-0.1,-0.856
-0.099,-0.856
-0.098,-0.856
-0.097,-0.856
-0.096,-0.856
-0.095,-0.856
-0.094,-0.856
-0.093,-0.856
-0.092,-0.856
-0.091,-0.856
-0.089,-0.856
-0.139,-0.855
-0.138,-0.855
-0.137,-0.855
-0.136,-0.855
-0.135,-0.855
-0.134,-0.855
-0.133,-0.855
-0.132,-0.855
-0.131,-0.855
-0.13,-0.855
-0.129,-0.855
-0.128,-0.855
-0.127,-0.855
-0.126,-0.855
-0.125,-0.855
-0.124,-0.855
-0.123,-0.855
-0.122,-0.855
-0.121,-0.855
-0.12,-0.855
-0.119,-0.855
-0.118,-0.855
-0.117,-0.855
-0.116,-0.855
-0.115,-0.855
-0.114,-0.855
-0.113,-0.855
-0.112,-0.855
-0.111,-0.855
-0.11,-0.855
-0.109,-0.855
-0.108,-0.855
-0.107,-0.855
-0.106,-0.855
-0.105,-0.855
-0.104,-0.855
-0.103,-0.855
-0.102,-0.855
-0.101,-0.855
-0.1,-0.855
-0.099,-0.855
-0.098,-0.855
-0.097,-0.855
-0.096,-0.855
-0.095,-0.855
-0.094,-0.855
-0.093,-0.855
-0.092,-0.855
-0.091,-0.855
-0.138,-0.854
-0.136,-0.854
-0.135,-0.854
-0.134,-0.854
-0.133,-0.854
-0.132,-0.854
-0.131,-0.854
-0.13,-0.854
-0.129,-0.854
-0.128,-0.854
-0.127,-0.854
-0.126,-0.854
-0.125,-0.854
-0.124,-0.854
-0.123,-0.854
-0.122,-0.854
-0.121,-0.854
-0.12,-0.854
-0.119,-0.854
-0.118,-0.854
-0.117,-0.854
-0.116,-0.854
-0.115,-0.854
-0.114,-0.854
-0.113,-0.854
-0.112,-0.854
-0.111,-0.854
-0.11,-0.854
-0.109,-0.854
-0.108,-0.854
-0.107,-0.854
-0.106,-0.854
-0.105,-0.854
-0.104,-0.854
-0.103,-0.854
-0.102,-0.854
-0.101,-0.854
-0.1,-0.854
-0.099,-0.854
-0.098,-0.854
-0.097,-0.854
-0.096,-0.854
-0.095,-0.854
-0.094,-0.854
-0.093,-0.854
-0.092,-0.854
-0.091,-0.854
-0.177,-0.853
-0.135,-0.853
-0.134,-0.853
-0.133,-0.853
-0.132,-0.853
-0.131,-0.853
-0.13,-0.853
-0.129,-0.853
-0.128,-0.853
-0.127,-0.853
-0.126,-0.853
-0.125,-0.853
-0.124,-0.853
-0.123,-0.853
-0.122,-0.853
-0.121,-0.853
-0.12,-0.853
-0.119,-0.853
-0.118,-0.853
-0.117,-0.853
-0.116,-0.853
-0.115,-0.853
-0.114,-0.853
-0.113,-0.853
-0.112,-0.853
-0.111,-0.853
-0.11,-0.853
-0.109,-0.853
-0.108,-0.853
-0.107,-0.853
-0.106,-0.853
-0.105,-0.853
-0.104,-0.853
-0.103,-0.853
-0.102,-0.853
-0.101,-0.853
-0.1,-0.853
-0.099,-0.853
-0.098,-0.853
-0.097,-0.853
-0.096,-0.853
-0.095,-0.853
-0.094,-0.853
-0.093,-0.853
-0.092,-0.853
-0.088,-0.853
-0.138,-0.852
-0.136,-0.852
-0.135,-0.852
-0.134,-0.852
-0.133,-0.852
-0.132,-0.852
-0.131,-0.852
-0.13,-0.852
-0.129,-0.852
-0.128,-0.852
-0.127,-0.852
-0.126,-0.852
-0.125,-0.852
-0.124,-0.852
-0.123,-0.852
-0.122,-0.852
-0.121,-0.852
-0.12,-0.852
-0.119,-0.852
-0.118,-0.852
-0.117,-0.852
-0.116,-0.852
-0.115,-0.852
-0.114,-0.852
-0.113,-0.852
-0.112,-0.852
-0.111,-0.852
-0.11,-0.852
-0.109,-0.852
-0.108,-0.852
-0.107,-0.852
-0.106,-0.852
-0.105,-0.852
-0.104,-0.852
-0.103,-0.852
-0.102,-0.852
-0.101,-0.852
-0.1,-0.852
-0.099,-0.852
-0.098,-0.852
-0.097,-0.852
-0.096,-0.852
-0.095,-0.852
-0.094,-0.852
-0.093,-0.852
-0.092,-0.852
-0.091,-0.852
-0.137,-0.851
-0.136,-0.851
-0.135,-0.851
-0.134,-0.851
-0.133,-0.851
-0.132,-0.851
-0.131,-0.851
-0.13,-0.851
-0.129,-0.851
-0.128,-0.851
-0.127,-0.851
-0.126,-0.851
-0.125,-0.851
-0.124,-0.851
-0.123,-0.851
-0.122,-0.851
-0.121,-0.851
-0.12,-0.851
-0.119,-0.851
-0.118,-0.851
-0.117,-0.851
-0.116,-0.851
-0.115,-0.851
-0.114,-0.851
-0.113,-0.851
-0.112,-0.851
-0.111,-0.851
-0.11,-0.851
-0.109,-0.851
-0.108,-0.851
-0.107,-0.851
-0.106,-0.851
-0.105,-0.851
-0.104,-0.851
-0.103,-0.851
-0.102,-0.851
-0.101,-0.851
-0.1,-0.851
-0.099,-0.851
-0.098,-0.851
-0.097,-0.851
-0.096,-0.851
-0.095,-0.851
-0.094,-0.851
-0.093,-0.851
-0.092,-0.851
-0.091,-0.851
-0.09,-0.851
-0.089,-0.851
-0.081,-0.851
-0.136,-0.85
-0.134,-0.85
-0.133,-0.85
-0.132,-0.85
-0.131,-0.85
-0.13,-0.85
-0.129,-0.85
-0.128,-0.85
-0.127,-0.85
-0.126,-0.85
-0.125,-0.85
-0.124,-0.85
-0.123,-0.85
-0.122,-0.85
-0.121,-0.85
-0.12,-0.85
-0.119,-0.85
-0.118,-0.85
-0.117,-0.85
-0.116,-0.85
-0.115,-0.85
-0.114,-0.85
-0.113,-0.85
-0.112,-0.85
-0.111,-0.85
-0.11,-0.85
-0.109,-0.85
-0.108,-0.85
-0.107,-0.85
-0.106,-0.85
-0.105,-0.85
-0.104,-0.85
-0.103,-0.85
-0.102,-0.85
-0.101,-0.85
-0.1,-0.85
-0.099,-0.85
-0.098,-0.85
-0.097,-0.85
-0.096,-0.85
-0.095,-0.85
-0.094,-0.85
-0.093,-0.85
-0.092,-0.85
-0.091,-0.85
-0.09,-0.85
-0.089,-0.85
-0.136,-0.849
-0.134,-0.849
-0.133,-0.849
-0.132,-0.849
-0.131,-0.849
-0.13,-0.849
-0.129,-0.849
-0.128,-0.849
-0.127,-0.849
-0.126,-0.849
-0.125,-0.849
-0.124,-0.849
-0.123,-0.849
-0.122,-0.849
-0.121,-0.849
-0.12,-0.849
-0.119,-0.849
-0.118,-0.849
-0.117,-0.849
-0.116,-0.849
-0.115,-0.849
-0.114,-0.849
-0.113,-0.849
-0.112,-0.849
-0.111,-0.849
-0.11,-0.849
-0.109,-0.849
-0.108,-0.849
-0.107,-0.849
-0.106,-0.849
-0.105,-0.849
-0.104,-0.849
-0.103,-0.849
-0.102,-0.849
-0.101,-0.849
-0.1,-0.849
-0.099,-0.849
-0.098,-0.849
-0.097,-0.849
-0.096,-0.849
-0.095,-0.849
-0.094,-0.849
-0.093,-0.849
-0.258,-0.848
-0.157,-0.848
-0.136,-0.848
-0.135,-0.848
-0.134,-0.848
-0.133,-0.848
-0.132,-0.848
-0.131,-0.848
-0.13,-0.848
-0.129,-0.848
-0.128,-0.848
-0.127,-0.848
-0.126,-0.848
-0.125,-0.848
-0.124,-0.848
-0.123,-0.848
-0.122,-0.848
-0.121,-0.848
-0.12,-0.848
-0.119,-0.848
-0.118,-0.848
-0.117,-0.848
-0.116,-0.848
-0.115,-0.848
-0.114,-0.848
-0.113,-0.848
-0.112,-0.848
-0.111,-0.848
-0.11,-0.848
-0.109,-0.848
-0.108,-0.848
-0.107,-0.848
-0.106,-0.848
-0.105,-0.848
-0.104,-0.848
-0.103,-0.848
-0.102,-0.848
-0.101,-0.848
-0.1,-0.848
-0.099,-0.848
-0.098,-0.848
-0.097,-0.848
-0.096,-0.848
-0.095,-0.848
-0.094,-0.848
0.015,-0.848
-0.181,-0.847
-0.138,-0.847
-0.133,-0.847
-0.132,-0.847
-0.131,-0.847
-0.13,-0.847
-0.129,-0.847
-0.128,-0.847
-0.127,-0.847
-0.126,-0.847
-0.125,-0.847
-0.124,-0.847
-0.123,-0.847
-0.122,-0.847
-0.121,-0.847
-0.12,-0.847
-0.119,-0.847
-0.118,-0.847
-0.117,-0.847
-0.116,-0.847
-0.115,-0.847
-0.114,-0.847
-0.113,-0.847
-0.112,-0.847
-0.111,-0.847
-0.11,-0.847
-0.109,-0.847
-0.108,-0.847
-0.107,-0.847
-0.106,-0.847
-0.105,-0.847
-0.104,-0.847
-0.103,-0.847
-0.102,-0.847
-0.101,-0.847
-0.1,-0.847
-0.099,-0.847
-0.098,-0.847
-0.097,-0.847
-0.096,-0.847
-0.095,-0.847
-0.094,-0.847
-0.093,-0.847
-0.148,-0.846
-0.134,-0.846
-0.133,-0.846
-0.132,-0.846
-0.131,-0.846
-0.13,-0.846
-0.129,-0.846
-0.128,-0.846
-0.127,-0.846
-0.126,-0.846
-0.125,-0.846
-0.124,-0.846
-0.123,-0.846
-0.122,-0.846
-0.121,-0.846
-0.12,-0.846
-0.119,-0.846
-0.118,-0.846
-0.117,-0.846
-0.116,-0.846
-0.115,-0.846
-0.114,-0.846
-0.113,-0.846
-0.112,-0.846
-0.111,-0.846
-0.11,-0.846
-0.109,-0.846
-0.108,-0.846
-0.107,-0.846
-0.106,-0.846
-0.105,-0.846
-0.104,-0.846
-0.103,-0.846
-0.102,-0.846
-0.101,-0.846
-0.1,-0.846
-0.099,-0.846
-0.098,-0.846
-0.097,-0.846
-0.096,-0.846
-0.095,-0.846
-0.094,-0.846
-0.087,-0.846
-0.131,-0.845
-0.13,-0.845
-0.129,-0.845
-0.128,-0.845
-0.127,-0.845
-0.126,-0.845
-0.125,-0.845
-0.124,-0.845
-0.123,-0.845
-0.122,-0.845
-0.121,-0.845
-0.12,-0.845
-0.119,-0.845
-0.118,-0.845
-0.117,-0.845
-0.116,-0.845
-0.115,-0.845
-0.114,-0.845
-0.113,-0.845
-0.112,-0.845
-0.111,-0.845
-0.11,-0.845
-0.109,-0.845
-0.108,-0.845
-0.107,-0.845
-0.106,-0.845
-0.105,-0.845
-0.104,-0.845
-0.103,-0.845
-0.102,-0.845
-0.101,-0.845
-0.1,-0.845
-0.099,-0.845
-0.098,-0.845
-0.097,-0.845
-0.096,-0.845
-0.089,-0.845
-0.159,-0.844
-0.133,-0.844
-0.132,-0.844
-0.131,-0.844
-0.13,-0.844
-0.129,-0.844
-0.128,-0.844
-0.127,-0.844
-0.126,-0.844
-0.125,-0.844
-0.124,-0.844
-0.123,-0.844
-0.122,-0.844
-0.121,-0.844
-0.12,-0.844
-0.119,-0.844
-0.118,-0.844
-0.117,-0.844
-0.116,-0.844
-0.115,-0.844
-0.114,-0.844
-0.113,-0.844
-0.112,-0.844
-0.111,-0.844
-0.11,-0.844
-0.109,-0.844
-0.108,-0.844
-0.107,-0.844
-0.106,-0.844
-0.105,-0.844
-0.104,-0.844
-0.103,-0.844
-0.102,-0.844
-0.101,-0.844
-0.1,-0.844
-0.099,-0.844
-0.098,-0.844
-0.097,-0.844
-0.096,-0.844
-0.095,-0.844
-0.094,-0.844
-0.149,-0.843
-0.143,-0.843
-0.142,-0.843
-0.131,-0.843
-0.129,-0.843
-0.128,-0.843
-0.127,-0.843
-0.126,-0.843
-0.125,-0.843
-0.124,-0.843
-0.123,-0.843
-0.122,-0.843
-0.121,-0.843
-0.12,-0.843
-0.119,-0.843
-0.118,-0.843
-0.117,-0.843
-0.116,-0.843
-0.115,-0.843
-0.114,-0.843
-0.113,-0.843
-0.112,-0.843
-0.111,-0.843
-0.11,-0.843
-0.109,-0.843
-0.108,-0.843
-0.107,-0.843
-0.106,-0.843
-0.105,-0.843
-0.104,-0.843
-0.103,-0.843
-0.102,-0.843
-0.101,-0.843
-0.1,-0.843
-0.099,-0.843
-0.098,-0.843
-0.097,-0.843
-0.272,-0.842
-0.271,-0.842
-0.18,-0.842
-0.159,-0.842
-0.158,-0.842
-0.147,-0.842
-0.141,-0.842
-0.128,-0.842
-0.127,-0.842
-0.126,-0.842
-0.125,-0.842
-0.124,-0.842
-0.123,-0.842
-0.122,-0.842
-0.121,-0.842
-0.12,-0.842
-0.119,-0.842
-0.118,-0.842
-0.117,-0.842
-0.116,-0.842
-0.115,-0.842
-0.114,-0.842
-0.113,-0.842
-0.112,-0.842
-0.111,-0.842
-0.11,-0.842
-0.109,-0.842
-0.108,-0.842
-0.107,-0.842
-0.106,-0.842
-0.105,-0.842
-0.104,-0.842
-0.103,-0.842
-0.102,-0.842
-0.101,-0.842
-0.1,-0.842
-0.098,-0.842
-0.097,-0.842
-0.272,-0.841
-0.175,-0.841
-0.159,-0.841
-0.158,-0.841
-0.149,-0.841
-0.148,-0.841
-0.147,-0.841
-0.138,-0.841
-0.135,-0.841
-0.127,-0.841
-0.126,-0.841
-0.125,-0.841
-0.124,-0.841
-0.123,-0.841
-0.122,-0.841
-0.121,-0.841
-0.12,-0.841
-0.119,-0.841
-0.118,-0.841
-0.117,-0.841
-0.116,-0.841
-0.115,-0.841
-0.114,-0.841
-0.113,-0.841
-0.112,-0.841
-0.111,-0.841
-0.11,-0.841
-0.109,-0.841
-0.108,-0.841
-0.107,-0.841
-0.106,-0.841
-0.105,-0.841
-0.104,-0.841
-0.103,-0.841
-0.102,-0.841
-0.101,-0.841
-0.1,-0.841
-0.099,-0.841
-0.096,-0.841
0.003,-0.841
-0.176,-0.84
-0.175,-0.84
-0.16,-0.84
-0.159,-0.84
-0.158,-0.84
-0.157,-0.84
-0.156,-0.84
-0.151,-0.84
-0.15,-0.84
-0.149,-0.84
-0.148,-0.84
-0.145,-0.84
-0.144,-0.84
-0.143,-0.84
-0.142,-0.84
-0.141,-0.84
-0.139,-0.84
-0.138,-0.84
-0.137,-0.84
-0.136,-0.84
-0.135,-0.84
-0.124,-0.84
-0.123,-0.84
-0.122,-0.84
-0.121,-0.84
-0.12,-0.84
-0.119,-0.84
-0.118,-0.84
-0.117,-0.84
-0.116,-0.84
-0.115,-0.84
-0.114,-0.84
-0.113,-0.84
-0.112,-0.84
-0.111,-0.84
-0.11,-0.84
-0.109,-0.84
-0.108,-0.84
-0.107,-0.84
-0.106,-0.84
-0.105,-0.84
-0.104,-0.84
-0.103,-0.84
-0.102,-0.84
-0.177,-0.839
-0.176,-0.839
-0.161,-0.839
-0.16,-0.839
-0.159,-0.839
-0.152,-0.839
-0.15,-0.839
-0.149,-0.839
-0.148,-0.839
-0.143,-0.839
-0.142,-0.839
-0.139,-0.839
-0.138,-0.839
-0.136,-0.839
-0.135,-0.839
-0.133,-0.839
-0.132,-0.839
-0.131,-0.839
-0.13,-0.839
-0.129,-0.839
-0.128,-0.839
-0.127,-0.839
-0.126,-0.839
-0.125,-0.839
-0.124,-0.839
-0.123,-0.839
-0.122,-0.839
-0.121,-0.839
-0.12,-0.839
-0.119,-0.839
-0.118,-0.839
-0.117,-0.839
-0.116,-0.839
-0.115,-0.839
-0.114,-0.839
-0.113,-0.839
-0.112,-0.839
-0.111,-0.839
-0.11,-0.839
-0.109,-0.839
-0.108,-0.839
-0.107,-0.839
-0.106,-0.839
-0.105,-0.839
-0.104,-0.839
-0.083,-0.839
-0.073,-0.839
-0.178,-0.838
-0.177,-0.838
-0.159,-0.838
-0.158,-0.838
-0.157,-0.838
-0.156,-0.838
-0.15,-0.838
-0.149,-0.838
-0.148,-0.838
-0.147,-0.838
-0.145,-0.838
-0.144,-0.838
-0.143,-0.838
-0.142,-0.838
-0.141,-0.838
-0.14,-0.838
-0.139,-0.838
-0.138,-0.838
-0.137,-0.838
-0.136,-0.838
-0.135,-0.838
-0.134,-0.838
-0.133,-0.838
-0.132,-0.838
-0.131,-0.838
-0.13,-0.838
-0.129,-0.838
-0.128,-0.838
-0.127,-0.838
-0.126,-0.838
-0.125,-0.838
-0.124,-0.838
-0.123,-0.838
-0.122,-0.838
-0.121,-0.838
-0.12,-0.838
-0.119,-0.838
-0.118,-0.838
-0.117,-0.838
-0.116,-0.838
-0.115,-0.838
-0.114,-0.838
-0.113,-0.838
-0.112,-0.838
-0.111,-0.838
-0.11,-0.838
-0.109,-0.838
-0.108,-0.838
-0.083,-0.838
-0.081,-0.838
-0.18,-0.837
-0.179,-0.837
-0.16,-0.837
-0.159,-0.837
-0.158,-0.837
-0.157,-0.837
-0.156,-0.837
-0.155,-0.837
-0.15,-0.837
-0.149,-0.837
-0.148,-0.837
-0.147,-0.837
-0.146,-0.837
-0.145,-0.837
-0.144,-0.837
-0.143,-0.837
-0.142,-0.837
-0.141,-0.837
-0.14,-0.837
-0.139,-0.837
-0.138,-0.837
-0.137,-0.837
-0.136,-0.837
-0.135,-0.837
-0.134,-0.837
-0.133,-0.837
-0.132,-0.837
-0.131,-0.837
-0.13,-0.837
-0.129,-0.837
-0.128,-0.837
-0.127,-0.837
-0.126,-0.837
-0.125,-0.837
-0.124,-0.837
-0.123,-0.837
-0.122,-0.837
-0.121,-0.837
-0.12,-0.837
-0.119,-0.837
-0.118,-0.837
-0.117,-0.837
-0.116,-0.837
-0.115,-0.837
-0.114,-0.837
-0.113,-0.837
-0.112,-0.837
-0.111,-0.837
-0.11,-0.837
-0.109,-0.837
-0.108,-0.837
-0.107,-0.837
-0.106,-0.837
-0.105,-0.837
-0.102,-0.837
-0.101,-0.837
-0.089,-0.837
-0.072,-0.837
-0.24,-0.836
-0.182,-0.836
-0.181,-0.836
-0.179,-0.836
-0.178,-0.836
-0.176,-0.836
-0.162,-0.836
-0.161,-0.836
-0.16,-0.836
-0.159,-0.836
-0.158,-0.836
-0.157,-0.836
-0.156,-0.836
-0.155,-0.836
-0.153,-0.836
-0.152,-0.836
-0.15,-0.836
-0.149,-0.836
-0.148,-0.836
-0.147,-0.836
-0.146,-0.836
-0.145,-0.836
-0.144,-0.836
-0.143,-0.836
-0.142,-0.836
-0.141,-0.836
-0.14,-0.836
-0.139,-0.836
-0.138,-0.836
-0.137,-0.836
-0.136,-0.836
-0.135,-0.836
-0.134,-0.836
-0.133,-0.836
-0.132,-0.836
-0.131,-0.836
-0.13,-0.836
-0.129,-0.836
-0.128,-0.836
-0.127,-0.836
-0.126,-0.836
-0.125,-0.836
-0.124,-0.836
-0.123,-0.836
-0.122,-0.836
-0.121,-0.836
-0.12,-0.836
-0.119,-0.836
-0.118,-0.836
-0.117,-0.836
-0.116,-0.836
-0.115,-0.836
-0.114,-0.836
-0.113,-0.836
-0.112,-0.836
-0.111,-0.836
-0.11,-0.836
-0.109,-0.836
-0.108,-0.836
-0.107,-0.836
-0.106,-0.836
-0.105,-0.836
-0.104,-0.836
-0.103,-0.836
-0.102,-0.836
-0.101,-0.836
-0.1,-0.836
-0.099,-0.836
-0.098,-0.836
-0.097,-0.836
-0.096,-0.836
-0.094,-0.836
-0.09,-0.836
-0.084,-0.836
-0.083,-0.836
-0.077,-0.836
-0.24,-0.835
-0.183,-0.835
-0.179,-0.835
-0.178,-0.835
-0.177,-0.835
-0.176,-0.835
-0.175,-0.835
-0.173,-0.835
-0.172,-0.835
-0.171,-0.835
-0.161,-0.835
-0.16,-0.835
-0.159,-0.835
-0.158,-0.835
-0.157,-0.835
-0.156,-0.835
-0.155,-0.835
-0.152,-0.835
-0.151,-0.835
-0.15,-0.835
-0.149,-0.835
-0.148,-0.835
-0.147,-0.835
-0.146,-0.835
-0.145,-0.835
-0.144,-0.835
-0.143,-0.835
-0.142,-0.835
-0.141,-0.835
-0.14,-0.835
-0.139,-0.835
-0.138,-0.835
-0.137,-0.835
-0.136,-0.835
-0.135,-0.835
-0.134,-0.835
-0.133,-0.835
-0.132,-0.835
-0.131,-0.835
-0.13,-0.835
-0.129,-0.835
-0.128,-0.835
-0.127,-0.835
-0.126,-0.835
-0.125,-0.835
-0.124,-0.835
-0.123,-0.835
-0.122,-0.835
-0.121,-0.835
-0.12,-0.835
-0.119,-0.835
-0.118,-0.835
-0.117,-0.835
-0.116,-0.835
-0.115,-0.835
-0.114,-0.835
-0.113,-0.835
-0.112,-0.835
-0.111,-0.835
-0.11,-0.835
-0.109,-0.835
-0.108,-0.835
-0.107,-0.835
-0.106,-0.835
-0.105,-0.835
-0.104,-0.835
-0.103,-0.835
-0.102,-0.835
-0.101,-0.835
-0.1,-0.835
-0.099,-0.835
-0.098,-0.835
-0.097,-0.835
-0.096,-0.835
-0.094,-0.835
-0.093,-0.835
-0.092,-0.835
-0.09,-0.835
-0.089,-0.835
-0.085,-0.835
-0.084,-0.835
-0.178,-0.834
-0.177,-0.834
-0.176,-0.834
-0.175,-0.834
-0.174,-0.834
-0.171,-0.834
-0.165,-0.834
-0.164,-0.834
-0.16,-0.834
-0.159,-0.834
-0.158,-0.834
-0.157,-0.834
-0.156,-0.834
-0.155,-0.834
-0.154,-0.834
-0.153,-0.834
-0.152,-0.834
-0.151,-0.834
-0.15,-0.834
-0.149,-0.834
-0.148,-0.834
-0.147,-0.834
-0.146,-0.834
-0.145,-0.834
-0.144,-0.834
-0.143,-0.834
-0.142,-0.834
-0.141,-0.834
-0.14,-0.834
-0.139,-0.834
-0.138,-0.834
-0.137,-0.834
-0.136,-0.834
-0.135,-0.834
-0.134,-0.834
-0.133,-0.834
-0.132,-0.834
-0.131,-0.834
-0.13,-0.834
-0.129,-0.834
-0.128,-0.834
-0.127,-0.834
-0.126,-0.834
-0.125,-0.834
-0.124,-0.834
-0.123,-0.834
-0.122,-0.834
-0.121,-0.834
-0.12,-0.834
-0.119,-0.834
-0.118,-0.834
-0.117,-0.834
-0.116,-0.834
-0.115,-0.834
-0.114,-0.834
-0.113,-0.834
-0.112,-0.834
-0.111,-0.834
-0.11,-0.834
-0.109,-0.834
-0.108,-0.834
-0.107,-0.834
-0.106,-0.834
-0.105,-0.834
-0.104,-0.834
-0.103,-0.834
-0.102,-0.834
-0.101,-0.834
-0.1,-0.834
-0.099,-0.834
-0.098,-0.834
-0.097,-0.834
-0.096,-0.834
-0.095,-0.834
-0.094,-0.834
-0.093,-0.834
-0.092,-0.834
-0.091,-0.834
-0.09,-0.834
-0.089,-0.834
-0.084,-0.834
-0.083,-0.834
-0.081,-0.834
-0.073,-0.834
-0.179,-0.833
-0.178,-0.833
-0.177,-0.833
-0.176,-0.833
-0.175,-0.833
-0.174,-0.833
-0.173,-0.833
-0.172,-0.833
-0.171,-0.833
-0.166,-0.833
-0.165,-0.833
-0.164,-0.833
-0.163,-0.833
-0.159,-0.833
-0.158,-0.833
-0.157,-0.833
-0.156,-0.833
-0.155,-0.833
-0.154,-0.833
-0.153,-0.833
-0.152,-0.833
-0.151,-0.833
-0.15,-0.833
-0.149,-0.833
-0.148,-0.833
-0.147,-0.833
-0.146,-0.833
-0.145,-0.833
-0.144,-0.833
-0.143,-0.833
-0.142,-0.833
-0.141,-0.833
-0.14,-0.833
-0.139,-0.833
-0.138,-0.833
-0.137,-0.833
-0.136,-0.833
-0.135,-0.833
-0.134,-0.833
-0.133,-0.833
-0.132,-0.833
-0.131,-0.833
-0.13,-0.833
-0.129,-0.833
-0.128,-0.833
-0.127,-0.833
-0.126,-0.833
-0.125,-0.833
-0.124,-0.833
-0.123,-0.833
-0.122,-0.833
-0.121,-0.833
-0.12,-0.833
-0.119,-0.833
-0.118,-0.833
-0.117,-0.833
-0.116,-0.833
-0.115,-0.833
-0.114,-0.833
-0.113,-0.833
-0.112,-0.833
-0.111,-0.833
-0.11,-0.833
-0.109,-0.833
-0.108,-0.833
-0.107,-0.833
-0.106,-0.833
-0.105,-0.833
-0.104,-0.833
-0.103,-0.833
-0.102,-0.833
-0.101,-0.833
-0.1,-0.833
-0.099,-0.833
-0.098,-0.833
-0.097,-0.833
-0.096,-0.833
-0.095,-0.833
-0.094,-0.833
-0.093,-0.833
-0.092,-0.833
-0.091,-0.833
-0.09,-0.833
-0.089,-0.833
-0.084,-0.833
-0.083,-0.833
-0.082,-0.833
-0.077,-0.833
-0.071,-0.833
-0.178,-0.832
-0.177,-0.832
-0.176,-0.832
-0.175,-0.832
-0.174,-0.832
-0.173,-0.832
-0.172,-0.832
-0.171,-0.832
-0.17,-0.832
-0.169,-0.832
-0.165,-0.832
-0.164,-0.832
-0.163,-0.832
-0.162,-0.832
-0.161,-0.832
-0.16,-0.832
-0.159,-0.832
-0.158,-0.832
-0.157,-0.832
-0.156,-0.832
-0.155,-0.832
-0.154,-0.832
-0.153,-0.832
-0.152,-0.832
-0.151,-0.832
-0.15,-0.832
-0.149,-0.832
-0.148,-0.832
-0.147,-0.832
-0.146,-0.832
-0.145,-0.832
-0.144,-0.832
-0.143,-0.832
-0.142,-0.832
-0.141,-0.832
-0.14,-0.832
-0.139,-0.832
-0.138,-0.832
-0.137,-0.832
-0.136,-0.832
-0.135,-0.832
-0.134,-0.832
-0.133,-0.832
-0.132,-0.832
-0.131,-0.832
-0.13,-0.832
-0.129,-0.832
-0.128,-0.832
-0.127,-0.832
-0.126,-0.832
-0.125,-0.832
-0.124,-0.832
-0.123,-0.832
-0.122,-0.832
-0.121,-0.832
-0.12,-0.832
-0.119,-0.832
-0.118,-0.832
-0.117,-0.832
-0.116,-0.832
-0.115,-0.832
-0.114,-0.832
-0.113,-0.832
-0.112,-0.832
-0.111,-0.832
-0.11,-0.832
-0.109,-0.832
-0.108,-0.832
-0.107,-0.832
-0.106,-0.832
-0.105,-0.832
-0.104,-0.832
-0.103,-0.832
-0.102,-0.832
-0.101,-0.832
-0.1,-0.832
-0.099,-0.832
-0.098,-0.832
-0.097,-0.832
-0.096,-0.832
-0.095,-0.832
-0.094,-0.832
-0.093,-0.832
-0.092,-0.832
-0.091,-0.832
-0.09,-0.832
-0.089,-0.832
-0.088,-0.832
-0.087,-0.832
-0.086,-0.832
-0.085,-0.832
-0.084,-0.832
-0.083,-0.832
-0.076,-0.832
-0.075,-0.832
-0.074,-0.832
-0.073,-0.832
-0.072,-0.832
-0.053,-0.832
-0.18,-0.831
-0.179,-0.831
-0.178,-0.831
-0.177,-0.831
-0.176,-0.831
-0.175,-0.831
-0.174,-0.831
-0.173,-0.831
-0.172,-0.831
-0.171,-0.831
-0.17,-0.831
-0.167,-0.831
-0.165,-0.831
-0.164,-0.831
-0.163,-0.831
-0.162,-0.831
-0.161,-0.831
-0.16,-0.831
-0.159,-0.831
-0.158,-0.831
-0.157,-0.831
-0.156,-0.831
-0.155,-0.831
-0.154,-0.831
-0.153,-0.831
-0.152,-0.831
-0.151,-0.831
-0.15,-0.831
-0.149,-0.831
-0.148,-0.831
-0.147,-0.831
-0.146,-0.831
-0.145,-0.831
-0.144,-0.831
-0.143,-0.831
-0.142,-0.831
-0.141,-0.831
-0.14,-0.831
-0.139,-0.831
-0.138,-0.831
-0.137,-0.831
-0.136,-0.831
-0.135,-0.831
-0.134,-0.831
-0.133,-0.831
-0.132,-0.831
-0.131,-0.831
-0.13,-0.831
-0.129,-0.831
-0.128,-0.831
-0.127,-0.831
-0.126,-0.831
-0.125,-0.831
-0.124,-0.831
-0.123,-0.831
-0.122,-0.831
-0.121,-0.831
-0.12,-0.831
-0.119,-0.831
-0.118,-0.831
-0.117,-0.831
-0.116,-0.831
-0.115,-0.831
-0.114,-0.831
-0.113,-0.831
-0.112,-0.831
-0.111,-0.831
-0.11,-0.831
-0.109,-0.831
-0.108,-0.831
-0.107,-0.831
-0.106,-0.831
-0.105,-0.831
-0.104,-0.831
-0.103,-0.831
-0.102,-0.831
-0.101,-0.831
-0.1,-0.831
-0.099,-0.831
-0.098,-0.831
-0.097,-0.831
-0.096,-0.831
-0.095,-0.831
-0.094,-0.831
-0.093,-0.831
-0.092,-0.831
-0.091,-0.831
-0.09,-0.831
-0.089,-0.831
-0.088,-0.831
-0.087,-0.831
-0.086,-0.831
-0.085,-0.831
-0.084,-0.831
-0.083,-0.831
-0.077,-0.831
-0.076,-0.831
-0.074,-0.831
-0.073,-0.831
-0.205,-0.83
-0.181,-0.83
-0.179,-0.83
-0.178,-0.83
-0.177,-0.83
-0.176,-0.83
-0.175,-0.83
-0.174,-0.83
-0.173,-0.83
-0.172,-0.83
-0.171,-0.83
-0.17,-0.83
-0.167,-0.83
-0.166,-0.83
-0.165,-0.83
-0.164,-0.83
-0.163,-0.83
-0.162,-0.83
-0.161,-0.83
-0.16,-0.83
-0.159,-0.83
-0.158,-0.83
-0.157,-0.83
-0.156,-0.83
-0.155,-0.83
-0.154,-0.83
-0.153,-0.83
-0.152,-0.83
-0.151,-0.83
-0.15,-0.83
-0.149,-0.83
-0.148,-0.83
-0.147,-0.83
-0.146,-0.83
-0.145,-0.83
-0.144,-0.83
-0.143,-0.83
-0.142,-0.83
-0.141,-0.83
-0.14,-0.83
-0.139,-0.83
-0.138,-0.83
-0.137,-0.83
-0.136,-0.83
-0.135,-0.83
-0.134,-0.83
-0.133,-0.83
-0.132,-0.83
-0.131,-0.83
-0.13,-0.83
-0.129,-0.83
-0.128,-0.83
-0.127,-0.83
-0.126,-0.83
-0.125,-0.83
-0.124,-0.83
-0.123,-0.83
-0.122,-0.83
-0.121,-0.83
-0.12,-0.83
-0.119,-0.83
-0.118,-0.83
-0.117,-0.83
-0.116,-0.83
-0.115,-0.83
-0.114,-0.83
-0.113,-0.83
-0.112,-0.83
-0.111,-0.83
-0.11,-0.83
-0.109,-0.83
-0.108,-0.83
-0.107,-0.83
-0.106,-0.83
-0.105,-0.83
-0.104,-0.83
-0.103,-0.83
-0.102,-0.83
-0.101,-0.83
-0.1,-0.83
-0.099,-0.83
-0.098,-0.83
-0.097,-0.83
-0.096,-0.83
-0.095,-0.83
-0.094,-0.83
-0.093,-0.83
-0.092,-0.83
-0.091,-0.83
-0.09,-0.83
-0.089,-0.83
-0.088,-0.83
-0.087,-0.83
-0.086,-0.83
-0.085,-0.83
-0.084,-0.83
-0.083,-0.83
-0.078,-0.83
-0.077,-0.83
-0.075,-0.83
-0.074,-0.83
-0.073,-0.83
-0.071,-0.83
-0.054,-0.83
-0.051,-0.83
-0.204,-0.829
-0.181,-0.829
-0.18,-0.829
-0.179,-0.829
-0.178,-0.829
-0.177,-0.829
-0.176,-0.829
-0.175,-0.829
-0.174,-0.829
-0.173,-0.829
-0.172,-0.829
-0.171,-0.829
-0.17,-0.829
-0.168,-0.829
-0.167,-0.829
-0.166,-0.829
-0.165,-0.829
-0.164,-0.829
-0.163,-0.829
-0.162,-0.829
-0.161,-0.829
-0.16,-0.829
-0.159,-0.829
-0.158,-0.829
-0.157,-0.829
-0.156,-0.829
-0.155,-0.829
-0.154,-0.829
-0.153,-0.829
-0.152,-0.829
-0.151,-0.829
-0.15,-0.829
-0.149,-0.829
-0.148,-0.829
-0.147,-0.829
-0.146,-0.829
-0.145,-0.829
-0.144,-0.829
-0.143,-0.829
-0.142,-0.829
-0.141,-0.829
-0.14,-0.829
-0.139,-0.829
-0.138,-0.829
-0.137,-0.829
-0.136,-0.829
-0.135,-0.829
-0.134,-0.829
-0.133,-0.829
-0.132,-0.829
-0.131,-0.829
-0.13,-0.829
-0.129,-0.829
-0.128,-0.829
-0.127,-0.829
-0.126,-0.829
-0.125,-0.829
-0.124,-0.829
-0.123,-0.829
-0.122,-0.829
-0.121,-0.829
-0.12,-0.829
-0.119,-0.829
-0.118,-0.829
-0.117,-0.829
-0.116,-0.829
-0.115,-0.829
-0.114,-0.829
-0.113,-0.829
-0.112,-0.829
-0.111,-0.829
-0.11,-0.829
-0.109,-0.829
-0.108,-0.829
-0.107,-0.829
-0.106,-0.829
-0.105,-0.829
-0.104,-0.829
-0.103,-0.829
-0.102,-0.829
-0.101,-0.829
-0.1,-0.829
-0.099,-0.829
-0.098,-0.829
-0.097,-0.829
-0.096,-0.829
-0.095,-0.829
-0.094,-0.829
-0.093,-0.829
-0.092,-0.829
-0.091,-0.829
-0.09,-0.829
-0.089,-0.829
-0.088,-0.829
-0.087,-0.829
-0.086,-0.829
-0.085,-0.829
-0.084,-0.829
-0.083,-0.829
-0.082,-0.829
-0.081,-0.829
-0.08,-0.829
-0.078,-0.829
-0.077,-0.829
-0.076,-0.829
-0.075,-0.829
-0.074,-0.829
-0.073,-0.829
-0.058,-0.829
-0.057,-0.829
-0.235,-0.828
-0.21,-0.828
-0.181,-0.828
-0.179,-0.828
-0.178,-0.828
-0.177,-0.828
-0.176,-0.828
-0.175,-0.828
-0.174,-0.828
-0.173,-0.828
-0.172,-0.828
-0.171,-0.828
-0.17,-0.828
-0.169,-0.828
-0.168,-0.828
-0.167,-0.828
-0.166,-0.828
-0.165,-0.828
-0.164,-0.828
-0.163,-0.828
-0.162,-0.828
-0.161,-0.828
-0.16,-0.828
-0.159,-0.828
-0.158,-0.828
-0.157,-0.828
-0.156,-0.828
-0.155,-0.828
-0.154,-0.828
-0.153,-0.828
-0.152,-0.828
-0.151,-0.828
-0.15,-0.828
-0.149,-0.828
-0.148,-0.828
-0.147,-0.828
-0.146,-0.828
-0.145,-0.828
-0.144,-0.828
-0.143,-0.828
-0.142,-0.828
-0.141,-0.828
-0.14,-0.828
-0.139,-0.828
-0.138,-0.828
-0.137,-0.828
-0.136,-0.828
-0.135,-0.828
-0.134,-0.828
-0.133,-0.828
-0.132,-0.828
-0.131,-0.828
-0.13,-0.828
-0.129,-0.828
-0.128,-0.828
-0.127,-0.828
-0.126,-0.828
-0.125,-0.828
-0.124,-0.828
-0.123,-0.828
-0.122,-0.828
-0.121,-0.828
-0.12,-0.828
-0.119,-0.828
-0.118,-0.828
-0.117,-0.828
-0.116,-0.828
-0.115,-0.828
-0.114,-0.828
-0.113,-0.828
-0.112,-0.828
-0.111,-0.828
-0.11,-0.828
-0.109,-0.828
-0.108,-0.828
-0.107,-0.828
-0.106,-0.828
-0.105,-0.828
-0.104,-0.828
-0.103,-0.828
-0.102,-0.828
-0.101,-0.828
-0.1,-0.828
-0.099,-0.828
-0.098,-0.828
-0.097,-0.828
-0.096,-0.828
-0.095,-0.828
-0.094,-0.828
-0.093,-0.828
-0.092,-0.828
-0.091,-0.828
-0.09,-0.828
-0.089,-0.828
-0.088,-0.828
-0.087,-0.828
-0.086,-0.828
-0.085,-0.828
-0.084,-0.828
-0.083,-0.828
-0.082,-0.828
-0.081,-0.828
-0.08,-0.828
-0.078,-0.828
-0.077,-0.828
-0.076,-0.828
-0.075,-0.828
-0.074,-0.828
-0.073,-0.828
-0.072,-0.828
-0.064,-0.828
-0.058,-0.828
-0.051,-0.828
-0.235,-0.827
-0.234,-0.827
-0.211,-0.827
-0.191,-0.827
-0.179,-0.827
-0.178,-0.827
-0.177,-0.827
-0.176,-0.827
-0.175,-0.827
-0.174,-0.827
-0.173,-0.827
-0.172,-0.827
-0.171,-0.827
-0.17,-0.827
-0.169,-0.827
-0.168,-0.827
-0.167,-0.827
-0.166,-0.827
-0.165,-0.827
-0.164,-0.827
-0.163,-0.827
-0.162,-0.827
-0.161,-0.827
-0.16,-0.827
-0.159,-0.827
-0.158,-0.827
-0.157,-0.827
-0.156,-0.827
-0.155,-0.827
-0.154,-0.827
-0.153,-0.827
-0.152,-0.827
-0.151,-0.827
-0.15,-0.827
-0.149,-0.827
-0.148,-0.827
-0.147,-0.827
-0.146,-0.827
-0.145,-0.827
-0.144,-0.827
-0.143,-0.827
-0.142,-0.827
-0.141,-0.827
-0.14,-0.827
-0.139,-0.827
-0.138,-0.827
-0.137,-0.827
-0.136,-0.827
-0.135,-0.827
-0.134,-0.827
-0.133,-0.827
-0.132,-0.827
-0.131,-0.827
-0.13,-0.827
-0.129,-0.827
-0.128,-0.827
-0.127,-0.827
-0.126,-0.827
-0.125,-0.827
-0.124,-0.827
-0.123,-0.827
-0.122,-0.827
-0.121,-0.827
-0.12,-0.827
-0.119,-0.827
-0.118,-0.827
-0.117,-0.827
-0.116,-0.827
-0.115,-0.827
-0.114,-0.827
-0.113,-0.827
-0.112,-0.827
-0.111,-0.827
-0.11,-0.827
-0.109,-0.827
-0.108,-0.827
-0.107,-0.827
-0.106,-0.827
-0.105,-0.827
-0.104,-0.827
-0.103,-0.827
-0.102,-0.827
-0.101,-0.827
-0.1,-0.827
-0.099,-0.827
-0.098,-0.827
-0.097,-0.827
-0.096,-0.827
-0.095,-0.827
-0.094,-0.827
-0.093,-0.827
-0.092,-0.827
-0.091,-0.827
-0.09,-0.827
-0.089,-0.827
-0.088,-0.827
-0.087,-0.827
-0.086,-0.827
-0.085,-0.827
-0.084,-0.827
-0.083,-0.827
-0.082,-0.827
-0.081,-0.827
-0.08,-0.827
-0.079,-0.827
-0.078,-0.827
-0.077,-0.827
-0.076,-0.827
-0.075,-0.827
-0.074,-0.827
-0.073,-0.827
-0.064,-0.827
-0.062,-0.827
-0.057,-0.827
-0.056,-0.827
-0.055,-0.827
-0.235,-0.826
-0.234,-0.826
-0.232,-0.826
-0.179,-0.826
-0.177,-0.826
-0.176,-0.826
-0.175,-0.826
-0.174,-0.826
-0.173,-0.826
-0.172,-0.826
-0.171,-0.826
-0.17,-0.826
-0.169,-0.826
-0.168,-0.826
-0.167,-0.826
-0.166,-0.826
-0.165,-0.826
-0.164,-0.826
-0.163,-0.826
-0.162,-0.826
-0.161,-0.826
-0.16,-0.826
-0.159,-0.826
-0.158,-0.826
-0.157,-0.826
-0.156,-0.826
-0.155,-0.826
-0.154,-0.826
-0.153,-0.826
-0.152,-0.826
-0.151,-0.826
-0.15,-0.826
-0.149,-0.826
-0.148,-0.826
-0.147,-0.826
-0.146,-0.826
-0.145,-0.826
-0.144,-0.826
-0.143,-0.826
-0.142,-0.826
-0.141,-0.826
-0.14,-0.826
-0.139,-0.826
-0.138,-0.826
-0.137,-0.826
-0.136,-0.826
-0.135,-0.826
-0.134,-0.826
-0.133,-0.826
-0.132,-0.826
-0.131,-0.826
-0.13,-0.826
-0.129,-0.826
-0.128,-0.826
-0.127,-0.826
-0.126,-0.826
-0.125,-0.826
-0.124,-0.826
-0.123,-0.826
-0.122,-0.826
-0.121,-0.826
-0.12,-0.826
-0.119,-0.826
-0.118,-0.826
-0.117,-0.826
-0.116,-0.826
-0.115,-0.826
-0.114,-0.826
-0.113,-0.826
-0.112,-0.826
-0.111,-0.826
-0.11,-0.826
-0.109,-0.826
-0.108,-0.826
-0.107,-0.826
-0.106,-0.826
-0.105,-0.826
-0.104,-0.826
-0.103,-0.826
-0.102,-0.826
-0.101,-0.826
-0.1,-0.826
-0.099,-0.826
-0.098,-0.826
-0.097,-0.826
-0.096,-0.826
-0.095,-0.826
-0.094,-0.826
-0.093,-0.826
-0.092,-0.826
-0.091,-0.826
-0.09,-0.826
-0.089,-0.826
-0.088,-0.826
-0.087,-0.826
-0.086,-0.826
-0.085,-0.826
-0.084,-0.826
-0.083,-0.826
-0.082,-0.826
-0.081,-0.826
-0.08,-0.826
-0.079,-0.826
-0.078,-0.826
-0.077,-0.826
-0.076,-0.826
-0.075,-0.826
-0.074,-0.826
-0.072,-0.826
-0.064,-0.826
-0.062,-0.826
-0.06,-0.826
-0.055,-0.826
-0.19,-0.825
-0.182,-0.825
-0.176,-0.825
-0.175,-0.825
-0.174,-0.825
-0.173,-0.825
-0.172,-0.825
-0.171,-0.825
-0.17,-0.825
-0.169,-0.825
-0.168,-0.825
-0.167,-0.825
-0.166,-0.825
-0.165,-0.825
-0.164,-0.825
-0.163,-0.825
-0.162,-0.825
-0.161,-0.825
-0.16,-0.825
-0.159,-0.825
-0.158,-0.825
-0.157,-0.825
-0.156,-0.825
-0.155,-0.825
-0.154,-0.825
-0.153,-0.825
-0.152,-0.825
-0.151,-0.825
-0.15,-0.825
-0.149,-0.825
-0.148,-0.825
-0.147,-0.825
-0.146,-0.825
-0.145,-0.825
-0.144,-0.825
-0.143,-0.825
-0.142,-0.825
-0.141,-0.825
-0.14,-0.825
-0.139,-0.825
-0.138,-0.825
-0.137,-0.825
-0.136,-0.825
-0.135,-0.825
-0.134,-0.825
-0.133,-0.825
-0.132,-0.825
-0.131,-0.825
-0.13,-0.825
-0.129,-0.825
-0.128,-0.825
-0.127,-0.825
-0.126,-0.825
-0.125,-0.825
-0.124,-0.825
-0.123,-0.825
-0.122,-0.825
-0.121,-0.825
-0.12,-0.825
-0.119,-0.825
-0.118,-0.825
-0.117,-0.825
-0.116,-0.825
-0.115,-0.825
-0.114,-0.825
-0.113,-0.825
-0.112,-0.825
-0.111,-0.825
-0.11,-0.825
-0.109,-0.825
-0.108,-0.825
-0.107,-0.825
-0.106,-0.825
-0.105,-0.825
-0.104,-0.825
-0.103,-0.825
-0.102,-0.825
-0.101,-0.825
-0.1,-0.825
-0.099,-0.825
-0.098,-0.825
-0.097,-0.825
-0.096,-0.825
-0.095,-0.825
-0.094,-0.825
-0.093,-0.825
-0.092,-0.825
-0.091,-0.825
-0.09,-0.825
-0.089,-0.825
-0.088,-0.825
-0.087,-0.825
-0.086,-0.825
-0.085,-0.825
-0.084,-0.825
-0.083,-0.825
-0.082,-0.825
-0.081,-0.825
-0.08,-0.825
-0.079,-0.825
-0.078,-0.825
-0.077,-0.825
-0.076,-0.825
-0.075,-0.825
-0.07,-0.825
-0.065,-0.825
-0.064,-0.825
-0.063,-0.825
-0.062,-0.825
-0.059,-0.825
-0.057,-0.825
-0.056,-0.825
-0.211,-0.824
-0.21,-0.824
-0.177,-0.824
-0.176,-0.824
-0.175,-0.824
-0.174,-0.824
-0.173,-0.824
-0.172,-0.824
-0.171,-0.824
-0.17,-0.824
-0.169,-0.824
-0.168,-0.824
-0.167,-0.824
-0.166,-0.824
-0.165,-0.824
-0.164,-0.824
-0.163,-0.824
-0.162,-0.824
-0.161,-0.824
-0.16,-0.824
-0.159,-0.824
-0.158,-0.824
-0.157,-0.824
-0.156,-0.824
-0.155,-0.824
-0.154,-0.824
-0.153,-0.824
-0.152,-0.824
-0.151,-0.824
-0.15,-0.824
-0.149,-0.824
-0.148,-0.824
-0.147,-0.824
-0.146,-0.824
-0.145,-0.824
-0.144,-0.824
-0.143,-0.824
-0.142,-0.824
-0.141,-0.824
-0.14,-0.824
-0.139,-0.824
-0.138,-0.824
-0.137,-0.824
-0.136,-0.824
-0.135,-0.824
-0.134,-0.824
-0.133,-0.824
-0.132,-0.824
-0.131,-0.824
-0.13,-0.824
-0.129,-0.824
-0.128,-0.824
-0.127,-0.824
-0.126,-0.824
-0.125,-0.824
-0.124,-0.824
-0.123,-0.824
-0.122,-0.824
-0.121,-0.824
-0.12,-0.824
-0.119,-0.824
-0.118,-0.824
-0.117,-0.824
-0.116,-0.824
-0.115,-0.824
-0.114,-0.824
-0.113,-0.824
-0.112,-0.824
-0.111,-0.824
-0.11,-0.824
-0.109,-0.824
-0.108,-0.824
-0.107,-0.824
-0.106,-0.824
-0.105,-0.824
-0.104,-0.824
-0.103,-0.824
-0.102,-0.824
-0.101,-0.824
-0.1,-0.824
-0.099,-0.824
-0.098,-0.824
-0.097,-0.824
-0.096,-0.824
-0.095,-0.824
-0.094,-0.824
-0.093,-0.824
-0.092,-0.824
-0.091,-0.824
-0.09,-0.824
-0.089,-0.824
-0.088,-0.824
-0.087,-0.824
-0.086,-0.824
-0.085,-0.824
-0.084,-0.824
-0.083,-0.824
-0.082,-0.824
-0.081,-0.824
-0.08,-0.824
-0.079,-0.824
-0.078,-0.824
-0.077,-0.824
-0.076,-0.824
-0.075,-0.824
-0.074,-0.824
-0.073,-0.824
-0.07,-0.824
-0.069,-0.824
-0.068,-0.824
-0.064,-0.824
-0.063,-0.824
-0.059,-0.824
-0.058,-0.824
-0.057,-0.824
-0.056,-0.824
-0.055,-0.824
-0.212,-0.823
-0.188,-0.823
-0.182,-0.823
-0.181,-0.823
-0.179,-0.823
-0.178,-0.823
-0.177,-0.823
-0.176,-0.823
-0.175,-0.823
-0.174,-0.823
-0.173,-0.823
-0.172,-0.823
-0.171,-0.823
-0.17,-0.823
-0.169,-0.823
-0.168,-0.823
-0.167,-0.823
-0.166,-0.823
-0.165,-0.823
-0.164,-0.823
-0.163,-0.823
-0.162,-0.823
-0.161,-0.823
-0.16,-0.823
-0.159,-0.823
-0.158,-0.823
-0.157,-0.823
-0.156,-0.823
-0.155,-0.823
-0.154,-0.823
-0.153,-0.823
-0.152,-0.823
-0.151,-0.823
-0.15,-0.823
-0.149,-0.823
-0.148,-0.823
-0.147,-0.823
-0.146,-0.823
-0.145,-0.823
-0.144,-0.823
-0.143,-0.823
-0.142,-0.823
-0.141,-0.823
-0.14,-0.823
-0.139,-0.823
-0.138,-0.823
-0.137,-0.823
-0.136,-0.823
-0.135,-0.823
-0.134,-0.823
-0.133,-0.823
-0.132,-0.823
-0.131,-0.823
-0.13,-0.823
-0.129,-0.823
-0.128,-0.823
-0.127,-0.823
-0.126,-0.823
-0.125,-0.823
-0.124,-0.823
-0.123,-0.823
-0.122,-0.823
-0.121,-0.823
-0.12,-0.823
-0.119,-0.823
-0.118,-0.823
-0.117,-0.823
-0.116,-0.823
-0.115,-0.823
-0.114,-0.823
-0.113,-0.823
-0.112,-0.823
-0.111,-0.823
-0.11,-0.823
-0.109,-0.823
-0.108,-0.823
-0.107,-0.823
-0.106,-0.823
-0.105,-0.823
-0.104,-0.823
-0.103,-0.823
-0.102,-0.823
-0.101,-0.823
-0.1,-0.823
-0.099,-0.823
-0.098,-0.823
-0.097,-0.823
-0.096,-0.823
-0.095,-0.823
-0.094,-0.823
-0.093,-0.823
-0.092,-0.823
-0.091,-0.823
-0.09,-0.823
-0.089,-0.823
-0.088,-0.823
-0.087,-0.823
-0.086,-0.823
-0.085,-0.823
-0.084,-0.823
-0.083,-0.823
-0.082,-0.823
-0.081,-0.823
-0.08,-0.823
-0.079,-0.823
-0.078,-0.823
-0.077,-0.823
-0.076,-0.823
-0.075,-0.823
-0.074,-0.823
-0.073,-0.823
-0.072,-0.823
-0.071,-0.823
-0.07,-0.823
-0.069,-0.823
-0.065,-0.823
-0.063,-0.823
-0.062,-0.823
-0.061,-0.823
-0.06,-0.823
-0.059,-0.823
-0.058,-0.823
-0.057,-0.823
-0.189,-0.822
-0.188,-0.822
-0.182,-0.822
-0.181,-0.822
-0.18,-0.822
-0.179,-0.822
-0.178,-0.822
-0.177,-0.822
-0.176,-0.822
-0.175,-0.822
-0.174,-0.822
-0.173,-0.822
-0.172,-0.822
-0.171,-0.822
-0.17,-0.822
-0.169,-0.822
-0.168,-0.822
-0.167,-0.822
-0.166,-0.822
-0.165,-0.822
-0.164,-0.822
-0.163,-0.822
-0.162,-0.822
-0.161,-0.822
-0.16,-0.822
-0.159,-0.822
-0.158,-0.822
-0.157,-0.822
-0.156,-0.822
-0.155,-0.822
-0.154,-0.822
-0.153,-0.822
-0.152,-0.822
-0.151,-0.822
-0.15,-0.822
-0.149,-0.822
-0.148,-0.822
-0.147,-0.822
-0.146,-0.822
-0.145,-0.822
-0.144,-0.822
-0.143,-0.822
-0.142,-0.822
-0.141,-0.822
-0.14,-0.822
-0.139,-0.822
-0.138,-0.822
-0.137,-0.822
-0.136,-0.822
-0.135,-0.822
-0.134,-0.822
-0.133,-0.822
-0.132,-0.822
-0.131,-0.822
-0.13,-0.822
-0.129,-0.822
-0.128,-0.822
-0.127,-0.822
-0.126,-0.822
-0.125,-0.822
-0.124,-0.822
-0.123,-0.822
-0.122,-0.822
-0.121,-0.822
-0.12,-0.822
-0.119,-0.822
-0.118,-0.822
-0.117,-0.822
-0.116,-0.822
-0.115,-0.822
-0.114,-0.822
-0.113,-0.822
-0.112,-0.822
-0.111,-0.822
-0.11,-0.822
-0.109,-0.822
-0.108,-0.822
-0.107,-0.822
-0.106,-0.822
-0.105,-0.822
-0.104,-0.822
-0.103,-0.822
-0.102,-0.822
-0.101,-0.822
-0.1,-0.822
-0.099,-0.822
-0.098,-0.822
-0.097,-0.822
-0.096,-0.822
-0.095,-0.822
-0.094,-0.822
-0.093,-0.822
-0.092,-0.822
-0.091,-0.822
-0.09,-0.822
-0.089,-0.822
-0.088,-0.822
-0.087,-0.822
-0.086,-0.822
-0.085,-0.822
-0.084,-0.822
-0.083,-0.822
-0.082,-0.822
-0.081,-0.822
-0.08,-0.822
-0.079,-0.822
-0.078,-0.822
-0.077,-0.822
-0.076,-0.822
-0.075,-0.822
-0.074,-0.822
-0.073,-0.822
-0.072,-0.822
-0.071,-0.822
-0.07,-0.822
-0.069,-0.822
-0.065,-0.822
-0.064,-0.822
-0.063,-0.822
-0.062,-0.822
-0.061,-0.822
-0.06,-0.822
-0.059,-0.822
-0.058,-0.822
-0.057,-0.822
-0.056,-0.822
-0.053,-0.822
-0.211,-0.821
-0.189,-0.821
-0.188,-0.821
-0.187,-0.821
-0.185,-0.821
-0.184,-0.821
-0.182,-0.821
-0.181,-0.821
-0.18,-0.821
-0.179,-0.821
-0.178,-0.821
-0.177,-0.821
-0.176,-0.821
-0.175,-0.821
-0.174,-0.821
-0.173,-0.821
-0.172,-0.821
-0.171,-0.821
-0.17,-0.821
-0.169,-0.821
-0.168,-0.821
-0.167,-0.821
-0.166,-0.821
-0.165,-0.821
-0.164,-0.821
-0.163,-0.821
-0.162,-0.821
-0.161,-0.821
-0.16,-0.821
-0.159,-0.821
-0.158,-0.821
-0.157,-0.821
-0.156,-0.821
-0.155,-0.821
-0.154,-0.821
-0.153,-0.821
-0.152,-0.821
-0.151,-0.821
-0.15,-0.821
-0.149,-0.821
-0.148,-0.821
-0.147,-0.821
-0.146,-0.821
-0.145,-0.821
-0.144,-0.821
-0.143,-0.821
-0.142,-0.821
-0.141,-0.821
-0.14,-0.821
-0.139,-0.821
-0.138,-0.821
-0.137,-0.821
-0.136,-0.821
-0.135,-0.821
-0.134,-0.821
-0.133,-0.821
-0.132,-0.821
-0.131,-0.821
-0.13,-0.821
-0.129,-0.821
-0.128,-0.821
-0.127,-0.821
-0.126,-0.821
-0.125,-0.821
-0.124,-0.821
-0.123,-0.821
-0.122,-0.821
-0.121,-0.821
-0.12,-0.821
-0.119,-0.821
-0.118,-0.821
-0.117,-0.821
-0.116,-0.821
-0.115,-0.821
-0.114,-0.821
-0.113,-0.821
-0.112,-0.821
-0.111,-0.821
-0.11,-0.821
-0.109,-0.821
-0.108,-0.821
-0.107,-0.821
-0.106,-0.821
-0.105,-0.821
-0.104,-0.821
-0.103,-0.821
-0.102,-0.821
-0.101,-0.821
-0.1,-0.821
-0.099,-0.821
-0.098,-0.821
-0.097,-0.821
-0.096,-0.821
-0.095,-0.821
-0.094,-0.821
-0.093,-0.821
-0.092,-0.821
-0.091,-0.821
-0.09,-0.821
-0.089,-0.821
-0.088,-0.821
-0.087,-0.821
-0.086,-0.821
-0.085,-0.821
-0.084,-0.821
-0.083,-0.821
-0.082,-0.821
-0.081,-0.821
-0.08,-0.821
-0.079,-0.821
-0.078,-0.821
-0.077,-0.821
-0.076,-0.821
-0.075,-0.821
-0.074,-0.821
-0.073,-0.821
-0.072,-0.821
-0.071,-0.821
-0.07,-0.821
-0.069,-0.821
-0.068,-0.821
-0.065,-0.821
-0.064,-0.821
-0.063,-0.821
-0.062,-0.821
-0.061,-0.821
-0.06,-0.821
-0.059,-0.821
-0.058,-0.821
-0.057,-0.821
-0.211,-0.82
-0.205,-0.82
-0.188,-0.82
-0.187,-0.82
-0.186,-0.82
-0.185,-0.82
-0.184,-0.82
-0.182,-0.82
-0.181,-0.82
-0.18,-0.82
-0.179,-0.82
-0.178,-0.82
-0.177,-0.82
-0.176,-0.82
-0.175,-0.82
-0.174,-0.82
-0.173,-0.82
-0.172,-0.82
-0.171,-0.82
-0.17,-0.82
-0.169,-0.82
-0.168,-0.82
-0.167,-0.82
-0.166,-0.82
-0.165,-0.82
-0.164,-0.82
-0.163,-0.82
-0.162,-0.82
-0.161,-0.82
-0.16,-0.82
-0.159,-0.82
-0.158,-0.82
-0.157,-0.82
-0.156,-0.82
-0.155,-0.82
-0.154,-0.82
-0.153,-0.82
-0.152,-0.82
-0.151,-0.82
-0.15,-0.82
-0.149,-0.82
-0.148,-0.82
-0.147,-0.82
-0.146,-0.82
-0.145,-0.82
-0.144,-0.82
-0.143,-0.82
-0.142,-0.82
-0.141,-0.82
-0.14,-0.82
-0.139,-0.82
-0.138,-0.82
-0.137,-0.82
-0.136,-0.82
-0.135,-0.82
-0.134,-0.82
-0.133,-0.82
-0.132,-0.82
-0.131,-0.82
-0.13,-0.82
-0.129,-0.82
-0.128,-0.82
-0.127,-0.82
-0.126,-0.82
-0.125,-0.82
-0.124,-0.82
-0.123,-0.82
-0.122,-0.82
-0.121,-0.82
-0.12,-0.82
-0.119,-0.82
-0.118,-0.82
-0.117,-0.82
-0.116,-0.82
-0.115,-0.82
-0.114,-0.82
-0.113,-0.82
-0.112,-0.82
-0.111,-0.82
-0.11,-0.82
-0.109,-0.82
-0.108,-0.82
-0.107,-0.82
-0.106,-0.82
-0.105,-0.82
-0.104,-0.82
-0.103,-0.82
-0.102,-0.82
-0.101,-0.82
-0.1,-0.82
-0.099,-0.82
-0.098,-0.82
-0.097,-0.82
-0.096,-0.82
-0.095,-0.82
-0.094,-0.82
-0.093,-0.82
-0.092,-0.82
-0.091,-0.82
-0.09,-0.82
-0.089,-0.82
-0.088,-0.82
-0.087,-0.82
-0.086,-0.82
-0.085,-0.82
-0.084,-0.82
-0.083,-0.82
-0.082,-0.82
-0.081,-0.82
-0.08,-0.82
-0.079,-0.82
-0.078,-0.82
-0.077,-0.82
-0.076,-0.82
-0.075,-0.82
-0.074,-0.82
-0.073,-0.82
-0.072,-0.82
-0.071,-0.82
-0.07,-0.82
-0.069,-0.82
-0.068,-0.82
-0.067,-0.82
-0.065,-0.82
-0.064,-0.82
-0.063,-0.82
-0.062,-0.82
-0.061,-0.82
-0.06,-0.82
-0.059,-0.82
-0.058,-0.82
-0.057,-0.82
-0.054,-0.82
-0.211,-0.819
-0.21,-0.819
-0.19,-0.819
-0.187,-0.819
-0.186,-0.819
-0.185,-0.819
-0.184,-0.819
-0.183,-0.819
-0.182,-0.819
-0.181,-0.819
-0.18,-0.819
-0.179,-0.819
-0.178,-0.819
-0.177,-0.819
-0.176,-0.819
-0.175,-0.819
-0.174,-0.819
-0.173,-0.819
-0.172,-0.819
-0.171,-0.819
-0.17,-0.819
-0.169,-0.819
-0.168,-0.819
-0.167,-0.819
-0.166,-0.819
-0.165,-0.819
-0.164,-0.819
-0.163,-0.819
-0.162,-0.819
-0.161,-0.819
-0.16,-0.819
-0.159,-0.819
-0.158,-0.819
-0.157,-0.819
-0.156,-0.819
-0.155,-0.819
-0.154,-0.819
-0.153,-0.819
-0.152,-0.819
-0.151,-0.819
-0.15,-0.819
-0.149,-0.819
-0.148,-0.819
-0.147,-0.819
-0.146,-0.819
-0.145,-0.819
-0.144,-0.819
-0.143,-0.819
-0.142,-0.819
-0.141,-0.819
-0.14,-0.819
-0.139,-0.819
-0.138,-0.819
-0.137,-0.819
-0.136,-0.819
-0.135,-0.819
-0.134,-0.819
-0.133,-0.819
-0.132,-0.819
-0.131,-0.819
-0.13,-0.819
-0.129,-0.819
-0.128,-0.819
-0.127,-0.819
-0.126,-0.819
-0.125,-0.819
-0.124,-0.819
-0.123,-0.819
-0.122,-0.819
-0.121,-0.819
-0.12,-0.819
-0.119,-0.819
-0.118,-0.819
-0.117,-0.819
-0.116,-0.819
-0.115,-0.819
-0.114,-0.819
-0.113,-0.819
-0.112,-0.819
-0.111,-0.819
-0.11,-0.819
-0.109,-0.819
-0.108,-0.819
-0.107,-0.819
-0.106,-0.819
-0.105,-0.819
-0.104,-0.819
-0.103,-0.819
-0.102,-0.819
-0.101,-0.819
-0.1,-0.819
-0.099,-0.819
-0.098,-0.819
-0.097,-0.819
-0.096,-0.819
-0.095,-0.819
-0.094,-0.819
-0.093,-0.819
-0.092,-0.819
-0.091,-0.819
-0.09,-0.819
-0.089,-0.819
-0.088,-0.819
-0.087,-0.819
-0.086,-0.819
-0.085,-0.819
-0.084,-0.819
-0.083,-0.819
-0.082,-0.819
-0.081,-0.819
-0.08,-0.819
-0.079,-0.819
-0.078,-0.819
-0.077,-0.819
-0.076,-0.819
-0.075,-0.819
-0.074,-0.819
-0.073,-0.819
-0.072,-0.819
-0.071,-0.819
-0.07,-0.819
-0.069,-0.819
-0.068,-0.819
-0.067,-0.819
-0.065,-0.819
-0.064,-0.819
-0.063,-0.819
-0.062,-0.819
-0.061,-0.819
-0.06,-0.819
-0.059,-0.819
-0.058,-0.819
-0.057,-0.819
-0.054,-0.819
-0.232,-0.818
-0.231,-0.818
-0.212,-0.818
-0.211,-0.818
-0.21,-0.818
-0.195,-0.818
-0.193,-0.818
-0.189,-0.818
-0.188,-0.818
-0.187,-0.818
-0.186,-0.818
-0.185,-0.818
-0.184,-0.818
-0.183,-0.818
-0.182,-0.818
-0.181,-0.818
-0.18,-0.818
-0.179,-0.818
-0.178,-0.818
-0.177,-0.818
-0.176,-0.818
-0.175,-0.818
-0.174,-0.818
-0.173,-0.818
-0.172,-0.818
-0.171,-0.818
-0.17,-0.818
-0.169,-0.818
-0.168,-0.818
-0.167,-0.818
-0.166,-0.818
-0.165,-0.818
-0.164,-0.818
-0.163,-0.818
-0.162,-0.818
-0.161,-0.818
-0.16,-0.818
-0.159,-0.818
-0.158,-0.818
-0.157,-0.818
-0.156,-0.818
-0.155,-0.818
-0.154,-0.818
-0.153,-0.818
-0.152,-0.818
-0.151,-0.818
-0.15,-0.818
-0.149,-0.818
-0.148,-0.818
-0.147,-0.818
-0.146,-0.818
-0.145,-0.818
-0.144,-0.818
-0.143,-0.818
-0.142,-0.818
-0.141,-0.818
-0.14,-0.818
-0.139,-0.818
-0.138,-0.818
-0.137,-0.818
-0.136,-0.818
-0.135,-0.818
-0.134,-0.818
-0.133,-0.818
-0.132,-0.818
-0.131,-0.818
-0.13,-0.818
-0.129,-0.818
-0.128,-0.818
-0.127,-0.818
-0.126,-0.818
-0.125,-0.818
-0.124,-0.818
-0.123,-0.818
-0.122,-0.818
-0.121,-0.818
-0.12,-0.818
-0.119,-0.818
-0.118,-0.818
-0.117,-0.818
-0.116,-0.818
-0.115,-0.818
-0.114,-0.818
-0.113,-0.818
-0.112,-0.818
-0.111,-0.818
-0.11,-0.818
-0.109,-0.818
-0.108,-0.818
-0.107,-0.818
-0.106,-0.818
-0.105,-0.818
-0.104,-0.818
-0.103,-0.818
-0.102,-0.818
-0.101,-0.818
-0.1,-0.818
-0.099,-0.818
-0.098,-0.818
-0.097,-0.818
-0.096,-0.818
-0.095,-0.818
-0.094,-0.818
-0.093,-0.818
-0.092,-0.818
-0.091,-0.818
-0.09,-0.818
-0.089,-0.818
-0.088,-0.818
-0.087,-0.818
-0.086,-0.818
-0.085,-0.818
-0.084,-0.818
-0.083,-0.818
-0.082,-0.818
-0.081,-0.818
-0.08,-0.818
-0.079,-0.818
-0.078,-0.818
-0.077,-0.818
-0.076,-0.818
-0.075,-0.818
-0.074,-0.818
-0.073,-0.818
-0.072,-0.818
-0.071,-0.818
-0.07,-0.818
-0.069,-0.818
-0.068,-0.818
-0.067,-0.818
-0.066,-0.818
-0.065,-0.818
-0.064,-0.818
-0.063,-0.818
-0.062,-0.818
-0.061,-0.818
-0.06,-0.818
-0.059,-0.818
-0.058,-0.818
-0.057,-0.818
-0.056,-0.818
-0.055,-0.818
-0.226,-0.817
-0.212,-0.817
-0.211,-0.817
-0.21,-0.817
-0.209,-0.817
-0.204,-0.817
-0.191,-0.817
-0.188,-0.817
-0.187,-0.817
-0.186,-0.817
-0.185,-0.817
-0.184,-0.817
-0.183,-0.817
-0.182,-0.817
-0.181,-0.817
-0.18,-0.817
-0.179,-0.817
-0.178,-0.817
-0.177,-0.817
-0.176,-0.817
-0.175,-0.817
-0.174,-0.817
-0.173,-0.817
-0.172,-0.817
-0.171,-0.817
-0.17,-0.817
-0.169,-0.817
-0.168,-0.817
-0.167,-0.817
-0.166,-0.817
-0.165,-0.817
-0.164,-0.817
-0.163,-0.817
-0.162,-0.817
-0.161,-0.817
-0.16,-0.817
-0.159,-0.817
-0.158,-0.817
-0.157,-0.817
-0.156,-0.817
-0.155,-0.817
-0.154,-0.817
-0.153,-0.817
-0.152,-0.817
-0.151,-0.817
-0.15,-0.817
-0.149,-0.817
-0.148,-0.817
-0.147,-0.817
-0.146,-0.817
-0.145,-0.817
-0.144,-0.817
-0.143,-0.817
-0.142,-0.817
-0.141,-0.817
-0.14,-0.817
-0.139,-0.817
-0.138,-0.817
-0.137,-0.817
-0.136,-0.817
-0.135,-0.817
-0.134,-0.817
-0.133,-0.817
-0.132,-0.817
-0.131,-0.817
-0.13,-0.817
-0.129,-0.817
-0.128,-0.817
-0.127,-0.817
-0.126,-0.817
-0.125,-0.817
-0.124,-0.817
-0.123,-0.817
-0.122,-0.817
-0.121,-0.817
-0.12,-0.817
-0.119,-0.817
-0.118,-0.817
-0.117,-0.817
-0.116,-0.817
-0.115,-0.817
-0.114,-0.817
-0.113,-0.817
-0.112,-0.817
-0.111,-0.817
-0.11,-0.817
-0.109,-0.817
-0.108,-0.817
-0.107,-0.817
-0.106,-0.817
-0.105,-0.817
-0.104,-0.817
-0.103,-0.817
-0.102,-0.817
-0.101,-0.817
-0.1,-0.817
-0.099,-0.817
-0.098,-0.817
-0.097,-0.817
-0.096,-0.817
-0.095,-0.817
-0.094,-0.817
-0.093,-0.817
-0.092,-0.817
-0.091,-0.817
-0.09,-0.817
-0.089,-0.817
-0.088,-0.817
-0.087,-0.817
-0.086,-0.817
-0.085,-0.817
-0.084,-0.817
-0.083,-0.817
-0.082,-0.817
-0.081,-0.817
-0.08,-0.817
-0.079,-0.817
-0.078,-0.817
-0.077,-0.817
-0.076,-0.817
-0.075,-0.817
-0.074,-0.817
-0.073,-0.817
-0.072,-0.817
-0.071,-0.817
-0.07,-0.817
-0.069,-0.817
-0.068,-0.817
-0.067,-0.817
-0.066,-0.817
-0.065,-0.817
-0.064,-0.817
-0.063,-0.817
-0.062,-0.817
-0.061,-0.817
-0.06,-0.817
-0.059,-0.817
-0.058,-0.817
-0.057,-0.817
-0.047,-0.817
-0.23,-0.816
-0.222,-0.816
-0.216,-0.816
-0.215,-0.816
-0.214,-0.816
-0.212,-0.816
-0.211,-0.816
-0.21,-0.816
-0.209,-0.816
-0.206,-0.816
-0.204,-0.816
-0.199,-0.816
-0.191,-0.816
-0.19,-0.816
-0.188,-0.816
-0.187,-0.816
-0.186,-0.816
-0.185,-0.816
-0.184,-0.816
-0.183,-0.816
-0.182,-0.816
-0.181,-0.816
-0.18,-0.816
-0.179,-0.816
-0.178,-0.816
-0.177,-0.816
-0.176,-0.816
-0.175,-0.816
-0.174,-0.816
-0.173,-0.816
-0.172,-0.816
-0.171,-0.816
-0.17,-0.816
-0.169,-0.816
-0.168,-0.816
-0.167,-0.816
-0.166,-0.816
-0.165,-0.816
-0.164,-0.816
-0.163,-0.816
-0.162,-0.816
-0.161,-0.816
-0.16,-0.816
-0.159,-0.816
-0.158,-0.816
-0.157,-0.816
-0.156,-0.816
-0.155,-0.816
-0.154,-0.816
-0.153,-0.816
-0.152,-0.816
-0.151,-0.816
-0.15,-0.816
-0.149,-0.816
-0.148,-0.816
-0.147,-0.816
-0.146,-0.816
-0.145,-0.816
-0.144,-0.816
-0.143,-0.816
-0.142,-0.816
-0.141,-0.816
-0.14,-0.816
-0.139,-0.816
-0.138,-0.816
-0.137,-0.816
-0.136,-0.816
-0.135,-0.816
-0.134,-0.816
-0.133,-0.816
-0.132,-0.816
-0.131,-0.816
-0.13,-0.816
-0.129,-0.816
-0.128,-0.816
-0.127,-0.816
-0.126,-0.816
-0.125,-0.816
-0.124,-0.816
-0.123,-0.816
-0.122,-0.816
-0.121,-0.816
-0.12,-0.816
-0.119,-0.816
-0.118,-0.816
-0.117,-0.816
-0.116,-0.816
-0.115,-0.816
-0.114,-0.816
-0.113,-0.816
-0.112,-0.816
-0.111,-0.816
-0.11,-0.816
-0.109,-0.816
-0.108,-0.816
-0.107,-0.816
-0.106,-0.816
-0.105,-0.816
-0.104,-0.816
-0.103,-0.816
-0.102,-0.816
-0.101,-0.816
-0.1,-0.816
-0.099,-0.816
-0.098,-0.816
-0.097,-0.816
-0.096,-0.816
-0.095,-0.816
-0.094,-0.816
-0.093,-0.816
-0.092,-0.816
-0.091,-0.816
-0.09,-0.816
-0.089,-0.816
-0.088,-0.816
-0.087,-0.816
-0.086,-0.816
-0.085,-0.816
-0.084,-0.816
-0.083,-0.816
-0.082,-0.816
-0.081,-0.816
-0.08,-0.816
-0.079,-0.816
-0.078,-0.816
-0.077,-0.816
-0.076,-0.816
-0.075,-0.816
-0.074,-0.816
-0.073,-0.816
-0.072,-0.816
-0.071,-0.816
-0.07,-0.816
-0.069,-0.816
-0.068,-0.816
-0.067,-0.816
-0.066,-0.816
-0.065,-0.816
-0.064,-0.816
-0.063,-0.816
-0.062,-0.816
-0.061,-0.816
-0.06,-0.816
-0.059,-0.816
-0.058,-0.816
-0.057,-0.816
-0.055,-0.816
-0.23,-0.815
-0.229,-0.815
-0.228,-0.815
-0.22,-0.815
-0.216,-0.815
-0.215,-0.815
-0.214,-0.815
-0.213,-0.815
-0.212,-0.815
-0.211,-0.815
-0.21,-0.815
-0.209,-0.815
-0.208,-0.815
-0.207,-0.815
-0.206,-0.815
-0.205,-0.815
-0.204,-0.815
-0.202,-0.815
-0.201,-0.815
-0.193,-0.815
-0.192,-0.815
-0.19,-0.815
-0.188,-0.815
-0.187,-0.815
-0.186,-0.815
-0.185,-0.815
-0.184,-0.815
-0.183,-0.815
-0.182,-0.815
-0.181,-0.815
-0.18,-0.815
-0.179,-0.815
-0.178,-0.815
-0.177,-0.815
-0.176,-0.815
-0.175,-0.815
-0.174,-0.815
-0.173,-0.815
-0.172,-0.815
-0.171,-0.815
-0.17,-0.815
-0.169,-0.815
-0.168,-0.815
-0.167,-0.815
-0.166,-0.815
-0.165,-0.815
-0.164,-0.815
-0.163,-0.815
-0.162,-0.815
-0.161,-0.815
-0.16,-0.815
-0.159,-0.815
-0.158,-0.815
-0.157,-0.815
-0.156,-0.815
-0.155,-0.815
-0.154,-0.815
-0.153,-0.815
-0.152,-0.815
-0.151,-0.815
-0.15,-0.815
-0.149,-0.815
-0.148,-0.815
-0.147,-0.815
-0.146,-0.815
-0.145,-0.815
-0.144,-0.815
-0.143,-0.815
-0.142,-0.815
-0.141,-0.815
-0.14,-0.815
-0.139,-0.815
-0.138,-0.815
-0.137,-0.815
-0.136,-0.815
-0.135,-0.815
-0.134,-0.815
-0.133,-0.815
-0.132,-0.815
-0.131,-0.815
-0.13,-0.815
-0.129,-0.815
-0.128,-0.815
-0.127,-0.815
-0.126,-0.815
-0.125,-0.815
-0.124,-0.815
-0.123,-0.815
-0.122,-0.815
-0.121,-0.815
-0.12,-0.815
-0.119,-0.815
-0.118,-0.815
-0.117,-0.815
-0.116,-0.815
-0.115,-0.815
-0.114,-0.815
-0.113,-0.815
-0.112,-0.815
-0.111,-0.815
-0.11,-0.815
-0.109,-0.815
-0.108,-0.815
-0.107,-0.815
-0.106,-0.815
-0.105,-0.815
-0.104,-0.815
-0.103,-0.815
-0.102,-0.815
-0.101,-0.815
-0.1,-0.815
-0.099,-0.815
-0.098,-0.815
-0.097,-0.815
-0.096,-0.815
-0.095,-0.815
-0.094,-0.815
-0.093,-0.815
-0.092,-0.815
-0.091,-0.815
-0.09,-0.815
-0.089,-0.815
-0.088,-0.815
-0.087,-0.815
-0.086,-0.815
-0.085,-0.815
-0.084,-0.815
-0.083,-0.815
-0.082,-0.815
-0.081,-0.815
-0.08,-0.815
-0.079,-0.815
-0.078,-0.815
-0.077,-0.815
-0.076,-0.815
-0.075,-0.815
-0.074,-0.815
-0.073,-0.815
-0.072,-0.815
-0.071,-0.815
-0.07,-0.815
-0.069,-0.815
-0.068,-0.815
-0.067,-0.815
-0.066,-0.815
-0.065,-0.815
-0.064,-0.815
-0.063,-0.815
-0.062,-0.815
-0.061,-0.815
-0.06,-0.815
-0.059,-0.815
-0.056,-0.815
-0.235,-0.814
-0.227,-0.814
-0.223,-0.814
-0.222,-0.814
-0.221,-0.814
-0.22,-0.814
-0.217,-0.814
-0.216,-0.814
-0.215,-0.814
-0.214,-0.814
-0.213,-0.814
-0.212,-0.814
-0.211,-0.814
-0.21,-0.814
-0.209,-0.814
-0.208,-0.814
-0.207,-0.814
-0.206,-0.814
-0.205,-0.814
-0.204,-0.814
-0.201,-0.814
-0.2,-0.814
-0.193,-0.814
-0.192,-0.814
-0.191,-0.814
-0.19,-0.814
-0.189,-0.814
-0.188,-0.814
-0.187,-0.814
-0.186,-0.814
-0.185,-0.814
-0.184,-0.814
-0.183,-0.814
-0.182,-0.814
-0.181,-0.814
-0.18,-0.814
-0.179,-0.814
-0.178,-0.814
-0.177,-0.814
-0.176,-0.814
-0.175,-0.814
-0.174,-0.814
-0.173,-0.814
-0.172,-0.814
-0.171,-0.814
-0.17,-0.814
-0.169,-0.814
-0.168,-0.814
-0.167,-0.814
-0.166,-0.814
-0.165,-0.814
-0.164,-0.814
-0.163,-0.814
-0.162,-0.814
-0.161,-0.814
-0.16,-0.814
-0.159,-0.814
-0.158,-0.814
-0.157,-0.814
-0.156,-0.814
-0.155,-0.814
-0.154,-0.814
-0.153,-0.814
-0.152,-0.814
-0.151,-0.814
-0.15,-0.814
-0.149,-0.814
-0.148,-0.814
-0.147,-0.814
-0.146,-0.814
-0.145,-0.814
-0.144,-0.814
-0.143,-0.814
-0.142,-0.814
-0.141,-0.814
-0.14,-0.814
-0.139,-0.814
-0.138,-0.814
-0.137,-0.814
-0.136,-0.814
-0.135,-0.814
-0.134,-0.814
-0.133,-0.814
-0.132,-0.814
-0.131,-0.814
-0.13,-0.814
-0.129,-0.814
-0.128,-0.814
-0.127,-0.814
-0.126,-0.814
-0.125,-0.814
-0.124,-0.814
-0.123,-0.814
-0.122,-0.814
-0.121,-0.814
-0.12,-0.814
-0.119,-0.814
-0.118,-0.814
-0.117,-0.814
-0.116,-0.814
-0.115,-0.814
-0.114,-0.814
-0.113,-0.814
-0.112,-0.814
-0.111,-0.814
-0.11,-0.814
-0.109,-0.814
-0.108,-0.814
-0.107,-0.814
-0.106,-0.814
-0.105,-0.814
-0.104,-0.814
-0.103,-0.814
-0.102,-0.814
-0.101,-0.814
-0.1,-0.814
-0.099,-0.814
-0.098,-0.814
-0.097,-0.814
-0.096,-0.814
-0.095,-0.814
-0.094,-0.814
-0.093,-0.814
-0.092,-0.814
-0.091,-0.814
-0.09,-0.814
-0.089,-0.814
-0.088,-0.814
-0.087,-0.814
-0.086,-0.814
-0.085,-0.814
-0.084,-0.814
-0.083,-0.814
-0.082,-0.814
-0.081,-0.814
-0.08,-0.814
-0.079,-0.814
-0.078,-0.814
-0.077,-0.814
-0.076,-0.814
-0.075,-0.814
-0.074,-0.814
-0.073,-0.814
-0.072,-0.814
-0.071,-0.814
-0.07,-0.814
-0.069,-0.814
-0.068,-0.814
-0.067,-0.814
-0.066,-0.814
-0.065,-0.814
-0.064,-0.814
-0.063,-0.814
-0.062,-0.814
-0.061,-0.814
-0.002,-0.814
-0.23,-0.813
-0.225,-0.813
-0.224,-0.813
-0.223,-0.813
-0.222,-0.813
-0.221,-0.813
-0.22,-0.813
-0.219,-0.813
-0.218,-0.813
-0.217,-0.813
-0.216,-0.813
-0.215,-0.813
-0.214,-0.813
-0.213,-0.813
-0.212,-0.813
-0.211,-0.813
-0.21,-0.813
-0.209,-0.813
-0.208,-0.813
-0.207,-0.813
-0.206,-0.813
-0.205,-0.813
-0.204,-0.813
-0.203,-0.813
-0.202,-0.813
-0.201,-0.813
-0.192,-0.813
-0.191,-0.813
-0.19,-0.813
-0.189,-0.813
-0.188,-0.813
-0.187,-0.813
-0.186,-0.813
-0.185,-0.813
-0.184,-0.813
-0.183,-0.813
-0.182,-0.813
-0.181,-0.813
-0.18,-0.813
-0.179,-0.813
-0.178,-0.813
-0.177,-0.813
-0.176,-0.813
-0.175,-0.813
-0.174,-0.813
-0.173,-0.813
-0.172,-0.813
-0.171,-0.813
-0.17,-0.813
-0.169,-0.813
-0.168,-0.813
-0.167,-0.813
-0.166,-0.813
-0.165,-0.813
-0.164,-0.813
-0.163,-0.813
-0.162,-0.813
-0.161,-0.813
-0.16,-0.813
-0.159,-0.813
-0.158,-0.813
-0.157,-0.813
-0.156,-0.813
-0.155,-0.813
-0.154,-0.813
-0.153,-0.813
-0.152,-0.813
-0.151,-0.813
-0.15,-0.813
-0.149,-0.813
-0.148,-0.813
-0.147,-0.813
-0.146,-0.813
-0.145,-0.813
-0.144,-0.813
-0.143,-0.813
-0.142,-0.813
-0.141,-0.813
-0.14,-0.813
-0.139,-0.813
-0.138,-0.813
-0.137,-0.813
-0.136,-0.813
-0.135,-0.813
-0.134,-0.813
-0.133,-0.813
-0.132,-0.813
-0.131,-0.813
-0.13,-0.813
-0.129,-0.813
-0.128,-0.813
-0.127,-0.813
-0.126,-0.813
-0.125,-0.813
-0.124,-0.813
-0.123,-0.813
-0.122,-0.813
-0.121,-0.813
-0.12,-0.813
-0.119,-0.813
-0.118,-0.813
-0.117,-0.813
-0.116,-0.813
-0.115,-0.813
-0.114,-0.813
-0.113,-0.813
-0.112,-0.813
-0.111,-0.813
-0.11,-0.813
-0.109,-0.813
-0.108,-0.813
-0.107,-0.813
-0.106,-0.813
-0.105,-0.813
-0.104,-0.813
-0.103,-0.813
-0.102,-0.813
-0.101,-0.813
-0.1,-0.813
-0.099,-0.813
-0.098,-0.813
-0.097,-0.813
-0.096,-0.813
-0.095,-0.813
-0.094,-0.813
-0.093,-0.813
-0.092,-0.813
-0.091,-0.813
-0.09,-0.813
-0.089,-0.813
-0.088,-0.813
-0.087,-0.813
-0.086,-0.813
-0.085,-0.813
-0.084,-0.813
-0.083,-0.813
-0.082,-0.813
-0.081,-0.813
-0.08,-0.813
-0.079,-0.813
-0.078,-0.813
-0.077,-0.813
-0.076,-0.813
-0.075,-0.813
-0.074,-0.813
-0.073,-0.813
-0.072,-0.813
-0.071,-0.813
-0.07,-0.813
-0.069,-0.813
-0.068,-0.813
-0.067,-0.813
-0.066,-0.813
-0.065,-0.813
-0.064,-0.813
-0.063,-0.813
-0.062,-0.813
-0.061,-0.813
-0.06,-0.813
-0.058,-0.813
-0.055,-0.813
-0.047,-0.813
-0.225,-0.812
-0.224,-0.812
-0.223,-0.812
-0.222,-0.812
-0.221,-0.812
-0.22,-0.812
-0.219,-0.812
-0.218,-0.812
-0.217,-0.812
-0.216,-0.812
-0.215,-0.812
-0.214,-0.812
-0.213,-0.812
-0.212,-0.812
-0.211,-0.812
-0.21,-0.812
-0.209,-0.812
-0.208,-0.812
-0.207,-0.812
-0.206,-0.812
-0.205,-0.812
-0.204,-0.812
-0.203,-0.812
-0.202,-0.812
-0.201,-0.812
-0.193,-0.812
-0.191,-0.812
-0.19,-0.812
-0.189,-0.812
-0.188,-0.812
-0.187,-0.812
-0.186,-0.812
-0.185,-0.812
-0.184,-0.812
-0.183,-0.812
-0.182,-0.812
-0.181,-0.812
-0.18,-0.812
-0.179,-0.812
-0.178,-0.812
-0.177,-0.812
-0.176,-0.812
-0.175,-0.812
-0.174,-0.812
-0.173,-0.812
-0.172,-0.812
-0.171,-0.812
-0.17,-0.812
-0.169,-0.812
-0.168,-0.812
-0.167,-0.812
-0.166,-0.812
-0.165,-0.812
-0.164,-0.812
-0.163,-0.812
-0.162,-0.812
-0.161,-0.812
-0.16,-0.812
-0.159,-0.812
-0.158,-0.812
-0.157,-0.812
-0.156,-0.812
-0.155,-0.812
-0.154,-0.812
-0.153,-0.812
-0.152,-0.812
-0.151,-0.812
-0.15,-0.812
-0.149,-0.812
-0.148,-0.812
-0.147,-0.812
-0.146,-0.812
-0.145,-0.812
-0.144,-0.812
-0.143,-0.812
-0.142,-0.812
-0.141,-0.812
-0.14,-0.812
-0.139,-0.812
-0.138,-0.812
-0.137,-0.812
-0.136,-0.812
-0.135,-0.812
-0.134,-0.812
-0.133,-0.812
-0.132,-0.812
-0.131,-0.812
-0.13,-0.812
-0.129,-0.812
-0.128,-0.812
-0.127,-0.812
-0.126,-0.812
-0.125,-0.812
-0.124,-0.812
-0.123,-0.812
-0.122,-0.812
-0.121,-0.812
-0.12,-0.812
-0.119,-0.812
-0.118,-0.812
-0.117,-0.812
-0.116,-0.812
-0.115,-0.812
-0.114,-0.812
-0.113,-0.812
-0.112,-0.812
-0.111,-0.812
-0.11,-0.812
-0.109,-0.812
-0.108,-0.812
-0.107,-0.812
-0.106,-0.812
-0.105,-0.812
-0.104,-0.812
-0.103,-0.812
-0.102,-0.812
-0.101,-0.812
-0.1,-0.812
-0.099,-0.812
-0.098,-0.812
-0.097,-0.812
-0.096,-0.812
-0.095,-0.812
-0.094,-0.812
-0.093,-0.812
-0.092,-0.812
-0.091,-0.812
-0.09,-0.812
-0.089,-0.812
-0.088,-0.812
-0.087,-0.812
-0.086,-0.812
-0.085,-0.812
-0.084,-0.812
-0.083,-0.812
-0.082,-0.812
-0.081,-0.812
-0.08,-0.812
-0.079,-0.812
-0.078,-0.812
-0.077,-0.812
-0.076,-0.812
-0.075,-0.812
-0.074,-0.812
-0.073,-0.812
-0.072,-0.812
-0.071,-0.812
-0.07,-0.812
-0.069,-0.812
-0.068,-0.812
-0.067,-0.812
-0.066,-0.812
-0.065,-0.812
-0.064,-0.812
-0.063,-0.812
-0.062,-0.812
-0.061,-0.812
-0.06,-0.812
-0.059,-0.812
-0.058,-0.812
-0.056,-0.812
-0.055,-0.812
-0.052,-0.812
-0.051,-0.812
-0.029,-0.812
-0.224,-0.811
-0.223,-0.811
-0.222,-0.811
-0.221,-0.811
-0.22,-0.811
-0.219,-0.811
-0.218,-0.811
-0.217,-0.811
-0.216,-0.811
-0.215,-0.811
-0.214,-0.811
-0.213,-0.811
-0.212,-0.811
-0.211,-0.811
-0.21,-0.811
-0.209,-0.811
-0.208,-0.811
-0.207,-0.811
-0.206,-0.811
-0.205,-0.811
-0.204,-0.811
-0.203,-0.811
-0.202,-0.811
-0.201,-0.811
-0.2,-0.811
-0.195,-0.811
-0.194,-0.811
-0.193,-0.811
-0.192,-0.811
-0.191,-0.811
-0.19,-0.811
-0.189,-0.811
-0.188,-0.811
-0.187,-0.811
-0.186,-0.811
-0.185,-0.811
-0.184,-0.811
-0.183,-0.811
-0.182,-0.811
-0.181,-0.811
-0.18,-0.811
-0.179,-0.811
-0.178,-0.811
-0.177,-0.811
-0.176,-0.811
-0.175,-0.811
-0.174,-0.811
-0.173,-0.811
-0.172,-0.811
-0.171,-0.811
-0.17,-0.811
-0.169,-0.811
-0.168,-0.811
-0.167,-0.811
-0.166,-0.811
-0.165,-0.811
-0.164,-0.811
-0.163,-0.811
-0.162,-0.811
-0.161,-0.811
-0.16,-0.811
-0.159,-0.811
-0.158,-0.811
-0.157,-0.811
-0.156,-0.811
-0.155,-0.811
-0.154,-0.811
-0.153,-0.811
-0.152,-0.811
-0.151,-0.811
-0.15,-0.811
-0.149,-0.811
-0.148,-0.811
-0.147,-0.811
-0.146,-0.811
-0.145,-0.811
-0.144,-0.811
-0.143,-0.811
-0.142,-0.811
-0.141,-0.811
-0.14,-0.811
-0.139,-0.811
-0.138,-0.811
-0.137,-0.811
-0.136,-0.811
-0.135,-0.811
-0.134,-0.811
-0.133,-0.811
-0.132,-0.811
-0.131,-0.811
-0.13,-0.811
-0.129,-0.811
-0.128,-0.811
-0.127,-0.811
-0.126,-0.811
-0.125,-0.811
-0.124,-0.811
-0.123,-0.811
-0.122,-0.811
-0.121,-0.811
-0.12,-0.811
-0.119,-0.811
-0.118,-0.811
-0.117,-0.811
-0.116,-0.811
-0.115,-0.811
-0.114,-0.811
-0.113,-0.811
-0.112,-0.811
-0.111,-0.811
-0.11,-0.811
-0.109,-0.811
-0.108,-0.811
-0.107,-0.811
-0.106,-0.811
-0.105,-0.811
-0.104,-0.811
-0.103,-0.811
-0.102,-0.811
-0.101,-0.811
-0.1,-0.811
-0.099,-0.811
-0.098,-0.811
-0.097,-0.811
-0.096,-0.811
-0.095,-0.811
-0.094,-0.811
-0.093,-0.811
-0.092,-0.811
-0.091,-0.811
-0.09,-0.811
-0.089,-0.811
-0.088,-0.811
-0.087,-0.811
-0.086,-0.811
-0.085,-0.811
-0.084,-0.811
-0.083,-0.811
-0.082,-0.811
-0.081,-0.811
-0.08,-0.811
-0.079,-0.811
-0.078,-0.811
-0.077,-0.811
-0.076,-0.811
-0.075,-0.811
-0.074,-0.811
-0.073,-0.811
-0.072,-0.811
-0.071,-0.811
-0.07,-0.811
-0.069,-0.811
-0.068,-0.811
-0.067,-0.811
-0.066,-0.811
-0.065,-0.811
-0.064,-0.811
-0.063,-0.811
-0.062,-0.811
-0.061,-0.811
-0.06,-0.811
-0.059,-0.811
-0.058,-0.811
-0.057,-0.811
-0.056,-0.811
-0.055,-0.811
-0.051,-0.811
-0.05,-0.811
-0.028,-0.811
-0.225,-0.81
-0.224,-0.81
-0.223,-0.81
-0.222,-0.81
-0.221,-0.81
-0.22,-0.81
-0.219,-0.81
-0.218,-0.81
-0.217,-0.81
-0.216,-0.81
-0.215,-0.81
-0.214,-0.81
-0.213,-0.81
-0.212,-0.81
-0.211,-0.81
-0.21,-0.81
-0.209,-0.81
-0.208,-0.81
-0.207,-0.81
-0.206,-0.81
-0.205,-0.81
-0.204,-0.81
-0.203,-0.81
-0.202,-0.81
-0.201,-0.81
-0.2,-0.81
-0.194,-0.81
-0.193,-0.81
-0.192,-0.81
-0.191,-0.81
-0.19,-0.81
-0.189,-0.81
-0.188,-0.81
-0.187,-0.81
-0.186,-0.81
-0.185,-0.81
-0.184,-0.81
-0.183,-0.81
-0.182,-0.81
-0.181,-0.81
-0.18,-0.81
-0.179,-0.81
-0.178,-0.81
-0.177,-0.81
-0.176,-0.81
-0.175,-0.81
-0.174,-0.81
-0.173,-0.81
-0.172,-0.81
-0.171,-0.81
-0.17,-0.81
-0.169,-0.81
-0.168,-0.81
-0.167,-0.81
-0.166,-0.81
-0.165,-0.81
-0.164,-0.81
-0.163,-0.81
-0.162,-0.81
-0.161,-0.81
-0.16,-0.81
-0.159,-0.81
-0.158,-0.81
-0.157,-0.81
-0.156,-0.81
-0.155,-0.81
-0.154,-0.81
-0.153,-0.81
-0.152,-0.81
-0.151,-0.81
-0.15,-0.81
-0.149,-0.81
-0.148,-0.81
-0.147,-0.81
-0.146,-0.81
-0.145,-0.81
-0.144,-0.81
-0.143,-0.81
-0.142,-0.81
-0.141,-0.81
-0.14,-0.81
-0.139,-0.81
-0.138,-0.81
-0.137,-0.81
-0.136,-0.81
-0.135,-0.81
-0.134,-0.81
-0.133,-0.81
-0.132,-0.81
-0.131,-0.81
-0.13,-0.81
-0.129,-0.81
-0.128,-0.81
-0.127,-0.81
-0.126,-0.81
-0.125,-0.81
-0.124,-0.81
-0.123,-0.81
-0.122,-0.81
-0.121,-0.81
-0.12,-0.81
-0.119,-0.81
-0.118,-0.81
-0.117,-0.81
-0.116,-0.81
-0.115,-0.81
-0.114,-0.81
-0.113,-0.81
-0.112,-0.81
-0.111,-0.81
-0.11,-0.81
-0.109,-0.81
-0.108,-0.81
-0.107,-0.81
-0.106,-0.81
-0.105,-0.81
-0.104,-0.81
-0.103,-0.81
-0.102,-0.81
-0.101,-0.81
-0.1,-0.81
-0.099,-0.81
-0.098,-0.81
-0.097,-0.81
-0.096,-0.81
-0.095,-0.81
-0.094,-0.81
-0.093,-0.81
-0.092,-0.81
-0.091,-0.81
-0.09,-0.81
-0.089,-0.81
-0.088,-0.81
-0.087,-0.81
-0.086,-0.81
-0.085,-0.81
-0.084,-0.81
-0.083,-0.81
-0.082,-0.81
-0.081,-0.81
-0.08,-0.81
-0.079,-0.81
-0.078,-0.81
-0.077,-0.81
-0.076,-0.81
-0.075,-0.81
-0.074,-0.81
-0.073,-0.81
-0.072,-0.81
-0.071,-0.81
-0.07,-0.81
-0.069,-0.81
-0.068,-0.81
-0.067,-0.81
-0.066,-0.81
-0.065,-0.81
-0.064,-0.81
-0.063,-0.81
-0.062,-0.81
-0.061,-0.81
-0.06,-0.81
-0.059,-0.81
-0.058,-0.81
-0.057,-0.81
-0.056,-0.81
-0.053,-0.81
-0.052,-0.81
-0.05,-0.81
-0.049,-0.81
-0.228,-0.809
-0.226,-0.809
-0.224,-0.809
-0.223,-0.809
-0.222,-0.809
-0.221,-0.809
-0.22,-0.809
-0.219,-0.809
-0.218,-0.809
-0.217,-0.809
-0.216,-0.809
-0.215,-0.809
-0.214,-0.809
-0.213,-0.809
-0.212,-0.809
-0.211,-0.809
-0.21,-0.809
-0.209,-0.809
-0.208,-0.809
-0.207,-0.809
-0.206,-0.809
-0.205,-0.809
-0.204,-0.809
-0.203,-0.809
-0.202,-0.809
-0.201,-0.809
-0.2,-0.809
-0.199,-0.809
-0.198,-0.809
-0.196,-0.809
-0.195,-0.809
-0.194,-0.809
-0.193,-0.809
-0.192,-0.809
-0.191,-0.809
-0.19,-0.809
-0.189,-0.809
-0.188,-0.809
-0.187,-0.809
-0.186,-0.809
-0.185,-0.809
-0.184,-0.809
-0.183,-0.809
-0.182,-0.809
-0.181,-0.809
-0.18,-0.809
-0.179,-0.809
-0.178,-0.809
-0.177,-0.809
-0.176,-0.809
-0.175,-0.809
-0.174,-0.809
-0.173,-0.809
-0.172,-0.809
-0.171,-0.809
-0.17,-0.809
-0.169,-0.809
-0.168,-0.809
-0.167,-0.809
-0.166,-0.809
-0.165,-0.809
-0.164,-0.809
-0.163,-0.809
-0.162,-0.809
-0.161,-0.809
-0.16,-0.809
-0.159,-0.809
-0.158,-0.809
-0.157,-0.809
-0.156,-0.809
-0.155,-0.809
-0.154,-0.809
-0.153,-0.809
-0.152,-0.809
-0.151,-0.809
-0.15,-0.809
-0.149,-0.809
-0.148,-0.809
-0.147,-0.809
-0.146,-0.809
-0.145,-0.809
-0.144,-0.809
-0.143,-0.809
-0.142,-0.809
-0.141,-0.809
-0.14,-0.809
-0.139,-0.809
-0.138,-0.809
-0.137,-0.809
-0.136,-0.809
-0.135,-0.809
-0.134,-0.809
-0.133,-0.809
-0.132,-0.809
-0.131,-0.809
-0.13,-0.809
-0.129,-0.809
-0.128,-0.809
-0.127,-0.809
-0.126,-0.809
-0.125,-0.809
-0.124,-0.809
-0.123,-0.809
-0.122,-0.809
-0.121,-0.809
-0.12,-0.809
-0.119,-0.809
-0.118,-0.809
-0.117,-0.809
-0.116,-0.809
-0.115,-0.809
-0.114,-0.809
-0.113,-0.809
-0.112,-0.809
-0.111,-0.809
-0.11,-0.809
-0.109,-0.809
-0.108,-0.809
-0.107,-0.809
-0.106,-0.809
-0.105,-0.809
-0.104,-0.809
-0.103,-0.809
-0.102,-0.809
-0.101,-0.809
-0.1,-0.809
-0.099,-0.809
-0.098,-0.809
-0.097,-0.809
-0.096,-0.809
-0.095,-0.809
-0.094,-0.809
-0.093,-0.809
-0.092,-0.809
-0.091,-0.809
-0.09,-0.809
-0.089,-0.809
-0.088,-0.809
-0.087,-0.809
-0.086,-0.809
-0.085,-0.809
-0.084,-0.809
-0.083,-0.809
-0.082,-0.809
-0.081,-0.809
-0.08,-0.809
-0.079,-0.809
-0.078,-0.809
-0.077,-0.809
-0.076,-0.809
-0.075,-0.809
-0.074,-0.809
-0.073,-0.809
-0.072,-0.809
-0.071,-0.809
-0.07,-0.809
-0.069,-0.809
-0.068,-0.809
-0.067,-0.809
-0.066,-0.809
-0.065,-0.809
-0.064,-0.809
-0.063,-0.809
-0.062,-0.809
-0.061,-0.809
-0.06,-0.809
-0.059,-0.809
-0.058,-0.809
-0.057,-0.809
-0.056,-0.809
-0.055,-0.809
-0.054,-0.809
-0.053,-0.809
-0.052,-0.809
-0.051,-0.809
-0.05,-0.809
-0.049,-0.809
-0.048,-0.809
-0.047,-0.809
-0.224,-0.808
-0.222,-0.808
-0.221,-0.808
-0.22,-0.808
-0.219,-0.808
-0.218,-0.808
-0.217,-0.808
-0.216,-0.808
-0.215,-0.808
-0.214,-0.808
-0.213,-0.808
-0.212,-0.808
-0.211,-0.808
-0.21,-0.808
-0.209,-0.808
-0.208,-0.808
-0.207,-0.808
-0.206,-0.808
-0.205,-0.808
-0.204,-0.808
-0.203,-0.808
-0.202,-0.808
-0.201,-0.808
-0.2,-0.808
-0.197,-0.808
-0.195,-0.808
-0.194,-0.808
-0.193,-0.808
-0.192,-0.808
-0.191,-0.808
-0.19,-0.808
-0.189,-0.808
-0.188,-0.808
-0.187,-0.808
-0.186,-0.808
-0.185,-0.808
-0.184,-0.808
-0.183,-0.808
-0.182,-0.808
-0.181,-0.808
-0.18,-0.808
-0.179,-0.808
-0.178,-0.808
-0.177,-0.808
-0.176,-0.808
-0.175,-0.808
-0.174,-0.808
-0.173,-0.808
-0.172,-0.808
-0.171,-0.808
-0.17,-0.808
-0.169,-0.808
-0.168,-0.808
-0.167,-0.808
-0.166,-0.808
-0.165,-0.808
-0.164,-0.808
-0.163,-0.808
-0.162,-0.808
-0.161,-0.808
-0.16,-0.808
-0.159,-0.808
-0.158,-0.808
-0.157,-0.808
-0.156,-0.808
-0.155,-0.808
-0.154,-0.808
-0.153,-0.808
-0.152,-0.808
-0.151,-0.808
-0.15,-0.808
-0.149,-0.808
-0.148,-0.808
-0.147,-0.808
-0.146,-0.808
-0.145,-0.808
-0.144,-0.808
-0.143,-0.808
-0.142,-0.808
-0.141,-0.808
-0.14,-0.808
-0.139,-0.808
-0.138,-0.808
-0.137,-0.808
-0.136,-0.808
-0.135,-0.808
-0.134,-0.808
-0.133,-0.808
-0.132,-0.808
-0.131,-0.808
-0.13,-0.808
-0.129,-0.808
-0.128,-0.808
-0.127,-0.808
-0.126,-0.808
-0.125,-0.808
-0.124,-0.808
-0.123,-0.808
-0.122,-0.808
-0.121,-0.808
-0.12,-0.808
-0.119,-0.808
-0.118,-0.808
-0.117,-0.808
-0.116,-0.808
-0.115,-0.808
-0.114,-0.808
-0.113,-0.808
-0.112,-0.808
-0.111,-0.808
-0.11,-0.808
-0.109,-0.808
-0.108,-0.808
-0.107,-0.808
-0.106,-0.808
-0.105,-0.808
-0.104,-0.808
-0.103,-0.808
-0.102,-0.808
-0.101,-0.808
-0.1,-0.808
-0.099,-0.808
-0.098,-0.808
-0.097,-0.808
-0.096,-0.808
-0.095,-0.808
-0.094,-0.808
-0.093,-0.808
-0.092,-0.808
-0.091,-0.808
-0.09,-0.808
-0.089,-0.808
-0.088,-0.808
-0.087,-0.808
-0.086,-0.808
-0.085,-0.808
-0.084,-0.808
-0.083,-0.808
-0.082,-0.808
-0.081,-0.808
-0.08,-0.808
-0.079,-0.808
-0.078,-0.808
-0.077,-0.808
-0.076,-0.808
-0.075,-0.808
-0.074,-0.808
-0.073,-0.808
-0.072,-0.808
-0.071,-0.808
-0.07,-0.808
-0.069,-0.808
-0.068,-0.808
-0.067,-0.808
-0.066,-0.808
-0.065,-0.808
-0.064,-0.808
-0.063,-0.808
-0.062,-0.808
-0.061,-0.808
-0.06,-0.808
-0.059,-0.808
-0.058,-0.808
-0.057,-0.808
-0.056,-0.808
-0.055,-0.808
-0.054,-0.808
-0.053,-0.808
-0.052,-0.808
-0.051,-0.808
-0.05,-0.808
-0.049,-0.808
-0.037,-0.808
-0.024,-0.808
-0.227,-0.807
-0.224,-0.807
-0.221,-0.807
-0.22,-0.807
-0.219,-0.807
-0.218,-0.807
-0.217,-0.807
-0.216,-0.807
-0.215,-0.807
-0.214,-0.807
-0.213,-0.807
-0.212,-0.807
-0.211,-0.807
-0.21,-0.807
-0.209,-0.807
-0.208,-0.807
-0.207,-0.807
-0.206,-0.807
-0.205,-0.807
-0.204,-0.807
-0.203,-0.807
-0.202,-0.807
-0.201,-0.807
-0.2,-0.807
-0.196,-0.807
-0.195,-0.807
-0.194,-0.807
-0.193,-0.807
-0.192,-0.807
-0.191,-0.807
-0.19,-0.807
-0.189,-0.807
-0.188,-0.807
-0.187,-0.807
-0.186,-0.807
-0.185,-0.807
-0.184,-0.807
-0.183,-0.807
-0.182,-0.807
-0.181,-0.807
-0.18,-0.807
-0.179,-0.807
-0.178,-0.807
-0.177,-0.807
-0.176,-0.807
-0.175,-0.807
-0.174,-0.807
-0.173,-0.807
-0.172,-0.807
-0.171,-0.807
-0.17,-0.807
-0.169,-0.807
-0.168,-0.807
-0.167,-0.807
-0.166,-0.807
-0.165,-0.807
-0.164,-0.807
-0.163,-0.807
-0.162,-0.807
-0.161,-0.807
-0.16,-0.807
-0.159,-0.807
-0.158,-0.807
-0.157,-0.807
-0.156,-0.807
-0.155,-0.807
-0.154,-0.807
-0.153,-0.807
-0.152,-0.807
-0.151,-0.807
-0.15,-0.807
-0.149,-0.807
-0.148,-0.807
-0.147,-0.807
-0.146,-0.807
-0.145,-0.807
-0.144,-0.807
-0.143,-0.807
-0.142,-0.807
-0.141,-0.807
-0.14,-0.807
-0.139,-0.807
-0.138,-0.807
-0.137,-0.807
-0.136,-0.807
-0.135,-0.807
-0.134,-0.807
-0.133,-0.807
-0.132,-0.807
-0.131,-0.807
-0.13,-0.807
-0.129,-0.807
-0.128,-0.807
-0.127,-0.807
-0.126,-0.807
-0.125,-0.807
-0.124,-0.807
-0.123,-0.807
-0.122,-0.807
-0.121,-0.807
-0.12,-0.807
-0.119,-0.807
-0.118,-0.807
-0.117,-0.807
-0.116,-0.807
-0.115,-0.807
-0.114,-0.807
-0.113,-0.807
-0.112,-0.807
-0.111,-0.807
-0.11,-0.807
-0.109,-0.807
-0.108,-0.807
-0.107,-0.807
-0.106,-0.807
-0.105,-0.807
-0.104,-0.807
-0.103,-0.807
-0.102,-0.807
-0.101,-0.807
-0.1,-0.807
-0.099,-0.807
-0.098,-0.807
-0.097,-0.807
-0.096,-0.807
-0.095,-0.807
-0.094,-0.807
-0.093,-0.807
-0.092,-0.807
-0.091,-0.807
-0.09,-0.807
-0.089,-0.807
-0.088,-0.807
-0.087,-0.807
-0.086,-0.807
-0.085,-0.807
-0.084,-0.807
-0.083,-0.807
-0.082,-0.807
-0.081,-0.807
-0.08,-0.807
-0.079,-0.807
-0.078,-0.807
-0.077,-0.807
-0.076,-0.807
-0.075,-0.807
-0.074,-0.807
-0.073,-0.807
-0.072,-0.807
-0.071,-0.807
-0.07,-0.807
-0.069,-0.807
-0.068,-0.807
-0.067,-0.807
-0.066,-0.807
-0.065,-0.807
-0.064,-0.807
-0.063,-0.807
-0.062,-0.807
-0.061,-0.807
-0.06,-0.807
-0.059,-0.807
-0.058,-0.807
-0.057,-0.807
-0.056,-0.807
-0.055,-0.807
-0.054,-0.807
-0.053,-0.807
-0.052,-0.807
-0.051,-0.807
-0.05,-0.807
-0.049,-0.807
-0.007,-0.807
-0.006,-0.807
-0.222,-0.806
-0.221,-0.806
-0.22,-0.806
-0.219,-0.806
-0.218,-0.806
-0.217,-0.806
-0.216,-0.806
-0.215,-0.806
-0.214,-0.806
-0.213,-0.806
-0.212,-0.806
-0.211,-0.806
-0.21,-0.806
-0.209,-0.806
-0.208,-0.806
-0.207,-0.806
-0.206,-0.806
-0.205,-0.806
-0.204,-0.806
-0.203,-0.806
-0.202,-0.806
-0.201,-0.806
-0.2,-0.806
-0.197,-0.806
-0.196,-0.806
-0.195,-0.806
-0.194,-0.806
-0.193,-0.806
-0.192,-0.806
-0.191,-0.806
-0.19,-0.806
-0.189,-0.806
-0.188,-0.806
-0.187,-0.806
-0.186,-0.806
-0.185,-0.806
-0.184,-0.806
-0.183,-0.806
-0.182,-0.806
-0.181,-0.806
-0.18,-0.806
-0.179,-0.806
-0.178,-0.806
-0.177,-0.806
-0.176,-0.806
-0.175,-0.806
-0.174,-0.806
-0.173,-0.806
-0.172,-0.806
-0.171,-0.806
-0.17,-0.806
-0.169,-0.806
-0.168,-0.806
-0.167,-0.806
-0.166,-0.806
-0.165,-0.806
-0.164,-0.806
-0.163,-0.806
-0.162,-0.806
-0.161,-0.806
-0.16,-0.806
-0.159,-0.806
-0.158,-0.806
-0.157,-0.806
-0.156,-0.806
-0.155,-0.806
-0.154,-0.806
-0.153,-0.806
-0.152,-0.806
-0.151,-0.806
-0.15,-0.806
-0.149,-0.806
-0.148,-0.806
-0.147,-0.806
-0.146,-0.806
-0.145,-0.806
-0.144,-0.806
-0.143,-0.806
-0.142,-0.806
-0.141,-0.806
-0.14,-0.806
-0.139,-0.806
-0.138,-0.806
-0.137,-0.806
-0.136,-0.806
-0.135,-0.806
-0.134,-0.806
-0.133,-0.806
-0.132,-0.806
-0.131,-0.806
-0.13,-0.806
-0.129,-0.806
-0.128,-0.806
-0.127,-0.806
-0.126,-0.806
-0.125,-0.806
-0.124,-0.806
-0.123,-0.806
-0.122,-0.806
-0.121,-0.806
-0.12,-0.806
-0.119,-0.806
-0.118,-0.806
-0.117,-0.806
-0.116,-0.806
-0.115,-0.806
-0.114,-0.806
-0.113,-0.806
-0.112,-0.806
-0.111,-0.806
-0.11,-0.806
-0.109,-0.806
-0.108,-0.806
-0.107,-0.806
-0.106,-0.806
-0.105,-0.806
-0.104,-0.806
-0.103,-0.806
-0.102,-0.806
-0.101,-0.806
-0.1,-0.806
-0.099,-0.806
-0.098,-0.806
-0.097,-0.806
-0.096,-0.806
-0.095,-0.806
-0.094,-0.806
-0.093,-0.806
-0.092,-0.806
-0.091,-0.806
-0.09,-0.806
-0.089,-0.806
-0.088,-0.806
-0.087,-0.806
-0.086,-0.806
-0.085,-0.806
-0.084,-0.806
-0.083,-0.806
-0.082,-0.806
-0.081,-0.806
-0.08,-0.806
-0.079,-0.806
-0.078,-0.806
-0.077,-0.806
-0.076,-0.806
-0.075,-0.806
-0.074,-0.806
-0.073,-0.806
-0.072,-0.806
-0.071,-0.806
-0.07,-0.806
-0.069,-0.806
-0.068,-0.806
-0.067,-0.806
-0.066,-0.806
-0.065,-0.806
-0.064,-0.806
-0.063,-0.806
-0.062,-0.806
-0.061,-0.806
-0.06,-0.806
-0.059,-0.806
-0.058,-0.806
-0.057,-0.806
-0.056,-0.806
-0.055,-0.806
-0.054,-0.806
-0.053,-0.806
-0.052,-0.806
-0.051,-0.806
-0.05,-0.806
-0.038,-0.806
-0.008,-0.806
-0.007,-0.806
-0.222,-0.805
-0.221,-0.805
-0.22,-0.805
-0.219,-0.805
-0.218,-0.805
-0.217,-0.805
-0.216,-0.805
-0.215,-0.805
-0.214,-0.805
-0.213,-0.805
-0.212,-0.805
-0.211,-0.805
-0.21,-0.805
-0.209,-0.805
-0.208,-0.805
-0.207,-0.805
-0.206,-0.805
-0.205,-0.805
-0.204,-0.805
-0.203,-0.805
-0.202,-0.805
-0.201,-0.805
-0.2,-0.805
-0.197,-0.805
-0.196,-0.805
-0.195,-0.805
-0.194,-0.805
-0.193,-0.805
-0.192,-0.805
-0.191,-0.805
-0.19,-0.805
-0.189,-0.805
-0.188,-0.805
-0.187,-0.805
-0.186,-0.805
-0.185,-0.805
-0.184,-0.805
-0.183,-0.805
-0.182,-0.805
-0.181,-0.805
-0.18,-0.805
-0.179,-0.805
-0.178,-0.805
-0.177,-0.805
-0.176,-0.805
-0.175,-0.805
-0.174,-0.805
-0.173,-0.805
-0.172,-0.805
-0.171,-0.805
-0.17,-0.805
-0.169,-0.805
-0.168,-0.805
-0.167,-0.805
-0.166,-0.805
-0.165,-0.805
-0.164,-0.805
-0.163,-0.805
-0.162,-0.805
-0.161,-0.805
-0.16,-0.805
-0.159,-0.805
-0.158,-0.805
-0.157,-0.805
-0.156,-0.805
-0.155,-0.805
-0.154,-0.805
-0.153,-0.805
-0.152,-0.805
-0.151,-0.805
-0.15,-0.805
-0.149,-0.805
-0.148,-0.805
-0.147,-0.805
-0.146,-0.805
-0.145,-0.805
-0.144,-0.805
-0.143,-0.805
-0.142,-0.805
-0.141,-0.805
-0.14,-0.805
-0.139,-0.805
-0.138,-0.805
-0.137,-0.805
-0.136,-0.805
-0.135,-0.805
-0.134,-0.805
-0.133,-0.805
-0.132,-0.805
-0.131,-0.805
-0.13,-0.805
-0.129,-0.805
-0.128,-0.805
-0.127,-0.805
-0.126,-0.805
-0.125,-0.805
-0.124,-0.805
-0.123,-0.805
-0.122,-0.805
-0.121,-0.805
-0.12,-0.805
-0.119,-0.805
-0.118,-0.805
-0.117,-0.805
-0.116,-0.805
-0.115,-0.805
-0.114,-0.805
-0.113,-0.805
-0.112,-0.805
-0.111,-0.805
-0.11,-0.805
-0.109,-0.805
-0.108,-0.805
-0.107,-0.805
-0.106,-0.805
-0.105,-0.805
-0.104,-0.805
-0.103,-0.805
-0.102,-0.805
-0.101,-0.805
-0.1,-0.805
-0.099,-0.805
-0.098,-0.805
-0.097,-0.805
-0.096,-0.805
-0.095,-0.805
-0.094,-0.805
-0.093,-0.805
-0.092,-0.805
-0.091,-0.805
-0.09,-0.805
-0.089,-0.805
-0.088,-0.805
-0.087,-0.805
-0.086,-0.805
-0.085,-0.805
-0.084,-0.805
-0.083,-0.805
-0.082,-0.805
-0.081,-0.805
-0.08,-0.805
-0.079,-0.805
-0.078,-0.805
-0.077,-0.805
-0.076,-0.805
-0.075,-0.805
-0.074,-0.805
-0.073,-0.805
-0.072,-0.805
-0.071,-0.805
-0.07,-0.805
-0.069,-0.805
-0.068,-0.805
-0.067,-0.805
-0.066,-0.805
-0.065,-0.805
-0.064,-0.805
-0.063,-0.805
-0.062,-0.805
-0.061,-0.805
-0.06,-0.805
-0.059,-0.805
-0.058,-0.805
-0.057,-0.805
-0.056,-0.805
-0.055,-0.805
-0.054,-0.805
-0.053,-0.805
-0.052,-0.805
-0.045,-0.805
-0.029,-0.805
-0.026,-0.805
-0.223,-0.804
-0.222,-0.804
-0.221,-0.804
-0.22,-0.804
-0.219,-0.804
-0.218,-0.804
-0.217,-0.804
-0.216,-0.804
-0.215,-0.804
-0.214,-0.804
-0.213,-0.804
-0.212,-0.804
-0.211,-0.804
-0.21,-0.804
-0.209,-0.804
-0.208,-0.804
-0.207,-0.804
-0.206,-0.804
-0.205,-0.804
-0.204,-0.804
-0.203,-0.804
-0.202,-0.804
-0.201,-0.804
-0.2,-0.804
-0.199,-0.804
-0.198,-0.804
-0.197,-0.804
-0.196,-0.804
-0.195,-0.804
-0.194,-0.804
-0.193,-0.804
-0.192,-0.804
-0.191,-0.804
-0.19,-0.804
-0.189,-0.804
-0.188,-0.804
-0.187,-0.804
-0.186,-0.804
-0.185,-0.804
-0.184,-0.804
-0.183,-0.804
-0.182,-0.804
-0.181,-0.804
-0.18,-0.804
-0.179,-0.804
-0.178,-0.804
-0.177,-0.804
-0.176,-0.804
-0.175,-0.804
-0.174,-0.804
-0.173,-0.804
-0.172,-0.804
-0.171,-0.804
-0.17,-0.804
-0.169,-0.804
-0.168,-0.804
-0.167,-0.804
-0.166,-0.804
-0.165,-0.804
-0.164,-0.804
-0.163,-0.804
-0.162,-0.804
-0.161,-0.804
-0.16,-0.804
-0.159,-0.804
-0.158,-0.804
-0.157,-0.804
-0.156,-0.804
-0.155,-0.804
-0.154,-0.804
-0.153,-0.804
-0.152,-0.804
-0.151,-0.804
-0.15,-0.804
-0.149,-0.804
-0.148,-0.804
-0.147,-0.804
-0.146,-0.804
-0.145,-0.804
-0.144,-0.804
-0.143,-0.804
-0.142,-0.804
-0.141,-0.804
-0.14,-0.804
-0.139,-0.804
-0.138,-0.804
-0.137,-0.804
-0.136,-0.804
-0.135,-0.804
-0.134,-0.804
-0.133,-0.804
-0.132,-0.804
-0.131,-0.804
-0.13,-0.804
-0.129,-0.804
-0.128,-0.804
-0.127,-0.804
-0.126,-0.804
-0.125,-0.804
-0.124,-0.804
-0.123,-0.804
-0.122,-0.804
-0.121,-0.804
-0.12,-0.804
-0.119,-0.804
-0.118,-0.804
-0.117,-0.804
-0.116,-0.804
-0.115,-0.804
-0.114,-0.804
-0.113,-0.804
-0.112,-0.804
-0.111,-0.804
-0.11,-0.804
-0.109,-0.804
-0.108,-0.804
-0.107,-0.804
-0.106,-0.804
-0.105,-0.804
-0.104,-0.804
-0.103,-0.804
-0.102,-0.804
-0.101,-0.804
-0.1,-0.804
-0.099,-0.804
-0.098,-0.804
-0.097,-0.804
-0.096,-0.804
-0.095,-0.804
-0.094,-0.804
-0.093,-0.804
-0.092,-0.804
-0.091,-0.804
-0.09,-0.804
-0.089,-0.804
-0.088,-0.804
-0.087,-0.804
-0.086,-0.804
-0.085,-0.804
-0.084,-0.804
-0.083,-0.804
-0.082,-0.804
-0.081,-0.804
-0.08,-0.804
-0.079,-0.804
-0.078,-0.804
-0.077,-0.804
-0.076,-0.804
-0.075,-0.804
-0.074,-0.804
-0.073,-0.804
-0.072,-0.804
-0.071,-0.804
-0.07,-0.804
-0.069,-0.804
-0.068,-0.804
-0.067,-0.804
-0.066,-0.804
-0.065,-0.804
-0.064,-0.804
-0.063,-0.804
-0.062,-0.804
-0.061,-0.804
-0.06,-0.804
-0.059,-0.804
-0.058,-0.804
-0.057,-0.804
-0.056,-0.804
-0.055,-0.804
-0.054,-0.804
-0.053,-0.804
-0.052,-0.804
-0.051,-0.804
-0.05,-0.804
-0.048,-0.804
-0.047,-0.804
-0.046,-0.804
-0.035,-0.804
-0.034,-0.804
-0.03,-0.804
-0.029,-0.804
-0.229,-0.803
-0.222,-0.803
-0.221,-0.803
-0.22,-0.803
-0.219,-0.803
-0.218,-0.803
-0.217,-0.803
-0.216,-0.803
-0.215,-0.803
-0.214,-0.803
-0.213,-0.803
-0.212,-0.803
-0.211,-0.803
-0.21,-0.803
-0.209,-0.803
-0.208,-0.803
-0.207,-0.803
-0.206,-0.803
-0.205,-0.803
-0.204,-0.803
-0.203,-0.803
-0.202,-0.803
-0.201,-0.803
-0.2,-0.803
-0.199,-0.803
-0.198,-0.803
-0.197,-0.803
-0.196,-0.803
-0.195,-0.803
-0.194,-0.803
-0.193,-0.803
-0.192,-0.803
-0.191,-0.803
-0.19,-0.803
-0.189,-0.803
-0.188,-0.803
-0.187,-0.803
-0.186,-0.803
-0.185,-0.803
-0.184,-0.803
-0.183,-0.803
-0.182,-0.803
-0.181,-0.803
-0.18,-0.803
-0.179,-0.803
-0.178,-0.803
-0.177,-0.803
-0.176,-0.803
-0.175,-0.803
-0.174,-0.803
-0.173,-0.803
-0.172,-0.803
-0.171,-0.803
-0.17,-0.803
-0.169,-0.803
-0.168,-0.803
-0.167,-0.803
-0.166,-0.803
-0.165,-0.803
-0.164,-0.803
-0.163,-0.803
-0.162,-0.803
-0.161,-0.803
-0.16,-0.803
-0.159,-0.803
-0.158,-0.803
-0.157,-0.803
-0.156,-0.803
-0.155,-0.803
-0.154,-0.803
-0.153,-0.803
-0.152,-0.803
-0.151,-0.803
-0.15,-0.803
-0.149,-0.803
-0.148,-0.803
-0.147,-0.803
-0.146,-0.803
-0.145,-0.803
-0.144,-0.803
-0.143,-0.803
-0.142,-0.803
-0.141,-0.803
-0.14,-0.803
-0.139,-0.803
-0.138,-0.803
-0.137,-0.803
-0.136,-0.803
-0.135,-0.803
-0.134,-0.803
-0.133,-0.803
-0.132,-0.803
-0.131,-0.803
-0.13,-0.803
-0.129,-0.803
-0.128,-0.803
-0.127,-0.803
-0.126,-0.803
-0.125,-0.803
-0.124,-0.803
-0.123,-0.803
-0.122,-0.803
-0.121,-0.803
-0.12,-0.803
-0.119,-0.803
-0.118,-0.803
-0.117,-0.803
-0.116,-0.803
-0.115,-0.803
-0.114,-0.803
-0.113,-0.803
-0.112,-0.803
-0.111,-0.803
-0.11,-0.803
-0.109,-0.803
-0.108,-0.803
-0.107,-0.803
-0.106,-0.803
-0.105,-0.803
-0.104,-0.803
-0.103,-0.803
-0.102,-0.803
-0.101,-0.803
-0.1,-0.803
-0.099,-0.803
-0.098,-0.803
-0.097,-0.803
-0.096,-0.803
-0.095,-0.803
-0.094,-0.803
-0.093,-0.803
-0.092,-0.803
-0.091,-0.803
-0.09,-0.803
-0.089,-0.803
-0.088,-0.803
-0.087,-0.803
-0.086,-0.803
-0.085,-0.803
-0.084,-0.803
-0.083,-0.803
-0.082,-0.803
-0.081,-0.803
-0.08,-0.803
-0.079,-0.803
-0.078,-0.803
-0.077,-0.803
-0.076,-0.803
-0.075,-0.803
-0.074,-0.803
-0.073,-0.803
-0.072,-0.803
-0.071,-0.803
-0.07,-0.803
-0.069,-0.803
-0.068,-0.803
-0.067,-0.803
-0.066,-0.803
-0.065,-0.803
-0.064,-0.803
-0.063,-0.803
-0.062,-0.803
-0.061,-0.803
-0.06,-0.803
-0.059,-0.803
-0.058,-0.803
-0.057,-0.803
-0.056,-0.803
-0.055,-0.803
-0.054,-0.803
-0.053,-0.803
-0.052,-0.803
-0.051,-0.803
-0.05,-0.803
-0.049,-0.803
-0.048,-0.803
-0.047,-0.803
-0.046,-0.803
-0.036,-0.803
-0.031,-0.803
-0.03,-0.803
-0.029,-0.803
-0.026,-0.803
-0.221,-0.802
-0.22,-0.802
-0.219,-0.802
-0.218,-0.802
-0.217,-0.802
-0.216,-0.802
-0.215,-0.802
-0.214,-0.802
-0.213,-0.802
-0.212,-0.802
-0.211,-0.802
-0.21,-0.802
-0.209,-0.802
-0.208,-0.802
-0.207,-0.802
-0.206,-0.802
-0.205,-0.802
-0.204,-0.802
-0.203,-0.802
-0.202,-0.802
-0.201,-0.802
-0.2,-0.802
-0.199,-0.802
-0.198,-0.802
-0.197,-0.802
-0.196,-0.802
-0.195,-0.802
-0.194,-0.802
-0.193,-0.802
-0.192,-0.802
-0.191,-0.802
-0.19,-0.802
-0.189,-0.802
-0.188,-0.802
-0.187,-0.802
-0.186,-0.802
-0.185,-0.802
-0.184,-0.802
-0.183,-0.802
-0.182,-0.802
-0.181,-0.802
-0.18,-0.802
-0.179,-0.802
-0.178,-0.802
-0.177,-0.802
-0.176,-0.802
-0.175,-0.802
-0.174,-0.802
-0.173,-0.802
-0.172,-0.802
-0.171,-0.802
-0.17,-0.802
-0.169,-0.802
-0.168,-0.802
-0.167,-0.802
-0.166,-0.802
-0.165,-0.802
-0.164,-0.802
-0.163,-0.802
-0.162,-0.802
-0.161,-0.802
-0.16,-0.802
-0.159,-0.802
-0.158,-0.802
-0.157,-0.802
-0.156,-0.802
-0.155,-0.802
-0.154,-0.802
-0.153,-0.802
-0.152,-0.802
-0.151,-0.802
-0.15,-0.802
-0.149,-0.802
-0.148,-0.802
-0.147,-0.802
-0.146,-0.802
-0.145,-0.802
-0.144,-0.802
-0.143,-0.802
-0.142,-0.802
-0.141,-0.802
-0.14,-0.802
-0.139,-0.802
-0.138,-0.802
-0.137,-0.802
-0.136,-0.802
-0.135,-0.802
-0.134,-0.802
-0.133,-0.802
-0.132,-0.802
-0.131,-0.802
-0.13,-0.802
-0.129,-0.802
-0.128,-0.802
-0.127,-0.802
-0.126,-0.802
-0.125,-0.802
-0.124,-0.802
-0.123,-0.802
-0.122,-0.802
-0.121,-0.802
-0.12,-0.802
-0.119,-0.802
-0.118,-0.802
-0.117,-0.802
-0.116,-0.802
-0.115,-0.802
-0.114,-0.802
-0.113,-0.802
-0.112,-0.802
-0.111,-0.802
-0.11,-0.802
-0.109,-0.802
-0.108,-0.802
-0.107,-0.802
-0.106,-0.802
-0.105,-0.802
-0.104,-0.802
-0.103,-0.802
-0.102,-0.802
-0.101,-0.802
-0.1,-0.802
-0.099,-0.802
-0.098,-0.802
-0.097,-0.802
-0.096,-0.802
-0.095,-0.802
-0.094,-0.802
-0.093,-0.802
-0.092,-0.802
-0.091,-0.802
-0.09,-0.802
-0.089,-0.802
-0.088,-0.802
-0.087,-0.802
-0.086,-0.802
-0.085,-0.802
-0.084,-0.802
-0.083,-0.802
-0.082,-0.802
-0.081,-0.802
-0.08,-0.802
-0.079,-0.802
-0.078,-0.802
-0.077,-0.802
-0.076,-0.802
-0.075,-0.802
-0.074,-0.802
-0.073,-0.802
-0.072,-0.802
-0.071,-0.802
-0.07,-0.802
-0.069,-0.802
-0.068,-0.802
-0.067,-0.802
-0.066,-0.802
-0.065,-0.802
-0.064,-0.802
-0.063,-0.802
-0.062,-0.802
-0.061,-0.802
-0.06,-0.802
-0.059,-0.802
-0.058,-0.802
-0.057,-0.802
-0.056,-0.802
-0.055,-0.802
-0.054,-0.802
-0.053,-0.802
-0.052,-0.802
-0.051,-0.802
-0.05,-0.802
-0.049,-0.802
-0.048,-0.802
-0.047,-0.802
-0.036,-0.802
-0.032,-0.802
-0.031,-0.802
-0.03,-0.802
-0.029,-0.802
-0.028,-0.802
-0.027,-0.802
-0.221,-0.801
-0.22,-0.801
-0.219,-0.801
-0.218,-0.801
-0.217,-0.801
-0.216,-0.801
-0.215,-0.801
-0.214,-0.801
-0.213,-0.801
-0.212,-0.801
-0.211,-0.801
-0.21,-0.801
-0.209,-0.801
-0.208,-0.801
-0.207,-0.801
-0.206,-0.801
-0.205,-0.801
-0.204,-0.801
-0.203,-0.801
-0.202,-0.801
-0.201,-0.801
-0.2,-0.801
-0.199,-0.801
-0.198,-0.801
-0.197,-0.801
-0.196,-0.801
-0.195,-0.801
-0.194,-0.801
-0.193,-0.801
-0.192,-0.801
-0.191,-0.801
-0.19,-0.801
-0.189,-0.801
-0.188,-0.801
-0.187,-0.801
-0.186,-0.801
-0.185,-0.801
-0.184,-0.801
-0.183,-0.801
-0.182,-0.801
-0.181,-0.801
-0.18,-0.801
-0.179,-0.801
-0.178,-0.801
-0.177,-0.801
-0.176,-0.801
-0.175,-0.801
-0.174,-0.801
-0.173,-0.801
-0.172,-0.801
-0.171,-0.801
-0.17,-0.801
-0.169,-0.801
-0.168,-0.801
-0.167,-0.801
-0.166,-0.801
-0.165,-0.801
-0.164,-0.801
-0.163,-0.801
-0.162,-0.801
-0.161,-0.801
-0.16,-0.801
-0.159,-0.801
-0.158,-0.801
-0.157,-0.801
-0.156,-0.801
-0.155,-0.801
-0.154,-0.801
-0.153,-0.801
-0.152,-0.801
-0.151,-0.801
-0.15,-0.801
-0.149,-0.801
-0.148,-0.801
-0.147,-0.801
-0.146,-0.801
-0.145,-0.801
-0.144,-0.801
-0.143,-0.801
-0.142,-0.801
-0.141,-0.801
-0.14,-0.801
-0.139,-0.801
-0.138,-0.801
-0.137,-0.801
-0.136,-0.801
-0.135,-0.801
-0.134,-0.801
-0.133,-0.801
-0.132,-0.801
-0.131,-0.801
-0.13,-0.801
-0.129,-0.801
-0.128,-0.801
-0.127,-0.801
-0.126,-0.801
-0.125,-0.801
-0.124,-0.801
-0.123,-0.801
-0.122,-0.801
-0.121,-0.801
-0.12,-0.801
-0.119,-0.801
-0.118,-0.801
-0.117,-0.801
-0.116,-0.801
-0.115,-0.801
-0.114,-0.801
-0.113,-0.801
-0.112,-0.801
-0.111,-0.801
-0.11,-0.801
-0.109,-0.801
-0.108,-0.801
-0.107,-0.801
-0.106,-0.801
-0.105,-0.801
-0.104,-0.801
-0.103,-0.801
-0.102,-0.801
-0.101,-0.801
-0.1,-0.801
-0.099,-0.801
-0.098,-0.801
-0.097,-0.801
-0.096,-0.801
-0.095,-0.801
-0.094,-0.801
-0.093,-0.801
-0.092,-0.801
-0.091,-0.801
-0.09,-0.801
-0.089,-0.801
-0.088,-0.801
-0.087,-0.801
-0.086,-0.801
-0.085,-0.801
-0.084,-0.801
-0.083,-0.801
-0.082,-0.801
-0.081,-0.801
-0.08,-0.801
-0.079,-0.801
-0.078,-0.801
-0.077,-0.801
-0.076,-0.801
-0.075,-0.801
-0.074,-0.801
-0.073,-0.801
-0.072,-0.801
-0.071,-0.801
-0.07,-0.801
-0.069,-0.801
-0.068,-0.801
-0.067,-0.801
-0.066,-0.801
-0.065,-0.801
-0.064,-0.801
-0.063,-0.801
-0.062,-0.801
-0.061,-0.801
-0.06,-0.801
-0.059,-0.801
-0.058,-0.801
-0.057,-0.801
-0.056,-0.801
-0.055,-0.801
-0.054,-0.801
-0.053,-0.801
-0.052,-0.801
-0.051,-0.801
-0.05,-0.801
-0.049,-0.801
-0.048,-0.801
-0.038,-0.801
-0.037,-0.801
-0.036,-0.801
-0.035,-0.801
-0.034,-0.801
-0.033,-0.801
-0.032,-0.801
-0.031,-0.801
-0.03,-0.801
-0.029,-0.801
-0.028,-0.801
-0.027,-0.801
-0.026,-0.801
-0.222,-0.8
-0.221,-0.8
-0.22,-0.8
-0.219,-0.8
-0.218,-0.8
-0.217,-0.8
-0.216,-0.8
-0.215,-0.8
-0.214,-0.8
-0.213,-0.8
-0.212,-0.8
-0.211,-0.8
-0.21,-0.8
-0.209,-0.8
-0.208,-0.8
-0.207,-0.8
-0.206,-0.8
-0.205,-0.8
-0.204,-0.8
-0.203,-0.8
-0.202,-0.8
-0.201,-0.8
-0.2,-0.8
-0.199,-0.8
-0.198,-0.8
-0.197,-0.8
-0.196,-0.8
-0.195,-0.8
-0.194,-0.8
-0.193,-0.8
-0.192,-0.8
-0.191,-0.8
-0.19,-0.8
-0.189,-0.8
-0.188,-0.8
-0.187,-0.8
-0.186,-0.8
-0.185,-0.8
-0.184,-0.8
-0.183,-0.8
-0.182,-0.8
-0.181,-0.8
-0.18,-0.8
-0.179,-0.8
-0.178,-0.8
-0.177,-0.8
-0.176,-0.8
-0.175,-0.8
-0.174,-0.8
-0.173,-0.8
-0.172,-0.8
-0.171,-0.8
-0.17,-0.8
-0.169,-0.8
-0.168,-0.8
-0.167,-0.8
-0.166,-0.8
-0.165,-0.8
-0.164,-0.8
-0.163,-0.8
-0.162,-0.8
-0.161,-0.8
-0.16,-0.8
-0.159,-0.8
-0.158,-0.8
-0.157,-0.8
-0.156,-0.8
-0.155,-0.8
-0.154,-0.8
-0.153,-0.8
-0.152,-0.8
-0.151,-0.8
-0.15,-0.8
-0.149,-0.8
-0.148,-0.8
-0.147,-0.8
-0.146,-0.8
-0.145,-0.8
-0.144,-0.8
-0.143,-0.8
-0.142,-0.8
-0.141,-0.8
-0.14,-0.8
-0.139,-0.8
-0.138,-0.8
-0.137,-0.8
-0.136,-0.8
-0.135,-0.8
-0.134,-0.8
-0.133,-0.8
-0.132,-0.8
-0.131,-0.8
-0.13,-0.8
-0.129,-0.8
-0.128,-0.8
-0.127,-0.8
-0.126,-0.8
-0.125,-0.8
-0.124,-0.8
-0.123,-0.8
-0.122,-0.8
-0.121,-0.8
-0.12,-0.8
-0.119,-0.8
-0.118,-0.8
-0.117,-0.8
-0.116,-0.8
-0.115,-0.8
-0.114,-0.8
-0.113,-0.8
-0.112,-0.8
-0.111,-0.8
-0.11,-0.8
-0.109,-0.8
-0.108,-0.8
-0.107,-0.8
-0.106,-0.8
-0.105,-0.8
-0.104,-0.8
-0.103,-0.8
-0.102,-0.8
-0.101,-0.8
-0.1,-0.8
-0.099,-0.8
-0.098,-0.8
-0.097,-0.8
-0.096,-0.8
-0.095,-0.8
-0.094,-0.8
-0.093,-0.8
-0.092,-0.8
-0.091,-0.8
-0.09,-0.8
-0.089,-0.8
-0.088,-0.8
-0.087,-0.8
-0.086,-0.8
-0.085,-0.8
-0.084,-0.8
-0.083,-0.8
-0.082,-0.8
-0.081,-0.8
-0.08,-0.8
-0.079,-0.8
-0.078,-0.8
-0.077,-0.8
-0.076,-0.8
-0.075,-0.8
-0.074,-0.8
-0.073,-0.8
-0.072,-0.8
-0.071,-0.8
-0.07,-0.8
-0.069,-0.8
-0.068,-0.8
-0.067,-0.8
-0.066,-0.8
-0.065,-0.8
-0.064,-0.8
-0.063,-0.8
-0.062,-0.8
-0.061,-0.8
-0.06,-0.8
-0.059,-0.8
-0.058,-0.8
-0.057,-0.8
-0.056,-0.8
-0.055,-0.8
-0.054,-0.8
-0.053,-0.8
-0.052,-0.8
-0.051,-0.8
-0.05,-0.8
-0.049,-0.8
-0.048,-0.8
-0.046,-0.8
-0.045,-0.8
-0.039,-0.8
-0.037,-0.8
-0.036,-0.8
-0.035,-0.8
-0.034,-0.8
-0.033,-0.8
-0.032,-0.8
-0.031,-0.8
-0.03,-0.8
-0.029,-0.8
-0.028,-0.8
-0.027,-0.8
-0.026,-0.8
-0.025,-0.8
-0.018,-0.8
-0.229,-0.799
-0.222,-0.799
-0.221,-0.799
-0.22,-0.799
-0.219,-0.799
-0.218,-0.799
-0.217,-0.799
-0.216,-0.799
-0.215,-0.799
-0.214,-0.799
-0.213,-0.799
-0.212,-0.799
-0.211,-0.799
-0.21,-0.799
-0.209,-0.799
-0.208,-0.799
-0.207,-0.799
-0.206,-0.799
-0.205,-0.799
-0.204,-0.799
-0.203,-0.799
-0.202,-0.799
-0.201,-0.799
-0.2,-0.799
-0.199,-0.799
-0.198,-0.799
-0.197,-0.799
-0.196,-0.799
-0.195,-0.799
-0.194,-0.799
-0.193,-0.799
-0.192,-0.799
-0.191,-0.799
-0.19,-0.799
-0.189,-0.799
-0.188,-0.799
-0.187,-0.799
-0.186,-0.799
-0.185,-0.799
-0.184,-0.799
-0.183,-0.799
-0.182,-0.799
-0.181,-0.799
-0.18,-0.799
-0.179,-0.799
-0.178,-0.799
-0.177,-0.799
-0.176,-0.799
-0.175,-0.799
-0.174,-0.799
-0.173,-0.799
-0.172,-0.799
-0.171,-0.799
-0.17,-0.799
-0.169,-0.799
-0.168,-0.799
-0.167,-0.799
-0.166,-0.799
-0.165,-0.799
-0.164,-0.799
-0.163,-0.799
-0.162,-0.799
-0.161,-0.799
-0.16,-0.799
-0.159,-0.799
-0.158,-0.799
-0.157,-0.799
-0.156,-0.799
-0.155,-0.799
-0.154,-0.799
-0.153,-0.799
-0.152,-0.799
-0.151,-0.799
-0.15,-0.799
-0.149,-0.799
-0.148,-0.799
-0.147,-0.799
-0.146,-0.799
-0.145,-0.799
-0.144,-0.799
-0.143,-0.799
-0.142,-0.799
-0.141,-0.799
-0.14,-0.799
-0.139,-0.799
-0.138,-0.799
-0.137,-0.799
-0.136,-0.799
-0.135,-0.799
-0.134,-0.799
-0.133,-0.799
-0.132,-0.799
-0.131,-0.799
-0.13,-0.799
-0.129,-0.799
-0.128,-0.799
-0.127,-0.799
-0.126,-0.799
-0.125,-0.799
-0.124,-0.799
-0.123,-0.799
-0.122,-0.799
-0.121,-0.799
-0.12,-0.799
-0.119,-0.799
-0.118,-0.799
-0.117,-0.799
-0.116,-0.799
-0.115,-0.799
-0.114,-0.799
-0.113,-0.799
-0.112,-0.799
-0.111,-0.799
-0.11,-0.799
-0.109,-0.799
-0.108,-0.799
-0.107,-0.799
-0.106,-0.799
-0.105,-0.799
-0.104,-0.799
-0.103,-0.799
-0.102,-0.799
-0.101,-0.799
-0.1,-0.799
-0.099,-0.799
-0.098,-0.799
-0.097,-0.799
-0.096,-0.799
-0.095,-0.799
-0.094,-0.799
-0.093,-0.799
-0.092,-0.799
-0.091,-0.799
-0.09,-0.799
-0.089,-0.799
-0.088,-0.799
-0.087,-0.799
-0.086,-0.799
-0.085,-0.799
-0.084,-0.799
-0.083,-0.799
-0.082,-0.799
-0.081,-0.799
-0.08,-0.799
-0.079,-0.799
-0.078,-0.799
-0.077,-0.799
-0.076,-0.799
-0.075,-0.799
-0.074,-0.799
-0.073,-0.799
-0.072,-0.799
-0.071,-0.799
-0.07,-0.799
-0.069,-0.799
-0.068,-0.799
-0.067,-0.799
-0.066,-0.799
-0.065,-0.799
-0.064,-0.799
-0.063,-0.799
-0.062,-0.799
-0.061,-0.799
-0.06,-0.799
-0.059,-0.799
-0.058,-0.799
-0.057,-0.799
-0.056,-0.799
-0.055,-0.799
-0.054,-0.799
-0.053,-0.799
-0.052,-0.799
-0.051,-0.799
-0.05,-0.799
-0.049,-0.799
-0.048,-0.799
-0.047,-0.799
-0.046,-0.799
-0.045,-0.799
-0.04,-0.799
-0.039,-0.799
-0.038,-0.799
-0.037,-0.799
-0.036,-0.799
-0.035,-0.799
-0.034,-0.799
-0.033,-0.799
-0.032,-0.799
-0.031,-0.799
-0.03,-0.799
-0.029,-0.799
-0.028,-0.799
-0.027,-0.799
-0.026,-0.799
-0.024,-0.799
-0.022,-0.799
-0.225,-0.798
-0.223,-0.798
-0.222,-0.798
-0.221,-0.798
-0.22,-0.798
-0.219,-0.798
-0.218,-0.798
-0.217,-0.798
-0.216,-0.798
-0.215,-0.798
-0.214,-0.798
-0.213,-0.798
-0.212,-0.798
-0.211,-0.798
-0.21,-0.798
-0.209,-0.798
-0.208,-0.798
-0.207,-0.798
-0.206,-0.798
-0.205,-0.798
-0.204,-0.798
-0.203,-0.798
-0.202,-0.798
-0.201,-0.798
-0.2,-0.798
-0.199,-0.798
-0.198,-0.798
-0.197,-0.798
-0.196,-0.798
-0.195,-0.798
-0.194,-0.798
-0.193,-0.798
-0.192,-0.798
-0.191,-0.798
-0.19,-0.798
-0.189,-0.798
-0.188,-0.798
-0.187,-0.798
-0.186,-0.798
-0.185,-0.798
-0.184,-0.798
-0.183,-0.798
-0.182,-0.798
-0.181,-0.798
-0.18,-0.798
-0.179,-0.798
-0.178,-0.798
-0.177,-0.798
-0.176,-0.798
-0.175,-0.798
-0.174,-0.798
-0.173,-0.798
-0.172,-0.798
-0.171,-0.798
-0.17,-0.798
-0.169,-0.798
-0.168,-0.798
-0.167,-0.798
-0.166,-0.798
-0.165,-0.798
-0.164,-0.798
-0.163,-0.798
-0.162,-0.798
-0.161,-0.798
-0.16,-0.798
-0.159,-0.798
-0.158,-0.798
-0.157,-0.798
-0.156,-0.798
-0.155,-0.798
-0.154,-0.798
-0.153,-0.798
-0.152,-0.798
-0.151,-0.798
-0.15,-0.798
-0.149,-0.798
-0.148,-0.798
-0.147,-0.798
-0.146,-0.798
-0.145,-0.798
-0.144,-0.798
-0.143,-0.798
-0.142,-0.798
-0.141,-0.798
-0.14,-0.798
-0.139,-0.798
-0.138,-0.798
-0.137,-0.798
-0.136,-0.798
-0.135,-0.798
-0.134,-0.798
-0.133,-0.798
-0.132,-0.798
-0.131,-0.798
-0.13,-0.798
-0.129,-0.798
-0.128,-0.798
-0.127,-0.798
-0.126,-0.798
-0.125,-0.798
-0.124,-0.798
-0.123,-0.798
-0.122,-0.798
-0.121,-0.798
-0.12,-0.798
-0.119,-0.798
-0.118,-0.798
-0.117,-0.798
-0.116,-0.798
-0.115,-0.798
-0.114,-0.798
-0.113,-0.798
-0.112,-0.798
-0.111,-0.798
-0.11,-0.798
-0.109,-0.798
-0.108,-0.798
-0.107,-0.798
-0.106,-0.798
-0.105,-0.798
-0.104,-0.798
-0.103,-0.798
-0.102,-0.798
-0.101,-0.798
-0.1,-0.798
-0.099,-0.798
-0.098,-0.798
-0.097,-0.798
-0.096,-0.798
-0.095,-0.798
-0.094,-0.798
-0.093,-0.798
-0.092,-0.798
-0.091,-0.798
-0.09,-0.798
-0.089,-0.798
-0.088,-0.798
-0.087,-0.798
-0.086,-0.798
-0.085,-0.798
-0.084,-0.798
-0.083,-0.798
-0.082,-0.798
-0.081,-0.798
-0.08,-0.798
-0.079,-0.798
-0.078,-0.798
-0.077,-0.798
-0.076,-0.798
-0.075,-0.798
-0.074,-0.798
-0.073,-0.798
-0.072,-0.798
-0.071,-0.798
-0.07,-0.798
-0.069,-0.798
-0.068,-0.798
-0.067,-0.798
-0.066,-0.798
-0.065,-0.798
-0.064,-0.798
-0.063,-0.798
-0.062,-0.798
-0.061,-0.798
-0.06,-0.798
-0.059,-0.798
-0.058,-0.798
-0.057,-0.798
-0.056,-0.798
-0.055,-0.798
-0.054,-0.798
-0.053,-0.798
-0.052,-0.798
-0.051,-0.798
-0.05,-0.798
-0.049,-0.798
-0.048,-0.798
-0.047,-0.798
-0.046,-0.798
-0.04,-0.798
-0.039,-0.798
-0.038,-0.798
-0.037,-0.798
-0.036,-0.798
-0.035,-0.798
-0.034,-0.798
-0.033,-0.798
-0.032,-0.798
-0.031,-0.798
-0.03,-0.798
-0.029,-0.798
-0.028,-0.798
-0.027,-0.798
-0.026,-0.798
-0.025,-0.798
-0.02,-0.798
-0.013,-0.798
-0.219,-0.797
-0.218,-0.797
-0.217,-0.797
-0.216,-0.797
-0.215,-0.797
-0.214,-0.797
-0.213,-0.797
-0.212,-0.797
-0.211,-0.797
-0.21,-0.797
-0.209,-0.797
-0.208,-0.797
-0.207,-0.797
-0.206,-0.797
-0.205,-0.797
-0.204,-0.797
-0.203,-0.797
-0.202,-0.797
-0.201,-0.797
-0.2,-0.797
-0.199,-0.797
-0.198,-0.797
-0.197,-0.797
-0.196,-0.797
-0.195,-0.797
-0.194,-0.797
-0.193,-0.797
-0.192,-0.797
-0.191,-0.797
-0.19,-0.797
-0.189,-0.797
-0.188,-0.797
-0.187,-0.797
-0.186,-0.797
-0.185,-0.797
-0.184,-0.797
-0.183,-0.797
-0.182,-0.797
-0.181,-0.797
-0.18,-0.797
-0.179,-0.797
-0.178,-0.797
-0.177,-0.797
-0.176,-0.797
-0.175,-0.797
-0.174,-0.797
-0.173,-0.797
-0.172,-0.797
-0.171,-0.797
-0.17,-0.797
-0.169,-0.797
-0.168,-0.797
-0.167,-0.797
-0.166,-0.797
-0.165,-0.797
-0.164,-0.797
-0.163,-0.797
-0.162,-0.797
-0.161,-0.797
-0.16,-0.797
-0.159,-0.797
-0.158,-0.797
-0.157,-0.797
-0.156,-0.797
-0.155,-0.797
-0.154,-0.797
-0.153,-0.797
-0.152,-0.797
-0.151,-0.797
-0.15,-0.797
-0.149,-0.797
-0.148,-0.797
-0.147,-0.797
-0.146,-0.797
-0.145,-0.797
-0.144,-0.797
-0.143,-0.797
-0.142,-0.797
-0.141,-0.797
-0.14,-0.797
-0.139,-0.797
-0.138,-0.797
-0.137,-0.797
-0.136,-0.797
-0.135,-0.797
-0.134,-0.797
-0.133,-0.797
-0.132,-0.797
-0.131,-0.797
-0.13,-0.797
-0.129,-0.797
-0.128,-0.797
-0.127,-0.797
-0.126,-0.797
-0.125,-0.797
-0.124,-0.797
-0.123,-0.797
-0.122,-0.797
-0.121,-0.797
-0.12,-0.797
-0.119,-0.797
-0.118,-0.797
-0.117,-0.797
-0.116,-0.797
-0.115,-0.797
-0.114,-0.797
-0.113,-0.797
-0.112,-0.797
-0.111,-0.797
-0.11,-0.797
-0.109,-0.797
-0.108,-0.797
-0.107,-0.797
-0.106,-0.797
-0.105,-0.797
-0.104,-0.797
-0.103,-0.797
-0.102,-0.797
-0.101,-0.797
-0.1,-0.797
-0.099,-0.797
-0.098,-0.797
-0.097,-0.797
-0.096,-0.797
-0.095,-0.797
-0.094,-0.797
-0.093,-0.797
-0.092,-0.797
-0.091,-0.797
-0.09,-0.797
-0.089,-0.797
-0.088,-0.797
-0.087,-0.797
-0.086,-0.797
-0.085,-0.797
-0.084,-0.797
-0.083,-0.797
-0.082,-0.797
-0.081,-0.797
-0.08,-0.797
-0.079,-0.797
-0.078,-0.797
-0.077,-0.797
-0.076,-0.797
-0.075,-0.797
-0.074,-0.797
-0.073,-0.797
-0.072,-0.797
-0.071,-0.797
-0.07,-0.797
-0.069,-0.797
-0.068,-0.797
-0.067,-0.797
-0.066,-0.797
-0.065,-0.797
-0.064,-0.797
-0.063,-0.797
-0.062,-0.797
-0.061,-0.797
-0.06,-0.797
-0.059,-0.797
-0.058,-0.797
-0.057,-0.797
-0.056,-0.797
-0.055,-0.797
-0.054,-0.797
-0.053,-0.797
-0.052,-0.797
-0.051,-0.797
-0.05,-0.797
-0.049,-0.797
-0.048,-0.797
-0.047,-0.797
-0.046,-0.797
-0.045,-0.797
-0.041,-0.797
-0.04,-0.797
-0.039,-0.797
-0.038,-0.797
-0.037,-0.797
-0.036,-0.797
-0.035,-0.797
-0.034,-0.797
-0.033,-0.797
-0.032,-0.797
-0.031,-0.797
-0.03,-0.797
-0.029,-0.797
-0.028,-0.797
-0.027,-0.797
-0.026,-0.797
-0.025,-0.797
-0.024,-0.797
-0.023,-0.797
-0.022,-0.797
-0.021,-0.797
-0.02,-0.797
-0.019,-0.797
-0.018,-0.797
-0.016,-0.797
-0.015,-0.797
-0.011,-0.797
-0.226,-0.796
-0.218,-0.796
-0.217,-0.796
-0.216,-0.796
-0.215,-0.796
-0.214,-0.796
-0.213,-0.796
-0.212,-0.796
-0.211,-0.796
-0.21,-0.796
-0.209,-0.796
-0.208,-0.796
-0.207,-0.796
-0.206,-0.796
-0.205,-0.796
-0.204,-0.796
-0.203,-0.796
-0.202,-0.796
-0.201,-0.796
-0.2,-0.796
-0.199,-0.796
-0.198,-0.796
-0.197,-0.796
-0.196,-0.796
-0.195,-0.796
-0.194,-0.796
-0.193,-0.796
-0.192,-0.796
-0.191,-0.796
-0.19,-0.796
-0.189,-0.796
-0.188,-0.796
-0.187,-0.796
-0.186,-0.796
-0.185,-0.796
-0.184,-0.796
-0.183,-0.796
-0.182,-0.796
-0.181,-0.796
-0.18,-0.796
-0.179,-0.796
-0.178,-0.796
-0.177,-0.796
-0.176,-0.796
-0.175,-0.796
-0.174,-0.796
-0.173,-0.796
-0.172,-0.796
-0.171,-0.796
-0.17,-0.796
-0.169,-0.796
-0.168,-0.796
-0.167,-0.796
-0.166,-0.796
-0.165,-0.796
-0.164,-0.796
-0.163,-0.796
-0.162,-0.796
-0.161,-0.796
-0.16,-0.796
-0.159,-0.796
-0.158,-0.796
-0.157,-0.796
-0.156,-0.796
-0.155,-0.796
-0.154,-0.796
-0.153,-0.796
-0.152,-0.796
-0.151,-0.796
-0.15,-0.796
-0.149,-0.796
-0.148,-0.796
-0.147,-0.796
-0.146,-0.796
-0.145,-0.796
-0.144,-0.796
-0.143,-0.796
-0.142,-0.796
-0.141,-0.796
-0.14,-0.796
-0.139,-0.796
-0.138,-0.796
-0.137,-0.796
-0.136,-0.796
-0.135,-0.796
-0.134,-0.796
-0.133,-0.796
-0.132,-0.796
-0.131,-0.796
-0.13,-0.796
-0.129,-0.796
-0.128,-0.796
-0.127,-0.796
-0.126,-0.796
-0.125,-0.796
-0.124,-0.796
-0.123,-0.796
-0.122,-0.796
-0.121,-0.796
-0.12,-0.796
-0.119,-0.796
-0.118,-0.796
-0.117,-0.796
-0.116,-0.796
-0.115,-0.796
-0.114,-0.796
-0.113,-0.796
-0.112,-0.796
-0.111,-0.796
-0.11,-0.796
-0.109,-0.796
-0.108,-0.796
-0.107,-0.796
-0.106,-0.796
-0.105,-0.796
-0.104,-0.796
-0.103,-0.796
-0.102,-0.796
-0.101,-0.796
-0.1,-0.796
-0.099,-0.796
-0.098,-0.796
-0.097,-0.796
-0.096,-0.796
-0.095,-0.796
-0.094,-0.796
-0.093,-0.796
-0.092,-0.796
-0.091,-0.796
-0.09,-0.796
-0.089,-0.796
-0.088,-0.796
-0.087,-0.796
-0.086,-0.796
-0.085,-0.796
-0.084,-0.796
-0.083,-0.796
-0.082,-0.796
-0.081,-0.796
-0.08,-0.796
-0.079,-0.796
-0.078,-0.796
-0.077,-0.796
-0.076,-0.796
-0.075,-0.796
-0.074,-0.796
-0.073,-0.796
-0.072,-0.796
-0.071,-0.796
-0.07,-0.796
-0.069,-0.796
-0.068,-0.796
-0.067,-0.796
-0.066,-0.796
-0.065,-0.796
-0.064,-0.796
-0.063,-0.796
-0.062,-0.796
-0.061,-0.796
-0.06,-0.796
-0.059,-0.796
-0.058,-0.796
-0.057,-0.796
-0.056,-0.796
-0.055,-0.796
-0.054,-0.796
-0.053,-0.796
-0.052,-0.796
-0.051,-0.796
-0.05,-0.796
-0.049,-0.796
-0.048,-0.796
-0.047,-0.796
-0.046,-0.796
-0.045,-0.796
-0.041,-0.796
-0.04,-0.796
-0.039,-0.796
-0.038,-0.796
-0.037,-0.796
-0.036,-0.796
-0.035,-0.796
-0.034,-0.796
-0.033,-0.796
-0.032,-0.796
-0.031,-0.796
-0.03,-0.796
-0.029,-0.796
-0.028,-0.796
-0.027,-0.796
-0.026,-0.796
-0.025,-0.796
-0.024,-0.796
-0.023,-0.796
-0.022,-0.796
-0.021,-0.796
-0.02,-0.796
-0.019,-0.796
-0.018,-0.796
-0.017,-0.796
-0.226,-0.795
-0.219,-0.795
-0.217,-0.795
-0.216,-0.795
-0.215,-0.795
-0.214,-0.795
-0.213,-0.795
-0.212,-0.795
-0.211,-0.795
-0.21,-0.795
-0.209,-0.795
-0.208,-0.795
-0.207,-0.795
-0.206,-0.795
-0.205,-0.795
-0.204,-0.795
-0.203,-0.795
-0.202,-0.795
-0.201,-0.795
-0.2,-0.795
-0.199,-0.795
-0.198,-0.795
-0.197,-0.795
-0.196,-0.795
-0.195,-0.795
-0.194,-0.795
-0.193,-0.795
-0.192,-0.795
-0.191,-0.795
-0.19,-0.795
-0.189,-0.795
-0.188,-0.795
-0.187,-0.795
-0.186,-0.795
-0.185,-0.795
-0.184,-0.795
-0.183,-0.795
-0.182,-0.795
-0.181,-0.795
-0.18,-0.795
-0.179,-0.795
-0.178,-0.795
-0.177,-0.795
-0.176,-0.795
-0.175,-0.795
-0.174,-0.795
-0.173,-0.795
-0.172,-0.795
-0.171,-0.795
-0.17,-0.795
-0.169,-0.795
-0.168,-0.795
-0.167,-0.795
-0.166,-0.795
-0.165,-0.795
-0.164,-0.795
-0.163,-0.795
-0.162,-0.795
-0.161,-0.795
-0.16,-0.795
-0.159,-0.795
-0.158,-0.795
-0.157,-0.795
-0.156,-0.795
-0.155,-0.795
-0.154,-0.795
-0.153,-0.795
-0.152,-0.795
-0.151,-0.795
-0.15,-0.795
-0.149,-0.795
-0.148,-0.795
-0.147,-0.795
-0.146,-0.795
-0.145,-0.795
-0.144,-0.795
-0.143,-0.795
-0.142,-0.795
-0.141,-0.795
-0.14,-0.795
-0.139,-0.795
-0.138,-0.795
-0.137,-0.795
-0.136,-0.795
-0.135,-0.795
-0.134,-0.795
-0.133,-0.795
-0.132,-0.795
-0.131,-0.795
-0.13,-0.795
-0.129,-0.795
-0.128,-0.795
-0.127,-0.795
-0.126,-0.795
-0.125,-0.795
-0.124,-0.795
-0.123,-0.795
-0.122,-0.795
-0.121,-0.795
-0.12,-0.795
-0.119,-0.795
-0.118,-0.795
-0.117,-0.795
-0.116,-0.795
-0.115,-0.795
-0.114,-0.795
-0.113,-0.795
-0.112,-0.795
-0.111,-0.795
-0.11,-0.795
-0.109,-0.795
-0.108,-0.795
-0.107,-0.795
-0.106,-0.795
-0.105,-0.795
-0.104,-0.795
-0.103,-0.795
-0.102,-0.795
-0.101,-0.795
-0.1,-0.795
-0.099,-0.795
-0.098,-0.795
-0.097,-0.795
-0.096,-0.795
-0.095,-0.795
-0.094,-0.795
-0.093,-0.795
-0.092,-0.795
-0.091,-0.795
-0.09,-0.795
-0.089,-0.795
-0.088,-0.795
-0.087,-0.795
-0.086,-0.795
-0.085,-0.795
-0.084,-0.795
-0.083,-0.795
-0.082,-0.795
-0.081,-0.795
-0.08,-0.795
-0.079,-0.795
-0.078,-0.795
-0.077,-0.795
-0.076,-0.795
-0.075,-0.795
-0.074,-0.795
-0.073,-0.795
-0.072,-0.795
-0.071,-0.795
-0.07,-0.795
-0.069,-0.795
-0.068,-0.795
-0.067,-0.795
-0.066,-0.795
-0.065,-0.795
-0.064,-0.795
-0.063,-0.795
-0.062,-0.795
-0.061,-0.795
-0.06,-0.795
-0.059,-0.795
-0.058,-0.795
-0.057,-0.795
-0.056,-0.795
-0.055,-0.795
-0.054,-0.795
-0.053,-0.795
-0.052,-0.795
-0.051,-0.795
-0.05,-0.795
-0.049,-0.795
-0.048,-0.795
-0.047,-0.795
-0.046,-0.795
-0.045,-0.795
-0.044,-0.795
-0.041,-0.795
-0.04,-0.795
-0.039,-0.795
-0.038,-0.795
-0.037,-0.795
-0.036,-0.795
-0.035,-0.795
-0.034,-0.795
-0.033,-0.795
-0.032,-0.795
-0.031,-0.795
-0.03,-0.795
-0.029,-0.795
-0.028,-0.795
-0.027,-0.795
-0.026,-0.795
-0.025,-0.795
-0.024,-0.795
-0.023,-0.795
-0.022,-0.795
-0.021,-0.795
-0.02,-0.795
-0.019,-0.795
-0.018,-0.795
-0.017,-0.795
-0.01,-0.795
-0.221,-0.794
-0.218,-0.794
-0.217,-0.794
-0.214,-0.794
-0.213,-0.794
-0.212,-0.794
-0.211,-0.794
-0.21,-0.794
-0.209,-0.794
-0.208,-0.794
-0.206,-0.794
-0.205,-0.794
-0.204,-0.794
-0.203,-0.794
-0.202,-0.794
-0.201,-0.794
-0.2,-0.794
-0.199,-0.794
-0.198,-0.794
-0.197,-0.794
-0.196,-0.794
-0.195,-0.794
-0.194,-0.794
-0.193,-0.794
-0.192,-0.794
-0.191,-0.794
-0.19,-0.794
-0.189,-0.794
-0.188,-0.794
-0.187,-0.794
-0.186,-0.794
-0.185,-0.794
-0.184,-0.794
-0.183,-0.794
-0.182,-0.794
-0.181,-0.794
-0.18,-0.794
-0.179,-0.794
-0.178,-0.794
-0.177,-0.794
-0.176,-0.794
-0.175,-0.794
-0.174,-0.794
-0.173,-0.794
-0.172,-0.794
-0.171,-0.794
-0.17,-0.794
-0.169,-0.794
-0.168,-0.794
-0.167,-0.794
-0.166,-0.794
-0.165,-0.794
-0.164,-0.794
-0.163,-0.794
-0.162,-0.794
-0.161,-0.794
-0.16,-0.794
-0.159,-0.794
-0.158,-0.794
-0.157,-0.794
-0.156,-0.794
-0.155,-0.794
-0.154,-0.794
-0.153,-0.794
-0.152,-0.794
-0.151,-0.794
-0.15,-0.794
-0.149,-0.794
-0.148,-0.794
-0.147,-0.794
-0.146,-0.794
-0.145,-0.794
-0.144,-0.794
-0.143,-0.794
-0.142,-0.794
-0.141,-0.794
-0.14,-0.794
-0.139,-0.794
-0.138,-0.794
-0.137,-0.794
-0.136,-0.794
-0.135,-0.794
-0.134,-0.794
-0.133,-0.794
-0.132,-0.794
-0.131,-0.794
-0.13,-0.794
-0.129,-0.794
-0.128,-0.794
-0.127,-0.794
-0.126,-0.794
-0.125,-0.794
-0.124,-0.794
-0.123,-0.794
-0.122,-0.794
-0.121,-0.794
-0.12,-0.794
-0.119,-0.794
-0.118,-0.794
-0.117,-0.794
-0.116,-0.794
-0.115,-0.794
-0.114,-0.794
-0.113,-0.794
-0.112,-0.794
-0.111,-0.794
-0.11,-0.794
-0.109,-0.794
-0.108,-0.794
-0.107,-0.794
-0.106,-0.794
-0.105,-0.794
-0.104,-0.794
-0.103,-0.794
-0.102,-0.794
-0.101,-0.794
-0.1,-0.794
-0.099,-0.794
-0.098,-0.794
-0.097,-0.794
-0.096,-0.794
-0.095,-0.794
-0.094,-0.794
-0.093,-0.794
-0.092,-0.794
-0.091,-0.794
-0.09,-0.794
-0.089,-0.794
-0.088,-0.794
-0.087,-0.794
-0.086,-0.794
-0.085,-0.794
-0.084,-0.794
-0.083,-0.794
-0.082,-0.794
-0.081,-0.794
-0.08,-0.794
-0.079,-0.794
-0.078,-0.794
-0.077,-0.794
-0.076,-0.794
-0.075,-0.794
-0.074,-0.794
-0.073,-0.794
-0.072,-0.794
-0.071,-0.794
-0.07,-0.794
-0.069,-0.794
-0.068,-0.794
-0.067,-0.794
-0.066,-0.794
-0.065,-0.794
-0.064,-0.794
-0.063,-0.794
-0.062,-0.794
-0.061,-0.794
-0.06,-0.794
-0.059,-0.794
-0.058,-0.794
-0.057,-0.794
-0.056,-0.794
-0.055,-0.794
-0.054,-0.794
-0.053,-0.794
-0.052,-0.794
-0.051,-0.794
-0.05,-0.794
-0.049,-0.794
-0.048,-0.794
-0.047,-0.794
-0.046,-0.794
-0.045,-0.794
-0.044,-0.794
-0.042,-0.794
-0.041,-0.794
-0.04,-0.794
-0.039,-0.794
-0.038,-0.794
-0.037,-0.794
-0.036,-0.794
-0.035,-0.794
-0.034,-0.794
-0.033,-0.794
-0.032,-0.794
-0.031,-0.794
-0.03,-0.794
-0.029,-0.794
-0.028,-0.794
-0.027,-0.794
-0.026,-0.794
-0.025,-0.794
-0.024,-0.794
-0.023,-0.794
-0.022,-0.794
-0.021,-0.794
-0.02,-0.794
-0.019,-0.794
-0.018,-0.794
-0.007,-0.794
-0.216,-0.793
-0.215,-0.793
-0.212,-0.793
-0.211,-0.793
-0.21,-0.793
-0.206,-0.793
-0.205,-0.793
-0.204,-0.793
-0.203,-0.793
-0.202,-0.793
-0.201,-0.793
-0.2,-0.793
-0.199,-0.793
-0.198,-0.793
-0.197,-0.793
-0.196,-0.793
-0.195,-0.793
-0.194,-0.793
-0.193,-0.793
-0.192,-0.793
-0.191,-0.793
-0.19,-0.793
-0.189,-0.793
-0.188,-0.793
-0.187,-0.793
-0.186,-0.793
-0.185,-0.793
-0.184,-0.793
-0.183,-0.793
-0.182,-0.793
-0.181,-0.793
-0.18,-0.793
-0.179,-0.793
-0.178,-0.793
-0.177,-0.793
-0.176,-0.793
-0.175,-0.793
-0.174,-0.793
-0.173,-0.793
-0.172,-0.793
-0.171,-0.793
-0.17,-0.793
-0.169,-0.793
-0.168,-0.793
-0.167,-0.793
-0.166,-0.793
-0.165,-0.793
-0.164,-0.793
-0.163,-0.793
-0.162,-0.793
-0.161,-0.793
-0.16,-0.793
-0.159,-0.793
-0.158,-0.793
-0.157,-0.793
-0.156,-0.793
-0.155,-0.793
-0.154,-0.793
-0.153,-0.793
-0.152,-0.793
-0.151,-0.793
-0.15,-0.793
-0.149,-0.793
-0.148,-0.793
-0.147,-0.793
-0.146,-0.793
-0.145,-0.793
-0.144,-0.793
-0.143,-0.793
-0.142,-0.793
-0.141,-0.793
-0.14,-0.793
-0.139,-0.793
-0.138,-0.793
-0.137,-0.793
-0.136,-0.793
-0.135,-0.793
-0.134,-0.793
-0.133,-0.793
-0.132,-0.793
-0.131,-0.793
-0.13,-0.793
-0.129,-0.793
-0.128,-0.793
-0.127,-0.793
-0.126,-0.793
-0.125,-0.793
-0.124,-0.793
-0.123,-0.793
-0.122,-0.793
-0.121,-0.793
-0.12,-0.793
-0.119,-0.793
-0.118,-0.793
-0.117,-0.793
-0.116,-0.793
-0.115,-0.793
-0.114,-0.793
-0.113,-0.793
-0.112,-0.793
-0.111,-0.793
-0.11,-0.793
-0.109,-0.793
-0.108,-0.793
-0.107,-0.793
-0.106,-0.793
-0.105,-0.793
-0.104,-0.793
-0.103,-0.793
-0.102,-0.793
-0.101,-0.793
-0.1,-0.793
-0.099,-0.793
-0.098,-0.793
-0.097,-0.793
-0.096,-0.793
-0.095,-0.793
-0.094,-0.793
-0.093,-0.793
-0.092,-0.793
-0.091,-0.793
-0.09,-0.793
-0.089,-0.793
-0.088,-0.793
-0.087,-0.793
-0.086,-0.793
-0.085,-0.793
-0.084,-0.793
-0.083,-0.793
-0.082,-0.793
-0.081,-0.793
-0.08,-0.793
-0.079,-0.793
-0.078,-0.793
-0.077,-0.793
-0.076,-0.793
-0.075,-0.793
-0.074,-0.793
-0.073,-0.793
-0.072,-0.793
-0.071,-0.793
-0.07,-0.793
-0.069,-0.793
-0.068,-0.793
-0.067,-0.793
-0.066,-0.793
-0.065,-0.793
-0.064,-0.793
-0.063,-0.793
-0.062,-0.793
-0.061,-0.793
-0.06,-0.793
-0.059,-0.793
-0.058,-0.793
-0.057,-0.793
-0.056,-0.793
-0.055,-0.793
-0.054,-0.793
-0.053,-0.793
-0.052,-0.793
-0.051,-0.793
-0.05,-0.793
-0.049,-0.793
-0.048,-0.793
-0.047,-0.793
-0.046,-0.793
-0.045,-0.793
-0.044,-0.793
-0.041,-0.793
-0.04,-0.793
-0.039,-0.793
-0.038,-0.793
-0.037,-0.793
-0.036,-0.793
-0.035,-0.793
-0.034,-0.793
-0.033,-0.793
-0.032,-0.793
-0.031,-0.793
-0.03,-0.793
-0.029,-0.793
-0.028,-0.793
-0.027,-0.793
-0.026,-0.793
-0.025,-0.793
-0.024,-0.793
-0.023,-0.793
-0.022,-0.793
-0.021,-0.793
-0.02,-0.793
-0.019,-0.793
-0.018,-0.793
-0.017,-0.793
-0.223,-0.792
-0.213,-0.792
-0.208,-0.792
-0.207,-0.792
-0.206,-0.792
-0.205,-0.792
-0.204,-0.792
-0.203,-0.792
-0.202,-0.792
-0.201,-0.792
-0.2,-0.792
-0.199,-0.792
-0.198,-0.792
-0.197,-0.792
-0.196,-0.792
-0.195,-0.792
-0.194,-0.792
-0.193,-0.792
-0.192,-0.792
-0.191,-0.792
-0.19,-0.792
-0.189,-0.792
-0.188,-0.792
-0.187,-0.792
-0.186,-0.792
-0.185,-0.792
-0.184,-0.792
-0.183,-0.792
-0.182,-0.792
-0.181,-0.792
-0.18,-0.792
-0.179,-0.792
-0.178,-0.792
-0.177,-0.792
-0.176,-0.792
-0.175,-0.792
-0.174,-0.792
-0.173,-0.792
-0.172,-0.792
-0.171,-0.792
-0.17,-0.792
-0.169,-0.792
-0.168,-0.792
-0.167,-0.792
-0.166,-0.792
-0.165,-0.792
-0.164,-0.792
-0.163,-0.792
-0.162,-0.792
-0.161,-0.792
-0.16,-0.792
-0.159,-0.792
-0.158,-0.792
-0.157,-0.792
-0.156,-0.792
-0.155,-0.792
-0.154,-0.792
-0.153,-0.792
-0.152,-0.792
-0.151,-0.792
-0.15,-0.792
-0.149,-0.792
-0.148,-0.792
-0.147,-0.792
-0.146,-0.792
-0.145,-0.792
-0.144,-0.792
-0.143,-0.792
-0.142,-0.792
-0.141,-0.792
-0.14,-0.792
-0.139,-0.792
-0.138,-0.792
-0.137,-0.792
-0.136,-0.792
-0.135,-0.792
-0.134,-0.792
-0.133,-0.792
-0.132,-0.792
-0.131,-0.792
-0.13,-0.792
-0.129,-0.792
-0.128,-0.792
-0.127,-0.792
-0.126,-0.792
-0.125,-0.792
-0.124,-0.792
-0.123,-0.792
-0.122,-0.792
-0.121,-0.792
-0.12,-0.792
-0.119,-0.792
-0.118,-0.792
-0.117,-0.792
-0.116,-0.792
-0.115,-0.792
-0.114,-0.792
-0.113,-0.792
-0.112,-0.792
-0.111,-0.792
-0.11,-0.792
-0.109,-0.792
-0.108,-0.792
-0.107,-0.792
-0.106,-0.792
-0.105,-0.792
-0.104,-0.792
-0.103,-0.792
-0.102,-0.792
-0.101,-0.792
-0.1,-0.792
-0.099,-0.792
-0.098,-0.792
-0.097,-0.792
-0.096,-0.792
-0.095,-0.792
-0.094,-0.792
-0.093,-0.792
-0.092,-0.792
-0.091,-0.792
-0.09,-0.792
-0.089,-0.792
-0.088,-0.792
-0.087,-0.792
-0.086,-0.792
-0.085,-0.792
-0.084,-0.792
-0.083,-0.792
-0.082,-0.792
-0.081,-0.792
-0.08,-0.792
-0.079,-0.792
-0.078,-0.792
-0.077,-0.792
-0.076,-0.792
-0.075,-0.792
-0.074,-0.792
-0.073,-0.792
-0.072,-0.792
-0.071,-0.792
-0.07,-0.792
-0.069,-0.792
-0.068,-0.792
-0.067,-0.792
-0.066,-0.792
-0.065,-0.792
-0.064,-0.792
-0.063,-0.792
-0.062,-0.792
-0.061,-0.792
-0.06,-0.792
-0.059,-0.792
-0.058,-0.792
-0.057,-0.792
-0.056,-0.792
-0.055,-0.792
-0.054,-0.792
-0.053,-0.792
-0.052,-0.792
-0.051,-0.792
-0.05,-0.792
-0.049,-0.792
-0.048,-0.792
-0.047,-0.792
-0.046,-0.792
-0.045,-0.792
-0.044,-0.792
-0.043,-0.792
-0.042,-0.792
-0.041,-0.792
-0.04,-0.792
-0.039,-0.792
-0.038,-0.792
-0.037,-0.792
-0.036,-0.792
-0.035,-0.792
-0.034,-0.792
-0.033,-0.792
-0.032,-0.792
-0.031,-0.792
-0.03,-0.792
-0.029,-0.792
-0.028,-0.792
-0.027,-0.792
-0.026,-0.792
-0.025,-0.792
-0.024,-0.792
-0.023,-0.792
-0.022,-0.792
-0.021,-0.792
-0.209,-0.791
-0.207,-0.791
-0.206,-0.791
-0.205,-0.791
-0.204,-0.791
-0.203,-0.791
-0.202,-0.791
-0.201,-0.791
-0.2,-0.791
-0.199,-0.791
-0.198,-0.791
-0.197,-0.791
-0.196,-0.791
-0.195,-0.791
-0.194,-0.791
-0.193,-0.791
-0.192,-0.791
-0.191,-0.791
-0.19,-0.791
-0.189,-0.791
-0.188,-0.791
-0.187,-0.791
-0.186,-0.791
-0.185,-0.791
-0.184,-0.791
-0.183,-0.791
-0.182,-0.791
-0.181,-0.791
-0.18,-0.791
-0.179,-0.791
-0.178,-0.791
-0.177,-0.791
-0.176,-0.791
-0.175,-0.791
-0.174,-0.791
-0.173,-0.791
-0.172,-0.791
-0.171,-0.791
-0.17,-0.791
-0.169,-0.791
-0.168,-0.791
-0.167,-0.791
-0.166,-0.791
-0.165,-0.791
-0.164,-0.791
-0.163,-0.791
-0.162,-0.791
-0.161,-0.791
-0.16,-0.791
-0.159,-0.791
-0.158,-0.791
-0.157,-0.791
-0.156,-0.791
-0.155,-0.791
-0.154,-0.791
-0.153,-0.791
-0.152,-0.791
-0.151,-0.791
-0.15,-0.791
-0.149,-0.791
-0.148,-0.791
-0.147,-0.791
-0.146,-0.791
-0.145,-0.791
-0.144,-0.791
-0.143,-0.791
-0.142,-0.791
-0.141,-0.791
-0.14,-0.791
-0.139,-0.791
-0.138,-0.791
-0.137,-0.791
-0.136,-0.791
-0.135,-0.791
-0.134,-0.791
-0.133,-0.791
-0.132,-0.791
-0.131,-0.791
-0.13,-0.791
-0.129,-0.791
-0.128,-0.791
-0.127,-0.791
-0.126,-0.791
-0.125,-0.791
-0.124,-0.791
-0.123,-0.791
-0.122,-0.791
-0.121,-0.791
-0.12,-0.791
-0.119,-0.791
-0.118,-0.791
-0.117,-0.791
-0.116,-0.791
-0.115,-0.791
-0.114,-0.791
-0.113,-0.791
-0.112,-0.791
-0.111,-0.791
-0.11,-0.791
-0.109,-0.791
-0.108,-0.791
-0.107,-0.791
-0.106,-0.791
-0.105,-0.791
-0.104,-0.791
-0.103,-0.791
-0.102,-0.791
-0.101,-0.791
-0.1,-0.791
-0.099,-0.791
-0.098,-0.791
-0.097,-0.791
-0.096,-0.791
-0.095,-0.791
-0.094,-0.791
-0.093,-0.791
-0.092,-0.791
-0.091,-0.791
-0.09,-0.791
-0.089,-0.791
-0.088,-0.791
-0.087,-0.791
-0.086,-0.791
-0.085,-0.791
-0.084,-0.791
-0.083,-0.791
-0.082,-0.791
-0.081,-0.791
-0.08,-0.791
-0.079,-0.791
-0.078,-0.791
-0.077,-0.791
-0.076,-0.791
-0.075,-0.791
-0.074,-0.791
-0.073,-0.791
-0.072,-0.791
-0.071,-0.791
-0.07,-0.791
-0.069,-0.791
-0.068,-0.791
-0.067,-0.791
-0.066,-0.791
-0.065,-0.791
-0.064,-0.791
-0.063,-0.791
-0.062,-0.791
-0.061,-0.791
-0.06,-0.791
-0.059,-0.791
-0.058,-0.791
-0.057,-0.791
-0.056,-0.791
-0.055,-0.791
-0.054,-0.791
-0.053,-0.791
-0.052,-0.791
-0.051,-0.791
-0.05,-0.791
-0.049,-0.791
-0.048,-0.791
-0.047,-0.791
-0.046,-0.791
-0.045,-0.791
-0.044,-0.791
-0.043,-0.791
-0.042,-0.791
-0.041,-0.791
-0.04,-0.791
-0.039,-0.791
-0.038,-0.791
-0.037,-0.791
-0.036,-0.791
-0.035,-0.791
-0.034,-0.791
-0.033,-0.791
-0.032,-0.791
-0.031,-0.791
-0.03,-0.791
-0.029,-0.791
-0.028,-0.791
-0.027,-0.791
-0.026,-0.791
-0.025,-0.791
-0.024,-0.791
-0.023,-0.791
-0.022,-0.791
-0.013,-0.791
-0.209,-0.79
-0.208,-0.79
-0.207,-0.79
-0.206,-0.79
-0.205,-0.79
-0.204,-0.79
-0.203,-0.79
-0.202,-0.79
-0.201,-0.79
-0.2,-0.79
-0.199,-0.79
-0.198,-0.79
-0.197,-0.79
-0.196,-0.79
-0.195,-0.79
-0.194,-0.79
-0.193,-0.79
-0.192,-0.79
-0.191,-0.79
-0.19,-0.79
-0.189,-0.79
-0.188,-0.79
-0.187,-0.79
-0.186,-0.79
-0.185,-0.79
-0.184,-0.79
-0.183,-0.79
-0.182,-0.79
-0.181,-0.79
-0.18,-0.79
-0.179,-0.79
-0.178,-0.79
-0.177,-0.79
-0.176,-0.79
-0.175,-0.79
-0.174,-0.79
-0.173,-0.79
-0.172,-0.79
-0.171,-0.79
-0.17,-0.79
-0.169,-0.79
-0.168,-0.79
-0.167,-0.79
-0.166,-0.79
-0.165,-0.79
-0.164,-0.79
-0.163,-0.79
-0.162,-0.79
-0.161,-0.79
-0.16,-0.79
-0.159,-0.79
-0.158,-0.79
-0.157,-0.79
-0.156,-0.79
-0.155,-0.79
-0.154,-0.79
-0.153,-0.79
-0.152,-0.79
-0.151,-0.79
-0.15,-0.79
-0.149,-0.79
-0.148,-0.79
-0.147,-0.79
-0.146,-0.79
-0.145,-0.79
-0.144,-0.79
-0.143,-0.79
-0.142,-0.79
-0.141,-0.79
-0.14,-0.79
-0.139,-0.79
-0.138,-0.79
-0.137,-0.79
-0.136,-0.79
-0.135,-0.79
-0.134,-0.79
-0.133,-0.79
-0.132,-0.79
-0.131,-0.79
-0.13,-0.79
-0.129,-0.79
-0.128,-0.79
-0.127,-0.79
-0.126,-0.79
-0.125,-0.79
-0.124,-0.79
-0.123,-0.79
-0.122,-0.79
-0.121,-0.79
-0.12,-0.79
-0.119,-0.79
-0.118,-0.79
-0.117,-0.79
-0.116,-0.79
-0.115,-0.79
-0.114,-0.79
-0.113,-0.79
-0.112,-0.79
-0.111,-0.79
-0.11,-0.79
-0.109,-0.79
-0.108,-0.79
-0.107,-0.79
-0.106,-0.79
-0.105,-0.79
-0.104,-0.79
-0.103,-0.79
-0.102,-0.79
-0.101,-0.79
-0.1,-0.79
-0.099,-0.79
-0.098,-0.79
-0.097,-0.79
-0.096,-0.79
-0.095,-0.79
-0.094,-0.79
-0.093,-0.79
-0.092,-0.79
-0.091,-0.79
-0.09,-0.79
-0.089,-0.79
-0.088,-0.79
-0.087,-0.79
-0.086,-0.79
-0.085,-0.79
-0.084,-0.79
-0.083,-0.79
-0.082,-0.79
-0.081,-0.79
-0.08,-0.79
-0.079,-0.79
-0.078,-0.79
-0.077,-0.79
-0.076,-0.79
-0.075,-0.79
-0.074,-0.79
-0.073,-0.79
-0.072,-0.79
-0.071,-0.79
-0.07,-0.79
-0.069,-0.79
-0.068,-0.79
-0.067,-0.79
-0.066,-0.79
-0.065,-0.79
-0.064,-0.79
-0.063,-0.79
-0.062,-0.79
-0.061,-0.79
-0.06,-0.79
-0.059,-0.79
-0.058,-0.79
-0.057,-0.79
-0.056,-0.79
-0.055,-0.79
-0.054,-0.79
-0.053,-0.79
-0.052,-0.79
-0.051,-0.79
-0.05,-0.79
-0.049,-0.79
-0.048,-0.79
-0.047,-0.79
-0.046,-0.79
-0.045,-0.79
-0.044,-0.79
-0.043,-0.79
-0.042,-0.79
-0.041,-0.79
-0.04,-0.79
-0.039,-0.79
-0.038,-0.79
-0.037,-0.79
-0.036,-0.79
-0.035,-0.79
-0.034,-0.79
-0.033,-0.79
-0.032,-0.79
-0.031,-0.79
-0.03,-0.79
-0.029,-0.79
-0.028,-0.79
-0.027,-0.79
-0.026,-0.79
-0.025,-0.79
-0.024,-0.79
-0.023,-0.79
-0.022,-0.79
-0.214,-0.789
-0.21,-0.789
-0.208,-0.789
-0.207,-0.789
-0.206,-0.789
-0.205,-0.789
-0.204,-0.789
-0.203,-0.789
-0.202,-0.789
-0.201,-0.789
-0.2,-0.789
-0.199,-0.789
-0.198,-0.789
-0.197,-0.789
-0.196,-0.789
-0.195,-0.789
-0.194,-0.789
-0.193,-0.789
-0.192,-0.789
-0.191,-0.789
-0.19,-0.789
-0.189,-0.789
-0.188,-0.789
-0.187,-0.789
-0.186,-0.789
-0.185,-0.789
-0.184,-0.789
-0.183,-0.789
-0.182,-0.789
-0.181,-0.789
-0.18,-0.789
-0.179,-0.789
-0.178,-0.789
-0.177,-0.789
-0.176,-0.789
-0.175,-0.789
-0.174,-0.789
-0.173,-0.789
-0.172,-0.789
-0.171,-0.789
-0.17,-0.789
-0.169,-0.789
-0.168,-0.789
-0.167,-0.789
-0.166,-0.789
-0.165,-0.789
-0.164,-0.789
-0.163,-0.789
-0.162,-0.789
-0.161,-0.789
-0.16,-0.789
-0.159,-0.789
-0.158,-0.789
-0.157,-0.789
-0.156,-0.789
-0.155,-0.789
-0.154,-0.789
-0.153,-0.789
-0.152,-0.789
-0.151,-0.789
-0.15,-0.789
-0.149,-0.789
-0.148,-0.789
-0.147,-0.789
-0.146,-0.789
-0.145,-0.789
-0.144,-0.789
-0.143,-0.789
-0.142,-0.789
-0.141,-0.789
-0.14,-0.789
-0.139,-0.789
-0.138,-0.789
-0.137,-0.789
-0.136,-0.789
-0.135,-0.789
-0.134,-0.789
-0.133,-0.789
-0.132,-0.789
-0.131,-0.789
-0.13,-0.789
-0.129,-0.789
-0.128,-0.789
-0.127,-0.789
-0.126,-0.789
-0.125,-0.789
-0.124,-0.789
-0.123,-0.789
-0.122,-0.789
-0.121,-0.789
-0.12,-0.789
-0.119,-0.789
-0.118,-0.789
-0.117,-0.789
-0.116,-0.789
-0.115,-0.789
-0.114,-0.789
-0.113,-0.789
-0.112,-0.789
-0.111,-0.789
-0.11,-0.789
-0.109,-0.789
-0.108,-0.789
-0.107,-0.789
-0.106,-0.789
-0.105,-0.789
-0.104,-0.789
-0.103,-0.789
-0.102,-0.789
-0.101,-0.789
-0.1,-0.789
-0.099,-0.789
-0.098,-0.789
-0.097,-0.789
-0.096,-0.789
-0.095,-0.789
-0.094,-0.789
-0.093,-0.789
-0.092,-0.789
-0.091,-0.789
-0.09,-0.789
-0.089,-0.789
-0.088,-0.789
-0.087,-0.789
-0.086,-0.789
-0.085,-0.789
-0.084,-0.789
-0.083,-0.789
-0.082,-0.789
-0.081,-0.789
-0.08,-0.789
-0.079,-0.789
-0.078,-0.789
-0.077,-0.789
-0.076,-0.789
-0.075,-0.789
-0.074,-0.789
-0.073,-0.789
-0.072,-0.789
-0.071,-0.789
-0.07,-0.789
-0.069,-0.789
-0.068,-0.789
-0.067,-0.789
-0.066,-0.789
-0.065,-0.789
-0.064,-0.789
-0.063,-0.789
-0.062,-0.789
-0.061,-0.789
-0.06,-0.789
-0.059,-0.789
-0.058,-0.789
-0.057,-0.789
-0.056,-0.789
-0.055,-0.789
-0.054,-0.789
-0.053,-0.789
-0.052,-0.789
-0.051,-0.789
-0.05,-0.789
-0.049,-0.789
-0.048,-0.789
-0.047,-0.789
-0.046,-0.789
-0.045,-0.789
-0.044,-0.789
-0.043,-0.789
-0.042,-0.789
-0.041,-0.789
-0.04,-0.789
-0.039,-0.789
-0.038,-0.789
-0.037,-0.789
-0.036,-0.789
-0.035,-0.789
-0.034,-0.789
-0.033,-0.789
-0.032,-0.789
-0.031,-0.789
-0.03,-0.789
-0.029,-0.789
-0.028,-0.789
-0.027,-0.789
-0.026,-0.789
-0.025,-0.789
-0.024,-0.789
-0.023,-0.789
-0.022,-0.789
-0.021,-0.789
-0.212,-0.788
-0.21,-0.788
-0.209,-0.788
-0.208,-0.788
-0.207,-0.788
-0.206,-0.788
-0.205,-0.788
-0.204,-0.788
-0.203,-0.788
-0.202,-0.788
-0.201,-0.788
-0.2,-0.788
-0.199,-0.788
-0.198,-0.788
-0.197,-0.788
-0.196,-0.788
-0.195,-0.788
-0.194,-0.788
-0.193,-0.788
-0.192,-0.788
-0.191,-0.788
-0.19,-0.788
-0.189,-0.788
-0.188,-0.788
-0.187,-0.788
-0.186,-0.788
-0.185,-0.788
-0.184,-0.788
-0.183,-0.788
-0.182,-0.788
-0.181,-0.788
-0.18,-0.788
-0.179,-0.788
-0.178,-0.788
-0.177,-0.788
-0.176,-0.788
-0.175,-0.788
-0.174,-0.788
-0.173,-0.788
-0.172,-0.788
-0.171,-0.788
-0.17,-0.788
-0.169,-0.788
-0.168,-0.788
-0.167,-0.788
-0.166,-0.788
-0.165,-0.788
-0.164,-0.788
-0.163,-0.788
-0.162,-0.788
-0.161,-0.788
-0.16,-0.788
-0.159,-0.788
-0.158,-0.788
-0.157,-0.788
-0.156,-0.788
-0.155,-0.788
-0.154,-0.788
-0.153,-0.788
-0.152,-0.788
-0.151,-0.788
-0.15,-0.788
-0.149,-0.788
-0.148,-0.788
-0.147,-0.788
-0.146,-0.788
-0.145,-0.788
-0.144,-0.788
-0.143,-0.788
-0.142,-0.788
-0.141,-0.788
-0.14,-0.788
-0.139,-0.788
-0.138,-0.788
-0.137,-0.788
-0.136,-0.788
-0.135,-0.788
-0.134,-0.788
-0.133,-0.788
-0.132,-0.788
-0.131,-0.788
-0.13,-0.788
-0.129,-0.788
-0.128,-0.788
-0.127,-0.788
-0.126,-0.788
-0.125,-0.788
-0.124,-0.788
-0.123,-0.788
-0.122,-0.788
-0.121,-0.788
-0.12,-0.788
-0.119,-0.788
-0.118,-0.788
-0.117,-0.788
-0.116,-0.788
-0.115,-0.788
-0.114,-0.788
-0.113,-0.788
-0.112,-0.788
-0.111,-0.788
-0.11,-0.788
-0.109,-0.788
-0.108,-0.788
-0.107,-0.788
-0.106,-0.788
-0.105,-0.788
-0.104,-0.788
-0.103,-0.788
-0.102,-0.788
-0.101,-0.788
-0.1,-0.788
-0.099,-0.788
-0.098,-0.788
-0.097,-0.788
-0.096,-0.788
-0.095,-0.788
-0.094,-0.788
-0.093,-0.788
-0.092,-0.788
-0.091,-0.788
-0.09,-0.788
-0.089,-0.788
-0.088,-0.788
-0.087,-0.788
-0.086,-0.788
-0.085,-0.788
-0.084,-0.788
-0.083,-0.788
-0.082,-0.788
-0.081,-0.788
-0.08,-0.788
-0.079,-0.788
-0.078,-0.788
-0.077,-0.788
-0.076,-0.788
-0.075,-0.788
-0.074,-0.788
-0.073,-0.788
-0.072,-0.788
-0.071,-0.788
-0.07,-0.788
-0.069,-0.788
-0.068,-0.788
-0.067,-0.788
-0.066,-0.788
-0.065,-0.788
-0.064,-0.788
-0.063,-0.788
-0.062,-0.788
-0.061,-0.788
-0.06,-0.788
-0.059,-0.788
-0.058,-0.788
-0.057,-0.788
-0.056,-0.788
-0.055,-0.788
-0.054,-0.788
-0.053,-0.788
-0.052,-0.788
-0.051,-0.788
-0.05,-0.788
-0.049,-0.788
-0.048,-0.788
-0.047,-0.788
-0.046,-0.788
-0.045,-0.788
-0.044,-0.788
-0.043,-0.788
-0.042,-0.788
-0.041,-0.788
-0.04,-0.788
-0.039,-0.788
-0.038,-0.788
-0.037,-0.788
-0.036,-0.788
-0.035,-0.788
-0.034,-0.788
-0.033,-0.788
-0.032,-0.788
-0.031,-0.788
-0.03,-0.788
-0.029,-0.788
-0.028,-0.788
-0.027,-0.788
-0.026,-0.788
-0.025,-0.788
-0.024,-0.788
-0.023,-0.788
-0.022,-0.788
-0.021,-0.788
-0.02,-0.788
-0.212,-0.787
-0.211,-0.787
-0.209,-0.787
-0.208,-0.787
-0.207,-0.787
-0.206,-0.787
-0.205,-0.787
-0.204,-0.787
-0.203,-0.787
-0.202,-0.787
-0.201,-0.787
-0.2,-0.787
-0.199,-0.787
-0.198,-0.787
-0.197,-0.787
-0.196,-0.787
-0.195,-0.787
-0.194,-0.787
-0.193,-0.787
-0.192,-0.787
-0.191,-0.787
-0.19,-0.787
-0.189,-0.787
-0.188,-0.787
-0.187,-0.787
-0.186,-0.787
-0.185,-0.787
-0.184,-0.787
-0.183,-0.787
-0.182,-0.787
-0.181,-0.787
-0.18,-0.787
-0.179,-0.787
-0.178,-0.787
-0.177,-0.787
-0.176,-0.787
-0.175,-0.787
-0.174,-0.787
-0.173,-0.787
-0.172,-0.787
-0.171,-0.787
-0.17,-0.787
-0.169,-0.787
-0.168,-0.787
-0.167,-0.787
-0.166,-0.787
-0.165,-0.787
-0.164,-0.787
-0.163,-0.787
-0.162,-0.787
-0.161,-0.787
-0.16,-0.787
-0.159,-0.787
-0.158,-0.787
-0.157,-0.787
-0.156,-0.787
-0.155,-0.787
-0.154,-0.787
-0.153,-0.787
-0.152,-0.787
-0.151,-0.787
-0.15,-0.787
-0.149,-0.787
-0.148,-0.787
-0.147,-0.787
-0.146,-0.787
-0.145,-0.787
-0.144,-0.787
-0.143,-0.787
-0.142,-0.787
-0.141,-0.787
-0.14,-0.787
-0.139,-0.787
-0.138,-0.787
-0.137,-0.787
-0.136,-0.787
-0.135,-0.787
-0.134,-0.787
-0.133,-0.787
-0.132,-0.787
-0.131,-0.787
-0.13,-0.787
-0.129,-0.787
-0.128,-0.787
-0.127,-0.787
-0.126,-0.787
-0.125,-0.787
-0.124,-0.787
-0.123,-0.787
-0.122,-0.787
-0.121,-0.787
-0.12,-0.787
-0.119,-0.787
-0.118,-0.787
-0.117,-0.787
-0.116,-0.787
-0.115,-0.787
-0.114,-0.787
-0.113,-0.787
-0.112,-0.787
-0.111,-0.787
-0.11,-0.787
-0.109,-0.787
-0.108,-0.787
-0.107,-0.787
-0.106,-0.787
-0.105,-0.787
-0.104,-0.787
-0.103,-0.787
-0.102,-0.787
-0.101,-0.787
-0.1,-0.787
-0.099,-0.787
-0.098,-0.787
-0.097,-0.787
-0.096,-0.787
-0.095,-0.787
-0.094,-0.787
-0.093,-0.787
-0.092,-0.787
-0.091,-0.787
-0.09,-0.787
-0.089,-0.787
-0.088,-0.787
-0.087,-0.787
-0.086,-0.787
-0.085,-0.787
-0.084,-0.787
-0.083,-0.787
-0.082,-0.787
-0.081,-0.787
-0.08,-0.787
-0.079,-0.787
-0.078,-0.787
-0.077,-0.787
-0.076,-0.787
-0.075,-0.787
-0.074,-0.787
-0.073,-0.787
-0.072,-0.787
-0.071,-0.787
-0.07,-0.787
-0.069,-0.787
-0.068,-0.787
-0.067,-0.787
-0.066,-0.787
-0.065,-0.787
-0.064,-0.787
-0.063,-0.787
-0.062,-0.787
-0.061,-0.787
-0.06,-0.787
-0.059,-0.787
-0.058,-0.787
-0.057,-0.787
-0.056,-0.787
-0.055,-0.787
-0.054,-0.787
-0.053,-0.787
-0.052,-0.787
-0.051,-0.787
-0.05,-0.787
-0.049,-0.787
-0.048,-0.787
-0.047,-0.787
-0.046,-0.787
-0.045,-0.787
-0.044,-0.787
-0.043,-0.787
-0.042,-0.787
-0.041,-0.787
-0.04,-0.787
-0.039,-0.787
-0.038,-0.787
-0.037,-0.787
-0.036,-0.787
-0.035,-0.787
-0.034,-0.787
-0.033,-0.787
-0.032,-0.787
-0.031,-0.787
-0.03,-0.787
-0.029,-0.787
-0.028,-0.787
-0.027,-0.787
-0.026,-0.787
-0.025,-0.787
-0.024,-0.787
-0.023,-0.787
-0.022,-0.787
-0.212,-0.786
-0.211,-0.786
-0.21,-0.786
-0.209,-0.786
-0.208,-0.786
-0.207,-0.786
-0.206,-0.786
-0.205,-0.786
-0.204,-0.786
-0.203,-0.786
-0.202,-0.786
-0.201,-0.786
-0.2,-0.786
-0.199,-0.786
-0.198,-0.786
-0.197,-0.786
-0.196,-0.786
-0.195,-0.786
-0.194,-0.786
-0.193,-0.786
-0.192,-0.786
-0.191,-0.786
-0.19,-0.786
-0.189,-0.786
-0.188,-0.786
-0.187,-0.786
-0.186,-0.786
-0.185,-0.786
-0.184,-0.786
-0.183,-0.786
-0.182,-0.786
-0.181,-0.786
-0.18,-0.786
-0.179,-0.786
-0.178,-0.786
-0.177,-0.786
-0.176,-0.786
-0.175,-0.786
-0.174,-0.786
-0.173,-0.786
-0.172,-0.786
-0.171,-0.786
-0.17,-0.786
-0.169,-0.786
-0.168,-0.786
-0.167,-0.786
-0.166,-0.786
-0.165,-0.786
-0.164,-0.786
-0.163,-0.786
-0.162,-0.786
-0.161,-0.786
-0.16,-0.786
-0.159,-0.786
-0.158,-0.786
-0.157,-0.786
-0.156,-0.786
-0.155,-0.786
-0.154,-0.786
-0.153,-0.786
-0.152,-0.786
-0.151,-0.786
-0.15,-0.786
-0.149,-0.786
-0.148,-0.786
-0.147,-0.786
-0.146,-0.786
-0.145,-0.786
-0.144,-0.786
-0.143,-0.786
-0.142,-0.786
-0.141,-0.786
-0.14,-0.786
-0.139,-0.786
-0.138,-0.786
-0.137,-0.786
-0.136,-0.786
-0.135,-0.786
-0.134,-0.786
-0.133,-0.786
-0.132,-0.786
-0.131,-0.786
-0.13,-0.786
-0.129,-0.786
-0.128,-0.786
-0.127,-0.786
-0.126,-0.786
-0.125,-0.786
-0.124,-0.786
-0.123,-0.786
-0.122,-0.786
-0.121,-0.786
-0.12,-0.786
-0.119,-0.786
-0.118,-0.786
-0.117,-0.786
-0.116,-0.786
-0.115,-0.786
-0.114,-0.786
-0.113,-0.786
-0.112,-0.786
-0.111,-0.786
-0.11,-0.786
-0.109,-0.786
-0.108,-0.786
-0.107,-0.786
-0.106,-0.786
-0.105,-0.786
-0.104,-0.786
-0.103,-0.786
-0.102,-0.786
-0.101,-0.786
-0.1,-0.786
-0.099,-0.786
-0.098,-0.786
-0.097,-0.786
-0.096,-0.786
-0.095,-0.786
-0.094,-0.786
-0.093,-0.786
-0.092,-0.786
-0.091,-0.786
-0.09,-0.786
-0.089,-0.786
-0.088,-0.786
-0.087,-0.786
-0.086,-0.786
-0.085,-0.786
-0.084,-0.786
-0.083,-0.786
-0.082,-0.786
-0.081,-0.786
-0.08,-0.786
-0.079,-0.786
-0.078,-0.786
-0.077,-0.786
-0.076,-0.786
-0.075,-0.786
-0.074,-0.786
-0.073,-0.786
-0.072,-0.786
-0.071,-0.786
-0.07,-0.786
-0.069,-0.786
-0.068,-0.786
-0.067,-0.786
-0.066,-0.786
-0.065,-0.786
-0.064,-0.786
-0.063,-0.786
-0.062,-0.786
-0.061,-0.786
-0.06,-0.786
-0.059,-0.786
-0.058,-0.786
-0.057,-0.786
-0.056,-0.786
-0.055,-0.786
-0.054,-0.786
-0.053,-0.786
-0.052,-0.786
-0.051,-0.786
-0.05,-0.786
-0.049,-0.786
-0.048,-0.786
-0.047,-0.786
-0.046,-0.786
-0.045,-0.786
-0.044,-0.786
-0.043,-0.786
-0.042,-0.786
-0.041,-0.786
-0.04,-0.786
-0.039,-0.786
-0.038,-0.786
-0.037,-0.786
-0.036,-0.786
-0.035,-0.786
-0.034,-0.786
-0.033,-0.786
-0.032,-0.786
-0.031,-0.786
-0.03,-0.786
-0.029,-0.786
-0.028,-0.786
-0.027,-0.786
-0.026,-0.786
-0.025,-0.786
-0.024,-0.786
-0.023,-0.786
-0.022,-0.786
-0.021,-0.786
-0.219,-0.785
-0.212,-0.785
-0.211,-0.785
-0.21,-0.785
-0.209,-0.785
-0.208,-0.785
-0.207,-0.785
-0.206,-0.785
-0.205,-0.785
-0.204,-0.785
-0.203,-0.785
-0.202,-0.785
-0.201,-0.785
-0.2,-0.785
-0.199,-0.785
-0.198,-0.785
-0.197,-0.785
-0.196,-0.785
-0.195,-0.785
-0.194,-0.785
-0.193,-0.785
-0.192,-0.785
-0.191,-0.785
-0.19,-0.785
-0.189,-0.785
-0.188,-0.785
-0.187,-0.785
-0.186,-0.785
-0.185,-0.785
-0.184,-0.785
-0.183,-0.785
-0.182,-0.785
-0.181,-0.785
-0.18,-0.785
-0.179,-0.785
-0.178,-0.785
-0.177,-0.785
-0.176,-0.785
-0.175,-0.785
-0.174,-0.785
-0.173,-0.785
-0.172,-0.785
-0.171,-0.785
-0.17,-0.785
-0.169,-0.785
-0.168,-0.785
-0.167,-0.785
-0.166,-0.785
-0.165,-0.785
-0.164,-0.785
-0.163,-0.785
-0.162,-0.785
-0.161,-0.785
-0.16,-0.785
-0.159,-0.785
-0.158,-0.785
-0.157,-0.785
-0.156,-0.785
-0.155,-0.785
-0.154,-0.785
-0.153,-0.785
-0.152,-0.785
-0.151,-0.785
-0.15,-0.785
-0.149,-0.785
-0.148,-0.785
-0.147,-0.785
-0.146,-0.785
-0.145,-0.785
-0.144,-0.785
-0.143,-0.785
-0.142,-0.785
-0.141,-0.785
-0.14,-0.785
-0.139,-0.785
-0.138,-0.785
-0.137,-0.785
-0.136,-0.785
-0.135,-0.785
-0.134,-0.785
-0.133,-0.785
-0.132,-0.785
-0.131,-0.785
-0.13,-0.785
-0.129,-0.785
-0.128,-0.785
-0.127,-0.785
-0.126,-0.785
-0.125,-0.785
-0.124,-0.785
-0.123,-0.785
-0.122,-0.785
-0.121,-0.785
-0.12,-0.785
-0.119,-0.785
-0.118,-0.785
-0.117,-0.785
-0.116,-0.785
-0.115,-0.785
-0.114,-0.785
-0.113,-0.785
-0.112,-0.785
-0.111,-0.785
-0.11,-0.785
-0.109,-0.785
-0.108,-0.785
-0.107,-0.785
-0.106,-0.785
-0.105,-0.785
-0.104,-0.785
-0.103,-0.785
-0.102,-0.785
-0.101,-0.785
-0.1,-0.785
-0.099,-0.785
-0.098,-0.785
-0.097,-0.785
-0.096,-0.785
-0.095,-0.785
-0.094,-0.785
-0.093,-0.785
-0.092,-0.785
-0.091,-0.785
-0.09,-0.785
-0.089,-0.785
-0.088,-0.785
-0.087,-0.785
-0.086,-0.785
-0.085,-0.785
-0.084,-0.785
-0.083,-0.785
-0.082,-0.785
-0.081,-0.785
-0.08,-0.785
-0.079,-0.785
-0.078,-0.785
-0.077,-0.785
-0.076,-0.785
-0.075,-0.785
-0.074,-0.785
-0.073,-0.785
-0.072,-0.785
-0.071,-0.785
-0.07,-0.785
-0.069,-0.785
-0.068,-0.785
-0.067,-0.785
-0.066,-0.785
-0.065,-0.785
-0.064,-0.785
-0.063,-0.785
-0.062,-0.785
-0.061,-0.785
-0.06,-0.785
-0.059,-0.785
-0.058,-0.785
-0.057,-0.785
-0.056,-0.785
-0.055,-0.785
-0.054,-0.785
-0.053,-0.785
-0.052,-0.785
-0.051,-0.785
-0.05,-0.785
-0.049,-0.785
-0.048,-0.785
-0.047,-0.785
-0.046,-0.785
-0.045,-0.785
-0.044,-0.785
-0.043,-0.785
-0.042,-0.785
-0.041,-0.785
-0.04,-0.785
-0.039,-0.785
-0.038,-0.785
-0.037,-0.785
-0.036,-0.785
-0.035,-0.785
-0.034,-0.785
-0.033,-0.785
-0.032,-0.785
-0.031,-0.785
-0.03,-0.785
-0.029,-0.785
-0.028,-0.785
-0.027,-0.785
-0.026,-0.785
-0.025,-0.785
-0.024,-0.785
-0.023,-0.785
-0.022,-0.785
-0.018,-0.785
-0.016,-0.785
-0.227,-0.784
-0.226,-0.784
-0.215,-0.784
-0.214,-0.784
-0.213,-0.784
-0.212,-0.784
-0.211,-0.784
-0.21,-0.784
-0.209,-0.784
-0.208,-0.784
-0.207,-0.784
-0.206,-0.784
-0.205,-0.784
-0.204,-0.784
-0.203,-0.784
-0.202,-0.784
-0.201,-0.784
-0.2,-0.784
-0.199,-0.784
-0.198,-0.784
-0.197,-0.784
-0.196,-0.784
-0.195,-0.784
-0.194,-0.784
-0.193,-0.784
-0.192,-0.784
-0.191,-0.784
-0.19,-0.784
-0.189,-0.784
-0.188,-0.784
-0.187,-0.784
-0.186,-0.784
-0.185,-0.784
-0.184,-0.784
-0.183,-0.784
-0.182,-0.784
-0.181,-0.784
-0.18,-0.784
-0.179,-0.784
-0.178,-0.784
-0.177,-0.784
-0.176,-0.784
-0.175,-0.784
-0.174,-0.784
-0.173,-0.784
-0.172,-0.784
-0.171,-0.784
-0.17,-0.784
-0.169,-0.784
-0.168,-0.784
-0.167,-0.784
-0.166,-0.784
-0.165,-0.784
-0.164,-0.784
-0.163,-0.784
-0.162,-0.784
-0.161,-0.784
-0.16,-0.784
-0.159,-0.784
-0.158,-0.784
-0.157,-0.784
-0.156,-0.784
-0.155,-0.784
-0.154,-0.784
-0.153,-0.784
-0.152,-0.784
-0.151,-0.784
-0.15,-0.784
-0.149,-0.784
-0.148,-0.784
-0.147,-0.784
-0.146,-0.784
-0.145,-0.784
-0.144,-0.784
-0.143,-0.784
-0.142,-0.784
-0.141,-0.784
-0.14,-0.784
-0.139,-0.784
-0.138,-0.784
-0.137,-0.784
-0.136,-0.784
-0.135,-0.784
-0.134,-0.784
-0.133,-0.784
-0.132,-0.784
-0.131,-0.784
-0.13,-0.784
-0.129,-0.784
-0.128,-0.784
-0.127,-0.784
-0.126,-0.784
-0.125,-0.784
-0.124,-0.784
-0.123,-0.784
-0.122,-0.784
-0.121,-0.784
-0.12,-0.784
-0.119,-0.784
-0.118,-0.784
-0.117,-0.784
-0.116,-0.784
-0.115,-0.784
-0.114,-0.784
-0.113,-0.784
-0.112,-0.784
-0.111,-0.784
-0.11,-0.784
-0.109,-0.784
-0.108,-0.784
-0.107,-0.784
-0.106,-0.784
-0.105,-0.784
-0.104,-0.784
-0.103,-0.784
-0.102,-0.784
-0.101,-0.784
-0.1,-0.784
-0.099,-0.784
-0.098,-0.784
-0.097,-0.784
-0.096,-0.784
-0.095,-0.784
-0.094,-0.784
-0.093,-0.784
-0.092,-0.784
-0.091,-0.784
-0.09,-0.784
-0.089,-0.784
-0.088,-0.784
-0.087,-0.784
-0.086,-0.784
-0.085,-0.784
-0.084,-0.784
-0.083,-0.784
-0.082,-0.784
-0.081,-0.784
-0.08,-0.784
-0.079,-0.784
-0.078,-0.784
-0.077,-0.784
-0.076,-0.784
-0.075,-0.784
-0.074,-0.784
-0.073,-0.784
-0.072,-0.784
-0.071,-0.784
-0.07,-0.784
-0.069,-0.784
-0.068,-0.784
-0.067,-0.784
-0.066,-0.784
-0.065,-0.784
-0.064,-0.784
-0.063,-0.784
-0.062,-0.784
-0.061,-0.784
-0.06,-0.784
-0.059,-0.784
-0.058,-0.784
-0.057,-0.784
-0.056,-0.784
-0.055,-0.784
-0.054,-0.784
-0.053,-0.784
-0.052,-0.784
-0.051,-0.784
-0.05,-0.784
-0.049,-0.784
-0.048,-0.784
-0.047,-0.784
-0.046,-0.784
-0.045,-0.784
-0.044,-0.784
-0.043,-0.784
-0.042,-0.784
-0.041,-0.784
-0.04,-0.784
-0.039,-0.784
-0.038,-0.784
-0.037,-0.784
-0.036,-0.784
-0.035,-0.784
-0.034,-0.784
-0.033,-0.784
-0.032,-0.784
-0.031,-0.784
-0.03,-0.784
-0.029,-0.784
-0.028,-0.784
-0.027,-0.784
-0.026,-0.784
-0.025,-0.784
-0.024,-0.784
-0.023,-0.784
-0.022,-0.784
-0.021,-0.784
-0.017,-0.784
-0.225,-0.783
-0.216,-0.783
-0.215,-0.783
-0.214,-0.783
-0.213,-0.783
-0.211,-0.783
-0.21,-0.783
-0.209,-0.783
-0.208,-0.783
-0.207,-0.783
-0.206,-0.783
-0.205,-0.783
-0.204,-0.783
-0.203,-0.783
-0.202,-0.783
-0.201,-0.783
-0.2,-0.783
-0.199,-0.783
-0.198,-0.783
-0.197,-0.783
-0.196,-0.783
-0.195,-0.783
-0.194,-0.783
-0.193,-0.783
-0.192,-0.783
-0.191,-0.783
-0.19,-0.783
-0.189,-0.783
-0.188,-0.783
-0.187,-0.783
-0.186,-0.783
-0.185,-0.783
-0.184,-0.783
-0.183,-0.783
-0.182,-0.783
-0.181,-0.783
-0.18,-0.783
-0.179,-0.783
-0.178,-0.783
-0.177,-0.783
-0.176,-0.783
-0.175,-0.783
-0.174,-0.783
-0.173,-0.783
-0.172,-0.783
-0.171,-0.783
-0.17,-0.783
-0.169,-0.783
-0.168,-0.783
-0.167,-0.783
-0.166,-0.783
-0.165,-0.783
-0.164,-0.783
-0.163,-0.783
-0.162,-0.783
-0.161,-0.783
-0.16,-0.783
-0.159,-0.783
-0.158,-0.783
-0.157,-0.783
-0.156,-0.783
-0.155,-0.783
-0.154,-0.783
-0.153,-0.783
-0.152,-0.783
-0.151,-0.783
-0.15,-0.783
-0.149,-0.783
-0.148,-0.783
-0.147,-0.783
-0.146,-0.783
-0.145,-0.783
-0.144,-0.783
-0.143,-0.783
-0.142,-0.783
-0.141,-0.783
-0.14,-0.783
-0.139,-0.783
-0.138,-0.783
-0.137,-0.783
-0.136,-0.783
-0.135,-0.783
-0.134,-0.783
-0.133,-0.783
-0.132,-0.783
-0.131,-0.783
-0.13,-0.783
-0.129,-0.783
-0.128,-0.783
-0.127,-0.783
-0.126,-0.783
-0.125,-0.783
-0.124,-0.783
-0.123,-0.783
-0.122,-0.783
-0.121,-0.783
-0.12,-0.783
-0.119,-0.783
-0.118,-0.783
-0.117,-0.783
-0.116,-0.783
-0.115,-0.783
-0.114,-0.783
-0.113,-0.783
-0.112,-0.783
-0.111,-0.783
-0.11,-0.783
-0.109,-0.783
-0.108,-0.783
-0.107,-0.783
-0.106,-0.783
-0.105,-0.783
-0.104,-0.783
-0.103,-0.783
-0.102,-0.783
-0.101,-0.783
-0.1,-0.783
-0.099,-0.783
-0.098,-0.783
-0.097,-0.783
-0.096,-0.783
-0.095,-0.783
-0.094,-0.783
-0.093,-0.783
-0.092,-0.783
-0.091,-0.783
-0.09,-0.783
-0.089,-0.783
-0.088,-0.783
-0.087,-0.783
-0.086,-0.783
-0.085,-0.783
-0.084,-0.783
-0.083,-0.783
-0.082,-0.783
-0.081,-0.783
-0.08,-0.783
-0.079,-0.783
-0.078,-0.783
-0.077,-0.783
-0.076,-0.783
-0.075,-0.783
-0.074,-0.783
-0.073,-0.783
-0.072,-0.783
-0.071,-0.783
-0.07,-0.783
-0.069,-0.783
-0.068,-0.783
-0.067,-0.783
-0.066,-0.783
-0.065,-0.783
-0.064,-0.783
-0.063,-0.783
-0.062,-0.783
-0.061,-0.783
-0.06,-0.783
-0.059,-0.783
-0.058,-0.783
-0.057,-0.783
-0.056,-0.783
-0.055,-0.783
-0.054,-0.783
-0.053,-0.783
-0.052,-0.783
-0.051,-0.783
-0.05,-0.783
-0.049,-0.783
-0.048,-0.783
-0.047,-0.783
-0.046,-0.783
-0.045,-0.783
-0.044,-0.783
-0.043,-0.783
-0.042,-0.783
-0.041,-0.783
-0.04,-0.783
-0.039,-0.783
-0.038,-0.783
-0.037,-0.783
-0.036,-0.783
-0.035,-0.783
-0.034,-0.783
-0.033,-0.783
-0.032,-0.783
-0.031,-0.783
-0.03,-0.783
-0.029,-0.783
-0.028,-0.783
-0.027,-0.783
-0.026,-0.783
-0.023,-0.783
-0.022,-0.783
-0.021,-0.783
-0.02,-0.783
-0.016,-0.783
-0.217,-0.782
-0.216,-0.782
-0.215,-0.782
-0.214,-0.782
-0.213,-0.782
-0.212,-0.782
-0.211,-0.782
-0.21,-0.782
-0.209,-0.782
-0.208,-0.782
-0.207,-0.782
-0.206,-0.782
-0.205,-0.782
-0.204,-0.782
-0.203,-0.782
-0.202,-0.782
-0.201,-0.782
-0.2,-0.782
-0.199,-0.782
-0.198,-0.782
-0.197,-0.782
-0.196,-0.782
-0.195,-0.782
-0.194,-0.782
-0.193,-0.782
-0.192,-0.782
-0.191,-0.782
-0.19,-0.782
-0.189,-0.782
-0.188,-0.782
-0.187,-0.782
-0.186,-0.782
-0.185,-0.782
-0.184,-0.782
-0.183,-0.782
-0.182,-0.782
-0.181,-0.782
-0.18,-0.782
-0.179,-0.782
-0.178,-0.782
-0.177,-0.782
-0.176,-0.782
-0.175,-0.782
-0.174,-0.782
-0.173,-0.782
-0.172,-0.782
-0.171,-0.782
-0.17,-0.782
-0.169,-0.782
-0.168,-0.782
-0.167,-0.782
-0.166,-0.782
-0.165,-0.782
-0.164,-0.782
-0.163,-0.782
-0.162,-0.782
-0.161,-0.782
-0.16,-0.782
-0.159,-0.782
-0.158,-0.782
-0.157,-0.782
-0.156,-0.782
-0.155,-0.782
-0.154,-0.782
-0.153,-0.782
-0.152,-0.782
-0.151,-0.782
-0.15,-0.782
-0.149,-0.782
-0.148,-0.782
-0.147,-0.782
-0.146,-0.782
-0.145,-0.782
-0.144,-0.782
-0.143,-0.782
-0.142,-0.782
-0.141,-0.782
-0.14,-0.782
-0.139,-0.782
-0.138,-0.782
-0.137,-0.782
-0.136,-0.782
-0.135,-0.782
-0.134,-0.782
-0.133,-0.782
-0.132,-0.782
-0.131,-0.782
-0.13,-0.782
-0.129,-0.782
-0.128,-0.782
-0.127,-0.782
-0.126,-0.782
-0.125,-0.782
-0.124,-0.782
-0.123,-0.782
-0.122,-0.782
-0.121,-0.782
-0.12,-0.782
-0.119,-0.782
-0.118,-0.782
-0.117,-0.782
-0.116,-0.782
-0.115,-0.782
-0.114,-0.782
-0.113,-0.782
-0.112,-0.782
-0.111,-0.782
-0.11,-0.782
-0.109,-0.782
-0.108,-0.782
-0.107,-0.782
-0.106,-0.782
-0.105,-0.782
-0.104,-0.782
-0.103,-0.782
-0.102,-0.782
-0.101,-0.782
-0.1,-0.782
-0.099,-0.782
-0.098,-0.782
-0.097,-0.782
-0.096,-0.782
-0.095,-0.782
-0.094,-0.782
-0.093,-0.782
-0.092,-0.782
-0.091,-0.782
-0.09,-0.782
-0.089,-0.782
-0.088,-0.782
-0.087,-0.782
-0.086,-0.782
-0.085,-0.782
-0.084,-0.782
-0.083,-0.782
-0.082,-0.782
-0.081,-0.782
-0.08,-0.782
-0.079,-0.782
-0.078,-0.782
-0.077,-0.782
-0.076,-0.782
-0.075,-0.782
-0.074,-0.782
-0.073,-0.782
-0.072,-0.782
-0.071,-0.782
-0.07,-0.782
-0.069,-0.782
-0.068,-0.782
-0.067,-0.782
-0.066,-0.782
-0.065,-0.782
-0.064,-0.782
-0.063,-0.782
-0.062,-0.782
-0.061,-0.782
-0.06,-0.782
-0.059,-0.782
-0.058,-0.782
-0.057,-0.782
-0.056,-0.782
-0.055,-0.782
-0.054,-0.782
-0.053,-0.782
-0.052,-0.782
-0.051,-0.782
-0.05,-0.782
-0.049,-0.782
-0.048,-0.782
-0.047,-0.782
-0.046,-0.782
-0.045,-0.782
-0.044,-0.782
-0.043,-0.782
-0.042,-0.782
-0.041,-0.782
-0.04,-0.782
-0.039,-0.782
-0.038,-0.782
-0.036,-0.782
-0.035,-0.782
-0.034,-0.782
-0.033,-0.782
-0.032,-0.782
-0.031,-0.782
-0.03,-0.782
-0.029,-0.782
-0.028,-0.782
-0.027,-0.782
-0.026,-0.782
-0.023,-0.782
-0.229,-0.781
-0.216,-0.781
-0.214,-0.781
-0.213,-0.781
-0.212,-0.781
-0.211,-0.781
-0.21,-0.781
-0.209,-0.781
-0.208,-0.781
-0.207,-0.781
-0.206,-0.781
-0.205,-0.781
-0.204,-0.781
-0.203,-0.781
-0.202,-0.781
-0.201,-0.781
-0.2,-0.781
-0.199,-0.781
-0.198,-0.781
-0.197,-0.781
-0.196,-0.781
-0.195,-0.781
-0.194,-0.781
-0.193,-0.781
-0.192,-0.781
-0.191,-0.781
-0.19,-0.781
-0.189,-0.781
-0.188,-0.781
-0.187,-0.781
-0.186,-0.781
-0.185,-0.781
-0.184,-0.781
-0.183,-0.781
-0.182,-0.781
-0.181,-0.781
-0.18,-0.781
-0.179,-0.781
-0.178,-0.781
-0.177,-0.781
-0.176,-0.781
-0.175,-0.781
-0.174,-0.781
-0.173,-0.781
-0.172,-0.781
-0.171,-0.781
-0.17,-0.781
-0.169,-0.781
-0.168,-0.781
-0.167,-0.781
-0.166,-0.781
-0.165,-0.781
-0.164,-0.781
-0.163,-0.781
-0.162,-0.781
-0.161,-0.781
-0.16,-0.781
-0.159,-0.781
-0.158,-0.781
-0.157,-0.781
-0.156,-0.781
-0.155,-0.781
-0.154,-0.781
-0.153,-0.781
-0.152,-0.781
-0.151,-0.781
-0.15,-0.781
-0.149,-0.781
-0.148,-0.781
-0.147,-0.781
-0.146,-0.781
-0.145,-0.781
-0.144,-0.781
-0.143,-0.781
-0.142,-0.781
-0.141,-0.781
-0.14,-0.781
-0.139,-0.781
-0.138,-0.781
-0.137,-0.781
-0.136,-0.781
-0.135,-0.781
-0.134,-0.781
-0.133,-0.781
-0.132,-0.781
-0.131,-0.781
-0.13,-0.781
-0.129,-0.781
-0.128,-0.781
-0.127,-0.781
-0.126,-0.781
-0.125,-0.781
-0.124,-0.781
-0.123,-0.781
-0.122,-0.781
-0.121,-0.781
-0.12,-0.781
-0.119,-0.781
-0.118,-0.781
-0.117,-0.781
-0.116,-0.781
-0.115,-0.781
-0.114,-0.781
-0.113,-0.781
-0.112,-0.781
-0.111,-0.781
-0.11,-0.781
-0.109,-0.781
-0.108,-0.781
-0.107,-0.781
-0.106,-0.781
-0.105,-0.781
-0.104,-0.781
-0.103,-0.781
-0.102,-0.781
-0.101,-0.781
-0.1,-0.781
-0.099,-0.781
-0.098,-0.781
-0.097,-0.781
-0.096,-0.781
-0.095,-0.781
-0.094,-0.781
-0.093,-0.781
-0.092,-0.781
-0.091,-0.781
-0.09,-0.781
-0.089,-0.781
-0.088,-0.781
-0.087,-0.781
-0.086,-0.781
-0.085,-0.781
-0.084,-0.781
-0.083,-0.781
-0.082,-0.781
-0.081,-0.781
-0.08,-0.781
-0.079,-0.781
-0.078,-0.781
-0.077,-0.781
-0.076,-0.781
-0.075,-0.781
-0.074,-0.781
-0.073,-0.781
-0.072,-0.781
-0.071,-0.781
-0.07,-0.781
-0.069,-0.781
-0.068,-0.781
-0.067,-0.781
-0.066,-0.781
-0.065,-0.781
-0.064,-0.781
-0.063,-0.781
-0.062,-0.781
-0.061,-0.781
-0.06,-0.781
-0.059,-0.781
-0.058,-0.781
-0.057,-0.781
-0.056,-0.781
-0.055,-0.781
-0.054,-0.781
-0.053,-0.781
-0.052,-0.781
-0.051,-0.781
-0.05,-0.781
-0.049,-0.781
-0.048,-0.781
-0.047,-0.781
-0.046,-0.781
-0.045,-0.781
-0.044,-0.781
-0.043,-0.781
-0.042,-0.781
-0.041,-0.781
-0.04,-0.781
-0.039,-0.781
-0.038,-0.781
-0.037,-0.781
-0.035,-0.781
-0.034,-0.781
-0.033,-0.781
-0.032,-0.781
-0.031,-0.781
-0.03,-0.781
-0.029,-0.781
-0.028,-0.781
-0.027,-0.781
-0.019,-0.781
-0.23,-0.78
-0.22,-0.78
-0.216,-0.78
-0.214,-0.78
-0.213,-0.78
-0.212,-0.78
-0.211,-0.78
-0.21,-0.78
-0.209,-0.78
-0.208,-0.78
-0.207,-0.78
-0.206,-0.78
-0.205,-0.78
-0.204,-0.78
-0.203,-0.78
-0.202,-0.78
-0.201,-0.78
-0.2,-0.78
-0.199,-0.78
-0.198,-0.78
-0.197,-0.78
-0.196,-0.78
-0.195,-0.78
-0.194,-0.78
-0.193,-0.78
-0.192,-0.78
-0.191,-0.78
-0.19,-0.78
-0.189,-0.78
-0.188,-0.78
-0.187,-0.78
-0.186,-0.78
-0.185,-0.78
-0.184,-0.78
-0.183,-0.78
-0.182,-0.78
-0.181,-0.78
-0.18,-0.78
-0.179,-0.78
-0.178,-0.78
-0.177,-0.78
-0.176,-0.78
-0.175,-0.78
-0.174,-0.78
-0.173,-0.78
-0.172,-0.78
-0.171,-0.78
-0.17,-0.78
-0.169,-0.78
-0.168,-0.78
-0.167,-0.78
-0.166,-0.78
-0.165,-0.78
-0.164,-0.78
-0.163,-0.78
-0.162,-0.78
-0.161,-0.78
-0.16,-0.78
-0.159,-0.78
-0.158,-0.78
-0.157,-0.78
-0.156,-0.78
-0.155,-0.78
-0.154,-0.78
-0.153,-0.78
-0.152,-0.78
-0.151,-0.78
-0.15,-0.78
-0.149,-0.78
-0.148,-0.78
-0.147,-0.78
-0.146,-0.78
-0.145,-0.78
-0.144,-0.78
-0.143,-0.78
-0.142,-0.78
-0.141,-0.78
-0.14,-0.78
-0.139,-0.78
-0.138,-0.78
-0.137,-0.78
-0.136,-0.78
-0.135,-0.78
-0.134,-0.78
-0.133,-0.78
-0.132,-0.78
-0.131,-0.78
-0.13,-0.78
-0.129,-0.78
-0.128,-0.78
-0.127,-0.78
-0.126,-0.78
-0.125,-0.78
-0.124,-0.78
-0.123,-0.78
-0.122,-0.78
-0.121,-0.78
-0.12,-0.78
-0.119,-0.78
-0.118,-0.78
-0.117,-0.78
-0.116,-0.78
-0.115,-0.78
-0.114,-0.78
-0.113,-0.78
-0.112,-0.78
-0.111,-0.78
-0.11,-0.78
-0.109,-0.78
-0.108,-0.78
-0.107,-0.78
-0.106,-0.78
-0.105,-0.78
-0.104,-0.78
-0.103,-0.78
-0.102,-0.78
-0.101,-0.78
-0.1,-0.78
-0.099,-0.78
-0.098,-0.78
-0.097,-0.78
-0.096,-0.78
-0.095,-0.78
-0.094,-0.78
-0.093,-0.78
-0.092,-0.78
-0.091,-0.78
-0.09,-0.78
-0.089,-0.78
-0.088,-0.78
-0.087,-0.78
-0.086,-0.78
-0.085,-0.78
-0.084,-0.78
-0.083,-0.78
-0.082,-0.78
-0.081,-0.78
-0.08,-0.78
-0.079,-0.78
-0.078,-0.78
-0.077,-0.78
-0.076,-0.78
-0.075,-0.78
-0.074,-0.78
-0.073,-0.78
-0.072,-0.78
-0.071,-0.78
-0.07,-0.78
-0.069,-0.78
-0.068,-0.78
-0.067,-0.78
-0.066,-0.78
-0.065,-0.78
-0.064,-0.78
-0.063,-0.78
-0.062,-0.78
-0.061,-0.78
-0.06,-0.78
-0.059,-0.78
-0.058,-0.78
-0.057,-0.78
-0.056,-0.78
-0.055,-0.78
-0.054,-0.78
-0.053,-0.78
-0.052,-0.78
-0.051,-0.78
-0.05,-0.78
-0.049,-0.78
-0.048,-0.78
-0.047,-0.78
-0.046,-0.78
-0.045,-0.78
-0.044,-0.78
-0.043,-0.78
-0.042,-0.78
-0.041,-0.78
-0.04,-0.78
-0.039,-0.78
-0.038,-0.78
-0.037,-0.78
-0.032,-0.78
-0.03,-0.78
-0.029,-0.78
-0.026,-0.78
-0.025,-0.78
-0.019,-0.78
-0.226,-0.779
-0.224,-0.779
-0.221,-0.779
-0.213,-0.779
-0.212,-0.779
-0.211,-0.779
-0.21,-0.779
-0.209,-0.779
-0.208,-0.779
-0.207,-0.779
-0.206,-0.779
-0.205,-0.779
-0.204,-0.779
-0.203,-0.779
-0.202,-0.779
-0.201,-0.779
-0.2,-0.779
-0.199,-0.779
-0.198,-0.779
-0.197,-0.779
-0.196,-0.779
-0.195,-0.779
-0.194,-0.779
-0.193,-0.779
-0.192,-0.779
-0.191,-0.779
-0.19,-0.779
-0.189,-0.779
-0.188,-0.779
-0.187,-0.779
-0.186,-0.779
-0.185,-0.779
-0.184,-0.779
-0.183,-0.779
-0.182,-0.779
-0.181,-0.779
-0.18,-0.779
-0.179,-0.779
-0.178,-0.779
-0.177,-0.779
-0.176,-0.779
-0.175,-0.779
-0.174,-0.779
-0.173,-0.779
-0.172,-0.779
-0.171,-0.779
-0.17,-0.779
-0.169,-0.779
-0.168,-0.779
-0.167,-0.779
-0.166,-0.779
-0.165,-0.779
-0.164,-0.779
-0.163,-0.779
-0.162,-0.779
-0.161,-0.779
-0.16,-0.779
-0.159,-0.779
-0.158,-0.779
-0.157,-0.779
-0.156,-0.779
-0.155,-0.779
-0.154,-0.779
-0.153,-0.779
-0.152,-0.779
-0.151,-0.779
-0.15,-0.779
-0.149,-0.779
-0.148,-0.779
-0.147,-0.779
-0.146,-0.779
-0.145,-0.779
-0.144,-0.779
-0.143,-0.779
-0.142,-0.779
-0.141,-0.779
-0.14,-0.779
-0.139,-0.779
-0.138,-0.779
-0.137,-0.779
-0.136,-0.779
-0.135,-0.779
-0.134,-0.779
-0.133,-0.779
-0.132,-0.779
-0.131,-0.779
-0.13,-0.779
-0.129,-0.779
-0.128,-0.779
-0.127,-0.779
-0.126,-0.779
-0.125,-0.779
-0.124,-0.779
-0.123,-0.779
-0.122,-0.779
-0.121,-0.779
-0.12,-0.779
-0.119,-0.779
-0.118,-0.779
-0.117,-0.779
-0.116,-0.779
-0.115,-0.779
-0.114,-0.779
-0.113,-0.779
-0.112,-0.779
-0.111,-0.779
-0.11,-0.779
-0.109,-0.779
-0.108,-0.779
-0.107,-0.779
-0.106,-0.779
-0.105,-0.779
-0.104,-0.779
-0.103,-0.779
-0.102,-0.779
-0.101,-0.779
-0.1,-0.779
-0.099,-0.779
-0.098,-0.779
-0.097,-0.779
-0.096,-0.779
-0.095,-0.779
-0.094,-0.779
-0.093,-0.779
-0.092,-0.779
-0.091,-0.779
-0.09,-0.779
-0.089,-0.779
-0.088,-0.779
-0.087,-0.779
-0.086,-0.779
-0.085,-0.779
-0.084,-0.779
-0.083,-0.779
-0.082,-0.779
-0.081,-0.779
-0.08,-0.779
-0.079,-0.779
-0.078,-0.779
-0.077,-0.779
-0.076,-0.779
-0.075,-0.779
-0.074,-0.779
-0.073,-0.779
-0.072,-0.779
-0.071,-0.779
-0.07,-0.779
-0.069,-0.779
-0.068,-0.779
-0.067,-0.779
-0.066,-0.779
-0.065,-0.779
-0.064,-0.779
-0.063,-0.779
-0.062,-0.779
-0.061,-0.779
-0.06,-0.779
-0.059,-0.779
-0.058,-0.779
-0.057,-0.779
-0.056,-0.779
-0.055,-0.779
-0.054,-0.779
-0.053,-0.779
-0.052,-0.779
-0.051,-0.779
-0.05,-0.779
-0.049,-0.779
-0.048,-0.779
-0.047,-0.779
-0.046,-0.779
-0.045,-0.779
-0.044,-0.779
-0.043,-0.779
-0.042,-0.779
-0.041,-0.779
-0.04,-0.779
-0.039,-0.779
-0.038,-0.779
-0.037,-0.779
-0.036,-0.779
-0.031,-0.779
-0.029,-0.779
-0.026,-0.779
-0.019,-0.779
-0.222,-0.778
-0.215,-0.778
-0.214,-0.778
-0.213,-0.778
-0.212,-0.778
-0.211,-0.778
-0.21,-0.778
-0.209,-0.778
-0.208,-0.778
-0.207,-0.778
-0.206,-0.778
-0.205,-0.778
-0.204,-0.778
-0.203,-0.778
-0.202,-0.778
-0.201,-0.778
-0.2,-0.778
-0.199,-0.778
-0.198,-0.778
-0.197,-0.778
-0.196,-0.778
-0.195,-0.778
-0.194,-0.778
-0.193,-0.778
-0.192,-0.778
-0.191,-0.778
-0.19,-0.778
-0.189,-0.778
-0.188,-0.778
-0.187,-0.778
-0.186,-0.778
-0.185,-0.778
-0.184,-0.778
-0.183,-0.778
-0.182,-0.778
-0.181,-0.778
-0.18,-0.778
-0.179,-0.778
-0.178,-0.778
-0.177,-0.778
-0.176,-0.778
-0.175,-0.778
-0.174,-0.778
-0.173,-0.778
-0.172,-0.778
-0.171,-0.778
-0.17,-0.778
-0.169,-0.778
-0.168,-0.778
-0.167,-0.778
-0.166,-0.778
-0.165,-0.778
-0.164,-0.778
-0.163,-0.778
-0.162,-0.778
-0.161,-0.778
-0.16,-0.778
-0.159,-0.778
-0.158,-0.778
-0.157,-0.778
-0.156,-0.778
-0.155,-0.778
-0.154,-0.778
-0.153,-0.778
-0.152,-0.778
-0.151,-0.778
-0.15,-0.778
-0.149,-0.778
-0.148,-0.778
-0.147,-0.778
-0.146,-0.778
-0.145,-0.778
-0.144,-0.778
-0.143,-0.778
-0.142,-0.778
-0.141,-0.778
-0.14,-0.778
-0.139,-0.778
-0.138,-0.778
-0.137,-0.778
-0.136,-0.778
-0.135,-0.778
-0.134,-0.778
-0.133,-0.778
-0.132,-0.778
-0.131,-0.778
-0.13,-0.778
-0.129,-0.778
-0.128,-0.778
-0.127,-0.778
-0.126,-0.778
-0.125,-0.778
-0.124,-0.778
-0.123,-0.778
-0.122,-0.778
-0.121,-0.778
-0.12,-0.778
-0.119,-0.778
-0.118,-0.778
-0.117,-0.778
-0.116,-0.778
-0.115,-0.778
-0.114,-0.778
-0.113,-0.778
-0.112,-0.778
-0.111,-0.778
-0.11,-0.778
-0.109,-0.778
-0.108,-0.778
-0.107,-0.778
-0.106,-0.778
-0.105,-0.778
-0.104,-0.778
-0.103,-0.778
-0.102,-0.778
-0.101,-0.778
-0.1,-0.778
-0.099,-0.778
-0.098,-0.778
-0.097,-0.778
-0.096,-0.778
-0.095,-0.778
-0.094,-0.778
-0.093,-0.778
-0.092,-0.778
-0.091,-0.778
-0.09,-0.778
-0.089,-0.778
-0.088,-0.778
-0.087,-0.778
-0.086,-0.778
-0.085,-0.778
-0.084,-0.778
-0.083,-0.778
-0.082,-0.778
-0.081,-0.778
-0.08,-0.778
-0.079,-0.778
-0.078,-0.778
-0.077,-0.778
-0.076,-0.778
-0.075,-0.778
-0.074,-0.778
-0.073,-0.778
-0.072,-0.778
-0.071,-0.778
-0.07,-0.778
-0.069,-0.778
-0.068,-0.778
-0.067,-0.778
-0.066,-0.778
-0.065,-0.778
-0.064,-0.778
-0.063,-0.778
-0.062,-0.778
-0.061,-0.778
-0.06,-0.778
-0.059,-0.778
-0.058,-0.778
-0.057,-0.778
-0.056,-0.778
-0.055,-0.778
-0.054,-0.778
-0.053,-0.778
-0.052,-0.778
-0.051,-0.778
-0.05,-0.778
-0.049,-0.778
-0.048,-0.778
-0.047,-0.778
-0.046,-0.778
-0.045,-0.778
-0.044,-0.778
-0.043,-0.778
-0.042,-0.778
-0.041,-0.778
-0.04,-0.778
-0.039,-0.778
-0.038,-0.778
-0.037,-0.778
-0.036,-0.778
-0.035,-0.778
-0.021,-0.778
-0.224,-0.777
-0.222,-0.777
-0.22,-0.777
-0.218,-0.777
-0.217,-0.777
-0.216,-0.777
-0.214,-0.777
-0.213,-0.777
-0.212,-0.777
-0.211,-0.777
-0.21,-0.777
-0.209,-0.777
-0.208,-0.777
-0.207,-0.777
-0.206,-0.777
-0.205,-0.777
-0.204,-0.777
-0.203,-0.777
-0.202,-0.777
-0.201,-0.777
-0.2,-0.777
-0.199,-0.777
-0.198,-0.777
-0.197,-0.777
-0.196,-0.777
-0.195,-0.777
-0.194,-0.777
-0.193,-0.777
-0.192,-0.777
-0.191,-0.777
-0.19,-0.777
-0.189,-0.777
-0.188,-0.777
-0.187,-0.777
-0.186,-0.777
-0.185,-0.777
-0.184,-0.777
-0.183,-0.777
-0.182,-0.777
-0.181,-0.777
-0.18,-0.777
-0.179,-0.777
-0.178,-0.777
-0.177,-0.777
-0.176,-0.777
-0.175,-0.777
-0.174,-0.777
-0.173,-0.777
-0.172,-0.777
-0.171,-0.777
-0.17,-0.777
-0.169,-0.777
-0.168,-0.777
-0.167,-0.777
-0.166,-0.777
-0.165,-0.777
-0.164,-0.777
-0.163,-0.777
-0.162,-0.777
-0.161,-0.777
-0.16,-0.777
-0.159,-0.777
-0.158,-0.777
-0.157,-0.777
-0.156,-0.777
-0.155,-0.777
-0.154,-0.777
-0.153,-0.777
-0.152,-0.777
-0.151,-0.777
-0.15,-0.777
-0.149,-0.777
-0.148,-0.777
-0.147,-0.777
-0.146,-0.777
-0.145,-0.777
-0.144,-0.777
-0.143,-0.777
-0.142,-0.777
-0.141,-0.777
-0.14,-0.777
-0.139,-0.777
-0.138,-0.777
-0.137,-0.777
-0.136,-0.777
-0.135,-0.777
-0.134,-0.777
-0.133,-0.777
-0.132,-0.777
-0.131,-0.777
-0.13,-0.777
-0.129,-0.777
-0.128,-0.777
-0.127,-0.777
-0.126,-0.777
-0.125,-0.777
-0.124,-0.777
-0.123,-0.777
-0.122,-0.777
-0.121,-0.777
-0.12,-0.777
-0.119,-0.777
-0.118,-0.777
-0.117,-0.777
-0.116,-0.777
-0.115,-0.777
-0.114,-0.777
-0.113,-0.777
-0.112,-0.777
-0.111,-0.777
-0.11,-0.777
-0.109,-0.777
-0.108,-0.777
-0.107,-0.777
-0.106,-0.777
-0.105,-0.777
-0.104,-0.777
-0.103,-0.777
-0.102,-0.777
-0.101,-0.777
-0.1,-0.777
-0.099,-0.777
-0.098,-0.777
-0.097,-0.777
-0.096,-0.777
-0.095,-0.777
-0.094,-0.777
-0.093,-0.777
-0.092,-0.777
-0.091,-0.777
-0.09,-0.777
-0.089,-0.777
-0.088,-0.777
-0.087,-0.777
-0.086,-0.777
-0.085,-0.777
-0.084,-0.777
-0.083,-0.777
-0.082,-0.777
-0.081,-0.777
-0.08,-0.777
-0.079,-0.777
-0.078,-0.777
-0.077,-0.777
-0.076,-0.777
-0.075,-0.777
-0.074,-0.777
-0.073,-0.777
-0.072,-0.777
-0.071,-0.777
-0.07,-0.777
-0.069,-0.777
-0.068,-0.777
-0.067,-0.777
-0.066,-0.777
-0.065,-0.777
-0.064,-0.777
-0.063,-0.777
-0.062,-0.777
-0.061,-0.777
-0.06,-0.777
-0.059,-0.777
-0.058,-0.777
-0.057,-0.777
-0.056,-0.777
-0.055,-0.777
-0.054,-0.777
-0.053,-0.777
-0.052,-0.777
-0.051,-0.777
-0.05,-0.777
-0.049,-0.777
-0.048,-0.777
-0.047,-0.777
-0.046,-0.777
-0.045,-0.777
-0.044,-0.777
-0.043,-0.777
-0.042,-0.777
-0.041,-0.777
-0.04,-0.777
-0.039,-0.777
-0.038,-0.777
-0.037,-0.777
-0.036,-0.777
-0.034,-0.777
-0.223,-0.776
-0.222,-0.776
-0.218,-0.776
-0.217,-0.776
-0.216,-0.776
-0.214,-0.776
-0.213,-0.776
-0.212,-0.776
-0.211,-0.776
-0.21,-0.776
-0.209,-0.776
-0.208,-0.776
-0.207,-0.776
-0.206,-0.776
-0.205,-0.776
-0.204,-0.776
-0.203,-0.776
-0.202,-0.776
-0.201,-0.776
-0.2,-0.776
-0.199,-0.776
-0.198,-0.776
-0.197,-0.776
-0.196,-0.776
-0.195,-0.776
-0.194,-0.776
-0.193,-0.776
-0.192,-0.776
-0.191,-0.776
-0.19,-0.776
-0.189,-0.776
-0.188,-0.776
-0.187,-0.776
-0.186,-0.776
-0.185,-0.776
-0.184,-0.776
-0.183,-0.776
-0.182,-0.776
-0.181,-0.776
-0.18,-0.776
-0.179,-0.776
-0.178,-0.776
-0.177,-0.776
-0.176,-0.776
-0.175,-0.776
-0.174,-0.776
-0.173,-0.776
-0.172,-0.776
-0.171,-0.776
-0.17,-0.776
-0.169,-0.776
-0.168,-0.776
-0.167,-0.776
-0.166,-0.776
-0.165,-0.776
-0.164,-0.776
-0.163,-0.776
-0.162,-0.776
-0.161,-0.776
-0.16,-0.776
-0.159,-0.776
-0.158,-0.776
-0.157,-0.776
-0.156,-0.776
-0.155,-0.776
-0.154,-0.776
-0.153,-0.776
-0.152,-0.776
-0.151,-0.776
-0.15,-0.776
-0.149,-0.776
-0.148,-0.776
-0.147,-0.776
-0.146,-0.776
-0.145,-0.776
-0.144,-0.776
-0.143,-0.776
-0.142,-0.776
-0.141,-0.776
-0.14,-0.776
-0.139,-0.776
-0.138,-0.776
-0.137,-0.776
-0.136,-0.776
-0.135,-0.776
-0.134,-0.776
-0.133,-0.776
-0.132,-0.776
-0.131,-0.776
-0.13,-0.776
-0.129,-0.776
-0.128,-0.776
-0.127,-0.776
-0.126,-0.776
-0.125,-0.776
-0.124,-0.776
-0.123,-0.776
-0.122,-0.776
-0.121,-0.776
-0.12,-0.776
-0.119,-0.776
-0.118,-0.776
-0.117,-0.776
-0.116,-0.776
-0.115,-0.776
-0.114,-0.776
-0.113,-0.776
-0.112,-0.776
-0.111,-0.776
-0.11,-0.776
-0.109,-0.776
-0.108,-0.776
-0.107,-0.776
-0.106,-0.776
-0.105,-0.776
-0.104,-0.776
-0.103,-0.776
-0.102,-0.776
-0.101,-0.776
-0.1,-0.776
-0.099,-0.776
-0.098,-0.776
-0.097,-0.776
-0.096,-0.776
-0.095,-0.776
-0.094,-0.776
-0.093,-0.776
-0.092,-0.776
-0.091,-0.776
-0.09,-0.776
-0.089,-0.776
-0.088,-0.776
-0.087,-0.776
-0.086,-0.776
-0.085,-0.776
-0.084,-0.776
-0.083,-0.776
-0.082,-0.776
-0.081,-0.776
-0.08,-0.776
-0.079,-0.776
-0.078,-0.776
-0.077,-0.776
-0.076,-0.776
-0.075,-0.776
-0.074,-0.776
-0.073,-0.776
-0.072,-0.776
-0.071,-0.776
-0.07,-0.776
-0.069,-0.776
-0.068,-0.776
-0.067,-0.776
-0.066,-0.776
-0.065,-0.776
-0.064,-0.776
-0.063,-0.776
-0.062,-0.776
-0.061,-0.776
-0.06,-0.776
-0.059,-0.776
-0.058,-0.776
-0.057,-0.776
-0.056,-0.776
-0.055,-0.776
-0.054,-0.776
-0.053,-0.776
-0.052,-0.776
-0.051,-0.776
-0.05,-0.776
-0.049,-0.776
-0.048,-0.776
-0.047,-0.776
-0.046,-0.776
-0.045,-0.776
-0.044,-0.776
-0.043,-0.776
-0.042,-0.776
-0.041,-0.776
-0.04,-0.776
-0.039,-0.776
-0.038,-0.776
-0.037,-0.776
-0.036,-0.776
-0.035,-0.776
-0.25,-0.775
-0.224,-0.775
-0.223,-0.775
-0.222,-0.775
-0.221,-0.775
-0.22,-0.775
-0.219,-0.775
-0.218,-0.775
-0.217,-0.775
-0.216,-0.775
-0.215,-0.775
-0.214,-0.775
-0.213,-0.775
-0.212,-0.775
-0.211,-0.775
-0.21,-0.775
-0.209,-0.775
-0.208,-0.775
-0.207,-0.775
-0.206,-0.775
-0.205,-0.775
-0.204,-0.775
-0.203,-0.775
-0.202,-0.775
-0.201,-0.775
-0.2,-0.775
-0.199,-0.775
-0.198,-0.775
-0.197,-0.775
-0.196,-0.775
-0.195,-0.775
-0.194,-0.775
-0.193,-0.775
-0.192,-0.775
-0.191,-0.775
-0.19,-0.775
-0.189,-0.775
-0.188,-0.775
-0.187,-0.775
-0.186,-0.775
-0.185,-0.775
-0.184,-0.775
-0.183,-0.775
-0.182,-0.775
-0.181,-0.775
-0.18,-0.775
-0.179,-0.775
-0.178,-0.775
-0.177,-0.775
-0.176,-0.775
-0.175,-0.775
-0.174,-0.775
-0.173,-0.775
-0.172,-0.775
-0.171,-0.775
-0.17,-0.775
-0.169,-0.775
-0.168,-0.775
-0.167,-0.775
-0.166,-0.775
-0.165,-0.775
-0.164,-0.775
-0.163,-0.775
-0.162,-0.775
-0.161,-0.775
-0.16,-0.775
-0.159,-0.775
-0.158,-0.775
-0.157,-0.775
-0.156,-0.775
-0.155,-0.775
-0.154,-0.775
-0.153,-0.775
-0.152,-0.775
-0.151,-0.775
-0.15,-0.775
-0.149,-0.775
-0.148,-0.775
-0.147,-0.775
-0.146,-0.775
-0.145,-0.775
-0.144,-0.775
-0.143,-0.775
-0.142,-0.775
-0.141,-0.775
-0.14,-0.775
-0.139,-0.775
-0.138,-0.775
-0.137,-0.775
-0.136,-0.775
-0.135,-0.775
-0.134,-0.775
-0.133,-0.775
-0.132,-0.775
-0.131,-0.775
-0.13,-0.775
-0.129,-0.775
-0.128,-0.775
-0.127,-0.775
-0.126,-0.775
-0.125,-0.775
-0.124,-0.775
-0.123,-0.775
-0.122,-0.775
-0.121,-0.775
-0.12,-0.775
-0.119,-0.775
-0.118,-0.775
-0.117,-0.775
-0.116,-0.775
-0.115,-0.775
-0.114,-0.775
-0.113,-0.775
-0.112,-0.775
-0.111,-0.775
-0.11,-0.775
-0.109,-0.775
-0.108,-0.775
-0.107,-0.775
-0.106,-0.775
-0.105,-0.775
-0.104,-0.775
-0.103,-0.775
-0.102,-0.775
-0.101,-0.775
-0.1,-0.775
-0.099,-0.775
-0.098,-0.775
-0.097,-0.775
-0.096,-0.775
-0.095,-0.775
-0.094,-0.775
-0.093,-0.775
-0.092,-0.775
-0.091,-0.775
-0.09,-0.775
-0.089,-0.775
-0.088,-0.775
-0.087,-0.775
-0.086,-0.775
-0.085,-0.775
-0.084,-0.775
-0.083,-0.775
-0.082,-0.775
-0.081,-0.775
-0.08,-0.775
-0.079,-0.775
-0.078,-0.775
-0.077,-0.775
-0.076,-0.775
-0.075,-0.775
-0.074,-0.775
-0.073,-0.775
-0.072,-0.775
-0.071,-0.775
-0.07,-0.775
-0.069,-0.775
-0.068,-0.775
-0.067,-0.775
-0.066,-0.775
-0.065,-0.775
-0.064,-0.775
-0.063,-0.775
-0.062,-0.775
-0.061,-0.775
-0.06,-0.775
-0.059,-0.775
-0.058,-0.775
-0.057,-0.775
-0.056,-0.775
-0.055,-0.775
-0.054,-0.775
-0.053,-0.775
-0.052,-0.775
-0.051,-0.775
-0.05,-0.775
-0.049,-0.775
-0.048,-0.775
-0.047,-0.775
-0.046,-0.775
-0.045,-0.775
-0.044,-0.775
-0.043,-0.775
-0.042,-0.775
-0.041,-0.775
-0.04,-0.775
-0.039,-0.775
-0.038,-0.775
-0.037,-0.775
-0.036,-0.775
-0.035,-0.775
-0.033,-0.775
-0.032,-0.775
-0.226,-0.774
-0.225,-0.774
-0.224,-0.774
-0.223,-0.774
-0.222,-0.774
-0.221,-0.774
-0.22,-0.774
-0.219,-0.774
-0.218,-0.774
-0.217,-0.774
-0.216,-0.774
-0.215,-0.774
-0.214,-0.774
-0.213,-0.774
-0.212,-0.774
-0.211,-0.774
-0.21,-0.774
-0.209,-0.774
-0.208,-0.774
-0.207,-0.774
-0.206,-0.774
-0.205,-0.774
-0.204,-0.774
-0.203,-0.774
-0.202,-0.774
-0.201,-0.774
-0.2,-0.774
-0.199,-0.774
-0.198,-0.774
-0.197,-0.774
-0.196,-0.774
-0.195,-0.774
-0.194,-0.774
-0.193,-0.774
-0.192,-0.774
-0.191,-0.774
-0.19,-0.774
-0.189,-0.774
-0.188,-0.774
-0.187,-0.774
-0.186,-0.774
-0.185,-0.774
-0.184,-0.774
-0.183,-0.774
-0.182,-0.774
-0.181,-0.774
-0.18,-0.774
-0.179,-0.774
-0.178,-0.774
-0.177,-0.774
-0.176,-0.774
-0.175,-0.774
-0.174,-0.774
-0.173,-0.774
-0.172,-0.774
-0.171,-0.774
-0.17,-0.774
-0.169,-0.774
-0.168,-0.774
-0.167,-0.774
-0.166,-0.774
-0.165,-0.774
-0.164,-0.774
-0.163,-0.774
-0.162,-0.774
-0.161,-0.774
-0.16,-0.774
-0.159,-0.774
-0.158,-0.774
-0.157,-0.774
-0.156,-0.774
-0.155,-0.774
-0.154,-0.774
-0.153,-0.774
-0.152,-0.774
-0.151,-0.774
-0.15,-0.774
-0.149,-0.774
-0.148,-0.774
-0.147,-0.774
-0.146,-0.774
-0.145,-0.774
-0.144,-0.774
-0.143,-0.774
-0.142,-0.774
-0.141,-0.774
-0.14,-0.774
-0.139,-0.774
-0.138,-0.774
-0.137,-0.774
-0.136,-0.774
-0.135,-0.774
-0.134,-0.774
-0.133,-0.774
-0.132,-0.774
-0.131,-0.774
-0.13,-0.774
-0.129,-0.774
-0.128,-0.774
-0.127,-0.774
-0.126,-0.774
-0.125,-0.774
-0.124,-0.774
-0.123,-0.774
-0.122,-0.774
-0.121,-0.774
-0.12,-0.774
-0.119,-0.774
-0.118,-0.774
-0.117,-0.774
-0.116,-0.774
-0.115,-0.774
-0.114,-0.774
-0.113,-0.774
-0.112,-0.774
-0.111,-0.774
-0.11,-0.774
-0.109,-0.774
-0.108,-0.774
-0.107,-0.774
-0.106,-0.774
-0.105,-0.774
-0.104,-0.774
-0.103,-0.774
-0.102,-0.774
-0.101,-0.774
-0.1,-0.774
-0.099,-0.774
-0.098,-0.774
-0.097,-0.774
-0.096,-0.774
-0.095,-0.774
-0.094,-0.774
-0.093,-0.774
-0.092,-0.774
-0.091,-0.774
-0.09,-0.774
-0.089,-0.774
-0.088,-0.774
-0.087,-0.774
-0.086,-0.774
-0.085,-0.774
-0.084,-0.774
-0.083,-0.774
-0.082,-0.774
-0.081,-0.774
-0.08,-0.774
-0.079,-0.774
-0.078,-0.774
-0.077,-0.774
-0.076,-0.774
-0.075,-0.774
-0.074,-0.774
-0.073,-0.774
-0.072,-0.774
-0.071,-0.774
-0.07,-0.774
-0.069,-0.774
-0.068,-0.774
-0.067,-0.774
-0.066,-0.774
-0.065,-0.774
-0.064,-0.774
-0.063,-0.774
-0.062,-0.774
-0.061,-0.774
-0.06,-0.774
-0.059,-0.774
-0.058,-0.774
-0.057,-0.774
-0.056,-0.774
-0.055,-0.774
-0.054,-0.774
-0.053,-0.774
-0.052,-0.774
-0.051,-0.774
-0.05,-0.774
-0.049,-0.774
-0.048,-0.774
-0.047,-0.774
-0.046,-0.774
-0.045,-0.774
-0.044,-0.774
-0.043,-0.774
-0.042,-0.774
-0.041,-0.774
-0.04,-0.774
-0.039,-0.774
-0.038,-0.774
-0.037,-0.774
-0.036,-0.774
-0.035,-0.774
-0.034,-0.774
-0.033,-0.774
-0.032,-0.774
-0.221,-0.773
-0.22,-0.773
-0.219,-0.773
-0.218,-0.773
-0.217,-0.773
-0.216,-0.773
-0.215,-0.773
-0.214,-0.773
-0.213,-0.773
-0.212,-0.773
-0.211,-0.773
-0.21,-0.773
-0.209,-0.773
-0.208,-0.773
-0.207,-0.773
-0.206,-0.773
-0.205,-0.773
-0.204,-0.773
-0.203,-0.773
-0.202,-0.773
-0.201,-0.773
-0.2,-0.773
-0.199,-0.773
-0.198,-0.773
-0.197,-0.773
-0.196,-0.773
-0.195,-0.773
-0.194,-0.773
-0.193,-0.773
-0.192,-0.773
-0.191,-0.773
-0.19,-0.773
-0.189,-0.773
-0.188,-0.773
-0.187,-0.773
-0.186,-0.773
-0.185,-0.773
-0.184,-0.773
-0.183,-0.773
-0.182,-0.773
-0.181,-0.773
-0.18,-0.773
-0.179,-0.773
-0.178,-0.773
-0.177,-0.773
-0.176,-0.773
-0.175,-0.773
-0.174,-0.773
-0.173,-0.773
-0.172,-0.773
-0.171,-0.773
-0.17,-0.773
-0.169,-0.773
-0.168,-0.773
-0.167,-0.773
-0.166,-0.773
-0.165,-0.773
-0.164,-0.773
-0.163,-0.773
-0.162,-0.773
-0.161,-0.773
-0.16,-0.773
-0.159,-0.773
-0.158,-0.773
-0.157,-0.773
-0.156,-0.773
-0.155,-0.773
-0.154,-0.773
-0.153,-0.773
-0.152,-0.773
-0.151,-0.773
-0.15,-0.773
-0.149,-0.773
-0.148,-0.773
-0.147,-0.773
-0.146,-0.773
-0.145,-0.773
-0.144,-0.773
-0.143,-0.773
-0.142,-0.773
-0.141,-0.773
-0.14,-0.773
-0.139,-0.773
-0.138,-0.773
-0.137,-0.773
-0.136,-0.773
-0.135,-0.773
-0.134,-0.773
-0.133,-0.773
-0.132,-0.773
-0.131,-0.773
-0.13,-0.773
-0.129,-0.773
-0.128,-0.773
-0.127,-0.773
-0.126,-0.773
-0.125,-0.773
-0.124,-0.773
-0.123,-0.773
-0.122,-0.773
-0.121,-0.773
-0.12,-0.773
-0.119,-0.773
-0.118,-0.773
-0.117,-0.773
-0.116,-0.773
-0.115,-0.773
-0.114,-0.773
-0.113,-0.773
-0.112,-0.773
-0.111,-0.773
-0.11,-0.773
-0.109,-0.773
-0.108,-0.773
-0.107,-0.773
-0.106,-0.773
-0.105,-0.773
-0.104,-0.773
-0.103,-0.773
-0.102,-0.773
-0.101,-0.773
-0.1,-0.773
-0.099,-0.773
-0.098,-0.773
-0.097,-0.773
-0.096,-0.773
-0.095,-0.773
-0.094,-0.773
-0.093,-0.773
-0.092,-0.773
-0.091,-0.773
-0.09,-0.773
-0.089,-0.773
-0.088,-0.773
-0.087,-0.773
-0.086,-0.773
-0.085,-0.773
-0.084,-0.773
-0.083,-0.773
-0.082,-0.773
-0.081,-0.773
-0.08,-0.773
-0.079,-0.773
-0.078,-0.773
-0.077,-0.773
-0.076,-0.773
-0.075,-0.773
-0.074,-0.773
-0.073,-0.773
-0.072,-0.773
-0.071,-0.773
-0.07,-0.773
-0.069,-0.773
-0.068,-0.773
-0.067,-0.773
-0.066,-0.773
-0.065,-0.773
-0.064,-0.773
-0.063,-0.773
-0.062,-0.773
-0.061,-0.773
-0.06,-0.773
-0.059,-0.773
-0.058,-0.773
-0.057,-0.773
-0.056,-0.773
-0.055,-0.773
-0.054,-0.773
-0.053,-0.773
-0.052,-0.773
-0.051,-0.773
-0.05,-0.773
-0.049,-0.773
-0.048,-0.773
-0.047,-0.773
-0.046,-0.773
-0.045,-0.773
-0.044,-0.773
-0.043,-0.773
-0.042,-0.773
-0.041,-0.773
-0.04,-0.773
-0.039,-0.773
-0.038,-0.773
-0.037,-0.773
-0.036,-0.773
-0.035,-0.773
-0.034,-0.773
-0.219,-0.772
-0.218,-0.772
-0.217,-0.772
-0.216,-0.772
-0.215,-0.772
-0.214,-0.772
-0.213,-0.772
-0.212,-0.772
-0.211,-0.772
-0.21,-0.772
-0.209,-0.772
-0.208,-0.772
-0.207,-0.772
-0.206,-0.772
-0.205,-0.772
-0.204,-0.772
-0.203,-0.772
-0.202,-0.772
-0.201,-0.772
-0.2,-0.772
-0.199,-0.772
-0.198,-0.772
-0.197,-0.772
-0.196,-0.772
-0.195,-0.772
-0.194,-0.772
-0.193,-0.772
-0.192,-0.772
-0.191,-0.772
-0.19,-0.772
-0.189,-0.772
-0.188,-0.772
-0.187,-0.772
-0.186,-0.772
-0.185,-0.772
-0.184,-0.772
-0.183,-0.772
-0.182,-0.772
-0.181,-0.772
-0.18,-0.772
-0.179,-0.772
-0.178,-0.772
-0.177,-0.772
-0.176,-0.772
-0.175,-0.772
-0.174,-0.772
-0.173,-0.772
-0.172,-0.772
-0.171,-0.772
-0.17,-0.772
-0.169,-0.772
-0.168,-0.772
-0.167,-0.772
-0.166,-0.772
-0.165,-0.772
-0.164,-0.772
-0.163,-0.772
-0.162,-0.772
-0.161,-0.772
-0.16,-0.772
-0.159,-0.772
-0.158,-0.772
-0.157,-0.772
-0.156,-0.772
-0.155,-0.772
-0.154,-0.772
-0.153,-0.772
-0.152,-0.772
-0.151,-0.772
-0.15,-0.772
-0.149,-0.772
-0.148,-0.772
-0.147,-0.772
-0.146,-0.772
-0.145,-0.772
-0.144,-0.772
-0.143,-0.772
-0.142,-0.772
-0.141,-0.772
-0.14,-0.772
-0.139,-0.772
-0.138,-0.772
-0.137,-0.772
-0.136,-0.772
-0.135,-0.772
-0.134,-0.772
-0.133,-0.772
-0.132,-0.772
-0.131,-0.772
-0.13,-0.772
-0.129,-0.772
-0.128,-0.772
-0.127,-0.772
-0.126,-0.772
-0.125,-0.772
-0.124,-0.772
-0.123,-0.772
-0.122,-0.772
-0.121,-0.772
-0.12,-0.772
-0.119,-0.772
-0.118,-0.772
-0.117,-0.772
-0.116,-0.772
-0.115,-0.772
-0.114,-0.772
-0.113,-0.772
-0.112,-0.772
-0.111,-0.772
-0.11,-0.772
-0.109,-0.772
-0.108,-0.772
-0.107,-0.772
-0.106,-0.772
-0.105,-0.772
-0.104,-0.772
-0.103,-0.772
-0.102,-0.772
-0.101,-0.772
-0.1,-0.772
-0.099,-0.772
-0.098,-0.772
-0.097,-0.772
-0.096,-0.772
-0.095,-0.772
-0.094,-0.772
-0.093,-0.772
-0.092,-0.772
-0.091,-0.772
-0.09,-0.772
-0.089,-0.772
-0.088,-0.772
-0.087,-0.772
-0.086,-0.772
-0.085,-0.772
-0.084,-0.772
-0.083,-0.772
-0.082,-0.772
-0.081,-0.772
-0.08,-0.772
-0.079,-0.772
-0.078,-0.772
-0.077,-0.772
-0.076,-0.772
-0.075,-0.772
-0.074,-0.772
-0.073,-0.772
-0.072,-0.772
-0.071,-0.772
-0.07,-0.772
-0.069,-0.772
-0.068,-0.772
-0.067,-0.772
-0.066,-0.772
-0.065,-0.772
-0.064,-0.772
-0.063,-0.772
-0.062,-0.772
-0.061,-0.772
-0.06,-0.772
-0.059,-0.772
-0.058,-0.772
-0.057,-0.772
-0.056,-0.772
-0.055,-0.772
-0.054,-0.772
-0.053,-0.772
-0.052,-0.772
-0.051,-0.772
-0.05,-0.772
-0.049,-0.772
-0.048,-0.772
-0.047,-0.772
-0.046,-0.772
-0.045,-0.772
-0.044,-0.772
-0.043,-0.772
-0.042,-0.772
-0.041,-0.772
-0.04,-0.772
-0.039,-0.772
-0.038,-0.772
-0.037,-0.772
-0.036,-0.772
-0.035,-0.772
-0.034,-0.772
-0.033,-0.772
-0.03,-0.772
-0.028,-0.772
-0.223,-0.771
-0.22,-0.771
-0.219,-0.771
-0.218,-0.771
-0.217,-0.771
-0.216,-0.771
-0.215,-0.771
-0.214,-0.771
-0.213,-0.771
-0.212,-0.771
-0.211,-0.771
-0.21,-0.771
-0.209,-0.771
-0.208,-0.771
-0.207,-0.771
-0.206,-0.771
-0.205,-0.771
-0.204,-0.771
-0.203,-0.771
-0.202,-0.771
-0.201,-0.771
-0.2,-0.771
-0.199,-0.771
-0.198,-0.771
-0.197,-0.771
-0.196,-0.771
-0.195,-0.771
-0.194,-0.771
-0.193,-0.771
-0.192,-0.771
-0.191,-0.771
-0.19,-0.771
-0.189,-0.771
-0.188,-0.771
-0.187,-0.771
-0.186,-0.771
-0.185,-0.771
-0.184,-0.771
-0.183,-0.771
-0.182,-0.771
-0.181,-0.771
-0.18,-0.771
-0.179,-0.771
-0.178,-0.771
-0.177,-0.771
-0.176,-0.771
-0.175,-0.771
-0.174,-0.771
-0.173,-0.771
-0.172,-0.771
-0.171,-0.771
-0.17,-0.771
-0.169,-0.771
-0.168,-0.771
-0.167,-0.771
-0.166,-0.771
-0.165,-0.771
-0.164,-0.771
-0.163,-0.771
-0.162,-0.771
-0.161,-0.771
-0.16,-0.771
-0.159,-0.771
-0.158,-0.771
-0.157,-0.771
-0.156,-0.771
-0.155,-0.771
-0.154,-0.771
-0.153,-0.771
-0.152,-0.771
-0.151,-0.771
-0.15,-0.771
-0.149,-0.771
-0.148,-0.771
-0.147,-0.771
-0.146,-0.771
-0.145,-0.771
-0.144,-0.771
-0.143,-0.771
-0.142,-0.771
-0.141,-0.771
-0.14,-0.771
-0.139,-0.771
-0.138,-0.771
-0.137,-0.771
-0.136,-0.771
-0.135,-0.771
-0.134,-0.771
-0.133,-0.771
-0.132,-0.771
-0.131,-0.771
-0.13,-0.771
-0.129,-0.771
-0.128,-0.771
-0.127,-0.771
-0.126,-0.771
-0.125,-0.771
-0.124,-0.771
-0.123,-0.771
-0.122,-0.771
-0.121,-0.771
-0.12,-0.771
-0.119,-0.771
-0.118,-0.771
-0.117,-0.771
-0.116,-0.771
-0.115,-0.771
-0.114,-0.771
-0.113,-0.771
-0.112,-0.771
-0.111,-0.771
-0.11,-0.771
-0.109,-0.771
-0.108,-0.771
-0.107,-0.771
-0.106,-0.771
-0.105,-0.771
-0.104,-0.771
-0.103,-0.771
-0.102,-0.771
-0.101,-0.771
-0.1,-0.771
-0.099,-0.771
-0.098,-0.771
-0.097,-0.771
-0.096,-0.771
-0.095,-0.771
-0.094,-0.771
-0.093,-0.771
-0.092,-0.771
-0.091,-0.771
-0.09,-0.771
-0.089,-0.771
-0.088,-0.771
-0.087,-0.771
-0.086,-0.771
-0.085,-0.771
-0.084,-0.771
-0.083,-0.771
-0.082,-0.771
-0.081,-0.771
-0.08,-0.771
-0.079,-0.771
-0.078,-0.771
-0.077,-0.771
-0.076,-0.771
-0.075,-0.771
-0.074,-0.771
-0.073,-0.771
-0.072,-0.771
-0.071,-0.771
-0.07,-0.771
-0.069,-0.771
-0.068,-0.771
-0.067,-0.771
-0.066,-0.771
-0.065,-0.771
-0.064,-0.771
-0.063,-0.771
-0.062,-0.771
-0.061,-0.771
-0.06,-0.771
-0.059,-0.771
-0.058,-0.771
-0.057,-0.771
-0.056,-0.771
-0.055,-0.771
-0.054,-0.771
-0.053,-0.771
-0.052,-0.771
-0.051,-0.771
-0.05,-0.771
-0.049,-0.771
-0.048,-0.771
-0.047,-0.771
-0.046,-0.771
-0.045,-0.771
-0.044,-0.771
-0.043,-0.771
-0.042,-0.771
-0.041,-0.771
-0.04,-0.771
-0.039,-0.771
-0.038,-0.771
-0.037,-0.771
-0.036,-0.771
-0.035,-0.771
-0.034,-0.771
-0.033,-0.771
-0.032,-0.771
-0.031,-0.771
-0.03,-0.771
-0.029,-0.771
-0.219,-0.77
-0.216,-0.77
-0.215,-0.77
-0.214,-0.77
-0.213,-0.77
-0.212,-0.77
-0.211,-0.77
-0.21,-0.77
-0.209,-0.77
-0.208,-0.77
-0.207,-0.77
-0.206,-0.77
-0.205,-0.77
-0.204,-0.77
-0.203,-0.77
-0.202,-0.77
-0.201,-0.77
-0.2,-0.77
-0.199,-0.77
-0.198,-0.77
-0.197,-0.77
-0.196,-0.77
-0.195,-0.77
-0.194,-0.77
-0.193,-0.77
-0.192,-0.77
-0.191,-0.77
-0.19,-0.77
-0.189,-0.77
-0.188,-0.77
-0.187,-0.77
-0.186,-0.77
-0.185,-0.77
-0.184,-0.77
-0.183,-0.77
-0.182,-0.77
-0.181,-0.77
-0.18,-0.77
-0.179,-0.77
-0.178,-0.77
-0.177,-0.77
-0.176,-0.77
-0.175,-0.77
-0.174,-0.77
-0.173,-0.77
-0.172,-0.77
-0.171,-0.77
-0.17,-0.77
-0.169,-0.77
-0.168,-0.77
-0.167,-0.77
-0.166,-0.77
-0.165,-0.77
-0.164,-0.77
-0.163,-0.77
-0.162,-0.77
-0.161,-0.77
-0.16,-0.77
-0.159,-0.77
-0.158,-0.77
-0.157,-0.77
-0.156,-0.77
-0.155,-0.77
-0.154,-0.77
-0.153,-0.77
-0.152,-0.77
-0.151,-0.77
-0.15,-0.77
-0.149,-0.77
-0.148,-0.77
-0.147,-0.77
-0.146,-0.77
-0.145,-0.77
-0.144,-0.77
-0.143,-0.77
-0.142,-0.77
-0.141,-0.77
-0.14,-0.77
-0.139,-0.77
-0.138,-0.77
-0.137,-0.77
-0.136,-0.77
-0.135,-0.77
-0.134,-0.77
-0.133,-0.77
-0.132,-0.77
-0.131,-0.77
-0.13,-0.77
-0.129,-0.77
-0.128,-0.77
-0.127,-0.77
-0.126,-0.77
-0.125,-0.77
-0.124,-0.77
-0.123,-0.77
-0.122,-0.77
-0.121,-0.77
-0.12,-0.77
-0.119,-0.77
-0.118,-0.77
-0.117,-0.77
-0.116,-0.77
-0.115,-0.77
-0.114,-0.77
-0.113,-0.77
-0.112,-0.77
-0.111,-0.77
-0.11,-0.77
-0.109,-0.77
-0.108,-0.77
-0.107,-0.77
-0.106,-0.77
-0.105,-0.77
-0.104,-0.77
-0.103,-0.77
-0.102,-0.77
-0.101,-0.77
-0.1,-0.77
-0.099,-0.77
-0.098,-0.77
-0.097,-0.77
-0.096,-0.77
-0.095,-0.77
-0.094,-0.77
-0.093,-0.77
-0.092,-0.77
-0.091,-0.77
-0.09,-0.77
-0.089,-0.77
-0.088,-0.77
-0.087,-0.77
-0.086,-0.77
-0.085,-0.77
-0.084,-0.77
-0.083,-0.77
-0.082,-0.77
-0.081,-0.77
-0.08,-0.77
-0.079,-0.77
-0.078,-0.77
-0.077,-0.77
-0.076,-0.77
-0.075,-0.77
-0.074,-0.77
-0.073,-0.77
-0.072,-0.77
-0.071,-0.77
-0.07,-0.77
-0.069,-0.77
-0.068,-0.77
-0.067,-0.77
-0.066,-0.77
-0.065,-0.77
-0.064,-0.77
-0.063,-0.77
-0.062,-0.77
-0.061,-0.77
-0.06,-0.77
-0.059,-0.77
-0.058,-0.77
-0.057,-0.77
-0.056,-0.77
-0.055,-0.77
-0.054,-0.77
-0.053,-0.77
-0.052,-0.77
-0.051,-0.77
-0.05,-0.77
-0.049,-0.77
-0.048,-0.77
-0.047,-0.77
-0.046,-0.77
-0.045,-0.77
-0.044,-0.77
-0.043,-0.77
-0.042,-0.77
-0.041,-0.77
-0.04,-0.77
-0.039,-0.77
-0.038,-0.77
-0.037,-0.77
-0.036,-0.77
-0.035,-0.77
-0.034,-0.77
-0.033,-0.77
-0.032,-0.77
-0.031,-0.77
-0.03,-0.77
-0.018,-0.77
-0.254,-0.769
-0.216,-0.769
-0.215,-0.769
-0.214,-0.769
-0.213,-0.769
-0.212,-0.769
-0.211,-0.769
-0.21,-0.769
-0.209,-0.769
-0.208,-0.769
-0.207,-0.769
-0.206,-0.769
-0.205,-0.769
-0.204,-0.769
-0.203,-0.769
-0.202,-0.769
-0.201,-0.769
-0.2,-0.769
-0.199,-0.769
-0.198,-0.769
-0.197,-0.769
-0.196,-0.769
-0.195,-0.769
-0.194,-0.769
-0.193,-0.769
-0.192,-0.769
-0.191,-0.769
-0.19,-0.769
-0.189,-0.769
-0.188,-0.769
-0.187,-0.769
-0.186,-0.769
-0.185,-0.769
-0.184,-0.769
-0.183,-0.769
-0.182,-0.769
-0.181,-0.769
-0.18,-0.769
-0.179,-0.769
-0.178,-0.769
-0.177,-0.769
-0.176,-0.769
-0.175,-0.769
-0.174,-0.769
-0.173,-0.769
-0.172,-0.769
-0.171,-0.769
-0.17,-0.769
-0.169,-0.769
-0.168,-0.769
-0.167,-0.769
-0.166,-0.769
-0.165,-0.769
-0.164,-0.769
-0.163,-0.769
-0.162,-0.769
-0.161,-0.769
-0.16,-0.769
-0.159,-0.769
-0.158,-0.769
-0.157,-0.769
-0.156,-0.769
-0.155,-0.769
-0.154,-0.769
-0.153,-0.769
-0.152,-0.769
-0.151,-0.769
-0.15,-0.769
-0.149,-0.769
-0.148,-0.769
-0.147,-0.769
-0.146,-0.769
-0.145,-0.769
-0.144,-0.769
-0.143,-0.769
-0.142,-0.769
-0.141,-0.769
-0.14,-0.769
-0.139,-0.769
-0.138,-0.769
-0.137,-0.769
-0.136,-0.769
-0.135,-0.769
-0.134,-0.769
-0.133,-0.769
-0.132,-0.769
-0.131,-0.769
-0.13,-0.769
-0.129,-0.769
-0.128,-0.769
-0.127,-0.769
-0.126,-0.769
-0.125,-0.769
-0.124,-0.769
-0.123,-0.769
-0.122,-0.769
-0.121,-0.769
-0.12,-0.769
-0.119,-0.769
-0.118,-0.769
-0.117,-0.769
-0.116,-0.769
-0.115,-0.769
-0.114,-0.769
-0.113,-0.769
-0.112,-0.769
-0.111,-0.769
-0.11,-0.769
-0.109,-0.769
-0.108,-0.769
-0.107,-0.769
-0.106,-0.769
-0.105,-0.769
-0.104,-0.769
-0.103,-0.769
-0.102,-0.769
-0.101,-0.769
-0.1,-0.769
-0.099,-0.769
-0.098,-0.769
-0.097,-0.769
-0.096,-0.769
-0.095,-0.769
-0.094,-0.769
-0.093,-0.769
-0.092,-0.769
-0.091,-0.769
-0.09,-0.769
-0.089,-0.769
-0.088,-0.769
-0.087,-0.769
-0.086,-0.769
-0.085,-0.769
-0.084,-0.769
-0.083,-0.769
-0.082,-0.769
-0.081,-0.769
-0.08,-0.769
-0.079,-0.769
-0.078,-0.769
-0.077,-0.769
-0.076,-0.769
-0.075,-0.769
-0.074,-0.769
-0.073,-0.769
-0.072,-0.769
-0.071,-0.769
-0.07,-0.769
-0.069,-0.769
-0.068,-0.769
-0.067,-0.769
-0.066,-0.769
-0.065,-0.769
-0.064,-0.769
-0.063,-0.769
-0.062,-0.769
-0.061,-0.769
-0.06,-0.769
-0.059,-0.769
-0.058,-0.769
-0.057,-0.769
-0.056,-0.769
-0.055,-0.769
-0.054,-0.769
-0.053,-0.769
-0.052,-0.769
-0.051,-0.769
-0.05,-0.769
-0.049,-0.769
-0.048,-0.769
-0.047,-0.769
-0.046,-0.769
-0.045,-0.769
-0.044,-0.769
-0.043,-0.769
-0.042,-0.769
-0.041,-0.769
-0.04,-0.769
-0.039,-0.769
-0.038,-0.769
-0.037,-0.769
-0.036,-0.769
-0.035,-0.769
-0.034,-0.769
-0.033,-0.769
-0.032,-0.769
-0.03,-0.769
-0.219,-0.768
-0.218,-0.768
-0.217,-0.768
-0.216,-0.768
-0.215,-0.768
-0.214,-0.768
-0.213,-0.768
-0.212,-0.768
-0.211,-0.768
-0.21,-0.768
-0.209,-0.768
-0.208,-0.768
-0.207,-0.768
-0.206,-0.768
-0.205,-0.768
-0.204,-0.768
-0.203,-0.768
-0.202,-0.768
-0.201,-0.768
-0.2,-0.768
-0.199,-0.768
-0.198,-0.768
-0.197,-0.768
-0.196,-0.768
-0.195,-0.768
-0.194,-0.768
-0.193,-0.768
-0.192,-0.768
-0.191,-0.768
-0.19,-0.768
-0.189,-0.768
-0.188,-0.768
-0.187,-0.768
-0.186,-0.768
-0.185,-0.768
-0.184,-0.768
-0.183,-0.768
-0.182,-0.768
-0.181,-0.768
-0.18,-0.768
-0.179,-0.768
-0.178,-0.768
-0.177,-0.768
-0.176,-0.768
-0.175,-0.768
-0.174,-0.768
-0.173,-0.768
-0.172,-0.768
-0.171,-0.768
-0.17,-0.768
-0.169,-0.768
-0.168,-0.768
-0.167,-0.768
-0.166,-0.768
-0.165,-0.768
-0.164,-0.768
-0.163,-0.768
-0.162,-0.768
-0.161,-0.768
-0.16,-0.768
-0.159,-0.768
-0.158,-0.768
-0.157,-0.768
-0.156,-0.768
-0.155,-0.768
-0.154,-0.768
-0.153,-0.768
-0.152,-0.768
-0.151,-0.768
-0.15,-0.768
-0.149,-0.768
-0.148,-0.768
-0.147,-0.768
-0.146,-0.768
-0.145,-0.768
-0.144,-0.768
-0.143,-0.768
-0.142,-0.768
-0.141,-0.768
-0.14,-0.768
-0.139,-0.768
-0.138,-0.768
-0.137,-0.768
-0.136,-0.768
-0.135,-0.768
-0.134,-0.768
-0.133,-0.768
-0.132,-0.768
-0.131,-0.768
-0.13,-0.768
-0.129,-0.768
-0.128,-0.768
-0.127,-0.768
-0.126,-0.768
-0.125,-0.768
-0.124,-0.768
-0.123,-0.768
-0.122,-0.768
-0.121,-0.768
-0.12,-0.768
-0.119,-0.768
-0.118,-0.768
-0.117,-0.768
-0.116,-0.768
-0.115,-0.768
-0.114,-0.768
-0.113,-0.768
-0.112,-0.768
-0.111,-0.768
-0.11,-0.768
-0.109,-0.768
-0.108,-0.768
-0.107,-0.768
-0.106,-0.768
-0.105,-0.768
-0.104,-0.768
-0.103,-0.768
-0.102,-0.768
-0.101,-0.768
-0.1,-0.768
-0.099,-0.768
-0.098,-0.768
-0.097,-0.768
-0.096,-0.768
-0.095,-0.768
-0.094,-0.768
-0.093,-0.768
-0.092,-0.768
-0.091,-0.768
-0.09,-0.768
-0.089,-0.768
-0.088,-0.768
-0.087,-0.768
-0.086,-0.768
-0.085,-0.768
-0.084,-0.768
-0.083,-0.768
-0.082,-0.768
-0.081,-0.768
-0.08,-0.768
-0.079,-0.768
-0.078,-0.768
-0.077,-0.768
-0.076,-0.768
-0.075,-0.768
-0.074,-0.768
-0.073,-0.768
-0.072,-0.768
-0.071,-0.768
-0.07,-0.768
-0.069,-0.768
-0.068,-0.768
-0.067,-0.768
-0.066,-0.768
-0.065,-0.768
-0.064,-0.768
-0.063,-0.768
-0.062,-0.768
-0.061,-0.768
-0.06,-0.768
-0.059,-0.768
-0.058,-0.768
-0.057,-0.768
-0.056,-0.768
-0.055,-0.768
-0.054,-0.768
-0.053,-0.768
-0.052,-0.768
-0.051,-0.768
-0.05,-0.768
-0.049,-0.768
-0.048,-0.768
-0.047,-0.768
-0.046,-0.768
-0.045,-0.768
-0.044,-0.768
-0.043,-0.768
-0.042,-0.768
-0.041,-0.768
-0.04,-0.768
-0.039,-0.768
-0.038,-0.768
-0.037,-0.768
-0.036,-0.768
-0.035,-0.768
-0.034,-0.768
-0.033,-0.768
-0.032,-0.768
-0.031,-0.768
-0.03,-0.768
-0.22,-0.767
-0.217,-0.767
-0.216,-0.767
-0.215,-0.767
-0.214,-0.767
-0.213,-0.767
-0.212,-0.767
-0.211,-0.767
-0.21,-0.767
-0.209,-0.767
-0.208,-0.767
-0.207,-0.767
-0.206,-0.767
-0.205,-0.767
-0.204,-0.767
-0.203,-0.767
-0.202,-0.767
-0.201,-0.767
-0.2,-0.767
-0.199,-0.767
-0.198,-0.767
-0.197,-0.767
-0.196,-0.767
-0.195,-0.767
-0.194,-0.767
-0.193,-0.767
-0.192,-0.767
-0.191,-0.767
-0.19,-0.767
-0.189,-0.767
-0.188,-0.767
-0.187,-0.767
-0.186,-0.767
-0.185,-0.767
-0.184,-0.767
-0.183,-0.767
-0.182,-0.767
-0.181,-0.767
-0.18,-0.767
-0.179,-0.767
-0.178,-0.767
-0.177,-0.767
-0.176,-0.767
-0.175,-0.767
-0.174,-0.767
-0.173,-0.767
-0.172,-0.767
-0.171,-0.767
-0.17,-0.767
-0.169,-0.767
-0.168,-0.767
-0.167,-0.767
-0.166,-0.767
-0.165,-0.767
-0.164,-0.767
-0.163,-0.767
-0.162,-0.767
-0.161,-0.767
-0.16,-0.767
-0.159,-0.767
-0.158,-0.767
-0.157,-0.767
-0.156,-0.767
-0.155,-0.767
-0.154,-0.767
-0.153,-0.767
-0.152,-0.767
-0.151,-0.767
-0.15,-0.767
-0.149,-0.767
-0.148,-0.767
-0.147,-0.767
-0.146,-0.767
-0.145,-0.767
-0.144,-0.767
-0.143,-0.767
-0.142,-0.767
-0.141,-0.767
-0.14,-0.767
-0.139,-0.767
-0.138,-0.767
-0.137,-0.767
-0.136,-0.767
-0.135,-0.767
-0.134,-0.767
-0.133,-0.767
-0.132,-0.767
-0.131,-0.767
-0.13,-0.767
-0.129,-0.767
-0.128,-0.767
-0.127,-0.767
-0.126,-0.767
-0.125,-0.767
-0.124,-0.767
-0.123,-0.767
-0.122,-0.767
-0.121,-0.767
-0.12,-0.767
-0.119,-0.767
-0.118,-0.767
-0.117,-0.767
-0.116,-0.767
-0.115,-0.767
-0.114,-0.767
-0.113,-0.767
-0.112,-0.767
-0.111,-0.767
-0.11,-0.767
-0.109,-0.767
-0.108,-0.767
-0.107,-0.767
-0.106,-0.767
-0.105,-0.767
-0.104,-0.767
-0.103,-0.767
-0.102,-0.767
-0.101,-0.767
-0.1,-0.767
-0.099,-0.767
-0.098,-0.767
-0.097,-0.767
-0.096,-0.767
-0.095,-0.767
-0.094,-0.767
-0.093,-0.767
-0.092,-0.767
-0.091,-0.767
-0.09,-0.767
-0.089,-0.767
-0.088,-0.767
-0.087,-0.767
-0.086,-0.767
-0.085,-0.767
-0.084,-0.767
-0.083,-0.767
-0.082,-0.767
-0.081,-0.767
-0.08,-0.767
-0.079,-0.767
-0.078,-0.767
-0.077,-0.767
-0.076,-0.767
-0.075,-0.767
-0.074,-0.767
-0.073,-0.767
-0.072,-0.767
-0.071,-0.767
-0.07,-0.767
-0.069,-0.767
-0.068,-0.767
-0.067,-0.767
-0.066,-0.767
-0.065,-0.767
-0.064,-0.767
-0.063,-0.767
-0.062,-0.767
-0.061,-0.767
-0.06,-0.767
-0.059,-0.767
-0.058,-0.767
-0.057,-0.767
-0.056,-0.767
-0.055,-0.767
-0.054,-0.767
-0.053,-0.767
-0.052,-0.767
-0.051,-0.767
-0.05,-0.767
-0.049,-0.767
-0.048,-0.767
-0.047,-0.767
-0.046,-0.767
-0.045,-0.767
-0.044,-0.767
-0.043,-0.767
-0.042,-0.767
-0.041,-0.767
-0.04,-0.767
-0.039,-0.767
-0.038,-0.767
-0.037,-0.767
-0.036,-0.767
-0.035,-0.767
-0.034,-0.767
-0.033,-0.767
-0.032,-0.767
-0.026,-0.767
-0.221,-0.766
-0.22,-0.766
-0.219,-0.766
-0.218,-0.766
-0.217,-0.766
-0.216,-0.766
-0.215,-0.766
-0.214,-0.766
-0.213,-0.766
-0.212,-0.766
-0.211,-0.766
-0.21,-0.766
-0.209,-0.766
-0.208,-0.766
-0.207,-0.766
-0.206,-0.766
-0.205,-0.766
-0.204,-0.766
-0.203,-0.766
-0.202,-0.766
-0.201,-0.766
-0.2,-0.766
-0.199,-0.766
-0.198,-0.766
-0.197,-0.766
-0.196,-0.766
-0.195,-0.766
-0.194,-0.766
-0.193,-0.766
-0.192,-0.766
-0.191,-0.766
-0.19,-0.766
-0.189,-0.766
-0.188,-0.766
-0.187,-0.766
-0.186,-0.766
-0.185,-0.766
-0.184,-0.766
-0.183,-0.766
-0.182,-0.766
-0.181,-0.766
-0.18,-0.766
-0.179,-0.766
-0.178,-0.766
-0.177,-0.766
-0.176,-0.766
-0.175,-0.766
-0.174,-0.766
-0.173,-0.766
-0.172,-0.766
-0.171,-0.766
-0.17,-0.766
-0.169,-0.766
-0.168,-0.766
-0.167,-0.766
-0.166,-0.766
-0.165,-0.766
-0.164,-0.766
-0.163,-0.766
-0.162,-0.766
-0.161,-0.766
-0.16,-0.766
-0.159,-0.766
-0.158,-0.766
-0.157,-0.766
-0.156,-0.766
-0.155,-0.766
-0.154,-0.766
-0.153,-0.766
-0.152,-0.766
-0.151,-0.766
-0.15,-0.766
-0.149,-0.766
-0.148,-0.766
-0.147,-0.766
-0.146,-0.766
-0.145,-0.766
-0.144,-0.766
-0.143,-0.766
-0.142,-0.766
-0.141,-0.766
-0.14,-0.766
-0.139,-0.766
-0.138,-0.766
-0.137,-0.766
-0.136,-0.766
-0.135,-0.766
-0.134,-0.766
-0.133,-0.766
-0.132,-0.766
-0.131,-0.766
-0.13,-0.766
-0.129,-0.766
-0.128,-0.766
-0.127,-0.766
-0.126,-0.766
-0.125,-0.766
-0.124,-0.766
-0.123,-0.766
-0.122,-0.766
-0.121,-0.766
-0.12,-0.766
-0.119,-0.766
-0.118,-0.766
-0.117,-0.766
-0.116,-0.766
-0.115,-0.766
-0.114,-0.766
-0.113,-0.766
-0.112,-0.766
-0.111,-0.766
-0.11,-0.766
-0.109,-0.766
-0.108,-0.766
-0.107,-0.766
-0.106,-0.766
-0.105,-0.766
-0.104,-0.766
-0.103,-0.766
-0.102,-0.766
-0.101,-0.766
-0.1,-0.766
-0.099,-0.766
-0.098,-0.766
-0.097,-0.766
-0.096,-0.766
-0.095,-0.766
-0.094,-0.766
-0.093,-0.766
-0.092,-0.766
-0.091,-0.766
-0.09,-0.766
-0.089,-0.766
-0.088,-0.766
-0.087,-0.766
-0.086,-0.766
-0.085,-0.766
-0.084,-0.766
-0.083,-0.766
-0.082,-0.766
-0.081,-0.766
-0.08,-0.766
-0.079,-0.766
-0.078,-0.766
-0.077,-0.766
-0.076,-0.766
-0.075,-0.766
-0.074,-0.766
-0.073,-0.766
-0.072,-0.766
-0.071,-0.766
-0.07,-0.766
-0.069,-0.766
-0.068,-0.766
-0.067,-0.766
-0.066,-0.766
-0.065,-0.766
-0.064,-0.766
-0.063,-0.766
-0.062,-0.766
-0.061,-0.766
-0.06,-0.766
-0.059,-0.766
-0.058,-0.766
-0.057,-0.766
-0.056,-0.766
-0.055,-0.766
-0.054,-0.766
-0.053,-0.766
-0.052,-0.766
-0.051,-0.766
-0.05,-0.766
-0.049,-0.766
-0.048,-0.766
-0.047,-0.766
-0.046,-0.766
-0.045,-0.766
-0.044,-0.766
-0.043,-0.766
-0.042,-0.766
-0.041,-0.766
-0.04,-0.766
-0.039,-0.766
-0.038,-0.766
-0.037,-0.766
-0.036,-0.766
-0.035,-0.766
-0.034,-0.766
-0.033,-0.766
-0.032,-0.766
-0.031,-0.766
-0.221,-0.765
-0.22,-0.765
-0.219,-0.765
-0.218,-0.765
-0.217,-0.765
-0.216,-0.765
-0.215,-0.765
-0.214,-0.765
-0.213,-0.765
-0.212,-0.765
-0.211,-0.765
-0.21,-0.765
-0.209,-0.765
-0.208,-0.765
-0.207,-0.765
-0.206,-0.765
-0.205,-0.765
-0.204,-0.765
-0.203,-0.765
-0.202,-0.765
-0.201,-0.765
-0.2,-0.765
-0.199,-0.765
-0.198,-0.765
-0.197,-0.765
-0.196,-0.765
-0.195,-0.765
-0.194,-0.765
-0.193,-0.765
-0.192,-0.765
-0.191,-0.765
-0.19,-0.765
-0.189,-0.765
-0.188,-0.765
-0.187,-0.765
-0.186,-0.765
-0.185,-0.765
-0.184,-0.765
-0.183,-0.765
-0.182,-0.765
-0.181,-0.765
-0.18,-0.765
-0.179,-0.765
-0.178,-0.765
-0.177,-0.765
-0.176,-0.765
-0.175,-0.765
-0.174,-0.765
-0.173,-0.765
-0.172,-0.765
-0.171,-0.765
-0.17,-0.765
-0.169,-0.765
-0.168,-0.765
-0.167,-0.765
-0.166,-0.765
-0.165,-0.765
-0.164,-0.765
-0.163,-0.765
-0.162,-0.765
-0.161,-0.765
-0.16,-0.765
-0.159,-0.765
-0.158,-0.765
-0.157,-0.765
-0.156,-0.765
-0.155,-0.765
-0.154,-0.765
-0.153,-0.765
-0.152,-0.765
-0.151,-0.765
-0.15,-0.765
-0.149,-0.765
-0.148,-0.765
-0.147,-0.765
-0.146,-0.765
-0.145,-0.765
-0.144,-0.765
-0.143,-0.765
-0.142,-0.765
-0.141,-0.765
-0.14,-0.765
-0.139,-0.765
-0.138,-0.765
-0.137,-0.765
-0.136,-0.765
-0.135,-0.765
-0.134,-0.765
-0.133,-0.765
-0.132,-0.765
-0.131,-0.765
-0.13,-0.765
-0.129,-0.765
-0.128,-0.765
-0.127,-0.765
-0.126,-0.765
-0.125,-0.765
-0.124,-0.765
-0.123,-0.765
-0.122,-0.765
-0.121,-0.765
-0.12,-0.765
-0.119,-0.765
-0.118,-0.765
-0.117,-0.765
-0.116,-0.765
-0.115,-0.765
-0.114,-0.765
-0.113,-0.765
-0.112,-0.765
-0.111,-0.765
-0.11,-0.765
-0.109,-0.765
-0.108,-0.765
-0.107,-0.765
-0.106,-0.765
-0.105,-0.765
-0.104,-0.765
-0.103,-0.765
-0.102,-0.765
-0.101,-0.765
-0.1,-0.765
-0.099,-0.765
-0.098,-0.765
-0.097,-0.765
-0.096,-0.765
-0.095,-0.765
-0.094,-0.765
-0.093,-0.765
-0.092,-0.765
-0.091,-0.765
-0.09,-0.765
-0.089,-0.765
-0.088,-0.765
-0.087,-0.765
-0.086,-0.765
-0.085,-0.765
-0.084,-0.765
-0.083,-0.765
-0.082,-0.765
-0.081,-0.765
-0.08,-0.765
-0.079,-0.765
-0.078,-0.765
-0.077,-0.765
-0.076,-0.765
-0.075,-0.765
-0.074,-0.765
-0.073,-0.765
-0.072,-0.765
-0.071,-0.765
-0.07,-0.765
-0.069,-0.765
-0.068,-0.765
-0.067,-0.765
-0.066,-0.765
-0.065,-0.765
-0.064,-0.765
-0.063,-0.765
-0.062,-0.765
-0.061,-0.765
-0.06,-0.765
-0.059,-0.765
-0.058,-0.765
-0.057,-0.765
-0.056,-0.765
-0.055,-0.765
-0.054,-0.765
-0.053,-0.765
-0.052,-0.765
-0.051,-0.765
-0.05,-0.765
-0.049,-0.765
-0.048,-0.765
-0.047,-0.765
-0.046,-0.765
-0.045,-0.765
-0.044,-0.765
-0.043,-0.765
-0.042,-0.765
-0.041,-0.765
-0.04,-0.765
-0.039,-0.765
-0.038,-0.765
-0.037,-0.765
-0.036,-0.765
-0.035,-0.765
-0.034,-0.765
-0.033,-0.765
-0.032,-0.765
-0.029,-0.765
-0.221,-0.764
-0.22,-0.764
-0.219,-0.764
-0.218,-0.764
-0.217,-0.764
-0.216,-0.764
-0.215,-0.764
-0.214,-0.764
-0.213,-0.764
-0.212,-0.764
-0.211,-0.764
-0.21,-0.764
-0.209,-0.764
-0.208,-0.764
-0.207,-0.764
-0.206,-0.764
-0.205,-0.764
-0.204,-0.764
-0.203,-0.764
-0.202,-0.764
-0.201,-0.764
-0.2,-0.764
-0.199,-0.764
-0.198,-0.764
-0.197,-0.764
-0.196,-0.764
-0.195,-0.764
-0.194,-0.764
-0.193,-0.764
-0.192,-0.764
-0.191,-0.764
-0.19,-0.764
-0.189,-0.764
-0.188,-0.764
-0.187,-0.764
-0.186,-0.764
-0.185,-0.764
-0.184,-0.764
-0.183,-0.764
-0.182,-0.764
-0.181,-0.764
-0.18,-0.764
-0.179,-0.764
-0.178,-0.764
-0.177,-0.764
-0.176,-0.764
-0.175,-0.764
-0.174,-0.764
-0.173,-0.764
-0.172,-0.764
-0.171,-0.764
-0.17,-0.764
-0.169,-0.764
-0.168,-0.764
-0.167,-0.764
-0.166,-0.764
-0.165,-0.764
-0.164,-0.764
-0.163,-0.764
-0.162,-0.764
-0.161,-0.764
-0.16,-0.764
-0.159,-0.764
-0.158,-0.764
-0.157,-0.764
-0.156,-0.764
-0.155,-0.764
-0.154,-0.764
-0.153,-0.764
-0.152,-0.764
-0.151,-0.764
-0.15,-0.764
-0.149,-0.764
-0.148,-0.764
-0.147,-0.764
-0.146,-0.764
-0.145,-0.764
-0.144,-0.764
-0.143,-0.764
-0.142,-0.764
-0.141,-0.764
-0.14,-0.764
-0.139,-0.764
-0.138,-0.764
-0.137,-0.764
-0.136,-0.764
-0.135,-0.764
-0.134,-0.764
-0.133,-0.764
-0.132,-0.764
-0.131,-0.764
-0.13,-0.764
-0.129,-0.764
-0.128,-0.764
-0.127,-0.764
-0.126,-0.764
-0.125,-0.764
-0.124,-0.764
-0.123,-0.764
-0.122,-0.764
-0.121,-0.764
-0.12,-0.764
-0.119,-0.764
-0.118,-0.764
-0.117,-0.764
-0.116,-0.764
-0.115,-0.764
-0.114,-0.764
-0.113,-0.764
-0.112,-0.764
-0.111,-0.764
-0.11,-0.764
-0.109,-0.764
-0.108,-0.764
-0.107,-0.764
-0.106,-0.764
-0.105,-0.764
-0.104,-0.764
-0.103,-0.764
-0.102,-0.764
-0.101,-0.764
-0.1,-0.764
-0.099,-0.764
-0.098,-0.764
-0.097,-0.764
-0.096,-0.764
-0.095,-0.764
-0.094,-0.764
-0.093,-0.764
-0.092,-0.764
-0.091,-0.764
-0.09,-0.764
-0.089,-0.764
-0.088,-0.764
-0.087,-0.764
-0.086,-0.764
-0.085,-0.764
-0.084,-0.764
-0.083,-0.764
-0.082,-0.764
-0.081,-0.764
-0.08,-0.764
-0.079,-0.764
-0.078,-0.764
-0.077,-0.764
-0.076,-0.764
-0.075,-0.764
-0.074,-0.764
-0.073,-0.764
-0.072,-0.764
-0.071,-0.764
-0.07,-0.764
-0.069,-0.764
-0.068,-0.764
-0.067,-0.764
-0.066,-0.764
-0.065,-0.764
-0.064,-0.764
-0.063,-0.764
-0.062,-0.764
-0.061,-0.764
-0.06,-0.764
-0.059,-0.764
-0.058,-0.764
-0.057,-0.764
-0.056,-0.764
-0.055,-0.764
-0.054,-0.764
-0.053,-0.764
-0.052,-0.764
-0.051,-0.764
-0.05,-0.764
-0.049,-0.764
-0.048,-0.764
-0.047,-0.764
-0.046,-0.764
-0.045,-0.764
-0.044,-0.764
-0.043,-0.764
-0.042,-0.764
-0.041,-0.764
-0.04,-0.764
-0.039,-0.764
-0.038,-0.764
-0.037,-0.764
-0.036,-0.764
-0.035,-0.764
-0.034,-0.764
-0.033,-0.764
-0.032,-0.764
-0.031,-0.764
-0.03,-0.764
-0.029,-0.764
-0.028,-0.764
-0.025,-0.764
-0.024,-0.764
-0.022,-0.764
-0.224,-0.763
-0.218,-0.763
-0.217,-0.763
-0.216,-0.763
-0.215,-0.763
-0.214,-0.763
-0.213,-0.763
-0.212,-0.763
-0.211,-0.763
-0.21,-0.763
-0.209,-0.763
-0.208,-0.763
-0.207,-0.763
-0.206,-0.763
-0.205,-0.763
-0.204,-0.763
-0.203,-0.763
-0.202,-0.763
-0.201,-0.763
-0.2,-0.763
-0.199,-0.763
-0.198,-0.763
-0.197,-0.763
-0.196,-0.763
-0.195,-0.763
-0.194,-0.763
-0.193,-0.763
-0.192,-0.763
-0.191,-0.763
-0.19,-0.763
-0.189,-0.763
-0.188,-0.763
-0.187,-0.763
-0.186,-0.763
-0.185,-0.763
-0.184,-0.763
-0.183,-0.763
-0.182,-0.763
-0.181,-0.763
-0.18,-0.763
-0.179,-0.763
-0.178,-0.763
-0.177,-0.763
-0.176,-0.763
-0.175,-0.763
-0.174,-0.763
-0.173,-0.763
-0.172,-0.763
-0.171,-0.763
-0.17,-0.763
-0.169,-0.763
-0.168,-0.763
-0.167,-0.763
-0.166,-0.763
-0.165,-0.763
-0.164,-0.763
-0.163,-0.763
-0.162,-0.763
-0.161,-0.763
-0.16,-0.763
-0.159,-0.763
-0.158,-0.763
-0.157,-0.763
-0.156,-0.763
-0.155,-0.763
-0.154,-0.763
-0.153,-0.763
-0.152,-0.763
-0.151,-0.763
-0.15,-0.763
-0.149,-0.763
-0.148,-0.763
-0.147,-0.763
-0.146,-0.763
-0.145,-0.763
-0.144,-0.763
-0.143,-0.763
-0.142,-0.763
-0.141,-0.763
-0.14,-0.763
-0.139,-0.763
-0.138,-0.763
-0.137,-0.763
-0.136,-0.763
-0.135,-0.763
-0.134,-0.763
-0.133,-0.763
-0.132,-0.763
-0.131,-0.763
-0.13,-0.763
-0.129,-0.763
-0.128,-0.763
-0.127,-0.763
-0.126,-0.763
-0.125,-0.763
-0.124,-0.763
-0.123,-0.763
-0.122,-0.763
-0.121,-0.763
-0.12,-0.763
-0.119,-0.763
-0.118,-0.763
-0.117,-0.763
-0.116,-0.763
-0.115,-0.763
-0.114,-0.763
-0.113,-0.763
-0.112,-0.763
-0.111,-0.763
-0.11,-0.763
-0.109,-0.763
-0.108,-0.763
-0.107,-0.763
-0.106,-0.763
-0.105,-0.763
-0.104,-0.763
-0.103,-0.763
-0.102,-0.763
-0.101,-0.763
-0.1,-0.763
-0.099,-0.763
-0.098,-0.763
-0.097,-0.763
-0.096,-0.763
-0.095,-0.763
-0.094,-0.763
-0.093,-0.763
-0.092,-0.763
-0.091,-0.763
-0.09,-0.763
-0.089,-0.763
-0.088,-0.763
-0.087,-0.763
-0.086,-0.763
-0.085,-0.763
-0.084,-0.763
-0.083,-0.763
-0.082,-0.763
-0.081,-0.763
-0.08,-0.763
-0.079,-0.763
-0.078,-0.763
-0.077,-0.763
-0.076,-0.763
-0.075,-0.763
-0.074,-0.763
-0.073,-0.763
-0.072,-0.763
-0.071,-0.763
-0.07,-0.763
-0.069,-0.763
-0.068,-0.763
-0.067,-0.763
-0.066,-0.763
-0.065,-0.763
-0.064,-0.763
-0.063,-0.763
-0.062,-0.763
-0.061,-0.763
-0.06,-0.763
-0.059,-0.763
-0.058,-0.763
-0.057,-0.763
-0.056,-0.763
-0.055,-0.763
-0.054,-0.763
-0.053,-0.763
-0.052,-0.763
-0.051,-0.763
-0.05,-0.763
-0.049,-0.763
-0.048,-0.763
-0.047,-0.763
-0.046,-0.763
-0.045,-0.763
-0.044,-0.763
-0.043,-0.763
-0.042,-0.763
-0.041,-0.763
-0.04,-0.763
-0.039,-0.763
-0.038,-0.763
-0.037,-0.763
-0.036,-0.763
-0.035,-0.763
-0.034,-0.763
-0.033,-0.763
-0.032,-0.763
-0.031,-0.763
-0.03,-0.763
-0.029,-0.763
-0.028,-0.763
-0.027,-0.763
-0.025,-0.763
-0.023,-0.763
-0.231,-0.762
-0.23,-0.762
-0.224,-0.762
-0.22,-0.762
-0.219,-0.762
-0.218,-0.762
-0.217,-0.762
-0.216,-0.762
-0.215,-0.762
-0.214,-0.762
-0.213,-0.762
-0.212,-0.762
-0.211,-0.762
-0.21,-0.762
-0.209,-0.762
-0.208,-0.762
-0.207,-0.762
-0.206,-0.762
-0.205,-0.762
-0.204,-0.762
-0.203,-0.762
-0.202,-0.762
-0.201,-0.762
-0.2,-0.762
-0.199,-0.762
-0.198,-0.762
-0.197,-0.762
-0.196,-0.762
-0.195,-0.762
-0.194,-0.762
-0.193,-0.762
-0.192,-0.762
-0.191,-0.762
-0.19,-0.762
-0.189,-0.762
-0.188,-0.762
-0.187,-0.762
-0.186,-0.762
-0.185,-0.762
-0.184,-0.762
-0.183,-0.762
-0.182,-0.762
-0.181,-0.762
-0.18,-0.762
-0.179,-0.762
-0.178,-0.762
-0.177,-0.762
-0.176,-0.762
-0.175,-0.762
-0.174,-0.762
-0.173,-0.762
-0.172,-0.762
-0.171,-0.762
-0.17,-0.762
-0.169,-0.762
-0.168,-0.762
-0.167,-0.762
-0.166,-0.762
-0.165,-0.762
-0.164,-0.762
-0.163,-0.762
-0.162,-0.762
-0.161,-0.762
-0.16,-0.762
-0.159,-0.762
-0.158,-0.762
-0.157,-0.762
-0.156,-0.762
-0.155,-0.762
-0.154,-0.762
-0.153,-0.762
-0.152,-0.762
-0.151,-0.762
-0.15,-0.762
-0.149,-0.762
-0.148,-0.762
-0.147,-0.762
-0.146,-0.762
-0.145,-0.762
-0.144,-0.762
-0.143,-0.762
-0.142,-0.762
-0.141,-0.762
-0.14,-0.762
-0.139,-0.762
-0.138,-0.762
-0.137,-0.762
-0.136,-0.762
-0.135,-0.762
-0.134,-0.762
-0.133,-0.762
-0.132,-0.762
-0.131,-0.762
-0.13,-0.762
-0.129,-0.762
-0.128,-0.762
-0.127,-0.762
-0.126,-0.762
-0.125,-0.762
-0.124,-0.762
-0.123,-0.762
-0.122,-0.762
-0.121,-0.762
-0.12,-0.762
-0.119,-0.762
-0.118,-0.762
-0.117,-0.762
-0.116,-0.762
-0.115,-0.762
-0.114,-0.762
-0.113,-0.762
-0.112,-0.762
-0.111,-0.762
-0.11,-0.762
-0.109,-0.762
-0.108,-0.762
-0.107,-0.762
-0.106,-0.762
-0.105,-0.762
-0.104,-0.762
-0.103,-0.762
-0.102,-0.762
-0.101,-0.762
-0.1,-0.762
-0.099,-0.762
-0.098,-0.762
-0.097,-0.762
-0.096,-0.762
-0.095,-0.762
-0.094,-0.762
-0.093,-0.762
-0.092,-0.762
-0.091,-0.762
-0.09,-0.762
-0.089,-0.762
-0.088,-0.762
-0.087,-0.762
-0.086,-0.762
-0.085,-0.762
-0.084,-0.762
-0.083,-0.762
-0.082,-0.762
-0.081,-0.762
-0.08,-0.762
-0.079,-0.762
-0.078,-0.762
-0.077,-0.762
-0.076,-0.762
-0.075,-0.762
-0.074,-0.762
-0.073,-0.762
-0.072,-0.762
-0.071,-0.762
-0.07,-0.762
-0.069,-0.762
-0.068,-0.762
-0.067,-0.762
-0.066,-0.762
-0.065,-0.762
-0.064,-0.762
-0.063,-0.762
-0.062,-0.762
-0.061,-0.762
-0.06,-0.762
-0.059,-0.762
-0.058,-0.762
-0.057,-0.762
-0.056,-0.762
-0.055,-0.762
-0.054,-0.762
-0.053,-0.762
-0.052,-0.762
-0.051,-0.762
-0.05,-0.762
-0.049,-0.762
-0.048,-0.762
-0.047,-0.762
-0.046,-0.762
-0.045,-0.762
-0.044,-0.762
-0.043,-0.762
-0.042,-0.762
-0.041,-0.762
-0.04,-0.762
-0.039,-0.762
-0.038,-0.762
-0.037,-0.762
-0.036,-0.762
-0.035,-0.762
-0.034,-0.762
-0.033,-0.762
-0.032,-0.762
-0.031,-0.762
-0.03,-0.762
-0.029,-0.762
-0.028,-0.762
-0.027,-0.762
-0.026,-0.762
-0.025,-0.762
-0.231,-0.761
-0.23,-0.761
-0.22,-0.761
-0.219,-0.761
-0.218,-0.761
-0.217,-0.761
-0.216,-0.761
-0.215,-0.761
-0.214,-0.761
-0.213,-0.761
-0.212,-0.761
-0.211,-0.761
-0.21,-0.761
-0.209,-0.761
-0.208,-0.761
-0.207,-0.761
-0.206,-0.761
-0.205,-0.761
-0.204,-0.761
-0.203,-0.761
-0.202,-0.761
-0.201,-0.761
-0.2,-0.761
-0.199,-0.761
-0.198,-0.761
-0.197,-0.761
-0.196,-0.761
-0.195,-0.761
-0.194,-0.761
-0.193,-0.761
-0.192,-0.761
-0.191,-0.761
-0.19,-0.761
-0.189,-0.761
-0.188,-0.761
-0.187,-0.761
-0.186,-0.761
-0.185,-0.761
-0.184,-0.761
-0.183,-0.761
-0.182,-0.761
-0.181,-0.761
-0.18,-0.761
-0.179,-0.761
-0.178,-0.761
-0.177,-0.761
-0.176,-0.761
-0.175,-0.761
-0.174,-0.761
-0.173,-0.761
-0.172,-0.761
-0.171,-0.761
-0.17,-0.761
-0.169,-0.761
-0.168,-0.761
-0.167,-0.761
-0.166,-0.761
-0.165,-0.761
-0.164,-0.761
-0.163,-0.761
-0.162,-0.761
-0.161,-0.761
-0.16,-0.761
-0.159,-0.761
-0.158,-0.761
-0.157,-0.761
-0.156,-0.761
-0.155,-0.761
-0.154,-0.761
-0.153,-0.761
-0.152,-0.761
-0.151,-0.761
-0.15,-0.761
-0.149,-0.761
-0.148,-0.761
-0.147,-0.761
-0.146,-0.761
-0.145,-0.761
-0.144,-0.761
-0.143,-0.761
-0.142,-0.761
-0.141,-0.761
-0.14,-0.761
-0.139,-0.761
-0.138,-0.761
-0.137,-0.761
-0.136,-0.761
-0.135,-0.761
-0.134,-0.761
-0.133,-0.761
-0.132,-0.761
-0.131,-0.761
-0.13,-0.761
-0.129,-0.761
-0.128,-0.761
-0.127,-0.761
-0.126,-0.761
-0.125,-0.761
-0.124,-0.761
-0.123,-0.761
-0.122,-0.761
-0.121,-0.761
-0.12,-0.761
-0.119,-0.761
-0.118,-0.761
-0.117,-0.761
-0.116,-0.761
-0.115,-0.761
-0.114,-0.761
-0.113,-0.761
-0.112,-0.761
-0.111,-0.761
-0.11,-0.761
-0.109,-0.761
-0.108,-0.761
-0.107,-0.761
-0.106,-0.761
-0.105,-0.761
-0.104,-0.761
-0.103,-0.761
-0.102,-0.761
-0.101,-0.761
-0.1,-0.761
-0.099,-0.761
-0.098,-0.761
-0.097,-0.761
-0.096,-0.761
-0.095,-0.761
-0.094,-0.761
-0.093,-0.761
-0.092,-0.761
-0.091,-0.761
-0.09,-0.761
-0.089,-0.761
-0.088,-0.761
-0.087,-0.761
-0.086,-0.761
-0.085,-0.761
-0.084,-0.761
-0.083,-0.761
-0.082,-0.761
-0.081,-0.761
-0.08,-0.761
-0.079,-0.761
-0.078,-0.761
-0.077,-0.761
-0.076,-0.761
-0.075,-0.761
-0.074,-0.761
-0.073,-0.761
-0.072,-0.761
-0.071,-0.761
-0.07,-0.761
-0.069,-0.761
-0.068,-0.761
-0.067,-0.761
-0.066,-0.761
-0.065,-0.761
-0.064,-0.761
-0.063,-0.761
-0.062,-0.761
-0.061,-0.761
-0.06,-0.761
-0.059,-0.761
-0.058,-0.761
-0.057,-0.761
-0.056,-0.761
-0.055,-0.761
-0.054,-0.761
-0.053,-0.761
-0.052,-0.761
-0.051,-0.761
-0.05,-0.761
-0.049,-0.761
-0.048,-0.761
-0.047,-0.761
-0.046,-0.761
-0.045,-0.761
-0.044,-0.761
-0.043,-0.761
-0.042,-0.761
-0.041,-0.761
-0.04,-0.761
-0.039,-0.761
-0.038,-0.761
-0.037,-0.761
-0.036,-0.761
-0.035,-0.761
-0.034,-0.761
-0.033,-0.761
-0.032,-0.761
-0.031,-0.761
-0.03,-0.761
-0.029,-0.761
-0.028,-0.761
-0.027,-0.761
-0.025,-0.761
-0.233,-0.76
-0.232,-0.76
-0.227,-0.76
-0.219,-0.76
-0.218,-0.76
-0.217,-0.76
-0.216,-0.76
-0.215,-0.76
-0.214,-0.76
-0.213,-0.76
-0.212,-0.76
-0.211,-0.76
-0.21,-0.76
-0.209,-0.76
-0.208,-0.76
-0.207,-0.76
-0.206,-0.76
-0.205,-0.76
-0.204,-0.76
-0.203,-0.76
-0.202,-0.76
-0.201,-0.76
-0.2,-0.76
-0.199,-0.76
-0.198,-0.76
-0.197,-0.76
-0.196,-0.76
-0.195,-0.76
-0.194,-0.76
-0.193,-0.76
-0.192,-0.76
-0.191,-0.76
-0.19,-0.76
-0.189,-0.76
-0.188,-0.76
-0.187,-0.76
-0.186,-0.76
-0.185,-0.76
-0.184,-0.76
-0.183,-0.76
-0.182,-0.76
-0.181,-0.76
-0.18,-0.76
-0.179,-0.76
-0.178,-0.76
-0.177,-0.76
-0.176,-0.76
-0.175,-0.76
-0.174,-0.76
-0.173,-0.76
-0.172,-0.76
-0.171,-0.76
-0.17,-0.76
-0.169,-0.76
-0.168,-0.76
-0.167,-0.76
-0.166,-0.76
-0.165,-0.76
-0.164,-0.76
-0.163,-0.76
-0.162,-0.76
-0.161,-0.76
-0.16,-0.76
-0.159,-0.76
-0.158,-0.76
-0.157,-0.76
-0.156,-0.76
-0.155,-0.76
-0.154,-0.76
-0.153,-0.76
-0.152,-0.76
-0.151,-0.76
-0.15,-0.76
-0.149,-0.76
-0.148,-0.76
-0.147,-0.76
-0.146,-0.76
-0.145,-0.76
-0.144,-0.76
-0.143,-0.76
-0.142,-0.76
-0.141,-0.76
-0.14,-0.76
-0.139,-0.76
-0.138,-0.76
-0.137,-0.76
-0.136,-0.76
-0.135,-0.76
-0.134,-0.76
-0.133,-0.76
-0.132,-0.76
-0.131,-0.76
-0.13,-0.76
-0.129,-0.76
-0.128,-0.76
-0.127,-0.76
-0.126,-0.76
-0.125,-0.76
-0.124,-0.76
-0.123,-0.76
-0.122,-0.76
-0.121,-0.76
-0.12,-0.76
-0.119,-0.76
-0.118,-0.76
-0.117,-0.76
-0.116,-0.76
-0.115,-0.76
-0.114,-0.76
-0.113,-0.76
-0.112,-0.76
-0.111,-0.76
-0.11,-0.76
-0.109,-0.76
-0.108,-0.76
-0.107,-0.76
-0.106,-0.76
-0.105,-0.76
-0.104,-0.76
-0.103,-0.76
-0.102,-0.76
-0.101,-0.76
-0.1,-0.76
-0.099,-0.76
-0.098,-0.76
-0.097,-0.76
-0.096,-0.76
-0.095,-0.76
-0.094,-0.76
-0.093,-0.76
-0.092,-0.76
-0.091,-0.76
-0.09,-0.76
-0.089,-0.76
-0.088,-0.76
-0.087,-0.76
-0.086,-0.76
-0.085,-0.76
-0.084,-0.76
-0.083,-0.76
-0.082,-0.76
-0.081,-0.76
-0.08,-0.76
-0.079,-0.76
-0.078,-0.76
-0.077,-0.76
-0.076,-0.76
-0.075,-0.76
-0.074,-0.76
-0.073,-0.76
-0.072,-0.76
-0.071,-0.76
-0.07,-0.76
-0.069,-0.76
-0.068,-0.76
-0.067,-0.76
-0.066,-0.76
-0.065,-0.76
-0.064,-0.76
-0.063,-0.76
-0.062,-0.76
-0.061,-0.76
-0.06,-0.76
-0.059,-0.76
-0.058,-0.76
-0.057,-0.76
-0.056,-0.76
-0.055,-0.76
-0.054,-0.76
-0.053,-0.76
-0.052,-0.76
-0.051,-0.76
-0.05,-0.76
-0.049,-0.76
-0.048,-0.76
-0.047,-0.76
-0.046,-0.76
-0.045,-0.76
-0.044,-0.76
-0.043,-0.76
-0.042,-0.76
-0.041,-0.76
-0.04,-0.76
-0.039,-0.76
-0.038,-0.76
-0.037,-0.76
-0.036,-0.76
-0.035,-0.76
-0.034,-0.76
-0.033,-0.76
-0.032,-0.76
-0.031,-0.76
-0.03,-0.76
-0.029,-0.76
-0.028,-0.76
-0.025,-0.76
-0.232,-0.759
-0.231,-0.759
-0.226,-0.759
-0.225,-0.759
-0.224,-0.759
-0.223,-0.759
-0.22,-0.759
-0.219,-0.759
-0.218,-0.759
-0.217,-0.759
-0.216,-0.759
-0.215,-0.759
-0.214,-0.759
-0.213,-0.759
-0.212,-0.759
-0.211,-0.759
-0.21,-0.759
-0.209,-0.759
-0.208,-0.759
-0.207,-0.759
-0.206,-0.759
-0.205,-0.759
-0.204,-0.759
-0.203,-0.759
-0.202,-0.759
-0.201,-0.759
-0.2,-0.759
-0.199,-0.759
-0.198,-0.759
-0.197,-0.759
-0.196,-0.759
-0.195,-0.759
-0.194,-0.759
-0.193,-0.759
-0.192,-0.759
-0.191,-0.759
-0.19,-0.759
-0.189,-0.759
-0.188,-0.759
-0.187,-0.759
-0.186,-0.759
-0.185,-0.759
-0.184,-0.759
-0.183,-0.759
-0.182,-0.759
-0.181,-0.759
-0.18,-0.759
-0.179,-0.759
-0.178,-0.759
-0.177,-0.759
-0.176,-0.759
-0.175,-0.759
-0.174,-0.759
-0.173,-0.759
-0.172,-0.759
-0.171,-0.759
-0.17,-0.759
-0.169,-0.759
-0.168,-0.759
-0.167,-0.759
-0.166,-0.759
-0.165,-0.759
-0.164,-0.759
-0.163,-0.759
-0.162,-0.759
-0.161,-0.759
-0.16,-0.759
-0.159,-0.759
-0.158,-0.759
-0.157,-0.759
-0.156,-0.759
-0.155,-0.759
-0.154,-0.759
-0.153,-0.759
-0.152,-0.759
-0.151,-0.759
-0.15,-0.759
-0.149,-0.759
-0.148,-0.759
-0.147,-0.759
-0.146,-0.759
-0.145,-0.759
-0.144,-0.759
-0.143,-0.759
-0.142,-0.759
-0.141,-0.759
-0.14,-0.759
-0.139,-0.759
-0.138,-0.759
-0.137,-0.759
-0.136,-0.759
-0.135,-0.759
-0.134,-0.759
-0.133,-0.759
-0.132,-0.759
-0.131,-0.759
-0.13,-0.759
-0.129,-0.759
-0.128,-0.759
-0.127,-0.759
-0.126,-0.759
-0.125,-0.759
-0.124,-0.759
-0.123,-0.759
-0.122,-0.759
-0.121,-0.759
-0.12,-0.759
-0.119,-0.759
-0.118,-0.759
-0.117,-0.759
-0.116,-0.759
-0.115,-0.759
-0.114,-0.759
-0.113,-0.759
-0.112,-0.759
-0.111,-0.759
-0.11,-0.759
-0.109,-0.759
-0.108,-0.759
-0.107,-0.759
-0.106,-0.759
-0.105,-0.759
-0.104,-0.759
-0.103,-0.759
-0.102,-0.759
-0.101,-0.759
-0.1,-0.759
-0.099,-0.759
-0.098,-0.759
-0.097,-0.759
-0.096,-0.759
-0.095,-0.759
-0.094,-0.759
-0.093,-0.759
-0.092,-0.759
-0.091,-0.759
-0.09,-0.759
-0.089,-0.759
-0.088,-0.759
-0.087,-0.759
-0.086,-0.759
-0.085,-0.759
-0.084,-0.759
-0.083,-0.759
-0.082,-0.759
-0.081,-0.759
-0.08,-0.759
-0.079,-0.759
-0.078,-0.759
-0.077,-0.759
-0.076,-0.759
-0.075,-0.759
-0.074,-0.759
-0.073,-0.759
-0.072,-0.759
-0.071,-0.759
-0.07,-0.759
-0.069,-0.759
-0.068,-0.759
-0.067,-0.759
-0.066,-0.759
-0.065,-0.759
-0.064,-0.759
-0.063,-0.759
-0.062,-0.759
-0.061,-0.759
-0.06,-0.759
-0.059,-0.759
-0.058,-0.759
-0.057,-0.759
-0.056,-0.759
-0.055,-0.759
-0.054,-0.759
-0.053,-0.759
-0.052,-0.759
-0.051,-0.759
-0.05,-0.759
-0.049,-0.759
-0.048,-0.759
-0.047,-0.759
-0.046,-0.759
-0.045,-0.759
-0.044,-0.759
-0.043,-0.759
-0.042,-0.759
-0.041,-0.759
-0.04,-0.759
-0.039,-0.759
-0.038,-0.759
-0.037,-0.759
-0.036,-0.759
-0.035,-0.759
-0.034,-0.759
-0.033,-0.759
-0.032,-0.759
-0.031,-0.759
-0.029,-0.759
-0.028,-0.759
-0.025,-0.759
-0.024,-0.759
-0.246,-0.758
-0.24,-0.758
-0.233,-0.758
-0.231,-0.758
-0.23,-0.758
-0.229,-0.758
-0.227,-0.758
-0.226,-0.758
-0.225,-0.758
-0.224,-0.758
-0.223,-0.758
-0.222,-0.758
-0.219,-0.758
-0.218,-0.758
-0.217,-0.758
-0.216,-0.758
-0.215,-0.758
-0.214,-0.758
-0.213,-0.758
-0.212,-0.758
-0.211,-0.758
-0.21,-0.758
-0.209,-0.758
-0.208,-0.758
-0.207,-0.758
-0.206,-0.758
-0.205,-0.758
-0.204,-0.758
-0.203,-0.758
-0.202,-0.758
-0.201,-0.758
-0.2,-0.758
-0.199,-0.758
-0.198,-0.758
-0.197,-0.758
-0.196,-0.758
-0.195,-0.758
-0.194,-0.758
-0.193,-0.758
-0.192,-0.758
-0.191,-0.758
-0.19,-0.758
-0.189,-0.758
-0.188,-0.758
-0.187,-0.758
-0.186,-0.758
-0.185,-0.758
-0.184,-0.758
-0.183,-0.758
-0.182,-0.758
-0.181,-0.758
-0.18,-0.758
-0.179,-0.758
-0.178,-0.758
-0.177,-0.758
-0.176,-0.758
-0.175,-0.758
-0.174,-0.758
-0.173,-0.758
-0.172,-0.758
-0.171,-0.758
-0.17,-0.758
-0.169,-0.758
-0.168,-0.758
-0.167,-0.758
-0.166,-0.758
-0.165,-0.758
-0.164,-0.758
-0.163,-0.758
-0.162,-0.758
-0.161,-0.758
-0.16,-0.758
-0.159,-0.758
-0.158,-0.758
-0.157,-0.758
-0.156,-0.758
-0.155,-0.758
-0.154,-0.758
-0.153,-0.758
-0.152,-0.758
-0.151,-0.758
-0.15,-0.758
-0.149,-0.758
-0.148,-0.758
-0.147,-0.758
-0.146,-0.758
-0.145,-0.758
-0.144,-0.758
-0.143,-0.758
-0.142,-0.758
-0.141,-0.758
-0.14,-0.758
-0.139,-0.758
-0.138,-0.758
-0.137,-0.758
-0.136,-0.758
-0.135,-0.758
-0.134,-0.758
-0.133,-0.758
-0.132,-0.758
-0.131,-0.758
-0.13,-0.758
-0.129,-0.758
-0.128,-0.758
-0.127,-0.758
-0.126,-0.758
-0.125,-0.758
-0.124,-0.758
-0.123,-0.758
-0.122,-0.758
-0.121,-0.758
-0.12,-0.758
-0.119,-0.758
-0.118,-0.758
-0.117,-0.758
-0.116,-0.758
-0.115,-0.758
-0.114,-0.758
-0.113,-0.758
-0.112,-0.758
-0.111,-0.758
-0.11,-0.758
-0.109,-0.758
-0.108,-0.758
-0.107,-0.758
-0.106,-0.758
-0.105,-0.758
-0.104,-0.758
-0.103,-0.758
-0.102,-0.758
-0.101,-0.758
-0.1,-0.758
-0.099,-0.758
-0.098,-0.758
-0.097,-0.758
-0.096,-0.758
-0.095,-0.758
-0.094,-0.758
-0.093,-0.758
-0.092,-0.758
-0.091,-0.758
-0.09,-0.758
-0.089,-0.758
-0.088,-0.758
-0.087,-0.758
-0.086,-0.758
-0.085,-0.758
-0.084,-0.758
-0.083,-0.758
-0.082,-0.758
-0.081,-0.758
-0.08,-0.758
-0.079,-0.758
-0.078,-0.758
-0.077,-0.758
-0.076,-0.758
-0.075,-0.758
-0.074,-0.758
-0.073,-0.758
-0.072,-0.758
-0.071,-0.758
-0.07,-0.758
-0.069,-0.758
-0.068,-0.758
-0.067,-0.758
-0.066,-0.758
-0.065,-0.758
-0.064,-0.758
-0.063,-0.758
-0.062,-0.758
-0.061,-0.758
-0.06,-0.758
-0.059,-0.758
-0.058,-0.758
-0.057,-0.758
-0.056,-0.758
-0.055,-0.758
-0.054,-0.758
-0.053,-0.758
-0.052,-0.758
-0.051,-0.758
-0.05,-0.758
-0.049,-0.758
-0.048,-0.758
-0.047,-0.758
-0.046,-0.758
-0.045,-0.758
-0.044,-0.758
-0.043,-0.758
-0.042,-0.758
-0.041,-0.758
-0.04,-0.758
-0.039,-0.758
-0.038,-0.758
-0.037,-0.758
-0.036,-0.758
-0.035,-0.758
-0.034,-0.758
-0.033,-0.758
-0.032,-0.758
-0.031,-0.758
-0.243,-0.757
-0.231,-0.757
-0.23,-0.757
-0.229,-0.757
-0.228,-0.757
-0.227,-0.757
-0.226,-0.757
-0.225,-0.757
-0.224,-0.757
-0.223,-0.757
-0.222,-0.757
-0.221,-0.757
-0.219,-0.757
-0.218,-0.757
-0.217,-0.757
-0.216,-0.757
-0.215,-0.757
-0.214,-0.757
-0.213,-0.757
-0.212,-0.757
-0.211,-0.757
-0.21,-0.757
-0.209,-0.757
-0.208,-0.757
-0.207,-0.757
-0.206,-0.757
-0.205,-0.757
-0.204,-0.757
-0.203,-0.757
-0.202,-0.757
-0.201,-0.757
-0.2,-0.757
-0.199,-0.757
-0.198,-0.757
-0.197,-0.757
-0.196,-0.757
-0.195,-0.757
-0.194,-0.757
-0.193,-0.757
-0.192,-0.757
-0.191,-0.757
-0.19,-0.757
-0.189,-0.757
-0.188,-0.757
-0.187,-0.757
-0.186,-0.757
-0.185,-0.757
-0.184,-0.757
-0.183,-0.757
-0.182,-0.757
-0.181,-0.757
-0.18,-0.757
-0.179,-0.757
-0.178,-0.757
-0.177,-0.757
-0.176,-0.757
-0.175,-0.757
-0.174,-0.757
-0.173,-0.757
-0.172,-0.757
-0.171,-0.757
-0.17,-0.757
-0.169,-0.757
-0.168,-0.757
-0.167,-0.757
-0.166,-0.757
-0.165,-0.757
-0.164,-0.757
-0.163,-0.757
-0.162,-0.757
-0.161,-0.757
-0.16,-0.757
-0.159,-0.757
-0.158,-0.757
-0.157,-0.757
-0.156,-0.757
-0.155,-0.757
-0.154,-0.757
-0.153,-0.757
-0.152,-0.757
-0.151,-0.757
-0.15,-0.757
-0.149,-0.757
-0.148,-0.757
-0.147,-0.757
-0.146,-0.757
-0.145,-0.757
-0.144,-0.757
-0.143,-0.757
-0.142,-0.757
-0.141,-0.757
-0.14,-0.757
-0.139,-0.757
-0.138,-0.757
-0.137,-0.757
-0.136,-0.757
-0.135,-0.757
-0.134,-0.757
-0.133,-0.757
-0.132,-0.757
-0.131,-0.757
-0.13,-0.757
-0.129,-0.757
-0.128,-0.757
-0.127,-0.757
-0.126,-0.757
-0.125,-0.757
-0.124,-0.757
-0.123,-0.757
-0.122,-0.757
-0.121,-0.757
-0.12,-0.757
-0.119,-0.757
-0.118,-0.757
-0.117,-0.757
-0.116,-0.757
-0.115,-0.757
-0.114,-0.757
-0.113,-0.757
-0.112,-0.757
-0.111,-0.757
-0.11,-0.757
-0.109,-0.757
-0.108,-0.757
-0.107,-0.757
-0.106,-0.757
-0.105,-0.757
-0.104,-0.757
-0.103,-0.757
-0.102,-0.757
-0.101,-0.757
-0.1,-0.757
-0.099,-0.757
-0.098,-0.757
-0.097,-0.757
-0.096,-0.757
-0.095,-0.757
-0.094,-0.757
-0.093,-0.757
-0.092,-0.757
-0.091,-0.757
-0.09,-0.757
-0.089,-0.757
-0.088,-0.757
-0.087,-0.757
-0.086,-0.757
-0.085,-0.757
-0.084,-0.757
-0.083,-0.757
-0.082,-0.757
-0.081,-0.757
-0.08,-0.757
-0.079,-0.757
-0.078,-0.757
-0.077,-0.757
-0.076,-0.757
-0.075,-0.757
-0.074,-0.757
-0.073,-0.757
-0.072,-0.757
-0.071,-0.757
-0.07,-0.757
-0.069,-0.757
-0.068,-0.757
-0.067,-0.757
-0.066,-0.757
-0.065,-0.757
-0.064,-0.757
-0.063,-0.757
-0.062,-0.757
-0.061,-0.757
-0.06,-0.757
-0.059,-0.757
-0.058,-0.757
-0.057,-0.757
-0.056,-0.757
-0.055,-0.757
-0.054,-0.757
-0.053,-0.757
-0.052,-0.757
-0.051,-0.757
-0.05,-0.757
-0.049,-0.757
-0.048,-0.757
-0.047,-0.757
-0.046,-0.757
-0.045,-0.757
-0.044,-0.757
-0.043,-0.757
-0.042,-0.757
-0.041,-0.757
-0.04,-0.757
-0.039,-0.757
-0.038,-0.757
-0.037,-0.757
-0.036,-0.757
-0.035,-0.757
-0.034,-0.757
-0.033,-0.757
-0.032,-0.757
-0.031,-0.757
-0.03,-0.757
-0.244,-0.756
-0.233,-0.756
-0.232,-0.756
-0.23,-0.756
-0.229,-0.756
-0.228,-0.756
-0.227,-0.756
-0.226,-0.756
-0.225,-0.756
-0.224,-0.756
-0.223,-0.756
-0.222,-0.756
-0.221,-0.756
-0.219,-0.756
-0.218,-0.756
-0.217,-0.756
-0.216,-0.756
-0.215,-0.756
-0.214,-0.756
-0.213,-0.756
-0.212,-0.756
-0.211,-0.756
-0.21,-0.756
-0.209,-0.756
-0.208,-0.756
-0.207,-0.756
-0.206,-0.756
-0.205,-0.756
-0.204,-0.756
-0.203,-0.756
-0.202,-0.756
-0.201,-0.756
-0.2,-0.756
-0.199,-0.756
-0.198,-0.756
-0.197,-0.756
-0.196,-0.756
-0.195,-0.756
-0.194,-0.756
-0.193,-0.756
-0.192,-0.756
-0.191,-0.756
-0.19,-0.756
-0.189,-0.756
-0.188,-0.756
-0.187,-0.756
-0.186,-0.756
-0.185,-0.756
-0.184,-0.756
-0.183,-0.756
-0.182,-0.756
-0.181,-0.756
-0.18,-0.756
-0.179,-0.756
-0.178,-0.756
-0.177,-0.756
-0.176,-0.756
-0.175,-0.756
-0.174,-0.756
-0.173,-0.756
-0.172,-0.756
-0.171,-0.756
-0.17,-0.756
-0.169,-0.756
-0.168,-0.756
-0.167,-0.756
-0.166,-0.756
-0.165,-0.756
-0.164,-0.756
-0.163,-0.756
-0.162,-0.756
-0.161,-0.756
-0.16,-0.756
-0.159,-0.756
-0.158,-0.756
-0.157,-0.756
-0.156,-0.756
-0.155,-0.756
-0.154,-0.756
-0.153,-0.756
-0.152,-0.756
-0.151,-0.756
-0.15,-0.756
-0.149,-0.756
-0.148,-0.756
-0.147,-0.756
-0.146,-0.756
-0.145,-0.756
-0.144,-0.756
-0.143,-0.756
-0.142,-0.756
-0.141,-0.756
-0.14,-0.756
-0.139,-0.756
-0.138,-0.756
-0.137,-0.756
-0.136,-0.756
-0.135,-0.756
-0.134,-0.756
-0.133,-0.756
-0.132,-0.756
-0.131,-0.756
-0.13,-0.756
-0.129,-0.756
-0.128,-0.756
-0.127,-0.756
-0.126,-0.756
-0.125,-0.756
-0.124,-0.756
-0.123,-0.756
-0.122,-0.756
-0.121,-0.756
-0.12,-0.756
-0.119,-0.756
-0.118,-0.756
-0.117,-0.756
-0.116,-0.756
-0.115,-0.756
-0.114,-0.756
-0.113,-0.756
-0.112,-0.756
-0.111,-0.756
-0.11,-0.756
-0.109,-0.756
-0.108,-0.756
-0.107,-0.756
-0.106,-0.756
-0.105,-0.756
-0.104,-0.756
-0.103,-0.756
-0.102,-0.756
-0.101,-0.756
-0.1,-0.756
-0.099,-0.756
-0.098,-0.756
-0.097,-0.756
-0.096,-0.756
-0.095,-0.756
-0.094,-0.756
-0.093,-0.756
-0.092,-0.756
-0.091,-0.756
-0.09,-0.756
-0.089,-0.756
-0.088,-0.756
-0.087,-0.756
-0.086,-0.756
-0.085,-0.756
-0.084,-0.756
-0.083,-0.756
-0.082,-0.756
-0.081,-0.756
-0.08,-0.756
-0.079,-0.756
-0.078,-0.756
-0.077,-0.756
-0.076,-0.756
-0.075,-0.756
-0.074,-0.756
-0.073,-0.756
-0.072,-0.756
-0.071,-0.756
-0.07,-0.756
-0.069,-0.756
-0.068,-0.756
-0.067,-0.756
-0.066,-0.756
-0.065,-0.756
-0.064,-0.756
-0.063,-0.756
-0.062,-0.756
-0.061,-0.756
-0.06,-0.756
-0.059,-0.756
-0.058,-0.756
-0.057,-0.756
-0.056,-0.756
-0.055,-0.756
-0.054,-0.756
-0.053,-0.756
-0.052,-0.756
-0.051,-0.756
-0.05,-0.756
-0.049,-0.756
-0.048,-0.756
-0.047,-0.756
-0.046,-0.756
-0.045,-0.756
-0.044,-0.756
-0.043,-0.756
-0.042,-0.756
-0.041,-0.756
-0.04,-0.756
-0.039,-0.756
-0.038,-0.756
-0.037,-0.756
-0.036,-0.756
-0.035,-0.756
-0.034,-0.756
-0.033,-0.756
-0.032,-0.756
-0.031,-0.756
-0.018,-0.756
-0.244,-0.755
-0.243,-0.755
-0.241,-0.755
-0.234,-0.755
-0.232,-0.755
-0.231,-0.755
-0.23,-0.755
-0.229,-0.755
-0.228,-0.755
-0.227,-0.755
-0.226,-0.755
-0.225,-0.755
-0.224,-0.755
-0.223,-0.755
-0.222,-0.755
-0.221,-0.755
-0.22,-0.755
-0.219,-0.755
-0.218,-0.755
-0.217,-0.755
-0.216,-0.755
-0.215,-0.755
-0.214,-0.755
-0.213,-0.755
-0.212,-0.755
-0.211,-0.755
-0.21,-0.755
-0.209,-0.755
-0.208,-0.755
-0.207,-0.755
-0.206,-0.755
-0.205,-0.755
-0.204,-0.755
-0.203,-0.755
-0.202,-0.755
-0.201,-0.755
-0.2,-0.755
-0.199,-0.755
-0.198,-0.755
-0.197,-0.755
-0.196,-0.755
-0.195,-0.755
-0.194,-0.755
-0.193,-0.755
-0.192,-0.755
-0.191,-0.755
-0.19,-0.755
-0.189,-0.755
-0.188,-0.755
-0.187,-0.755
-0.186,-0.755
-0.185,-0.755
-0.184,-0.755
-0.183,-0.755
-0.182,-0.755
-0.181,-0.755
-0.18,-0.755
-0.179,-0.755
-0.178,-0.755
-0.177,-0.755
-0.176,-0.755
-0.175,-0.755
-0.174,-0.755
-0.173,-0.755
-0.172,-0.755
-0.171,-0.755
-0.17,-0.755
-0.169,-0.755
-0.168,-0.755
-0.167,-0.755
-0.166,-0.755
-0.165,-0.755
-0.164,-0.755
-0.163,-0.755
-0.162,-0.755
-0.161,-0.755
-0.16,-0.755
-0.159,-0.755
-0.158,-0.755
-0.157,-0.755
-0.156,-0.755
-0.155,-0.755
-0.154,-0.755
-0.153,-0.755
-0.152,-0.755
-0.151,-0.755
-0.15,-0.755
-0.149,-0.755
-0.148,-0.755
-0.147,-0.755
-0.146,-0.755
-0.145,-0.755
-0.144,-0.755
-0.143,-0.755
-0.142,-0.755
-0.141,-0.755
-0.14,-0.755
-0.139,-0.755
-0.138,-0.755
-0.137,-0.755
-0.136,-0.755
-0.135,-0.755
-0.134,-0.755
-0.133,-0.755
-0.132,-0.755
-0.131,-0.755
-0.13,-0.755
-0.129,-0.755
-0.128,-0.755
-0.127,-0.755
-0.126,-0.755
-0.125,-0.755
-0.124,-0.755
-0.123,-0.755
-0.122,-0.755
-0.121,-0.755
-0.12,-0.755
-0.119,-0.755
-0.118,-0.755
-0.117,-0.755
-0.116,-0.755
-0.115,-0.755
-0.114,-0.755
-0.113,-0.755
-0.112,-0.755
-0.111,-0.755
-0.11,-0.755
-0.109,-0.755
-0.108,-0.755
-0.107,-0.755
-0.106,-0.755
-0.105,-0.755
-0.104,-0.755
-0.103,-0.755
-0.102,-0.755
-0.101,-0.755
-0.1,-0.755
-0.099,-0.755
-0.098,-0.755
-0.097,-0.755
-0.096,-0.755
-0.095,-0.755
-0.094,-0.755
-0.093,-0.755
-0.092,-0.755
-0.091,-0.755
-0.09,-0.755
-0.089,-0.755
-0.088,-0.755
-0.087,-0.755
-0.086,-0.755
-0.085,-0.755
-0.084,-0.755
-0.083,-0.755
-0.082,-0.755
-0.081,-0.755
-0.08,-0.755
-0.079,-0.755
-0.078,-0.755
-0.077,-0.755
-0.076,-0.755
-0.075,-0.755
-0.074,-0.755
-0.073,-0.755
-0.072,-0.755
-0.071,-0.755
-0.07,-0.755
-0.069,-0.755
-0.068,-0.755
-0.067,-0.755
-0.066,-0.755
-0.065,-0.755
-0.064,-0.755
-0.063,-0.755
-0.062,-0.755
-0.061,-0.755
-0.06,-0.755
-0.059,-0.755
-0.058,-0.755
-0.057,-0.755
-0.056,-0.755
-0.055,-0.755
-0.054,-0.755
-0.053,-0.755
-0.052,-0.755
-0.051,-0.755
-0.05,-0.755
-0.049,-0.755
-0.048,-0.755
-0.047,-0.755
-0.046,-0.755
-0.045,-0.755
-0.044,-0.755
-0.043,-0.755
-0.042,-0.755
-0.041,-0.755
-0.04,-0.755
-0.039,-0.755
-0.038,-0.755
-0.037,-0.755
-0.036,-0.755
-0.035,-0.755
-0.034,-0.755
-0.033,-0.755
-0.032,-0.755
-0.031,-0.755
-0.03,-0.755
-0.029,-0.755
-0.028,-0.755
-0.026,-0.755
-0.234,-0.754
-0.231,-0.754
-0.23,-0.754
-0.229,-0.754
-0.228,-0.754
-0.227,-0.754
-0.226,-0.754
-0.225,-0.754
-0.224,-0.754
-0.223,-0.754
-0.222,-0.754
-0.221,-0.754
-0.22,-0.754
-0.219,-0.754
-0.218,-0.754
-0.217,-0.754
-0.216,-0.754
-0.215,-0.754
-0.214,-0.754
-0.213,-0.754
-0.212,-0.754
-0.211,-0.754
-0.21,-0.754
-0.209,-0.754
-0.208,-0.754
-0.207,-0.754
-0.206,-0.754
-0.205,-0.754
-0.204,-0.754
-0.203,-0.754
-0.202,-0.754
-0.201,-0.754
-0.2,-0.754
-0.199,-0.754
-0.198,-0.754
-0.197,-0.754
-0.196,-0.754
-0.195,-0.754
-0.194,-0.754
-0.193,-0.754
-0.192,-0.754
-0.191,-0.754
-0.19,-0.754
-0.189,-0.754
-0.188,-0.754
-0.187,-0.754
-0.186,-0.754
-0.185,-0.754
-0.184,-0.754
-0.183,-0.754
-0.182,-0.754
-0.181,-0.754
-0.18,-0.754
-0.179,-0.754
-0.178,-0.754
-0.177,-0.754
-0.176,-0.754
-0.175,-0.754
-0.174,-0.754
-0.173,-0.754
-0.172,-0.754
-0.171,-0.754
-0.17,-0.754
-0.169,-0.754
-0.168,-0.754
-0.167,-0.754
-0.166,-0.754
-0.165,-0.754
-0.164,-0.754
-0.163,-0.754
-0.162,-0.754
-0.161,-0.754
-0.16,-0.754
-0.159,-0.754
-0.158,-0.754
-0.157,-0.754
-0.156,-0.754
-0.155,-0.754
-0.154,-0.754
-0.153,-0.754
-0.152,-0.754
-0.151,-0.754
-0.15,-0.754
-0.149,-0.754
-0.148,-0.754
-0.147,-0.754
-0.146,-0.754
-0.145,-0.754
-0.144,-0.754
-0.143,-0.754
-0.142,-0.754
-0.141,-0.754
-0.14,-0.754
-0.139,-0.754
-0.138,-0.754
-0.137,-0.754
-0.136,-0.754
-0.135,-0.754
-0.134,-0.754
-0.133,-0.754
-0.132,-0.754
-0.131,-0.754
-0.13,-0.754
-0.129,-0.754
-0.128,-0.754
-0.127,-0.754
-0.126,-0.754
-0.125,-0.754
-0.124,-0.754
-0.123,-0.754
-0.122,-0.754
-0.121,-0.754
-0.12,-0.754
-0.119,-0.754
-0.118,-0.754
-0.117,-0.754
-0.116,-0.754
-0.115,-0.754
-0.114,-0.754
-0.113,-0.754
-0.112,-0.754
-0.111,-0.754
-0.11,-0.754
-0.109,-0.754
-0.108,-0.754
-0.107,-0.754
-0.106,-0.754
-0.105,-0.754
-0.104,-0.754
-0.103,-0.754
-0.102,-0.754
-0.101,-0.754
-0.1,-0.754
-0.099,-0.754
-0.098,-0.754
-0.097,-0.754
-0.096,-0.754
-0.095,-0.754
-0.094,-0.754
-0.093,-0.754
-0.092,-0.754
-0.091,-0.754
-0.09,-0.754
-0.089,-0.754
-0.088,-0.754
-0.087,-0.754
-0.086,-0.754
-0.085,-0.754
-0.084,-0.754
-0.083,-0.754
-0.082,-0.754
-0.081,-0.754
-0.08,-0.754
-0.079,-0.754
-0.078,-0.754
-0.077,-0.754
-0.076,-0.754
-0.075,-0.754
-0.074,-0.754
-0.073,-0.754
-0.072,-0.754
-0.071,-0.754
-0.07,-0.754
-0.069,-0.754
-0.068,-0.754
-0.067,-0.754
-0.066,-0.754
-0.065,-0.754
-0.064,-0.754
-0.063,-0.754
-0.062,-0.754
-0.061,-0.754
-0.06,-0.754
-0.059,-0.754
-0.058,-0.754
-0.057,-0.754
-0.056,-0.754
-0.055,-0.754
-0.054,-0.754
-0.053,-0.754
-0.052,-0.754
-0.051,-0.754
-0.05,-0.754
-0.049,-0.754
-0.048,-0.754
-0.047,-0.754
-0.046,-0.754
-0.045,-0.754
-0.044,-0.754
-0.043,-0.754
-0.042,-0.754
-0.041,-0.754
-0.04,-0.754
-0.039,-0.754
-0.038,-0.754
-0.037,-0.754
-0.036,-0.754
-0.035,-0.754
-0.034,-0.754
-0.033,-0.754
-0.032,-0.754
-0.031,-0.754
-0.03,-0.754
-0.029,-0.754
-0.028,-0.754
-0.027,-0.754
-0.24,-0.753
-0.235,-0.753
-0.233,-0.753
-0.231,-0.753
-0.23,-0.753
-0.229,-0.753
-0.228,-0.753
-0.227,-0.753
-0.226,-0.753
-0.225,-0.753
-0.224,-0.753
-0.223,-0.753
-0.222,-0.753
-0.221,-0.753
-0.22,-0.753
-0.219,-0.753
-0.218,-0.753
-0.217,-0.753
-0.216,-0.753
-0.215,-0.753
-0.214,-0.753
-0.213,-0.753
-0.212,-0.753
-0.211,-0.753
-0.21,-0.753
-0.209,-0.753
-0.208,-0.753
-0.207,-0.753
-0.206,-0.753
-0.205,-0.753
-0.204,-0.753
-0.203,-0.753
-0.202,-0.753
-0.201,-0.753
-0.2,-0.753
-0.199,-0.753
-0.198,-0.753
-0.197,-0.753
-0.196,-0.753
-0.195,-0.753
-0.194,-0.753
-0.193,-0.753
-0.192,-0.753
-0.191,-0.753
-0.19,-0.753
-0.189,-0.753
-0.188,-0.753
-0.187,-0.753
-0.186,-0.753
-0.185,-0.753
-0.184,-0.753
-0.183,-0.753
-0.182,-0.753
-0.181,-0.753
-0.18,-0.753
-0.179,-0.753
-0.178,-0.753
-0.177,-0.753
-0.176,-0.753
-0.175,-0.753
-0.174,-0.753
-0.173,-0.753
-0.172,-0.753
-0.171,-0.753
-0.17,-0.753
-0.169,-0.753
-0.168,-0.753
-0.167,-0.753
-0.166,-0.753
-0.165,-0.753
-0.164,-0.753
-0.163,-0.753
-0.162,-0.753
-0.161,-0.753
-0.16,-0.753
-0.159,-0.753
-0.158,-0.753
-0.157,-0.753
-0.156,-0.753
-0.155,-0.753
-0.154,-0.753
-0.153,-0.753
-0.152,-0.753
-0.151,-0.753
-0.15,-0.753
-0.149,-0.753
-0.148,-0.753
-0.147,-0.753
-0.146,-0.753
-0.145,-0.753
-0.144,-0.753
-0.143,-0.753
-0.142,-0.753
-0.141,-0.753
-0.14,-0.753
-0.139,-0.753
-0.138,-0.753
-0.137,-0.753
-0.136,-0.753
-0.135,-0.753
-0.134,-0.753
-0.133,-0.753
-0.132,-0.753
-0.131,-0.753
-0.13,-0.753
-0.129,-0.753
-0.128,-0.753
-0.127,-0.753
-0.126,-0.753
-0.125,-0.753
-0.124,-0.753
-0.123,-0.753
-0.122,-0.753
-0.121,-0.753
-0.12,-0.753
-0.119,-0.753
-0.118,-0.753
-0.117,-0.753
-0.116,-0.753
-0.115,-0.753
-0.114,-0.753
-0.113,-0.753
-0.112,-0.753
-0.111,-0.753
-0.11,-0.753
-0.109,-0.753
-0.108,-0.753
-0.107,-0.753
-0.106,-0.753
-0.105,-0.753
-0.104,-0.753
-0.103,-0.753
-0.102,-0.753
-0.101,-0.753
-0.1,-0.753
-0.099,-0.753
-0.098,-0.753
-0.097,-0.753
-0.096,-0.753
-0.095,-0.753
-0.094,-0.753
-0.093,-0.753
-0.092,-0.753
-0.091,-0.753
-0.09,-0.753
-0.089,-0.753
-0.088,-0.753
-0.087,-0.753
-0.086,-0.753
-0.085,-0.753
-0.084,-0.753
-0.083,-0.753
-0.082,-0.753
-0.081,-0.753
-0.08,-0.753
-0.079,-0.753
-0.078,-0.753
-0.077,-0.753
-0.076,-0.753
-0.075,-0.753
-0.074,-0.753
-0.073,-0.753
-0.072,-0.753
-0.071,-0.753
-0.07,-0.753
-0.069,-0.753
-0.068,-0.753
-0.067,-0.753
-0.066,-0.753
-0.065,-0.753
-0.064,-0.753
-0.063,-0.753
-0.062,-0.753
-0.061,-0.753
-0.06,-0.753
-0.059,-0.753
-0.058,-0.753
-0.057,-0.753
-0.056,-0.753
-0.055,-0.753
-0.054,-0.753
-0.053,-0.753
-0.052,-0.753
-0.051,-0.753
-0.05,-0.753
-0.049,-0.753
-0.048,-0.753
-0.047,-0.753
-0.046,-0.753
-0.045,-0.753
-0.044,-0.753
-0.043,-0.753
-0.042,-0.753
-0.041,-0.753
-0.04,-0.753
-0.039,-0.753
-0.038,-0.753
-0.037,-0.753
-0.036,-0.753
-0.035,-0.753
-0.034,-0.753
-0.033,-0.753
-0.032,-0.753
-0.031,-0.753
-0.03,-0.753
-0.029,-0.753
-0.028,-0.753
-0.234,-0.752
-0.233,-0.752
-0.232,-0.752
-0.231,-0.752
-0.23,-0.752
-0.229,-0.752
-0.228,-0.752
-0.227,-0.752
-0.226,-0.752
-0.225,-0.752
-0.224,-0.752
-0.223,-0.752
-0.222,-0.752
-0.221,-0.752
-0.22,-0.752
-0.219,-0.752
-0.218,-0.752
-0.217,-0.752
-0.216,-0.752
-0.215,-0.752
-0.214,-0.752
-0.213,-0.752
-0.212,-0.752
-0.211,-0.752
-0.21,-0.752
-0.209,-0.752
-0.208,-0.752
-0.207,-0.752
-0.206,-0.752
-0.205,-0.752
-0.204,-0.752
-0.203,-0.752
-0.202,-0.752
-0.201,-0.752
-0.2,-0.752
-0.199,-0.752
-0.198,-0.752
-0.197,-0.752
-0.196,-0.752
-0.195,-0.752
-0.194,-0.752
-0.193,-0.752
-0.192,-0.752
-0.191,-0.752
-0.19,-0.752
-0.189,-0.752
-0.188,-0.752
-0.187,-0.752
-0.186,-0.752
-0.185,-0.752
-0.184,-0.752
-0.183,-0.752
-0.182,-0.752
-0.181,-0.752
-0.18,-0.752
-0.179,-0.752
-0.178,-0.752
-0.177,-0.752
-0.176,-0.752
-0.175,-0.752
-0.174,-0.752
-0.173,-0.752
-0.172,-0.752
-0.171,-0.752
-0.17,-0.752
-0.169,-0.752
-0.168,-0.752
-0.167,-0.752
-0.166,-0.752
-0.165,-0.752
-0.164,-0.752
-0.163,-0.752
-0.162,-0.752
-0.161,-0.752
-0.16,-0.752
-0.159,-0.752
-0.158,-0.752
-0.157,-0.752
-0.156,-0.752
-0.155,-0.752
-0.154,-0.752
-0.153,-0.752
-0.152,-0.752
-0.151,-0.752
-0.15,-0.752
-0.149,-0.752
-0.148,-0.752
-0.147,-0.752
-0.146,-0.752
-0.145,-0.752
-0.144,-0.752
-0.143,-0.752
-0.142,-0.752
-0.141,-0.752
-0.14,-0.752
-0.139,-0.752
-0.138,-0.752
-0.137,-0.752
-0.136,-0.752
-0.135,-0.752
-0.134,-0.752
-0.133,-0.752
-0.132,-0.752
-0.131,-0.752
-0.13,-0.752
-0.129,-0.752
-0.128,-0.752
-0.127,-0.752
-0.126,-0.752
-0.125,-0.752
-0.124,-0.752
-0.123,-0.752
-0.122,-0.752
-0.121,-0.752
-0.12,-0.752
-0.119,-0.752
-0.118,-0.752
-0.117,-0.752
-0.116,-0.752
-0.115,-0.752
-0.114,-0.752
-0.113,-0.752
-0.112,-0.752
-0.111,-0.752
-0.11,-0.752
-0.109,-0.752
-0.108,-0.752
-0.107,-0.752
-0.106,-0.752
-0.105,-0.752
-0.104,-0.752
-0.103,-0.752
-0.102,-0.752
-0.101,-0.752
-0.1,-0.752
-0.099,-0.752
-0.098,-0.752
-0.097,-0.752
-0.096,-0.752
-0.095,-0.752
-0.094,-0.752
-0.093,-0.752
-0.092,-0.752
-0.091,-0.752
-0.09,-0.752
-0.089,-0.752
-0.088,-0.752
-0.087,-0.752
-0.086,-0.752
-0.085,-0.752
-0.084,-0.752
-0.083,-0.752
-0.082,-0.752
-0.081,-0.752
-0.08,-0.752
-0.079,-0.752
-0.078,-0.752
-0.077,-0.752
-0.076,-0.752
-0.075,-0.752
-0.074,-0.752
-0.073,-0.752
-0.072,-0.752
-0.071,-0.752
-0.07,-0.752
-0.069,-0.752
-0.068,-0.752
-0.067,-0.752
-0.066,-0.752
-0.065,-0.752
-0.064,-0.752
-0.063,-0.752
-0.062,-0.752
-0.061,-0.752
-0.06,-0.752
-0.059,-0.752
-0.058,-0.752
-0.057,-0.752
-0.056,-0.752
-0.055,-0.752
-0.054,-0.752
-0.053,-0.752
-0.052,-0.752
-0.051,-0.752
-0.05,-0.752
-0.049,-0.752
-0.048,-0.752
-0.047,-0.752
-0.046,-0.752
-0.045,-0.752
-0.044,-0.752
-0.043,-0.752
-0.042,-0.752
-0.041,-0.752
-0.04,-0.752
-0.039,-0.752
-0.038,-0.752
-0.037,-0.752
-0.036,-0.752
-0.035,-0.752
-0.034,-0.752
-0.033,-0.752
-0.032,-0.752
-0.031,-0.752
-0.03,-0.752
-0.024,-0.752
-0.235,-0.751
-0.234,-0.751
-0.233,-0.751
-0.232,-0.751
-0.231,-0.751
-0.23,-0.751
-0.229,-0.751
-0.228,-0.751
-0.227,-0.751
-0.226,-0.751
-0.225,-0.751
-0.224,-0.751
-0.223,-0.751
-0.222,-0.751
-0.221,-0.751
-0.22,-0.751
-0.219,-0.751
-0.218,-0.751
-0.217,-0.751
-0.216,-0.751
-0.215,-0.751
-0.214,-0.751
-0.213,-0.751
-0.212,-0.751
-0.211,-0.751
-0.21,-0.751
-0.209,-0.751
-0.208,-0.751
-0.207,-0.751
-0.206,-0.751
-0.205,-0.751
-0.204,-0.751
-0.203,-0.751
-0.202,-0.751
-0.201,-0.751
-0.2,-0.751
-0.199,-0.751
-0.198,-0.751
-0.197,-0.751
-0.196,-0.751
-0.195,-0.751
-0.194,-0.751
-0.193,-0.751
-0.192,-0.751
-0.191,-0.751
-0.19,-0.751
-0.189,-0.751
-0.188,-0.751
-0.187,-0.751
-0.186,-0.751
-0.185,-0.751
-0.184,-0.751
-0.183,-0.751
-0.182,-0.751
-0.181,-0.751
-0.18,-0.751
-0.179,-0.751
-0.178,-0.751
-0.177,-0.751
-0.176,-0.751
-0.175,-0.751
-0.174,-0.751
-0.173,-0.751
-0.172,-0.751
-0.171,-0.751
-0.17,-0.751
-0.169,-0.751
-0.168,-0.751
-0.167,-0.751
-0.166,-0.751
-0.165,-0.751
-0.164,-0.751
-0.163,-0.751
-0.162,-0.751
-0.161,-0.751
-0.16,-0.751
-0.159,-0.751
-0.158,-0.751
-0.157,-0.751
-0.156,-0.751
-0.155,-0.751
-0.154,-0.751
-0.153,-0.751
-0.152,-0.751
-0.151,-0.751
-0.15,-0.751
-0.149,-0.751
-0.148,-0.751
-0.147,-0.751
-0.146,-0.751
-0.145,-0.751
-0.144,-0.751
-0.143,-0.751
-0.142,-0.751
-0.141,-0.751
-0.14,-0.751
-0.139,-0.751
-0.138,-0.751
-0.137,-0.751
-0.136,-0.751
-0.135,-0.751
-0.134,-0.751
-0.133,-0.751
-0.132,-0.751
-0.131,-0.751
-0.13,-0.751
-0.129,-0.751
-0.128,-0.751
-0.127,-0.751
-0.126,-0.751
-0.125,-0.751
-0.124,-0.751
-0.123,-0.751
-0.122,-0.751
-0.121,-0.751
-0.12,-0.751
-0.119,-0.751
-0.118,-0.751
-0.117,-0.751
-0.116,-0.751
-0.115,-0.751
-0.114,-0.751
-0.113,-0.751
-0.112,-0.751
-0.111,-0.751
-0.11,-0.751
-0.109,-0.751
-0.108,-0.751
-0.107,-0.751
-0.106,-0.751
-0.105,-0.751
-0.104,-0.751
-0.103,-0.751
-0.102,-0.751
-0.101,-0.751
-0.1,-0.751
-0.099,-0.751
-0.098,-0.751
-0.097,-0.751
-0.096,-0.751
-0.095,-0.751
-0.094,-0.751
-0.093,-0.751
-0.092,-0.751
-0.091,-0.751
-0.09,-0.751
-0.089,-0.751
-0.088,-0.751
-0.087,-0.751
-0.086,-0.751
-0.085,-0.751
-0.084,-0.751
-0.083,-0.751
-0.082,-0.751
-0.081,-0.751
-0.08,-0.751
-0.079,-0.751
-0.078,-0.751
-0.077,-0.751
-0.076,-0.751
-0.075,-0.751
-0.074,-0.751
-0.073,-0.751
-0.072,-0.751
-0.071,-0.751
-0.07,-0.751
-0.069,-0.751
-0.068,-0.751
-0.067,-0.751
-0.066,-0.751
-0.065,-0.751
-0.064,-0.751
-0.063,-0.751
-0.062,-0.751
-0.061,-0.751
-0.06,-0.751
-0.059,-0.751
-0.058,-0.751
-0.057,-0.751
-0.056,-0.751
-0.055,-0.751
-0.054,-0.751
-0.053,-0.751
-0.052,-0.751
-0.051,-0.751
-0.05,-0.751
-0.049,-0.751
-0.048,-0.751
-0.047,-0.751
-0.046,-0.751
-0.045,-0.751
-0.044,-0.751
-0.043,-0.751
-0.042,-0.751
-0.041,-0.751
-0.04,-0.751
-0.039,-0.751
-0.038,-0.751
-0.037,-0.751
-0.036,-0.751
-0.035,-0.751
-0.034,-0.751
-0.033,-0.751
-0.032,-0.751
-0.031,-0.751
-0.03,-0.751
-0.029,-0.751
-0.028,-0.751
-0.025,-0.751
-0.023,-0.751
-0.018,-0.751
-0.237,-0.75
-0.236,-0.75
-0.235,-0.75
-0.234,-0.75
-0.233,-0.75
-0.232,-0.75
-0.231,-0.75
-0.23,-0.75
-0.229,-0.75
-0.228,-0.75
-0.227,-0.75
-0.226,-0.75
-0.225,-0.75
-0.224,-0.75
-0.223,-0.75
-0.222,-0.75
-0.221,-0.75
-0.22,-0.75
-0.219,-0.75
-0.218,-0.75
-0.217,-0.75
-0.216,-0.75
-0.215,-0.75
-0.214,-0.75
-0.213,-0.75
-0.212,-0.75
-0.211,-0.75
-0.21,-0.75
-0.209,-0.75
-0.208,-0.75
-0.207,-0.75
-0.206,-0.75
-0.205,-0.75
-0.204,-0.75
-0.203,-0.75
-0.202,-0.75
-0.201,-0.75
-0.2,-0.75
-0.199,-0.75
-0.198,-0.75
-0.197,-0.75
-0.196,-0.75
-0.195,-0.75
-0.194,-0.75
-0.193,-0.75
-0.192,-0.75
-0.191,-0.75
-0.19,-0.75
-0.189,-0.75
-0.188,-0.75
-0.187,-0.75
-0.186,-0.75
-0.185,-0.75
-0.184,-0.75
-0.183,-0.75
-0.182,-0.75
-0.181,-0.75
-0.18,-0.75
-0.179,-0.75
-0.178,-0.75
-0.177,-0.75
-0.176,-0.75
-0.175,-0.75
-0.174,-0.75
-0.173,-0.75
-0.172,-0.75
-0.171,-0.75
-0.17,-0.75
-0.169,-0.75
-0.168,-0.75
-0.167,-0.75
-0.166,-0.75
-0.165,-0.75
-0.164,-0.75
-0.163,-0.75
-0.162,-0.75
-0.161,-0.75
-0.16,-0.75
-0.159,-0.75
-0.158,-0.75
-0.157,-0.75
-0.156,-0.75
-0.155,-0.75
-0.154,-0.75
-0.153,-0.75
-0.152,-0.75
-0.151,-0.75
-0.15,-0.75
-0.149,-0.75
-0.148,-0.75
-0.147,-0.75
-0.146,-0.75
-0.145,-0.75
-0.144,-0.75
-0.143,-0.75
-0.142,-0.75
-0.141,-0.75
-0.14,-0.75
-0.139,-0.75
-0.138,-0.75
-0.137,-0.75
-0.136,-0.75
-0.135,-0.75
-0.134,-0.75
-0.133,-0.75
-0.132,-0.75
-0.131,-0.75
-0.13,-0.75
-0.129,-0.75
-0.128,-0.75
-0.127,-0.75
-0.126,-0.75
-0.125,-0.75
-0.124,-0.75
-0.123,-0.75
-0.122,-0.75
-0.121,-0.75
-0.12,-0.75
-0.119,-0.75
-0.118,-0.75
-0.117,-0.75
-0.116,-0.75
-0.115,-0.75
-0.114,-0.75
-0.113,-0.75
-0.112,-0.75
-0.111,-0.75
-0.11,-0.75
-0.109,-0.75
-0.108,-0.75
-0.107,-0.75
-0.106,-0.75
-0.105,-0.75
-0.104,-0.75
-0.103,-0.75
-0.102,-0.75
-0.101,-0.75
-0.1,-0.75
-0.099,-0.75
-0.098,-0.75
-0.097,-0.75
-0.096,-0.75
-0.095,-0.75
-0.094,-0.75
-0.093,-0.75
-0.092,-0.75
-0.091,-0.75
-0.09,-0.75
-0.089,-0.75
-0.088,-0.75
-0.087,-0.75
-0.086,-0.75
-0.085,-0.75
-0.084,-0.75
-0.083,-0.75
-0.082,-0.75
-0.081,-0.75
-0.08,-0.75
-0.079,-0.75
-0.078,-0.75
-0.077,-0.75
-0.076,-0.75
-0.075,-0.75
-0.074,-0.75
-0.073,-0.75
-0.072,-0.75
-0.071,-0.75
-0.07,-0.75
-0.069,-0.75
-0.068,-0.75
-0.067,-0.75
-0.066,-0.75
-0.065,-0.75
-0.064,-0.75
-0.063,-0.75
-0.062,-0.75
-0.061,-0.75
-0.06,-0.75
-0.059,-0.75
-0.058,-0.75
-0.057,-0.75
-0.056,-0.75
-0.055,-0.75
-0.054,-0.75
-0.053,-0.75
-0.052,-0.75
-0.051,-0.75
-0.05,-0.75
-0.049,-0.75
-0.048,-0.75
-0.047,-0.75
-0.046,-0.75
-0.045,-0.75
-0.044,-0.75
-0.043,-0.75
-0.042,-0.75
-0.041,-0.75
-0.04,-0.75
-0.039,-0.75
-0.038,-0.75
-0.037,-0.75
-0.036,-0.75
-0.035,-0.75
-0.034,-0.75
-0.033,-0.75
-0.032,-0.75
-0.031,-0.75
-0.03,-0.75
-0.029,-0.75
-0.024,-0.75
-0.019,-0.75
-0.242,-0.749
-0.241,-0.749
-0.239,-0.749
-0.234,-0.749
-0.233,-0.749
-0.232,-0.749
-0.231,-0.749
-0.23,-0.749
-0.229,-0.749
-0.228,-0.749
-0.227,-0.749
-0.226,-0.749
-0.225,-0.749
-0.224,-0.749
-0.223,-0.749
-0.222,-0.749
-0.221,-0.749
-0.22,-0.749
-0.219,-0.749
-0.218,-0.749
-0.217,-0.749
-0.216,-0.749
-0.215,-0.749
-0.214,-0.749
-0.213,-0.749
-0.212,-0.749
-0.211,-0.749
-0.21,-0.749
-0.209,-0.749
-0.208,-0.749
-0.207,-0.749
-0.206,-0.749
-0.205,-0.749
-0.204,-0.749
-0.203,-0.749
-0.202,-0.749
-0.201,-0.749
-0.2,-0.749
-0.199,-0.749
-0.198,-0.749
-0.197,-0.749
-0.196,-0.749
-0.195,-0.749
-0.194,-0.749
-0.193,-0.749
-0.192,-0.749
-0.191,-0.749
-0.19,-0.749
-0.189,-0.749
-0.188,-0.749
-0.187,-0.749
-0.186,-0.749
-0.185,-0.749
-0.184,-0.749
-0.183,-0.749
-0.182,-0.749
-0.181,-0.749
-0.18,-0.749
-0.179,-0.749
-0.178,-0.749
-0.177,-0.749
-0.176,-0.749
-0.175,-0.749
-0.174,-0.749
-0.173,-0.749
-0.172,-0.749
-0.171,-0.749
-0.17,-0.749
-0.169,-0.749
-0.168,-0.749
-0.167,-0.749
-0.166,-0.749
-0.165,-0.749
-0.164,-0.749
-0.163,-0.749
-0.162,-0.749
-0.161,-0.749
-0.16,-0.749
-0.159,-0.749
-0.158,-0.749
-0.157,-0.749
-0.156,-0.749
-0.155,-0.749
-0.154,-0.749
-0.153,-0.749
-0.152,-0.749
-0.151,-0.749
-0.15,-0.749
-0.149,-0.749
-0.148,-0.749
-0.147,-0.749
-0.146,-0.749
-0.145,-0.749
-0.144,-0.749
-0.143,-0.749
-0.142,-0.749
-0.141,-0.749
-0.14,-0.749
-0.139,-0.749
-0.138,-0.749
-0.137,-0.749
-0.136,-0.749
-0.135,-0.749
-0.134,-0.749
-0.133,-0.749
-0.132,-0.749
-0.131,-0.749
-0.13,-0.749
-0.129,-0.749
-0.128,-0.749
-0.127,-0.749
-0.126,-0.749
-0.125,-0.749
-0.124,-0.749
-0.123,-0.749
-0.122,-0.749
-0.121,-0.749
-0.12,-0.749
-0.119,-0.749
-0.118,-0.749
-0.117,-0.749
-0.116,-0.749
-0.115,-0.749
-0.114,-0.749
-0.113,-0.749
-0.112,-0.749
-0.111,-0.749
-0.11,-0.749
-0.109,-0.749
-0.108,-0.749
-0.107,-0.749
-0.106,-0.749
-0.105,-0.749
-0.104,-0.749
-0.103,-0.749
-0.102,-0.749
-0.101,-0.749
-0.1,-0.749
-0.099,-0.749
-0.098,-0.749
-0.097,-0.749
-0.096,-0.749
-0.095,-0.749
-0.094,-0.749
-0.093,-0.749
-0.092,-0.749
-0.091,-0.749
-0.09,-0.749
-0.089,-0.749
-0.088,-0.749
-0.087,-0.749
-0.086,-0.749
-0.085,-0.749
-0.084,-0.749
-0.083,-0.749
-0.082,-0.749
-0.081,-0.749
-0.08,-0.749
-0.079,-0.749
-0.078,-0.749
-0.077,-0.749
-0.076,-0.749
-0.075,-0.749
-0.074,-0.749
-0.073,-0.749
-0.072,-0.749
-0.071,-0.749
-0.07,-0.749
-0.069,-0.749
-0.068,-0.749
-0.067,-0.749
-0.066,-0.749
-0.065,-0.749
-0.064,-0.749
-0.063,-0.749
-0.062,-0.749
-0.061,-0.749
-0.06,-0.749
-0.059,-0.749
-0.058,-0.749
-0.057,-0.749
-0.056,-0.749
-0.055,-0.749
-0.054,-0.749
-0.053,-0.749
-0.052,-0.749
-0.051,-0.749
-0.05,-0.749
-0.049,-0.749
-0.048,-0.749
-0.047,-0.749
-0.046,-0.749
-0.045,-0.749
-0.044,-0.749
-0.043,-0.749
-0.042,-0.749
-0.041,-0.749
-0.04,-0.749
-0.039,-0.749
-0.038,-0.749
-0.037,-0.749
-0.036,-0.749
-0.035,-0.749
-0.034,-0.749
-0.033,-0.749
-0.032,-0.749
-0.031,-0.749
-0.03,-0.749
-0.027,-0.749
-0.024,-0.749
-0.019,-0.749
-0.247,-0.748
-0.243,-0.748
-0.235,-0.748
-0.234,-0.748
-0.233,-0.748
-0.232,-0.748
-0.231,-0.748
-0.23,-0.748
-0.229,-0.748
-0.228,-0.748
-0.227,-0.748
-0.226,-0.748
-0.225,-0.748
-0.224,-0.748
-0.223,-0.748
-0.222,-0.748
-0.221,-0.748
-0.22,-0.748
-0.219,-0.748
-0.218,-0.748
-0.217,-0.748
-0.216,-0.748
-0.215,-0.748
-0.214,-0.748
-0.213,-0.748
-0.212,-0.748
-0.211,-0.748
-0.21,-0.748
-0.209,-0.748
-0.208,-0.748
-0.207,-0.748
-0.206,-0.748
-0.205,-0.748
-0.204,-0.748
-0.203,-0.748
-0.202,-0.748
-0.201,-0.748
-0.2,-0.748
-0.199,-0.748
-0.198,-0.748
-0.197,-0.748
-0.196,-0.748
-0.195,-0.748
-0.194,-0.748
-0.193,-0.748
-0.192,-0.748
-0.191,-0.748
-0.19,-0.748
-0.189,-0.748
-0.188,-0.748
-0.187,-0.748
-0.186,-0.748
-0.185,-0.748
-0.184,-0.748
-0.183,-0.748
-0.182,-0.748
-0.181,-0.748
-0.18,-0.748
-0.179,-0.748
-0.178,-0.748
-0.177,-0.748
-0.176,-0.748
-0.175,-0.748
-0.174,-0.748
-0.173,-0.748
-0.172,-0.748
-0.171,-0.748
-0.17,-0.748
-0.169,-0.748
-0.168,-0.748
-0.167,-0.748
-0.166,-0.748
-0.165,-0.748
-0.164,-0.748
-0.163,-0.748
-0.162,-0.748
-0.161,-0.748
-0.16,-0.748
-0.159,-0.748
-0.158,-0.748
-0.157,-0.748
-0.156,-0.748
-0.155,-0.748
-0.154,-0.748
-0.153,-0.748
-0.152,-0.748
-0.151,-0.748
-0.15,-0.748
-0.149,-0.748
-0.148,-0.748
-0.147,-0.748
-0.146,-0.748
-0.145,-0.748
-0.144,-0.748
-0.143,-0.748
-0.142,-0.748
-0.141,-0.748
-0.14,-0.748
-0.139,-0.748
-0.138,-0.748
-0.137,-0.748
-0.136,-0.748
-0.135,-0.748
-0.134,-0.748
-0.133,-0.748
-0.132,-0.748
-0.131,-0.748
-0.13,-0.748
-0.129,-0.748
-0.128,-0.748
-0.127,-0.748
-0.126,-0.748
-0.125,-0.748
-0.124,-0.748
-0.123,-0.748
-0.122,-0.748
-0.121,-0.748
-0.12,-0.748
-0.119,-0.748
-0.118,-0.748
-0.117,-0.748
-0.116,-0.748
-0.115,-0.748
-0.114,-0.748
-0.113,-0.748
-0.112,-0.748
-0.111,-0.748
-0.11,-0.748
-0.109,-0.748
-0.108,-0.748
-0.107,-0.748
-0.106,-0.748
-0.105,-0.748
-0.104,-0.748
-0.103,-0.748
-0.102,-0.748
-0.101,-0.748
-0.1,-0.748
-0.099,-0.748
-0.098,-0.748
-0.097,-0.748
-0.096,-0.748
-0.095,-0.748
-0.094,-0.748
-0.093,-0.748
-0.092,-0.748
-0.091,-0.748
-0.09,-0.748
-0.089,-0.748
-0.088,-0.748
-0.087,-0.748
-0.086,-0.748
-0.085,-0.748
-0.084,-0.748
-0.083,-0.748
-0.082,-0.748
-0.081,-0.748
-0.08,-0.748
-0.079,-0.748
-0.078,-0.748
-0.077,-0.748
-0.076,-0.748
-0.075,-0.748
-0.074,-0.748
-0.073,-0.748
-0.072,-0.748
-0.071,-0.748
-0.07,-0.748
-0.069,-0.748
-0.068,-0.748
-0.067,-0.748
-0.066,-0.748
-0.065,-0.748
-0.064,-0.748
-0.063,-0.748
-0.062,-0.748
-0.061,-0.748
-0.06,-0.748
-0.059,-0.748
-0.058,-0.748
-0.057,-0.748
-0.056,-0.748
-0.055,-0.748
-0.054,-0.748
-0.053,-0.748
-0.052,-0.748
-0.051,-0.748
-0.05,-0.748
-0.049,-0.748
-0.048,-0.748
-0.047,-0.748
-0.046,-0.748
-0.045,-0.748
-0.044,-0.748
-0.043,-0.748
-0.042,-0.748
-0.041,-0.748
-0.04,-0.748
-0.039,-0.748
-0.038,-0.748
-0.037,-0.748
-0.036,-0.748
-0.035,-0.748
-0.034,-0.748
-0.033,-0.748
-0.032,-0.748
-0.031,-0.748
-0.03,-0.748
-0.029,-0.748
-0.026,-0.748
-0.025,-0.748
-0.024,-0.748
-0.023,-0.748
-0.022,-0.748
-0.232,-0.747
-0.231,-0.747
-0.23,-0.747
-0.229,-0.747
-0.228,-0.747
-0.227,-0.747
-0.226,-0.747
-0.225,-0.747
-0.224,-0.747
-0.223,-0.747
-0.222,-0.747
-0.221,-0.747
-0.22,-0.747
-0.219,-0.747
-0.218,-0.747
-0.217,-0.747
-0.216,-0.747
-0.215,-0.747
-0.214,-0.747
-0.213,-0.747
-0.212,-0.747
-0.211,-0.747
-0.21,-0.747
-0.209,-0.747
-0.208,-0.747
-0.207,-0.747
-0.206,-0.747
-0.205,-0.747
-0.204,-0.747
-0.203,-0.747
-0.202,-0.747
-0.201,-0.747
-0.2,-0.747
-0.199,-0.747
-0.198,-0.747
-0.197,-0.747
-0.196,-0.747
-0.195,-0.747
-0.194,-0.747
-0.193,-0.747
-0.192,-0.747
-0.191,-0.747
-0.19,-0.747
-0.189,-0.747
-0.188,-0.747
-0.187,-0.747
-0.186,-0.747
-0.185,-0.747
-0.184,-0.747
-0.183,-0.747
-0.182,-0.747
-0.181,-0.747
-0.18,-0.747
-0.179,-0.747
-0.178,-0.747
-0.177,-0.747
-0.176,-0.747
-0.175,-0.747
-0.174,-0.747
-0.173,-0.747
-0.172,-0.747
-0.171,-0.747
-0.17,-0.747
-0.169,-0.747
-0.168,-0.747
-0.167,-0.747
-0.166,-0.747
-0.165,-0.747
-0.164,-0.747
-0.163,-0.747
-0.162,-0.747
-0.161,-0.747
-0.16,-0.747
-0.159,-0.747
-0.158,-0.747
-0.157,-0.747
-0.156,-0.747
-0.155,-0.747
-0.154,-0.747
-0.153,-0.747
-0.152,-0.747
-0.151,-0.747
-0.15,-0.747
-0.149,-0.747
-0.148,-0.747
-0.147,-0.747
-0.146,-0.747
-0.145,-0.747
-0.144,-0.747
-0.143,-0.747
-0.142,-0.747
-0.141,-0.747
-0.14,-0.747
-0.139,-0.747
-0.138,-0.747
-0.137,-0.747
-0.136,-0.747
-0.135,-0.747
-0.134,-0.747
-0.133,-0.747
-0.132,-0.747
-0.131,-0.747
-0.13,-0.747
-0.129,-0.747
-0.128,-0.747
-0.127,-0.747
-0.126,-0.747
-0.125,-0.747
-0.124,-0.747
-0.123,-0.747
-0.122,-0.747
-0.121,-0.747
-0.12,-0.747
-0.119,-0.747
-0.118,-0.747
-0.117,-0.747
-0.116,-0.747
-0.115,-0.747
-0.114,-0.747
-0.113,-0.747
-0.112,-0.747
-0.111,-0.747
-0.11,-0.747
-0.109,-0.747
-0.108,-0.747
-0.107,-0.747
-0.106,-0.747
-0.105,-0.747
-0.104,-0.747
-0.103,-0.747
-0.102,-0.747
-0.101,-0.747
-0.1,-0.747
-0.099,-0.747
-0.098,-0.747
-0.097,-0.747
-0.096,-0.747
-0.095,-0.747
-0.094,-0.747
-0.093,-0.747
-0.092,-0.747
-0.091,-0.747
-0.09,-0.747
-0.089,-0.747
-0.088,-0.747
-0.087,-0.747
-0.086,-0.747
-0.085,-0.747
-0.084,-0.747
-0.083,-0.747
-0.082,-0.747
-0.081,-0.747
-0.08,-0.747
-0.079,-0.747
-0.078,-0.747
-0.077,-0.747
-0.076,-0.747
-0.075,-0.747
-0.074,-0.747
-0.073,-0.747
-0.072,-0.747
-0.071,-0.747
-0.07,-0.747
-0.069,-0.747
-0.068,-0.747
-0.067,-0.747
-0.066,-0.747
-0.065,-0.747
-0.064,-0.747
-0.063,-0.747
-0.062,-0.747
-0.061,-0.747
-0.06,-0.747
-0.059,-0.747
-0.058,-0.747
-0.057,-0.747
-0.056,-0.747
-0.055,-0.747
-0.054,-0.747
-0.053,-0.747
-0.052,-0.747
-0.051,-0.747
-0.05,-0.747
-0.049,-0.747
-0.048,-0.747
-0.047,-0.747
-0.046,-0.747
-0.045,-0.747
-0.044,-0.747
-0.043,-0.747
-0.042,-0.747
-0.041,-0.747
-0.04,-0.747
-0.039,-0.747
-0.038,-0.747
-0.037,-0.747
-0.036,-0.747
-0.035,-0.747
-0.034,-0.747
-0.033,-0.747
-0.032,-0.747
-0.031,-0.747
-0.03,-0.747
-0.027,-0.747
-0.026,-0.747
-0.025,-0.747
-0.024,-0.747
-0.023,-0.747
-0.021,-0.747
-0.02,-0.747
-0.019,-0.747
-0.018,-0.747
-0.239,-0.746
-0.23,-0.746
-0.229,-0.746
-0.228,-0.746
-0.227,-0.746
-0.226,-0.746
-0.225,-0.746
-0.224,-0.746
-0.223,-0.746
-0.222,-0.746
-0.221,-0.746
-0.22,-0.746
-0.219,-0.746
-0.218,-0.746
-0.217,-0.746
-0.216,-0.746
-0.215,-0.746
-0.214,-0.746
-0.213,-0.746
-0.212,-0.746
-0.211,-0.746
-0.21,-0.746
-0.209,-0.746
-0.208,-0.746
-0.207,-0.746
-0.206,-0.746
-0.205,-0.746
-0.204,-0.746
-0.203,-0.746
-0.202,-0.746
-0.201,-0.746
-0.2,-0.746
-0.199,-0.746
-0.198,-0.746
-0.197,-0.746
-0.196,-0.746
-0.195,-0.746
-0.194,-0.746
-0.193,-0.746
-0.192,-0.746
-0.191,-0.746
-0.19,-0.746
-0.189,-0.746
-0.188,-0.746
-0.187,-0.746
-0.186,-0.746
-0.185,-0.746
-0.184,-0.746
-0.183,-0.746
-0.182,-0.746
-0.181,-0.746
-0.18,-0.746
-0.179,-0.746
-0.178,-0.746
-0.177,-0.746
-0.176,-0.746
-0.175,-0.746
-0.174,-0.746
-0.173,-0.746
-0.172,-0.746
-0.171,-0.746
-0.17,-0.746
-0.169,-0.746
-0.168,-0.746
-0.167,-0.746
-0.166,-0.746
-0.165,-0.746
-0.164,-0.746
-0.163,-0.746
-0.162,-0.746
-0.161,-0.746
-0.16,-0.746
-0.159,-0.746
-0.158,-0.746
-0.157,-0.746
-0.156,-0.746
-0.155,-0.746
-0.154,-0.746
-0.153,-0.746
-0.152,-0.746
-0.151,-0.746
-0.15,-0.746
-0.149,-0.746
-0.148,-0.746
-0.147,-0.746
-0.146,-0.746
-0.145,-0.746
-0.144,-0.746
-0.143,-0.746
-0.142,-0.746
-0.141,-0.746
-0.14,-0.746
-0.139,-0.746
-0.138,-0.746
-0.137,-0.746
-0.136,-0.746
-0.135,-0.746
-0.134,-0.746
-0.133,-0.746
-0.132,-0.746
-0.131,-0.746
-0.13,-0.746
-0.129,-0.746
-0.128,-0.746
-0.127,-0.746
-0.126,-0.746
-0.125,-0.746
-0.124,-0.746
-0.123,-0.746
-0.122,-0.746
-0.121,-0.746
-0.12,-0.746
-0.119,-0.746
-0.118,-0.746
-0.117,-0.746
-0.116,-0.746
-0.115,-0.746
-0.114,-0.746
-0.113,-0.746
-0.112,-0.746
-0.111,-0.746
-0.11,-0.746
-0.109,-0.746
-0.108,-0.746
-0.107,-0.746
-0.106,-0.746
-0.105,-0.746
-0.104,-0.746
-0.103,-0.746
-0.102,-0.746
-0.101,-0.746
-0.1,-0.746
-0.099,-0.746
-0.098,-0.746
-0.097,-0.746
-0.096,-0.746
-0.095,-0.746
-0.094,-0.746
-0.093,-0.746
-0.092,-0.746
-0.091,-0.746
-0.09,-0.746
-0.089,-0.746
-0.088,-0.746
-0.087,-0.746
-0.086,-0.746
-0.085,-0.746
-0.084,-0.746
-0.083,-0.746
-0.082,-0.746
-0.081,-0.746
-0.08,-0.746
-0.079,-0.746
-0.078,-0.746
-0.077,-0.746
-0.076,-0.746
-0.075,-0.746
-0.074,-0.746
-0.073,-0.746
-0.072,-0.746
-0.071,-0.746
-0.07,-0.746
-0.069,-0.746
-0.068,-0.746
-0.067,-0.746
-0.066,-0.746
-0.065,-0.746
-0.064,-0.746
-0.063,-0.746
-0.062,-0.746
-0.061,-0.746
-0.06,-0.746
-0.059,-0.746
-0.058,-0.746
-0.057,-0.746
-0.056,-0.746
-0.055,-0.746
-0.054,-0.746
-0.053,-0.746
-0.052,-0.746
-0.051,-0.746
-0.05,-0.746
-0.049,-0.746
-0.048,-0.746
-0.047,-0.746
-0.046,-0.746
-0.045,-0.746
-0.044,-0.746
-0.043,-0.746
-0.042,-0.746
-0.041,-0.746
-0.04,-0.746
-0.039,-0.746
-0.038,-0.746
-0.037,-0.746
-0.036,-0.746
-0.035,-0.746
-0.034,-0.746
-0.033,-0.746
-0.032,-0.746
-0.031,-0.746
-0.03,-0.746
-0.028,-0.746
-0.027,-0.746
-0.026,-0.746
-0.025,-0.746
-0.024,-0.746
-0.023,-0.746
-0.022,-0.746
-0.021,-0.746
-0.02,-0.746
-0.018,-0.746
-0.23,-0.745
-0.229,-0.745
-0.228,-0.745
-0.227,-0.745
-0.226,-0.745
-0.225,-0.745
-0.224,-0.745
-0.223,-0.745
-0.22,-0.745
-0.219,-0.745
-0.218,-0.745
-0.217,-0.745
-0.216,-0.745
-0.215,-0.745
-0.214,-0.745
-0.213,-0.745
-0.212,-0.745
-0.211,-0.745
-0.21,-0.745
-0.209,-0.745
-0.208,-0.745
-0.207,-0.745
-0.206,-0.745
-0.205,-0.745
-0.204,-0.745
-0.203,-0.745
-0.202,-0.745
-0.201,-0.745
-0.2,-0.745
-0.199,-0.745
-0.198,-0.745
-0.197,-0.745
-0.196,-0.745
-0.195,-0.745
-0.194,-0.745
-0.193,-0.745
-0.192,-0.745
-0.191,-0.745
-0.19,-0.745
-0.189,-0.745
-0.188,-0.745
-0.187,-0.745
-0.186,-0.745
-0.185,-0.745
-0.184,-0.745
-0.183,-0.745
-0.182,-0.745
-0.181,-0.745
-0.18,-0.745
-0.179,-0.745
-0.178,-0.745
-0.177,-0.745
-0.176,-0.745
-0.175,-0.745
-0.174,-0.745
-0.173,-0.745
-0.172,-0.745
-0.171,-0.745
-0.17,-0.745
-0.169,-0.745
-0.168,-0.745
-0.167,-0.745
-0.166,-0.745
-0.165,-0.745
-0.164,-0.745
-0.163,-0.745
-0.162,-0.745
-0.161,-0.745
-0.16,-0.745
-0.159,-0.745
-0.158,-0.745
-0.157,-0.745
-0.156,-0.745
-0.155,-0.745
-0.154,-0.745
-0.153,-0.745
-0.152,-0.745
-0.151,-0.745
-0.15,-0.745
-0.149,-0.745
-0.148,-0.745
-0.147,-0.745
-0.146,-0.745
-0.145,-0.745
-0.144,-0.745
-0.143,-0.745
-0.142,-0.745
-0.141,-0.745
-0.14,-0.745
-0.139,-0.745
-0.138,-0.745
-0.137,-0.745
-0.136,-0.745
-0.135,-0.745
-0.134,-0.745
-0.133,-0.745
-0.132,-0.745
-0.131,-0.745
-0.13,-0.745
-0.129,-0.745
-0.128,-0.745
-0.127,-0.745
-0.126,-0.745
-0.125,-0.745
-0.124,-0.745
-0.123,-0.745
-0.122,-0.745
-0.121,-0.745
-0.12,-0.745
-0.119,-0.745
-0.118,-0.745
-0.117,-0.745
-0.116,-0.745
-0.115,-0.745
-0.114,-0.745
-0.113,-0.745
-0.112,-0.745
-0.111,-0.745
-0.11,-0.745
-0.109,-0.745
-0.108,-0.745
-0.107,-0.745
-0.106,-0.745
-0.105,-0.745
-0.104,-0.745
-0.103,-0.745
-0.102,-0.745
-0.101,-0.745
-0.1,-0.745
-0.099,-0.745
-0.098,-0.745
-0.097,-0.745
-0.096,-0.745
-0.095,-0.745
-0.094,-0.745
-0.093,-0.745
-0.092,-0.745
-0.091,-0.745
-0.09,-0.745
-0.089,-0.745
-0.088,-0.745
-0.087,-0.745
-0.086,-0.745
-0.085,-0.745
-0.084,-0.745
-0.083,-0.745
-0.082,-0.745
-0.081,-0.745
-0.08,-0.745
-0.079,-0.745
-0.078,-0.745
-0.077,-0.745
-0.076,-0.745
-0.075,-0.745
-0.074,-0.745
-0.073,-0.745
-0.072,-0.745
-0.071,-0.745
-0.07,-0.745
-0.069,-0.745
-0.068,-0.745
-0.067,-0.745
-0.066,-0.745
-0.065,-0.745
-0.064,-0.745
-0.063,-0.745
-0.062,-0.745
-0.061,-0.745
-0.06,-0.745
-0.059,-0.745
-0.058,-0.745
-0.057,-0.745
-0.056,-0.745
-0.055,-0.745
-0.054,-0.745
-0.053,-0.745
-0.052,-0.745
-0.051,-0.745
-0.05,-0.745
-0.049,-0.745
-0.048,-0.745
-0.047,-0.745
-0.046,-0.745
-0.045,-0.745
-0.044,-0.745
-0.043,-0.745
-0.042,-0.745
-0.041,-0.745
-0.04,-0.745
-0.039,-0.745
-0.038,-0.745
-0.037,-0.745
-0.036,-0.745
-0.035,-0.745
-0.034,-0.745
-0.033,-0.745
-0.032,-0.745
-0.031,-0.745
-0.03,-0.745
-0.029,-0.745
-0.028,-0.745
-0.027,-0.745
-0.026,-0.745
-0.025,-0.745
-0.024,-0.745
-0.023,-0.745
-0.022,-0.745
-0.021,-0.745
-0.02,-0.745
-0.019,-0.745
-0.009,-0.745
-0.233,-0.744
-0.231,-0.744
-0.229,-0.744
-0.228,-0.744
-0.225,-0.744
-0.224,-0.744
-0.221,-0.744
-0.22,-0.744
-0.219,-0.744
-0.218,-0.744
-0.217,-0.744
-0.216,-0.744
-0.215,-0.744
-0.214,-0.744
-0.213,-0.744
-0.212,-0.744
-0.211,-0.744
-0.21,-0.744
-0.209,-0.744
-0.208,-0.744
-0.207,-0.744
-0.206,-0.744
-0.205,-0.744
-0.204,-0.744
-0.203,-0.744
-0.202,-0.744
-0.201,-0.744
-0.2,-0.744
-0.199,-0.744
-0.198,-0.744
-0.197,-0.744
-0.196,-0.744
-0.195,-0.744
-0.194,-0.744
-0.193,-0.744
-0.192,-0.744
-0.191,-0.744
-0.19,-0.744
-0.189,-0.744
-0.188,-0.744
-0.187,-0.744
-0.186,-0.744
-0.185,-0.744
-0.184,-0.744
-0.183,-0.744
-0.182,-0.744
-0.181,-0.744
-0.18,-0.744
-0.179,-0.744
-0.178,-0.744
-0.177,-0.744
-0.176,-0.744
-0.175,-0.744
-0.174,-0.744
-0.173,-0.744
-0.172,-0.744
-0.171,-0.744
-0.17,-0.744
-0.169,-0.744
-0.168,-0.744
-0.167,-0.744
-0.166,-0.744
-0.165,-0.744
-0.164,-0.744
-0.163,-0.744
-0.162,-0.744
-0.161,-0.744
-0.16,-0.744
-0.159,-0.744
-0.158,-0.744
-0.157,-0.744
-0.156,-0.744
-0.155,-0.744
-0.154,-0.744
-0.153,-0.744
-0.152,-0.744
-0.151,-0.744
-0.15,-0.744
-0.149,-0.744
-0.148,-0.744
-0.147,-0.744
-0.146,-0.744
-0.145,-0.744
-0.144,-0.744
-0.143,-0.744
-0.142,-0.744
-0.141,-0.744
-0.14,-0.744
-0.139,-0.744
-0.138,-0.744
-0.137,-0.744
-0.136,-0.744
-0.135,-0.744
-0.134,-0.744
-0.133,-0.744
-0.132,-0.744
-0.131,-0.744
-0.13,-0.744
-0.129,-0.744
-0.128,-0.744
-0.127,-0.744
-0.126,-0.744
-0.125,-0.744
-0.124,-0.744
-0.123,-0.744
-0.122,-0.744
-0.121,-0.744
-0.12,-0.744
-0.119,-0.744
-0.118,-0.744
-0.117,-0.744
-0.116,-0.744
-0.115,-0.744
-0.114,-0.744
-0.113,-0.744
-0.112,-0.744
-0.111,-0.744
-0.11,-0.744
-0.109,-0.744
-0.108,-0.744
-0.107,-0.744
-0.106,-0.744
-0.105,-0.744
-0.104,-0.744
-0.103,-0.744
-0.102,-0.744
-0.101,-0.744
-0.1,-0.744
-0.099,-0.744
-0.098,-0.744
-0.097,-0.744
-0.096,-0.744
-0.095,-0.744
-0.094,-0.744
-0.093,-0.744
-0.092,-0.744
-0.091,-0.744
-0.09,-0.744
-0.089,-0.744
-0.088,-0.744
-0.087,-0.744
-0.086,-0.744
-0.085,-0.744
-0.084,-0.744
-0.083,-0.744
-0.082,-0.744
-0.081,-0.744
-0.08,-0.744
-0.079,-0.744
-0.078,-0.744
-0.077,-0.744
-0.076,-0.744
-0.075,-0.744
-0.074,-0.744
-0.073,-0.744
-0.072,-0.744
-0.071,-0.744
-0.07,-0.744
-0.069,-0.744
-0.068,-0.744
-0.067,-0.744
-0.066,-0.744
-0.065,-0.744
-0.064,-0.744
-0.063,-0.744
-0.062,-0.744
-0.061,-0.744
-0.06,-0.744
-0.059,-0.744
-0.058,-0.744
-0.057,-0.744
-0.056,-0.744
-0.055,-0.744
-0.054,-0.744
-0.053,-0.744
-0.052,-0.744
-0.051,-0.744
-0.05,-0.744
-0.049,-0.744
-0.048,-0.744
-0.047,-0.744
-0.046,-0.744
-0.045,-0.744
-0.044,-0.744
-0.043,-0.744
-0.042,-0.744
-0.041,-0.744
-0.04,-0.744
-0.039,-0.744
-0.038,-0.744
-0.037,-0.744
-0.036,-0.744
-0.035,-0.744
-0.034,-0.744
-0.033,-0.744
-0.032,-0.744
-0.031,-0.744
-0.03,-0.744
-0.029,-0.744
-0.028,-0.744
-0.027,-0.744
-0.026,-0.744
-0.025,-0.744
-0.024,-0.744
-0.023,-0.744
-0.022,-0.744
-0.021,-0.744
-0.02,-0.744
-0.019,-0.744
-0.016,-0.744
-0.231,-0.743
-0.226,-0.743
-0.222,-0.743
-0.22,-0.743
-0.219,-0.743
-0.218,-0.743
-0.217,-0.743
-0.216,-0.743
-0.215,-0.743
-0.214,-0.743
-0.213,-0.743
-0.212,-0.743
-0.211,-0.743
-0.21,-0.743
-0.209,-0.743
-0.208,-0.743
-0.207,-0.743
-0.206,-0.743
-0.205,-0.743
-0.204,-0.743
-0.203,-0.743
-0.202,-0.743
-0.201,-0.743
-0.2,-0.743
-0.199,-0.743
-0.198,-0.743
-0.197,-0.743
-0.196,-0.743
-0.195,-0.743
-0.194,-0.743
-0.193,-0.743
-0.192,-0.743
-0.191,-0.743
-0.19,-0.743
-0.189,-0.743
-0.188,-0.743
-0.187,-0.743
-0.186,-0.743
-0.185,-0.743
-0.184,-0.743
-0.183,-0.743
-0.182,-0.743
-0.181,-0.743
-0.18,-0.743
-0.179,-0.743
-0.178,-0.743
-0.177,-0.743
-0.176,-0.743
-0.175,-0.743
-0.174,-0.743
-0.173,-0.743
-0.172,-0.743
-0.171,-0.743
-0.17,-0.743
-0.169,-0.743
-0.168,-0.743
-0.167,-0.743
-0.166,-0.743
-0.165,-0.743
-0.164,-0.743
-0.163,-0.743
-0.162,-0.743
-0.161,-0.743
-0.16,-0.743
-0.159,-0.743
-0.158,-0.743
-0.157,-0.743
-0.156,-0.743
-0.155,-0.743
-0.154,-0.743
-0.153,-0.743
-0.152,-0.743
-0.151,-0.743
-0.15,-0.743
-0.149,-0.743
-0.148,-0.743
-0.147,-0.743
-0.146,-0.743
-0.145,-0.743
-0.144,-0.743
-0.143,-0.743
-0.142,-0.743
-0.141,-0.743
-0.14,-0.743
-0.139,-0.743
-0.138,-0.743
-0.137,-0.743
-0.136,-0.743
-0.135,-0.743
-0.134,-0.743
-0.133,-0.743
-0.132,-0.743
-0.131,-0.743
-0.13,-0.743
-0.129,-0.743
-0.128,-0.743
-0.127,-0.743
-0.126,-0.743
-0.125,-0.743
-0.124,-0.743
-0.123,-0.743
-0.122,-0.743
-0.121,-0.743
-0.12,-0.743
-0.119,-0.743
-0.118,-0.743
-0.117,-0.743
-0.116,-0.743
-0.115,-0.743
-0.114,-0.743
-0.113,-0.743
-0.112,-0.743
-0.111,-0.743
-0.11,-0.743
-0.109,-0.743
-0.108,-0.743
-0.107,-0.743
-0.106,-0.743
-0.105,-0.743
-0.104,-0.743
-0.103,-0.743
-0.102,-0.743
-0.101,-0.743
-0.1,-0.743
-0.099,-0.743
-0.098,-0.743
-0.097,-0.743
-0.096,-0.743
-0.095,-0.743
-0.094,-0.743
-0.093,-0.743
-0.092,-0.743
-0.091,-0.743
-0.09,-0.743
-0.089,-0.743
-0.088,-0.743
-0.087,-0.743
-0.086,-0.743
-0.085,-0.743
-0.084,-0.743
-0.083,-0.743
-0.082,-0.743
-0.081,-0.743
-0.08,-0.743
-0.079,-0.743
-0.078,-0.743
-0.077,-0.743
-0.076,-0.743
-0.075,-0.743
-0.074,-0.743
-0.073,-0.743
-0.072,-0.743
-0.071,-0.743
-0.07,-0.743
-0.069,-0.743
-0.068,-0.743
-0.067,-0.743
-0.066,-0.743
-0.065,-0.743
-0.064,-0.743
-0.063,-0.743
-0.062,-0.743
-0.061,-0.743
-0.06,-0.743
-0.059,-0.743
-0.058,-0.743
-0.057,-0.743
-0.056,-0.743
-0.055,-0.743
-0.054,-0.743
-0.053,-0.743
-0.052,-0.743
-0.051,-0.743
-0.05,-0.743
-0.049,-0.743
-0.048,-0.743
-0.047,-0.743
-0.046,-0.743
-0.045,-0.743
-0.044,-0.743
-0.043,-0.743
-0.042,-0.743
-0.041,-0.743
-0.04,-0.743
-0.039,-0.743
-0.038,-0.743
-0.037,-0.743
-0.036,-0.743
-0.035,-0.743
-0.034,-0.743
-0.033,-0.743
-0.032,-0.743
-0.031,-0.743
-0.03,-0.743
-0.029,-0.743
-0.028,-0.743
-0.027,-0.743
-0.026,-0.743
-0.025,-0.743
-0.024,-0.743
-0.023,-0.743
-0.022,-0.743
-0.021,-0.743
-0.02,-0.743
-0.019,-0.743
-0.018,-0.743
-0.008,-0.743
-0.233,-0.742
-0.231,-0.742
-0.228,-0.742
-0.221,-0.742
-0.22,-0.742
-0.219,-0.742
-0.218,-0.742
-0.217,-0.742
-0.216,-0.742
-0.215,-0.742
-0.214,-0.742
-0.213,-0.742
-0.212,-0.742
-0.211,-0.742
-0.21,-0.742
-0.209,-0.742
-0.208,-0.742
-0.207,-0.742
-0.206,-0.742
-0.205,-0.742
-0.204,-0.742
-0.203,-0.742
-0.202,-0.742
-0.201,-0.742
-0.2,-0.742
-0.199,-0.742
-0.198,-0.742
-0.197,-0.742
-0.196,-0.742
-0.195,-0.742
-0.194,-0.742
-0.193,-0.742
-0.192,-0.742
-0.191,-0.742
-0.19,-0.742
-0.189,-0.742
-0.188,-0.742
-0.187,-0.742
-0.186,-0.742
-0.185,-0.742
-0.184,-0.742
-0.183,-0.742
-0.182,-0.742
-0.181,-0.742
-0.18,-0.742
-0.179,-0.742
-0.178,-0.742
-0.177,-0.742
-0.176,-0.742
-0.175,-0.742
-0.174,-0.742
-0.173,-0.742
-0.172,-0.742
-0.171,-0.742
-0.17,-0.742
-0.169,-0.742
-0.168,-0.742
-0.167,-0.742
-0.166,-0.742
-0.165,-0.742
-0.164,-0.742
-0.163,-0.742
-0.162,-0.742
-0.161,-0.742
-0.16,-0.742
-0.159,-0.742
-0.158,-0.742
-0.157,-0.742
-0.156,-0.742
-0.155,-0.742
-0.154,-0.742
-0.153,-0.742
-0.152,-0.742
-0.151,-0.742
-0.15,-0.742
-0.149,-0.742
-0.148,-0.742
-0.147,-0.742
-0.146,-0.742
-0.145,-0.742
-0.144,-0.742
-0.143,-0.742
-0.142,-0.742
-0.141,-0.742
-0.14,-0.742
-0.139,-0.742
-0.138,-0.742
-0.137,-0.742
-0.136,-0.742
-0.135,-0.742
-0.134,-0.742
-0.133,-0.742
-0.132,-0.742
-0.131,-0.742
-0.13,-0.742
-0.129,-0.742
-0.128,-0.742
-0.127,-0.742
-0.126,-0.742
-0.125,-0.742
-0.124,-0.742
-0.123,-0.742
-0.122,-0.742
-0.121,-0.742
-0.12,-0.742
-0.119,-0.742
-0.118,-0.742
-0.117,-0.742
-0.116,-0.742
-0.115,-0.742
-0.114,-0.742
-0.113,-0.742
-0.112,-0.742
-0.111,-0.742
-0.11,-0.742
-0.109,-0.742
-0.108,-0.742
-0.107,-0.742
-0.106,-0.742
-0.105,-0.742
-0.104,-0.742
-0.103,-0.742
-0.102,-0.742
-0.101,-0.742
-0.1,-0.742
-0.099,-0.742
-0.098,-0.742
-0.097,-0.742
-0.096,-0.742
-0.095,-0.742
-0.094,-0.742
-0.093,-0.742
-0.092,-0.742
-0.091,-0.742
-0.09,-0.742
-0.089,-0.742
-0.088,-0.742
-0.087,-0.742
-0.086,-0.742
-0.085,-0.742
-0.084,-0.742
-0.083,-0.742
-0.082,-0.742
-0.081,-0.742
-0.08,-0.742
-0.079,-0.742
-0.078,-0.742
-0.077,-0.742
-0.076,-0.742
-0.075,-0.742
-0.074,-0.742
-0.073,-0.742
-0.072,-0.742
-0.071,-0.742
-0.07,-0.742
-0.069,-0.742
-0.068,-0.742
-0.067,-0.742
-0.066,-0.742
-0.065,-0.742
-0.064,-0.742
-0.063,-0.742
-0.062,-0.742
-0.061,-0.742
-0.06,-0.742
-0.059,-0.742
-0.058,-0.742
-0.057,-0.742
-0.056,-0.742
-0.055,-0.742
-0.054,-0.742
-0.053,-0.742
-0.052,-0.742
-0.051,-0.742
-0.05,-0.742
-0.049,-0.742
-0.048,-0.742
-0.047,-0.742
-0.046,-0.742
-0.045,-0.742
-0.044,-0.742
-0.043,-0.742
-0.042,-0.742
-0.041,-0.742
-0.04,-0.742
-0.039,-0.742
-0.038,-0.742
-0.037,-0.742
-0.036,-0.742
-0.035,-0.742
-0.034,-0.742
-0.033,-0.742
-0.032,-0.742
-0.031,-0.742
-0.03,-0.742
-0.029,-0.742
-0.028,-0.742
-0.027,-0.742
-0.026,-0.742
-0.025,-0.742
-0.024,-0.742
-0.023,-0.742
-0.022,-0.742
-0.021,-0.742
-0.02,-0.742
-0.019,-0.742
-0.008,-0.742
-0.224,-0.741
-0.221,-0.741
-0.22,-0.741
-0.219,-0.741
-0.218,-0.741
-0.217,-0.741
-0.216,-0.741
-0.215,-0.741
-0.214,-0.741
-0.213,-0.741
-0.212,-0.741
-0.211,-0.741
-0.21,-0.741
-0.209,-0.741
-0.208,-0.741
-0.207,-0.741
-0.206,-0.741
-0.205,-0.741
-0.204,-0.741
-0.203,-0.741
-0.202,-0.741
-0.201,-0.741
-0.2,-0.741
-0.199,-0.741
-0.198,-0.741
-0.197,-0.741
-0.196,-0.741
-0.195,-0.741
-0.194,-0.741
-0.193,-0.741
-0.192,-0.741
-0.191,-0.741
-0.19,-0.741
-0.189,-0.741
-0.188,-0.741
-0.187,-0.741
-0.186,-0.741
-0.185,-0.741
-0.184,-0.741
-0.183,-0.741
-0.182,-0.741
-0.181,-0.741
-0.18,-0.741
-0.179,-0.741
-0.178,-0.741
-0.177,-0.741
-0.176,-0.741
-0.175,-0.741
-0.174,-0.741
-0.173,-0.741
-0.172,-0.741
-0.171,-0.741
-0.17,-0.741
-0.169,-0.741
-0.168,-0.741
-0.167,-0.741
-0.166,-0.741
-0.165,-0.741
-0.164,-0.741
-0.163,-0.741
-0.162,-0.741
-0.161,-0.741
-0.16,-0.741
-0.159,-0.741
-0.158,-0.741
-0.157,-0.741
-0.156,-0.741
-0.155,-0.741
-0.154,-0.741
-0.153,-0.741
-0.152,-0.741
-0.151,-0.741
-0.15,-0.741
-0.149,-0.741
-0.148,-0.741
-0.147,-0.741
-0.146,-0.741
-0.145,-0.741
-0.144,-0.741
-0.143,-0.741
-0.142,-0.741
-0.141,-0.741
-0.14,-0.741
-0.139,-0.741
-0.138,-0.741
-0.137,-0.741
-0.136,-0.741
-0.135,-0.741
-0.134,-0.741
-0.133,-0.741
-0.132,-0.741
-0.131,-0.741
-0.13,-0.741
-0.129,-0.741
-0.128,-0.741
-0.127,-0.741
-0.126,-0.741
-0.125,-0.741
-0.124,-0.741
-0.123,-0.741
-0.122,-0.741
-0.121,-0.741
-0.12,-0.741
-0.119,-0.741
-0.118,-0.741
-0.117,-0.741
-0.116,-0.741
-0.115,-0.741
-0.114,-0.741
-0.113,-0.741
-0.112,-0.741
-0.111,-0.741
-0.11,-0.741
-0.109,-0.741
-0.108,-0.741
-0.107,-0.741
-0.106,-0.741
-0.105,-0.741
-0.104,-0.741
-0.103,-0.741
-0.102,-0.741
-0.101,-0.741
-0.1,-0.741
-0.099,-0.741
-0.098,-0.741
-0.097,-0.741
-0.096,-0.741
-0.095,-0.741
-0.094,-0.741
-0.093,-0.741
-0.092,-0.741
-0.091,-0.741
-0.09,-0.741
-0.089,-0.741
-0.088,-0.741
-0.087,-0.741
-0.086,-0.741
-0.085,-0.741
-0.084,-0.741
-0.083,-0.741
-0.082,-0.741
-0.081,-0.741
-0.08,-0.741
-0.079,-0.741
-0.078,-0.741
-0.077,-0.741
-0.076,-0.741
-0.075,-0.741
-0.074,-0.741
-0.073,-0.741
-0.072,-0.741
-0.071,-0.741
-0.07,-0.741
-0.069,-0.741
-0.068,-0.741
-0.067,-0.741
-0.066,-0.741
-0.065,-0.741
-0.064,-0.741
-0.063,-0.741
-0.062,-0.741
-0.061,-0.741
-0.06,-0.741
-0.059,-0.741
-0.058,-0.741
-0.057,-0.741
-0.056,-0.741
-0.055,-0.741
-0.054,-0.741
-0.053,-0.741
-0.052,-0.741
-0.051,-0.741
-0.05,-0.741
-0.049,-0.741
-0.048,-0.741
-0.047,-0.741
-0.046,-0.741
-0.045,-0.741
-0.044,-0.741
-0.043,-0.741
-0.042,-0.741
-0.041,-0.741
-0.04,-0.741
-0.039,-0.741
-0.038,-0.741
-0.037,-0.741
-0.036,-0.741
-0.035,-0.741
-0.034,-0.741
-0.033,-0.741
-0.032,-0.741
-0.031,-0.741
-0.03,-0.741
-0.029,-0.741
-0.028,-0.741
-0.027,-0.741
-0.026,-0.741
-0.025,-0.741
-0.024,-0.741
-0.023,-0.741
-0.022,-0.741
-0.021,-0.741
-0.02,-0.741
-0.019,-0.741
-0.018,-0.741
-0.017,-0.741
-0.223,-0.74
-0.222,-0.74
-0.22,-0.74
-0.219,-0.74
-0.218,-0.74
-0.217,-0.74
-0.216,-0.74
-0.215,-0.74
-0.214,-0.74
-0.213,-0.74
-0.212,-0.74
-0.211,-0.74
-0.21,-0.74
-0.209,-0.74
-0.208,-0.74
-0.207,-0.74
-0.206,-0.74
-0.205,-0.74
-0.204,-0.74
-0.203,-0.74
-0.202,-0.74
-0.201,-0.74
-0.2,-0.74
-0.199,-0.74
-0.198,-0.74
-0.197,-0.74
-0.196,-0.74
-0.195,-0.74
-0.194,-0.74
-0.193,-0.74
-0.192,-0.74
-0.191,-0.74
-0.19,-0.74
-0.189,-0.74
-0.188,-0.74
-0.187,-0.74
-0.186,-0.74
-0.185,-0.74
-0.184,-0.74
-0.183,-0.74
-0.182,-0.74
-0.181,-0.74
-0.18,-0.74
-0.179,-0.74
-0.178,-0.74
-0.177,-0.74
-0.176,-0.74
-0.175,-0.74
-0.174,-0.74
-0.173,-0.74
-0.172,-0.74
-0.171,-0.74
-0.17,-0.74
-0.169,-0.74
-0.168,-0.74
-0.167,-0.74
-0.166,-0.74
-0.165,-0.74
-0.164,-0.74
-0.163,-0.74
-0.162,-0.74
-0.161,-0.74
-0.16,-0.74
-0.159,-0.74
-0.158,-0.74
-0.157,-0.74
-0.156,-0.74
-0.155,-0.74
-0.154,-0.74
-0.153,-0.74
-0.152,-0.74
-0.151,-0.74
-0.15,-0.74
-0.149,-0.74
-0.148,-0.74
-0.147,-0.74
-0.146,-0.74
-0.145,-0.74
-0.144,-0.74
-0.143,-0.74
-0.142,-0.74
-0.141,-0.74
-0.14,-0.74
-0.139,-0.74
-0.138,-0.74
-0.137,-0.74
-0.136,-0.74
-0.135,-0.74
-0.134,-0.74
-0.133,-0.74
-0.132,-0.74
-0.131,-0.74
-0.13,-0.74
-0.129,-0.74
-0.128,-0.74
-0.127,-0.74
-0.126,-0.74
-0.125,-0.74
-0.124,-0.74
-0.123,-0.74
-0.122,-0.74
-0.121,-0.74
-0.12,-0.74
-0.119,-0.74
-0.118,-0.74
-0.117,-0.74
-0.116,-0.74
-0.115,-0.74
-0.114,-0.74
-0.113,-0.74
-0.112,-0.74
-0.111,-0.74
-0.11,-0.74
-0.109,-0.74
-0.108,-0.74
-0.107,-0.74
-0.106,-0.74
-0.105,-0.74
-0.104,-0.74
-0.103,-0.74
-0.102,-0.74
-0.101,-0.74
-0.1,-0.74
-0.099,-0.74
-0.098,-0.74
-0.097,-0.74
-0.096,-0.74
-0.095,-0.74
-0.094,-0.74
-0.093,-0.74
-0.092,-0.74
-0.091,-0.74
-0.09,-0.74
-0.089,-0.74
-0.088,-0.74
-0.087,-0.74
-0.086,-0.74
-0.085,-0.74
-0.084,-0.74
-0.083,-0.74
-0.082,-0.74
-0.081,-0.74
-0.08,-0.74
-0.079,-0.74
-0.078,-0.74
-0.077,-0.74
-0.076,-0.74
-0.075,-0.74
-0.074,-0.74
-0.073,-0.74
-0.072,-0.74
-0.071,-0.74
-0.07,-0.74
-0.069,-0.74
-0.068,-0.74
-0.067,-0.74
-0.066,-0.74
-0.065,-0.74
-0.064,-0.74
-0.063,-0.74
-0.062,-0.74
-0.061,-0.74
-0.06,-0.74
-0.059,-0.74
-0.058,-0.74
-0.057,-0.74
-0.056,-0.74
-0.055,-0.74
-0.054,-0.74
-0.053,-0.74
-0.052,-0.74
-0.051,-0.74
-0.05,-0.74
-0.049,-0.74
-0.048,-0.74
-0.047,-0.74
-0.046,-0.74
-0.045,-0.74
-0.044,-0.74
-0.043,-0.74
-0.042,-0.74
-0.041,-0.74
-0.04,-0.74
-0.039,-0.74
-0.038,-0.74
-0.037,-0.74
-0.036,-0.74
-0.035,-0.74
-0.034,-0.74
-0.033,-0.74
-0.032,-0.74
-0.031,-0.74
-0.03,-0.74
-0.029,-0.74
-0.028,-0.74
-0.027,-0.74
-0.026,-0.74
-0.025,-0.74
-0.024,-0.74
-0.023,-0.74
-0.022,-0.74
-0.021,-0.74
-0.02,-0.74
-0.019,-0.74
-0.018,-0.74
-0.017,-0.74
-0.016,-0.74
-0.013,-0.74
-0.222,-0.739
-0.221,-0.739
-0.22,-0.739
-0.219,-0.739
-0.218,-0.739
-0.217,-0.739
-0.216,-0.739
-0.215,-0.739
-0.214,-0.739
-0.213,-0.739
-0.212,-0.739
-0.211,-0.739
-0.21,-0.739
-0.209,-0.739
-0.208,-0.739
-0.207,-0.739
-0.206,-0.739
-0.205,-0.739
-0.204,-0.739
-0.203,-0.739
-0.202,-0.739
-0.201,-0.739
-0.2,-0.739
-0.199,-0.739
-0.198,-0.739
-0.197,-0.739
-0.196,-0.739
-0.195,-0.739
-0.194,-0.739
-0.193,-0.739
-0.192,-0.739
-0.191,-0.739
-0.19,-0.739
-0.189,-0.739
-0.188,-0.739
-0.187,-0.739
-0.186,-0.739
-0.185,-0.739
-0.184,-0.739
-0.183,-0.739
-0.182,-0.739
-0.181,-0.739
-0.18,-0.739
-0.179,-0.739
-0.178,-0.739
-0.177,-0.739
-0.176,-0.739
-0.175,-0.739
-0.174,-0.739
-0.173,-0.739
-0.172,-0.739
-0.171,-0.739
-0.17,-0.739
-0.169,-0.739
-0.168,-0.739
-0.167,-0.739
-0.166,-0.739
-0.165,-0.739
-0.164,-0.739
-0.163,-0.739
-0.162,-0.739
-0.161,-0.739
-0.16,-0.739
-0.159,-0.739
-0.158,-0.739
-0.157,-0.739
-0.156,-0.739
-0.155,-0.739
-0.154,-0.739
-0.153,-0.739
-0.152,-0.739
-0.151,-0.739
-0.15,-0.739
-0.149,-0.739
-0.148,-0.739
-0.147,-0.739
-0.146,-0.739
-0.145,-0.739
-0.144,-0.739
-0.143,-0.739
-0.142,-0.739
-0.141,-0.739
-0.14,-0.739
-0.139,-0.739
-0.138,-0.739
-0.137,-0.739
-0.136,-0.739
-0.135,-0.739
-0.134,-0.739
-0.133,-0.739
-0.132,-0.739
-0.131,-0.739
-0.13,-0.739
-0.129,-0.739
-0.128,-0.739
-0.127,-0.739
-0.126,-0.739
-0.125,-0.739
-0.124,-0.739
-0.123,-0.739
-0.122,-0.739
-0.121,-0.739
-0.12,-0.739
-0.119,-0.739
-0.118,-0.739
-0.117,-0.739
-0.116,-0.739
-0.115,-0.739
-0.114,-0.739
-0.113,-0.739
-0.112,-0.739
-0.111,-0.739
-0.11,-0.739
-0.109,-0.739
-0.108,-0.739
-0.107,-0.739
-0.106,-0.739
-0.105,-0.739
-0.104,-0.739
-0.103,-0.739
-0.102,-0.739
-0.101,-0.739
-0.1,-0.739
-0.099,-0.739
-0.098,-0.739
-0.097,-0.739
-0.096,-0.739
-0.095,-0.739
-0.094,-0.739
-0.093,-0.739
-0.092,-0.739
-0.091,-0.739
-0.09,-0.739
-0.089,-0.739
-0.088,-0.739
-0.087,-0.739
-0.086,-0.739
-0.085,-0.739
-0.084,-0.739
-0.083,-0.739
-0.082,-0.739
-0.081,-0.739
-0.08,-0.739
-0.079,-0.739
-0.078,-0.739
-0.077,-0.739
-0.076,-0.739
-0.075,-0.739
-0.074,-0.739
-0.073,-0.739
-0.072,-0.739
-0.071,-0.739
-0.07,-0.739
-0.069,-0.739
-0.068,-0.739
-0.067,-0.739
-0.066,-0.739
-0.065,-0.739
-0.064,-0.739
-0.063,-0.739
-0.062,-0.739
-0.061,-0.739
-0.06,-0.739
-0.059,-0.739
-0.058,-0.739
-0.057,-0.739
-0.056,-0.739
-0.055,-0.739
-0.054,-0.739
-0.053,-0.739
-0.052,-0.739
-0.051,-0.739
-0.05,-0.739
-0.049,-0.739
-0.048,-0.739
-0.047,-0.739
-0.046,-0.739
-0.045,-0.739
-0.044,-0.739
-0.043,-0.739
-0.042,-0.739
-0.041,-0.739
-0.04,-0.739
-0.039,-0.739
-0.038,-0.739
-0.037,-0.739
-0.036,-0.739
-0.035,-0.739
-0.034,-0.739
-0.033,-0.739
-0.032,-0.739
-0.031,-0.739
-0.03,-0.739
-0.029,-0.739
-0.028,-0.739
-0.027,-0.739
-0.026,-0.739
-0.025,-0.739
-0.024,-0.739
-0.023,-0.739
-0.022,-0.739
-0.021,-0.739
-0.02,-0.739
-0.019,-0.739
-0.018,-0.739
-0.017,-0.739
-0.016,-0.739
-0.015,-0.739
-0.222,-0.738
-0.221,-0.738
-0.22,-0.738
-0.219,-0.738
-0.218,-0.738
-0.217,-0.738
-0.216,-0.738
-0.215,-0.738
-0.214,-0.738
-0.213,-0.738
-0.212,-0.738
-0.211,-0.738
-0.21,-0.738
-0.209,-0.738
-0.208,-0.738
-0.207,-0.738
-0.206,-0.738
-0.205,-0.738
-0.204,-0.738
-0.203,-0.738
-0.202,-0.738
-0.201,-0.738
-0.2,-0.738
-0.199,-0.738
-0.198,-0.738
-0.197,-0.738
-0.196,-0.738
-0.195,-0.738
-0.194,-0.738
-0.193,-0.738
-0.192,-0.738
-0.191,-0.738
-0.19,-0.738
-0.189,-0.738
-0.188,-0.738
-0.187,-0.738
-0.186,-0.738
-0.185,-0.738
-0.184,-0.738
-0.183,-0.738
-0.182,-0.738
-0.181,-0.738
-0.18,-0.738
-0.179,-0.738
-0.178,-0.738
-0.177,-0.738
-0.176,-0.738
-0.175,-0.738
-0.174,-0.738
-0.173,-0.738
-0.172,-0.738
-0.171,-0.738
-0.17,-0.738
-0.169,-0.738
-0.168,-0.738
-0.167,-0.738
-0.166,-0.738
-0.165,-0.738
-0.164,-0.738
-0.163,-0.738
-0.162,-0.738
-0.161,-0.738
-0.16,-0.738
-0.159,-0.738
-0.158,-0.738
-0.157,-0.738
-0.156,-0.738
-0.155,-0.738
-0.154,-0.738
-0.153,-0.738
-0.152,-0.738
-0.151,-0.738
-0.15,-0.738
-0.149,-0.738
-0.148,-0.738
-0.147,-0.738
-0.146,-0.738
-0.145,-0.738
-0.144,-0.738
-0.143,-0.738
-0.142,-0.738
-0.141,-0.738
-0.14,-0.738
-0.139,-0.738
-0.138,-0.738
-0.137,-0.738
-0.136,-0.738
-0.135,-0.738
-0.134,-0.738
-0.133,-0.738
-0.132,-0.738
-0.131,-0.738
-0.13,-0.738
-0.129,-0.738
-0.128,-0.738
-0.127,-0.738
-0.126,-0.738
-0.125,-0.738
-0.124,-0.738
-0.123,-0.738
-0.122,-0.738
-0.121,-0.738
-0.12,-0.738
-0.119,-0.738
-0.118,-0.738
-0.117,-0.738
-0.116,-0.738
-0.115,-0.738
-0.114,-0.738
-0.113,-0.738
-0.112,-0.738
-0.111,-0.738
-0.11,-0.738
-0.109,-0.738
-0.108,-0.738
-0.107,-0.738
-0.106,-0.738
-0.105,-0.738
-0.104,-0.738
-0.103,-0.738
-0.102,-0.738
-0.101,-0.738
-0.1,-0.738
-0.099,-0.738
-0.098,-0.738
-0.097,-0.738
-0.096,-0.738
-0.095,-0.738
-0.094,-0.738
-0.093,-0.738
-0.092,-0.738
-0.091,-0.738
-0.09,-0.738
-0.089,-0.738
-0.088,-0.738
-0.087,-0.738
-0.086,-0.738
-0.085,-0.738
-0.084,-0.738
-0.083,-0.738
-0.082,-0.738
-0.081,-0.738
-0.08,-0.738
-0.079,-0.738
-0.078,-0.738
-0.077,-0.738
-0.076,-0.738
-0.075,-0.738
-0.074,-0.738
-0.073,-0.738
-0.072,-0.738
-0.071,-0.738
-0.07,-0.738
-0.069,-0.738
-0.068,-0.738
-0.067,-0.738
-0.066,-0.738
-0.065,-0.738
-0.064,-0.738
-0.063,-0.738
-0.062,-0.738
-0.061,-0.738
-0.06,-0.738
-0.059,-0.738
-0.058,-0.738
-0.057,-0.738
-0.056,-0.738
-0.055,-0.738
-0.054,-0.738
-0.053,-0.738
-0.052,-0.738
-0.051,-0.738
-0.05,-0.738
-0.049,-0.738
-0.048,-0.738
-0.047,-0.738
-0.046,-0.738
-0.045,-0.738
-0.044,-0.738
-0.043,-0.738
-0.042,-0.738
-0.041,-0.738
-0.04,-0.738
-0.039,-0.738
-0.038,-0.738
-0.037,-0.738
-0.036,-0.738
-0.035,-0.738
-0.034,-0.738
-0.033,-0.738
-0.032,-0.738
-0.031,-0.738
-0.03,-0.738
-0.029,-0.738
-0.028,-0.738
-0.027,-0.738
-0.026,-0.738
-0.025,-0.738
-0.024,-0.738
-0.023,-0.738
-0.022,-0.738
-0.021,-0.738
-0.02,-0.738
-0.019,-0.738
-0.018,-0.738
-0.016,-0.738
-0.015,-0.738
-0.012,-0.738
-0.221,-0.737
-0.22,-0.737
-0.219,-0.737
-0.218,-0.737
-0.217,-0.737
-0.216,-0.737
-0.215,-0.737
-0.214,-0.737
-0.213,-0.737
-0.212,-0.737
-0.211,-0.737
-0.21,-0.737
-0.209,-0.737
-0.208,-0.737
-0.207,-0.737
-0.206,-0.737
-0.205,-0.737
-0.204,-0.737
-0.203,-0.737
-0.202,-0.737
-0.201,-0.737
-0.2,-0.737
-0.199,-0.737
-0.198,-0.737
-0.197,-0.737
-0.196,-0.737
-0.195,-0.737
-0.194,-0.737
-0.193,-0.737
-0.192,-0.737
-0.191,-0.737
-0.19,-0.737
-0.189,-0.737
-0.188,-0.737
-0.187,-0.737
-0.186,-0.737
-0.185,-0.737
-0.184,-0.737
-0.183,-0.737
-0.182,-0.737
-0.181,-0.737
-0.18,-0.737
-0.179,-0.737
-0.178,-0.737
-0.177,-0.737
-0.176,-0.737
-0.175,-0.737
-0.174,-0.737
-0.173,-0.737
-0.172,-0.737
-0.171,-0.737
-0.17,-0.737
-0.169,-0.737
-0.168,-0.737
-0.167,-0.737
-0.166,-0.737
-0.165,-0.737
-0.164,-0.737
-0.163,-0.737
-0.162,-0.737
-0.161,-0.737
-0.16,-0.737
-0.159,-0.737
-0.158,-0.737
-0.157,-0.737
-0.156,-0.737
-0.155,-0.737
-0.154,-0.737
-0.153,-0.737
-0.152,-0.737
-0.151,-0.737
-0.15,-0.737
-0.149,-0.737
-0.148,-0.737
-0.147,-0.737
-0.146,-0.737
-0.145,-0.737
-0.144,-0.737
-0.143,-0.737
-0.142,-0.737
-0.141,-0.737
-0.14,-0.737
-0.139,-0.737
-0.138,-0.737
-0.137,-0.737
-0.136,-0.737
-0.135,-0.737
-0.134,-0.737
-0.133,-0.737
-0.132,-0.737
-0.131,-0.737
-0.13,-0.737
-0.129,-0.737
-0.128,-0.737
-0.127,-0.737
-0.126,-0.737
-0.125,-0.737
-0.124,-0.737
-0.123,-0.737
-0.122,-0.737
-0.121,-0.737
-0.12,-0.737
-0.119,-0.737
-0.118,-0.737
-0.117,-0.737
-0.116,-0.737
-0.115,-0.737
-0.114,-0.737
-0.113,-0.737
-0.112,-0.737
-0.111,-0.737
-0.11,-0.737
-0.109,-0.737
-0.108,-0.737
-0.107,-0.737
-0.106,-0.737
-0.105,-0.737
-0.104,-0.737
-0.103,-0.737
-0.102,-0.737
-0.101,-0.737
-0.1,-0.737
-0.099,-0.737
-0.098,-0.737
-0.097,-0.737
-0.096,-0.737
-0.095,-0.737
-0.094,-0.737
-0.093,-0.737
-0.092,-0.737
-0.091,-0.737
-0.09,-0.737
-0.089,-0.737
-0.088,-0.737
-0.087,-0.737
-0.086,-0.737
-0.085,-0.737
-0.084,-0.737
-0.083,-0.737
-0.082,-0.737
-0.081,-0.737
-0.08,-0.737
-0.079,-0.737
-0.078,-0.737
-0.077,-0.737
-0.076,-0.737
-0.075,-0.737
-0.074,-0.737
-0.073,-0.737
-0.072,-0.737
-0.071,-0.737
-0.07,-0.737
-0.069,-0.737
-0.068,-0.737
-0.067,-0.737
-0.066,-0.737
-0.065,-0.737
-0.064,-0.737
-0.063,-0.737
-0.062,-0.737
-0.061,-0.737
-0.06,-0.737
-0.059,-0.737
-0.058,-0.737
-0.057,-0.737
-0.056,-0.737
-0.055,-0.737
-0.054,-0.737
-0.053,-0.737
-0.052,-0.737
-0.051,-0.737
-0.05,-0.737
-0.049,-0.737
-0.048,-0.737
-0.047,-0.737
-0.046,-0.737
-0.045,-0.737
-0.044,-0.737
-0.043,-0.737
-0.042,-0.737
-0.041,-0.737
-0.04,-0.737
-0.039,-0.737
-0.038,-0.737
-0.037,-0.737
-0.036,-0.737
-0.035,-0.737
-0.034,-0.737
-0.033,-0.737
-0.032,-0.737
-0.031,-0.737
-0.03,-0.737
-0.029,-0.737
-0.028,-0.737
-0.027,-0.737
-0.026,-0.737
-0.025,-0.737
-0.024,-0.737
-0.023,-0.737
-0.022,-0.737
-0.021,-0.737
-0.017,-0.737
-0.01,-0.737
-0.227,-0.736
-0.224,-0.736
-0.22,-0.736
-0.219,-0.736
-0.218,-0.736
-0.217,-0.736
-0.216,-0.736
-0.215,-0.736
-0.214,-0.736
-0.213,-0.736
-0.212,-0.736
-0.211,-0.736
-0.21,-0.736
-0.209,-0.736
-0.208,-0.736
-0.207,-0.736
-0.206,-0.736
-0.205,-0.736
-0.204,-0.736
-0.203,-0.736
-0.202,-0.736
-0.201,-0.736
-0.2,-0.736
-0.199,-0.736
-0.198,-0.736
-0.197,-0.736
-0.196,-0.736
-0.195,-0.736
-0.194,-0.736
-0.193,-0.736
-0.192,-0.736
-0.191,-0.736
-0.19,-0.736
-0.189,-0.736
-0.188,-0.736
-0.187,-0.736
-0.186,-0.736
-0.185,-0.736
-0.184,-0.736
-0.183,-0.736
-0.182,-0.736
-0.181,-0.736
-0.18,-0.736
-0.179,-0.736
-0.178,-0.736
-0.177,-0.736
-0.176,-0.736
-0.175,-0.736
-0.174,-0.736
-0.173,-0.736
-0.172,-0.736
-0.171,-0.736
-0.17,-0.736
-0.169,-0.736
-0.168,-0.736
-0.167,-0.736
-0.166,-0.736
-0.165,-0.736
-0.164,-0.736
-0.163,-0.736
-0.162,-0.736
-0.161,-0.736
-0.16,-0.736
-0.159,-0.736
-0.158,-0.736
-0.157,-0.736
-0.156,-0.736
-0.155,-0.736
-0.154,-0.736
-0.153,-0.736
-0.152,-0.736
-0.151,-0.736
-0.15,-0.736
-0.149,-0.736
-0.148,-0.736
-0.147,-0.736
-0.146,-0.736
-0.145,-0.736
-0.144,-0.736
-0.143,-0.736
-0.142,-0.736
-0.141,-0.736
-0.14,-0.736
-0.139,-0.736
-0.138,-0.736
-0.137,-0.736
-0.136,-0.736
-0.135,-0.736
-0.134,-0.736
-0.133,-0.736
-0.132,-0.736
-0.131,-0.736
-0.13,-0.736
-0.129,-0.736
-0.128,-0.736
-0.127,-0.736
-0.126,-0.736
-0.125,-0.736
-0.124,-0.736
-0.123,-0.736
-0.122,-0.736
-0.121,-0.736
-0.12,-0.736
-0.119,-0.736
-0.118,-0.736
-0.117,-0.736
-0.116,-0.736
-0.115,-0.736
-0.114,-0.736
-0.113,-0.736
-0.112,-0.736
-0.111,-0.736
-0.11,-0.736
-0.109,-0.736
-0.108,-0.736
-0.107,-0.736
-0.106,-0.736
-0.105,-0.736
-0.104,-0.736
-0.103,-0.736
-0.102,-0.736
-0.101,-0.736
-0.1,-0.736
-0.099,-0.736
-0.098,-0.736
-0.097,-0.736
-0.096,-0.736
-0.095,-0.736
-0.094,-0.736
-0.093,-0.736
-0.092,-0.736
-0.091,-0.736
-0.09,-0.736
-0.089,-0.736
-0.088,-0.736
-0.087,-0.736
-0.086,-0.736
-0.085,-0.736
-0.084,-0.736
-0.083,-0.736
-0.082,-0.736
-0.081,-0.736
-0.08,-0.736
-0.079,-0.736
-0.078,-0.736
-0.077,-0.736
-0.076,-0.736
-0.075,-0.736
-0.074,-0.736
-0.073,-0.736
-0.072,-0.736
-0.071,-0.736
-0.07,-0.736
-0.069,-0.736
-0.068,-0.736
-0.067,-0.736
-0.066,-0.736
-0.065,-0.736
-0.064,-0.736
-0.063,-0.736
-0.062,-0.736
-0.061,-0.736
-0.06,-0.736
-0.059,-0.736
-0.058,-0.736
-0.057,-0.736
-0.056,-0.736
-0.055,-0.736
-0.054,-0.736
-0.053,-0.736
-0.052,-0.736
-0.051,-0.736
-0.05,-0.736
-0.049,-0.736
-0.048,-0.736
-0.047,-0.736
-0.046,-0.736
-0.045,-0.736
-0.044,-0.736
-0.043,-0.736
-0.042,-0.736
-0.041,-0.736
-0.04,-0.736
-0.039,-0.736
-0.038,-0.736
-0.037,-0.736
-0.036,-0.736
-0.035,-0.736
-0.034,-0.736
-0.033,-0.736
-0.032,-0.736
-0.031,-0.736
-0.03,-0.736
-0.028,-0.736
-0.027,-0.736
-0.026,-0.736
-0.025,-0.736
-0.024,-0.736
-0.023,-0.736
-0.022,-0.736
-0.02,-0.736
-0.019,-0.736
-0.009,-0.736
-0.224,-0.735
-0.222,-0.735
-0.221,-0.735
-0.22,-0.735
-0.219,-0.735
-0.218,-0.735
-0.217,-0.735
-0.216,-0.735
-0.215,-0.735
-0.214,-0.735
-0.213,-0.735
-0.212,-0.735
-0.211,-0.735
-0.21,-0.735
-0.209,-0.735
-0.208,-0.735
-0.207,-0.735
-0.206,-0.735
-0.205,-0.735
-0.204,-0.735
-0.203,-0.735
-0.202,-0.735
-0.201,-0.735
-0.2,-0.735
-0.199,-0.735
-0.198,-0.735
-0.197,-0.735
-0.196,-0.735
-0.195,-0.735
-0.194,-0.735
-0.193,-0.735
-0.192,-0.735
-0.191,-0.735
-0.19,-0.735
-0.189,-0.735
-0.188,-0.735
-0.187,-0.735
-0.186,-0.735
-0.185,-0.735
-0.184,-0.735
-0.183,-0.735
-0.182,-0.735
-0.181,-0.735
-0.18,-0.735
-0.179,-0.735
-0.178,-0.735
-0.177,-0.735
-0.176,-0.735
-0.175,-0.735
-0.174,-0.735
-0.173,-0.735
-0.172,-0.735
-0.171,-0.735
-0.17,-0.735
-0.169,-0.735
-0.168,-0.735
-0.167,-0.735
-0.166,-0.735
-0.165,-0.735
-0.164,-0.735
-0.163,-0.735
-0.162,-0.735
-0.161,-0.735
-0.16,-0.735
-0.159,-0.735
-0.158,-0.735
-0.157,-0.735
-0.156,-0.735
-0.155,-0.735
-0.154,-0.735
-0.153,-0.735
-0.152,-0.735
-0.151,-0.735
-0.15,-0.735
-0.149,-0.735
-0.148,-0.735
-0.147,-0.735
-0.146,-0.735
-0.145,-0.735
-0.144,-0.735
-0.143,-0.735
-0.142,-0.735
-0.141,-0.735
-0.14,-0.735
-0.139,-0.735
-0.138,-0.735
-0.137,-0.735
-0.136,-0.735
-0.135,-0.735
-0.134,-0.735
-0.133,-0.735
-0.132,-0.735
-0.131,-0.735
-0.13,-0.735
-0.129,-0.735
-0.128,-0.735
-0.127,-0.735
-0.126,-0.735
-0.125,-0.735
-0.124,-0.735
-0.123,-0.735
-0.122,-0.735
-0.121,-0.735
-0.12,-0.735
-0.119,-0.735
-0.118,-0.735
-0.117,-0.735
-0.116,-0.735
-0.115,-0.735
-0.114,-0.735
-0.113,-0.735
-0.112,-0.735
-0.111,-0.735
-0.11,-0.735
-0.109,-0.735
-0.108,-0.735
-0.107,-0.735
-0.106,-0.735
-0.105,-0.735
-0.104,-0.735
-0.103,-0.735
-0.102,-0.735
-0.101,-0.735
-0.1,-0.735
-0.099,-0.735
-0.098,-0.735
-0.097,-0.735
-0.096,-0.735
-0.095,-0.735
-0.094,-0.735
-0.093,-0.735
-0.092,-0.735
-0.091,-0.735
-0.09,-0.735
-0.089,-0.735
-0.088,-0.735
-0.087,-0.735
-0.086,-0.735
-0.085,-0.735
-0.084,-0.735
-0.083,-0.735
-0.082,-0.735
-0.081,-0.735
-0.08,-0.735
-0.079,-0.735
-0.078,-0.735
-0.077,-0.735
-0.076,-0.735
-0.075,-0.735
-0.074,-0.735
-0.073,-0.735
-0.072,-0.735
-0.071,-0.735
-0.07,-0.735
-0.069,-0.735
-0.068,-0.735
-0.067,-0.735
-0.066,-0.735
-0.065,-0.735
-0.064,-0.735
-0.063,-0.735
-0.062,-0.735
-0.061,-0.735
-0.06,-0.735
-0.059,-0.735
-0.058,-0.735
-0.057,-0.735
-0.056,-0.735
-0.055,-0.735
-0.054,-0.735
-0.053,-0.735
-0.052,-0.735
-0.051,-0.735
-0.05,-0.735
-0.049,-0.735
-0.048,-0.735
-0.047,-0.735
-0.046,-0.735
-0.045,-0.735
-0.044,-0.735
-0.043,-0.735
-0.042,-0.735
-0.041,-0.735
-0.04,-0.735
-0.039,-0.735
-0.038,-0.735
-0.037,-0.735
-0.036,-0.735
-0.035,-0.735
-0.034,-0.735
-0.033,-0.735
-0.032,-0.735
-0.031,-0.735
-0.03,-0.735
-0.029,-0.735
-0.027,-0.735
-0.026,-0.735
-0.025,-0.735
-0.024,-0.735
-0.023,-0.735
-0.022,-0.735
-0.226,-0.734
-0.224,-0.734
-0.222,-0.734
-0.221,-0.734
-0.22,-0.734
-0.219,-0.734
-0.218,-0.734
-0.217,-0.734
-0.216,-0.734
-0.215,-0.734
-0.214,-0.734
-0.213,-0.734
-0.212,-0.734
-0.211,-0.734
-0.21,-0.734
-0.209,-0.734
-0.208,-0.734
-0.207,-0.734
-0.206,-0.734
-0.205,-0.734
-0.204,-0.734
-0.203,-0.734
-0.202,-0.734
-0.201,-0.734
-0.2,-0.734
-0.199,-0.734
-0.198,-0.734
-0.197,-0.734
-0.196,-0.734
-0.195,-0.734
-0.194,-0.734
-0.193,-0.734
-0.192,-0.734
-0.191,-0.734
-0.19,-0.734
-0.189,-0.734
-0.188,-0.734
-0.187,-0.734
-0.186,-0.734
-0.185,-0.734
-0.184,-0.734
-0.183,-0.734
-0.182,-0.734
-0.181,-0.734
-0.18,-0.734
-0.179,-0.734
-0.178,-0.734
-0.177,-0.734
-0.176,-0.734
-0.175,-0.734
-0.174,-0.734
-0.173,-0.734
-0.172,-0.734
-0.171,-0.734
-0.17,-0.734
-0.169,-0.734
-0.168,-0.734
-0.167,-0.734
-0.166,-0.734
-0.165,-0.734
-0.164,-0.734
-0.163,-0.734
-0.162,-0.734
-0.161,-0.734
-0.16,-0.734
-0.159,-0.734
-0.158,-0.734
-0.157,-0.734
-0.156,-0.734
-0.155,-0.734
-0.154,-0.734
-0.153,-0.734
-0.152,-0.734
-0.151,-0.734
-0.15,-0.734
-0.149,-0.734
-0.148,-0.734
-0.147,-0.734
-0.146,-0.734
-0.145,-0.734
-0.144,-0.734
-0.143,-0.734
-0.142,-0.734
-0.141,-0.734
-0.14,-0.734
-0.139,-0.734
-0.138,-0.734
-0.137,-0.734
-0.136,-0.734
-0.135,-0.734
-0.134,-0.734
-0.133,-0.734
-0.132,-0.734
-0.131,-0.734
-0.13,-0.734
-0.129,-0.734
-0.128,-0.734
-0.127,-0.734
-0.126,-0.734
-0.125,-0.734
-0.124,-0.734
-0.123,-0.734
-0.122,-0.734
-0.121,-0.734
-0.12,-0.734
-0.119,-0.734
-0.118,-0.734
-0.117,-0.734
-0.116,-0.734
-0.115,-0.734
-0.114,-0.734
-0.113,-0.734
-0.112,-0.734
-0.111,-0.734
-0.11,-0.734
-0.109,-0.734
-0.108,-0.734
-0.107,-0.734
-0.106,-0.734
-0.105,-0.734
-0.104,-0.734
-0.103,-0.734
-0.102,-0.734
-0.101,-0.734
-0.1,-0.734
-0.099,-0.734
-0.098,-0.734
-0.097,-0.734
-0.096,-0.734
-0.095,-0.734
-0.094,-0.734
-0.093,-0.734
-0.092,-0.734
-0.091,-0.734
-0.09,-0.734
-0.089,-0.734
-0.088,-0.734
-0.087,-0.734
-0.086,-0.734
-0.085,-0.734
-0.084,-0.734
-0.083,-0.734
-0.082,-0.734
-0.081,-0.734
-0.08,-0.734
-0.079,-0.734
-0.078,-0.734
-0.077,-0.734
-0.076,-0.734
-0.075,-0.734
-0.074,-0.734
-0.073,-0.734
-0.072,-0.734
-0.071,-0.734
-0.07,-0.734
-0.069,-0.734
-0.068,-0.734
-0.067,-0.734
-0.066,-0.734
-0.065,-0.734
-0.064,-0.734
-0.063,-0.734
-0.062,-0.734
-0.061,-0.734
-0.06,-0.734
-0.059,-0.734
-0.058,-0.734
-0.057,-0.734
-0.056,-0.734
-0.055,-0.734
-0.054,-0.734
-0.053,-0.734
-0.052,-0.734
-0.051,-0.734
-0.05,-0.734
-0.049,-0.734
-0.048,-0.734
-0.047,-0.734
-0.046,-0.734
-0.045,-0.734
-0.044,-0.734
-0.043,-0.734
-0.042,-0.734
-0.041,-0.734
-0.04,-0.734
-0.039,-0.734
-0.038,-0.734
-0.037,-0.734
-0.036,-0.734
-0.035,-0.734
-0.034,-0.734
-0.033,-0.734
-0.032,-0.734
-0.031,-0.734
-0.03,-0.734
-0.027,-0.734
-0.025,-0.734
-0.022,-0.734
-0.021,-0.734
-0.019,-0.734
-0.014,-0.734
-0.225,-0.733
-0.224,-0.733
-0.223,-0.733
-0.222,-0.733
-0.221,-0.733
-0.22,-0.733
-0.219,-0.733
-0.218,-0.733
-0.217,-0.733
-0.216,-0.733
-0.215,-0.733
-0.214,-0.733
-0.213,-0.733
-0.212,-0.733
-0.211,-0.733
-0.21,-0.733
-0.209,-0.733
-0.208,-0.733
-0.207,-0.733
-0.206,-0.733
-0.205,-0.733
-0.204,-0.733
-0.203,-0.733
-0.202,-0.733
-0.201,-0.733
-0.2,-0.733
-0.199,-0.733
-0.198,-0.733
-0.197,-0.733
-0.196,-0.733
-0.195,-0.733
-0.194,-0.733
-0.193,-0.733
-0.192,-0.733
-0.191,-0.733
-0.19,-0.733
-0.189,-0.733
-0.188,-0.733
-0.187,-0.733
-0.186,-0.733
-0.185,-0.733
-0.184,-0.733
-0.183,-0.733
-0.182,-0.733
-0.181,-0.733
-0.18,-0.733
-0.179,-0.733
-0.178,-0.733
-0.177,-0.733
-0.176,-0.733
-0.175,-0.733
-0.174,-0.733
-0.173,-0.733
-0.172,-0.733
-0.171,-0.733
-0.17,-0.733
-0.169,-0.733
-0.168,-0.733
-0.167,-0.733
-0.166,-0.733
-0.165,-0.733
-0.164,-0.733
-0.163,-0.733
-0.162,-0.733
-0.161,-0.733
-0.16,-0.733
-0.159,-0.733
-0.158,-0.733
-0.157,-0.733
-0.156,-0.733
-0.155,-0.733
-0.154,-0.733
-0.153,-0.733
-0.152,-0.733
-0.151,-0.733
-0.15,-0.733
-0.149,-0.733
-0.148,-0.733
-0.147,-0.733
-0.146,-0.733
-0.145,-0.733
-0.144,-0.733
-0.143,-0.733
-0.142,-0.733
-0.141,-0.733
-0.14,-0.733
-0.139,-0.733
-0.138,-0.733
-0.137,-0.733
-0.136,-0.733
-0.135,-0.733
-0.134,-0.733
-0.133,-0.733
-0.132,-0.733
-0.131,-0.733
-0.13,-0.733
-0.129,-0.733
-0.128,-0.733
-0.127,-0.733
-0.126,-0.733
-0.125,-0.733
-0.124,-0.733
-0.123,-0.733
-0.122,-0.733
-0.121,-0.733
-0.12,-0.733
-0.119,-0.733
-0.118,-0.733
-0.117,-0.733
-0.116,-0.733
-0.115,-0.733
-0.114,-0.733
-0.113,-0.733
-0.112,-0.733
-0.111,-0.733
-0.11,-0.733
-0.109,-0.733
-0.108,-0.733
-0.107,-0.733
-0.106,-0.733
-0.105,-0.733
-0.104,-0.733
-0.103,-0.733
-0.102,-0.733
-0.101,-0.733
-0.1,-0.733
-0.099,-0.733
-0.098,-0.733
-0.097,-0.733
-0.096,-0.733
-0.095,-0.733
-0.094,-0.733
-0.093,-0.733
-0.092,-0.733
-0.091,-0.733
-0.09,-0.733
-0.089,-0.733
-0.088,-0.733
-0.087,-0.733
-0.086,-0.733
-0.085,-0.733
-0.084,-0.733
-0.083,-0.733
-0.082,-0.733
-0.081,-0.733
-0.08,-0.733
-0.079,-0.733
-0.078,-0.733
-0.077,-0.733
-0.076,-0.733
-0.075,-0.733
-0.074,-0.733
-0.073,-0.733
-0.072,-0.733
-0.071,-0.733
-0.07,-0.733
-0.069,-0.733
-0.068,-0.733
-0.067,-0.733
-0.066,-0.733
-0.065,-0.733
-0.064,-0.733
-0.063,-0.733
-0.062,-0.733
-0.061,-0.733
-0.06,-0.733
-0.059,-0.733
-0.058,-0.733
-0.057,-0.733
-0.056,-0.733
-0.055,-0.733
-0.054,-0.733
-0.053,-0.733
-0.052,-0.733
-0.051,-0.733
-0.05,-0.733
-0.049,-0.733
-0.048,-0.733
-0.047,-0.733
-0.046,-0.733
-0.045,-0.733
-0.044,-0.733
-0.043,-0.733
-0.042,-0.733
-0.041,-0.733
-0.04,-0.733
-0.039,-0.733
-0.038,-0.733
-0.037,-0.733
-0.036,-0.733
-0.035,-0.733
-0.034,-0.733
-0.033,-0.733
-0.032,-0.733
-0.031,-0.733
-0.03,-0.733
-0.029,-0.733
-0.021,-0.733
-0.011,-0.733
-0.224,-0.732
-0.223,-0.732
-0.221,-0.732
-0.22,-0.732
-0.219,-0.732
-0.218,-0.732
-0.217,-0.732
-0.216,-0.732
-0.215,-0.732
-0.214,-0.732
-0.213,-0.732
-0.212,-0.732
-0.211,-0.732
-0.21,-0.732
-0.209,-0.732
-0.208,-0.732
-0.207,-0.732
-0.206,-0.732
-0.205,-0.732
-0.204,-0.732
-0.203,-0.732
-0.202,-0.732
-0.201,-0.732
-0.2,-0.732
-0.199,-0.732
-0.198,-0.732
-0.197,-0.732
-0.196,-0.732
-0.195,-0.732
-0.194,-0.732
-0.193,-0.732
-0.192,-0.732
-0.191,-0.732
-0.19,-0.732
-0.189,-0.732
-0.188,-0.732
-0.187,-0.732
-0.186,-0.732
-0.185,-0.732
-0.184,-0.732
-0.183,-0.732
-0.182,-0.732
-0.181,-0.732
-0.18,-0.732
-0.179,-0.732
-0.178,-0.732
-0.177,-0.732
-0.176,-0.732
-0.175,-0.732
-0.174,-0.732
-0.173,-0.732
-0.172,-0.732
-0.171,-0.732
-0.17,-0.732
-0.169,-0.732
-0.168,-0.732
-0.167,-0.732
-0.166,-0.732
-0.165,-0.732
-0.164,-0.732
-0.163,-0.732
-0.162,-0.732
-0.161,-0.732
-0.16,-0.732
-0.159,-0.732
-0.158,-0.732
-0.157,-0.732
-0.156,-0.732
-0.155,-0.732
-0.154,-0.732
-0.153,-0.732
-0.152,-0.732
-0.151,-0.732
-0.15,-0.732
-0.149,-0.732
-0.148,-0.732
-0.147,-0.732
-0.146,-0.732
-0.145,-0.732
-0.144,-0.732
-0.143,-0.732
-0.142,-0.732
-0.141,-0.732
-0.14,-0.732
-0.139,-0.732
-0.138,-0.732
-0.137,-0.732
-0.136,-0.732
-0.135,-0.732
-0.134,-0.732
-0.133,-0.732
-0.132,-0.732
-0.131,-0.732
-0.13,-0.732
-0.129,-0.732
-0.128,-0.732
-0.127,-0.732
-0.126,-0.732
-0.125,-0.732
-0.124,-0.732
-0.123,-0.732
-0.122,-0.732
-0.121,-0.732
-0.12,-0.732
-0.119,-0.732
-0.118,-0.732
-0.117,-0.732
-0.116,-0.732
-0.115,-0.732
-0.114,-0.732
-0.113,-0.732
-0.112,-0.732
-0.111,-0.732
-0.11,-0.732
-0.109,-0.732
-0.108,-0.732
-0.107,-0.732
-0.106,-0.732
-0.105,-0.732
-0.104,-0.732
-0.103,-0.732
-0.102,-0.732
-0.101,-0.732
-0.1,-0.732
-0.099,-0.732
-0.098,-0.732
-0.097,-0.732
-0.096,-0.732
-0.095,-0.732
-0.094,-0.732
-0.093,-0.732
-0.092,-0.732
-0.091,-0.732
-0.09,-0.732
-0.089,-0.732
-0.088,-0.732
-0.087,-0.732
-0.086,-0.732
-0.085,-0.732
-0.084,-0.732
-0.083,-0.732
-0.082,-0.732
-0.081,-0.732
-0.08,-0.732
-0.079,-0.732
-0.078,-0.732
-0.077,-0.732
-0.076,-0.732
-0.075,-0.732
-0.074,-0.732
-0.073,-0.732
-0.072,-0.732
-0.071,-0.732
-0.07,-0.732
-0.069,-0.732
-0.068,-0.732
-0.067,-0.732
-0.066,-0.732
-0.065,-0.732
-0.064,-0.732
-0.063,-0.732
-0.062,-0.732
-0.061,-0.732
-0.06,-0.732
-0.059,-0.732
-0.058,-0.732
-0.057,-0.732
-0.056,-0.732
-0.055,-0.732
-0.054,-0.732
-0.053,-0.732
-0.052,-0.732
-0.051,-0.732
-0.05,-0.732
-0.049,-0.732
-0.048,-0.732
-0.047,-0.732
-0.046,-0.732
-0.045,-0.732
-0.044,-0.732
-0.043,-0.732
-0.042,-0.732
-0.041,-0.732
-0.04,-0.732
-0.039,-0.732
-0.038,-0.732
-0.037,-0.732
-0.036,-0.732
-0.035,-0.732
-0.034,-0.732
-0.033,-0.732
-0.032,-0.732
-0.031,-0.732
-0.03,-0.732
-0.023,-0.732
-0.017,-0.732
-0.223,-0.731
-0.221,-0.731
-0.219,-0.731
-0.218,-0.731
-0.217,-0.731
-0.216,-0.731
-0.215,-0.731
-0.214,-0.731
-0.213,-0.731
-0.212,-0.731
-0.211,-0.731
-0.21,-0.731
-0.209,-0.731
-0.208,-0.731
-0.207,-0.731
-0.206,-0.731
-0.205,-0.731
-0.204,-0.731
-0.203,-0.731
-0.202,-0.731
-0.201,-0.731
-0.2,-0.731
-0.199,-0.731
-0.198,-0.731
-0.197,-0.731
-0.196,-0.731
-0.195,-0.731
-0.194,-0.731
-0.193,-0.731
-0.192,-0.731
-0.191,-0.731
-0.19,-0.731
-0.189,-0.731
-0.188,-0.731
-0.187,-0.731
-0.186,-0.731
-0.185,-0.731
-0.184,-0.731
-0.183,-0.731
-0.182,-0.731
-0.181,-0.731
-0.18,-0.731
-0.179,-0.731
-0.178,-0.731
-0.177,-0.731
-0.176,-0.731
-0.175,-0.731
-0.174,-0.731
-0.173,-0.731
-0.172,-0.731
-0.171,-0.731
-0.17,-0.731
-0.169,-0.731
-0.168,-0.731
-0.167,-0.731
-0.166,-0.731
-0.165,-0.731
-0.164,-0.731
-0.163,-0.731
-0.162,-0.731
-0.161,-0.731
-0.16,-0.731
-0.159,-0.731
-0.158,-0.731
-0.157,-0.731
-0.156,-0.731
-0.155,-0.731
-0.154,-0.731
-0.153,-0.731
-0.152,-0.731
-0.151,-0.731
-0.15,-0.731
-0.149,-0.731
-0.148,-0.731
-0.147,-0.731
-0.146,-0.731
-0.145,-0.731
-0.144,-0.731
-0.143,-0.731
-0.142,-0.731
-0.141,-0.731
-0.14,-0.731
-0.139,-0.731
-0.138,-0.731
-0.137,-0.731
-0.136,-0.731
-0.135,-0.731
-0.134,-0.731
-0.133,-0.731
-0.132,-0.731
-0.131,-0.731
-0.13,-0.731
-0.129,-0.731
-0.128,-0.731
-0.127,-0.731
-0.126,-0.731
-0.125,-0.731
-0.124,-0.731
-0.123,-0.731
-0.122,-0.731
-0.121,-0.731
-0.12,-0.731
-0.119,-0.731
-0.118,-0.731
-0.117,-0.731
-0.116,-0.731
-0.115,-0.731
-0.114,-0.731
-0.113,-0.731
-0.112,-0.731
-0.111,-0.731
-0.11,-0.731
-0.109,-0.731
-0.108,-0.731
-0.107,-0.731
-0.106,-0.731
-0.105,-0.731
-0.104,-0.731
-0.103,-0.731
-0.102,-0.731
-0.101,-0.731
-0.1,-0.731
-0.099,-0.731
-0.098,-0.731
-0.097,-0.731
-0.096,-0.731
-0.095,-0.731
-0.094,-0.731
-0.093,-0.731
-0.092,-0.731
-0.091,-0.731
-0.09,-0.731
-0.089,-0.731
-0.088,-0.731
-0.087,-0.731
-0.086,-0.731
-0.085,-0.731
-0.084,-0.731
-0.083,-0.731
-0.082,-0.731
-0.081,-0.731
-0.08,-0.731
-0.079,-0.731
-0.078,-0.731
-0.077,-0.731
-0.076,-0.731
-0.075,-0.731
-0.074,-0.731
-0.073,-0.731
-0.072,-0.731
-0.071,-0.731
-0.07,-0.731
-0.069,-0.731
-0.068,-0.731
-0.067,-0.731
-0.066,-0.731
-0.065,-0.731
-0.064,-0.731
-0.063,-0.731
-0.062,-0.731
-0.061,-0.731
-0.06,-0.731
-0.059,-0.731
-0.058,-0.731
-0.057,-0.731
-0.056,-0.731
-0.055,-0.731
-0.054,-0.731
-0.053,-0.731
-0.052,-0.731
-0.051,-0.731
-0.05,-0.731
-0.049,-0.731
-0.048,-0.731
-0.047,-0.731
-0.046,-0.731
-0.045,-0.731
-0.044,-0.731
-0.043,-0.731
-0.042,-0.731
-0.041,-0.731
-0.04,-0.731
-0.039,-0.731
-0.038,-0.731
-0.037,-0.731
-0.036,-0.731
-0.035,-0.731
-0.034,-0.731
-0.033,-0.731
-0.032,-0.731
-0.031,-0.731
-0.03,-0.731
-0.224,-0.73
-0.221,-0.73
-0.22,-0.73
-0.219,-0.73
-0.218,-0.73
-0.217,-0.73
-0.216,-0.73
-0.215,-0.73
-0.214,-0.73
-0.213,-0.73
-0.212,-0.73
-0.211,-0.73
-0.21,-0.73
-0.209,-0.73
-0.208,-0.73
-0.207,-0.73
-0.206,-0.73
-0.205,-0.73
-0.204,-0.73
-0.203,-0.73
-0.202,-0.73
-0.201,-0.73
-0.2,-0.73
-0.199,-0.73
-0.198,-0.73
-0.197,-0.73
-0.196,-0.73
-0.195,-0.73
-0.194,-0.73
-0.193,-0.73
-0.192,-0.73
-0.191,-0.73
-0.19,-0.73
-0.189,-0.73
-0.188,-0.73
-0.187,-0.73
-0.186,-0.73
-0.185,-0.73
-0.184,-0.73
-0.183,-0.73
-0.182,-0.73
-0.181,-0.73
-0.18,-0.73
-0.179,-0.73
-0.178,-0.73
-0.177,-0.73
-0.176,-0.73
-0.175,-0.73
-0.174,-0.73
-0.173,-0.73
-0.172,-0.73
-0.171,-0.73
-0.17,-0.73
-0.169,-0.73
-0.168,-0.73
-0.167,-0.73
-0.166,-0.73
-0.165,-0.73
-0.164,-0.73
-0.163,-0.73
-0.162,-0.73
-0.161,-0.73
-0.16,-0.73
-0.159,-0.73
-0.158,-0.73
-0.157,-0.73
-0.156,-0.73
-0.155,-0.73
-0.154,-0.73
-0.153,-0.73
-0.152,-0.73
-0.151,-0.73
-0.15,-0.73
-0.149,-0.73
-0.148,-0.73
-0.147,-0.73
-0.146,-0.73
-0.145,-0.73
-0.144,-0.73
-0.143,-0.73
-0.142,-0.73
-0.141,-0.73
-0.14,-0.73
-0.139,-0.73
-0.138,-0.73
-0.137,-0.73
-0.136,-0.73
-0.135,-0.73
-0.134,-0.73
-0.133,-0.73
-0.132,-0.73
-0.131,-0.73
-0.13,-0.73
-0.129,-0.73
-0.128,-0.73
-0.127,-0.73
-0.126,-0.73
-0.125,-0.73
-0.124,-0.73
-0.123,-0.73
-0.122,-0.73
-0.121,-0.73
-0.12,-0.73
-0.119,-0.73
-0.118,-0.73
-0.117,-0.73
-0.116,-0.73
-0.115,-0.73
-0.114,-0.73
-0.113,-0.73
-0.112,-0.73
-0.111,-0.73
-0.11,-0.73
-0.109,-0.73
-0.108,-0.73
-0.107,-0.73
-0.106,-0.73
-0.105,-0.73
-0.104,-0.73
-0.103,-0.73
-0.102,-0.73
-0.101,-0.73
-0.1,-0.73
-0.099,-0.73
-0.098,-0.73
-0.097,-0.73
-0.096,-0.73
-0.095,-0.73
-0.094,-0.73
-0.093,-0.73
-0.092,-0.73
-0.091,-0.73
-0.09,-0.73
-0.089,-0.73
-0.088,-0.73
-0.087,-0.73
-0.086,-0.73
-0.085,-0.73
-0.084,-0.73
-0.083,-0.73
-0.082,-0.73
-0.081,-0.73
-0.08,-0.73
-0.079,-0.73
-0.078,-0.73
-0.077,-0.73
-0.076,-0.73
-0.075,-0.73
-0.074,-0.73
-0.073,-0.73
-0.072,-0.73
-0.071,-0.73
-0.07,-0.73
-0.069,-0.73
-0.068,-0.73
-0.067,-0.73
-0.066,-0.73
-0.065,-0.73
-0.064,-0.73
-0.063,-0.73
-0.062,-0.73
-0.061,-0.73
-0.06,-0.73
-0.059,-0.73
-0.058,-0.73
-0.057,-0.73
-0.056,-0.73
-0.055,-0.73
-0.054,-0.73
-0.053,-0.73
-0.052,-0.73
-0.051,-0.73
-0.05,-0.73
-0.049,-0.73
-0.048,-0.73
-0.047,-0.73
-0.046,-0.73
-0.045,-0.73
-0.044,-0.73
-0.043,-0.73
-0.042,-0.73
-0.041,-0.73
-0.04,-0.73
-0.039,-0.73
-0.038,-0.73
-0.037,-0.73
-0.036,-0.73
-0.035,-0.73
-0.034,-0.73
-0.033,-0.73
-0.032,-0.73
-0.031,-0.73
-0.03,-0.73
-0.029,-0.73
-0.243,-0.729
-0.222,-0.729
-0.22,-0.729
-0.219,-0.729
-0.218,-0.729
-0.217,-0.729
-0.216,-0.729
-0.215,-0.729
-0.214,-0.729
-0.213,-0.729
-0.212,-0.729
-0.211,-0.729
-0.21,-0.729
-0.209,-0.729
-0.208,-0.729
-0.207,-0.729
-0.206,-0.729
-0.205,-0.729
-0.204,-0.729
-0.203,-0.729
-0.202,-0.729
-0.201,-0.729
-0.2,-0.729
-0.199,-0.729
-0.198,-0.729
-0.197,-0.729
-0.196,-0.729
-0.195,-0.729
-0.194,-0.729
-0.193,-0.729
-0.192,-0.729
-0.191,-0.729
-0.19,-0.729
-0.189,-0.729
-0.188,-0.729
-0.187,-0.729
-0.186,-0.729
-0.185,-0.729
-0.184,-0.729
-0.183,-0.729
-0.182,-0.729
-0.181,-0.729
-0.18,-0.729
-0.179,-0.729
-0.178,-0.729
-0.177,-0.729
-0.176,-0.729
-0.175,-0.729
-0.174,-0.729
-0.173,-0.729
-0.172,-0.729
-0.171,-0.729
-0.17,-0.729
-0.169,-0.729
-0.168,-0.729
-0.167,-0.729
-0.166,-0.729
-0.165,-0.729
-0.164,-0.729
-0.163,-0.729
-0.162,-0.729
-0.161,-0.729
-0.16,-0.729
-0.159,-0.729
-0.158,-0.729
-0.157,-0.729
-0.156,-0.729
-0.155,-0.729
-0.154,-0.729
-0.153,-0.729
-0.152,-0.729
-0.151,-0.729
-0.15,-0.729
-0.149,-0.729
-0.148,-0.729
-0.147,-0.729
-0.146,-0.729
-0.145,-0.729
-0.144,-0.729
-0.143,-0.729
-0.142,-0.729
-0.141,-0.729
-0.14,-0.729
-0.139,-0.729
-0.138,-0.729
-0.137,-0.729
-0.136,-0.729
-0.135,-0.729
-0.134,-0.729
-0.133,-0.729
-0.132,-0.729
-0.131,-0.729
-0.13,-0.729
-0.129,-0.729
-0.128,-0.729
-0.127,-0.729
-0.126,-0.729
-0.125,-0.729
-0.124,-0.729
-0.123,-0.729
-0.122,-0.729
-0.121,-0.729
-0.12,-0.729
-0.119,-0.729
-0.118,-0.729
-0.117,-0.729
-0.116,-0.729
-0.115,-0.729
-0.114,-0.729
-0.113,-0.729
-0.112,-0.729
-0.111,-0.729
-0.11,-0.729
-0.109,-0.729
-0.108,-0.729
-0.107,-0.729
-0.106,-0.729
-0.105,-0.729
-0.104,-0.729
-0.103,-0.729
-0.102,-0.729
-0.101,-0.729
-0.1,-0.729
-0.099,-0.729
-0.098,-0.729
-0.097,-0.729
-0.096,-0.729
-0.095,-0.729
-0.094,-0.729
-0.093,-0.729
-0.092,-0.729
-0.091,-0.729
-0.09,-0.729
-0.089,-0.729
-0.088,-0.729
-0.087,-0.729
-0.086,-0.729
-0.085,-0.729
-0.084,-0.729
-0.083,-0.729
-0.082,-0.729
-0.081,-0.729
-0.08,-0.729
-0.079,-0.729
-0.078,-0.729
-0.077,-0.729
-0.076,-0.729
-0.075,-0.729
-0.074,-0.729
-0.073,-0.729
-0.072,-0.729
-0.071,-0.729
-0.07,-0.729
-0.069,-0.729
-0.068,-0.729
-0.067,-0.729
-0.066,-0.729
-0.065,-0.729
-0.064,-0.729
-0.063,-0.729
-0.062,-0.729
-0.061,-0.729
-0.06,-0.729
-0.059,-0.729
-0.058,-0.729
-0.057,-0.729
-0.056,-0.729
-0.055,-0.729
-0.054,-0.729
-0.053,-0.729
-0.052,-0.729
-0.051,-0.729
-0.05,-0.729
-0.049,-0.729
-0.048,-0.729
-0.047,-0.729
-0.046,-0.729
-0.045,-0.729
-0.044,-0.729
-0.043,-0.729
-0.042,-0.729
-0.041,-0.729
-0.04,-0.729
-0.039,-0.729
-0.038,-0.729
-0.037,-0.729
-0.036,-0.729
-0.035,-0.729
-0.034,-0.729
-0.033,-0.729
-0.032,-0.729
-0.031,-0.729
-0.03,-0.729
-0.023,-0.729
-0.221,-0.728
-0.22,-0.728
-0.219,-0.728
-0.218,-0.728
-0.217,-0.728
-0.216,-0.728
-0.215,-0.728
-0.214,-0.728
-0.213,-0.728
-0.212,-0.728
-0.211,-0.728
-0.21,-0.728
-0.209,-0.728
-0.208,-0.728
-0.207,-0.728
-0.206,-0.728
-0.205,-0.728
-0.204,-0.728
-0.203,-0.728
-0.202,-0.728
-0.201,-0.728
-0.2,-0.728
-0.199,-0.728
-0.198,-0.728
-0.197,-0.728
-0.196,-0.728
-0.195,-0.728
-0.194,-0.728
-0.193,-0.728
-0.192,-0.728
-0.191,-0.728
-0.19,-0.728
-0.189,-0.728
-0.188,-0.728
-0.187,-0.728
-0.186,-0.728
-0.185,-0.728
-0.184,-0.728
-0.183,-0.728
-0.182,-0.728
-0.181,-0.728
-0.18,-0.728
-0.179,-0.728
-0.178,-0.728
-0.177,-0.728
-0.176,-0.728
-0.175,-0.728
-0.174,-0.728
-0.173,-0.728
-0.172,-0.728
-0.171,-0.728
-0.17,-0.728
-0.169,-0.728
-0.168,-0.728
-0.167,-0.728
-0.166,-0.728
-0.165,-0.728
-0.164,-0.728
-0.163,-0.728
-0.162,-0.728
-0.161,-0.728
-0.16,-0.728
-0.159,-0.728
-0.158,-0.728
-0.157,-0.728
-0.156,-0.728
-0.155,-0.728
-0.154,-0.728
-0.153,-0.728
-0.152,-0.728
-0.151,-0.728
-0.15,-0.728
-0.149,-0.728
-0.148,-0.728
-0.147,-0.728
-0.146,-0.728
-0.145,-0.728
-0.144,-0.728
-0.143,-0.728
-0.142,-0.728
-0.141,-0.728
-0.14,-0.728
-0.139,-0.728
-0.138,-0.728
-0.137,-0.728
-0.136,-0.728
-0.135,-0.728
-0.134,-0.728
-0.133,-0.728
-0.132,-0.728
-0.131,-0.728
-0.13,-0.728
-0.129,-0.728
-0.128,-0.728
-0.127,-0.728
-0.126,-0.728
-0.125,-0.728
-0.124,-0.728
-0.123,-0.728
-0.122,-0.728
-0.121,-0.728
-0.12,-0.728
-0.119,-0.728
-0.118,-0.728
-0.117,-0.728
-0.116,-0.728
-0.115,-0.728
-0.114,-0.728
-0.113,-0.728
-0.112,-0.728
-0.111,-0.728
-0.11,-0.728
-0.109,-0.728
-0.108,-0.728
-0.107,-0.728
-0.106,-0.728
-0.105,-0.728
-0.104,-0.728
-0.103,-0.728
-0.102,-0.728
-0.101,-0.728
-0.1,-0.728
-0.099,-0.728
-0.098,-0.728
-0.097,-0.728
-0.096,-0.728
-0.095,-0.728
-0.094,-0.728
-0.093,-0.728
-0.092,-0.728
-0.091,-0.728
-0.09,-0.728
-0.089,-0.728
-0.088,-0.728
-0.087,-0.728
-0.086,-0.728
-0.085,-0.728
-0.084,-0.728
-0.083,-0.728
-0.082,-0.728
-0.081,-0.728
-0.08,-0.728
-0.079,-0.728
-0.078,-0.728
-0.077,-0.728
-0.076,-0.728
-0.075,-0.728
-0.074,-0.728
-0.073,-0.728
-0.072,-0.728
-0.071,-0.728
-0.07,-0.728
-0.069,-0.728
-0.068,-0.728
-0.067,-0.728
-0.066,-0.728
-0.065,-0.728
-0.064,-0.728
-0.063,-0.728
-0.062,-0.728
-0.061,-0.728
-0.06,-0.728
-0.059,-0.728
-0.058,-0.728
-0.057,-0.728
-0.056,-0.728
-0.055,-0.728
-0.054,-0.728
-0.053,-0.728
-0.052,-0.728
-0.051,-0.728
-0.05,-0.728
-0.049,-0.728
-0.048,-0.728
-0.047,-0.728
-0.046,-0.728
-0.045,-0.728
-0.044,-0.728
-0.043,-0.728
-0.042,-0.728
-0.041,-0.728
-0.04,-0.728
-0.039,-0.728
-0.038,-0.728
-0.037,-0.728
-0.036,-0.728
-0.035,-0.728
-0.034,-0.728
-0.033,-0.728
-0.032,-0.728
-0.031,-0.728
-0.023,-0.728
-0.237,-0.727
-0.227,-0.727
-0.219,-0.727
-0.218,-0.727
-0.217,-0.727
-0.216,-0.727
-0.215,-0.727
-0.214,-0.727
-0.213,-0.727
-0.212,-0.727
-0.211,-0.727
-0.21,-0.727
-0.209,-0.727
-0.208,-0.727
-0.207,-0.727
-0.206,-0.727
-0.205,-0.727
-0.204,-0.727
-0.203,-0.727
-0.202,-0.727
-0.201,-0.727
-0.2,-0.727
-0.199,-0.727
-0.198,-0.727
-0.197,-0.727
-0.196,-0.727
-0.195,-0.727
-0.194,-0.727
-0.193,-0.727
-0.192,-0.727
-0.191,-0.727
-0.19,-0.727
-0.189,-0.727
-0.188,-0.727
-0.187,-0.727
-0.186,-0.727
-0.185,-0.727
-0.184,-0.727
-0.183,-0.727
-0.182,-0.727
-0.181,-0.727
-0.18,-0.727
-0.179,-0.727
-0.178,-0.727
-0.177,-0.727
-0.176,-0.727
-0.175,-0.727
-0.174,-0.727
-0.173,-0.727
-0.172,-0.727
-0.171,-0.727
-0.17,-0.727
-0.169,-0.727
-0.168,-0.727
-0.167,-0.727
-0.166,-0.727
-0.165,-0.727
-0.164,-0.727
-0.163,-0.727
-0.162,-0.727
-0.161,-0.727
-0.16,-0.727
-0.159,-0.727
-0.158,-0.727
-0.157,-0.727
-0.156,-0.727
-0.155,-0.727
-0.154,-0.727
-0.153,-0.727
-0.152,-0.727
-0.151,-0.727
-0.15,-0.727
-0.149,-0.727
-0.148,-0.727
-0.147,-0.727
-0.146,-0.727
-0.145,-0.727
-0.144,-0.727
-0.143,-0.727
-0.142,-0.727
-0.141,-0.727
-0.14,-0.727
-0.139,-0.727
-0.138,-0.727
-0.137,-0.727
-0.136,-0.727
-0.135,-0.727
-0.134,-0.727
-0.133,-0.727
-0.132,-0.727
-0.131,-0.727
-0.13,-0.727
-0.129,-0.727
-0.128,-0.727
-0.127,-0.727
-0.126,-0.727
-0.125,-0.727
-0.124,-0.727
-0.123,-0.727
-0.122,-0.727
-0.121,-0.727
-0.12,-0.727
-0.119,-0.727
-0.118,-0.727
-0.117,-0.727
-0.116,-0.727
-0.115,-0.727
-0.114,-0.727
-0.113,-0.727
-0.112,-0.727
-0.111,-0.727
-0.11,-0.727
-0.109,-0.727
-0.108,-0.727
-0.107,-0.727
-0.106,-0.727
-0.105,-0.727
-0.104,-0.727
-0.103,-0.727
-0.102,-0.727
-0.101,-0.727
-0.1,-0.727
-0.099,-0.727
-0.098,-0.727
-0.097,-0.727
-0.096,-0.727
-0.095,-0.727
-0.094,-0.727
-0.093,-0.727
-0.092,-0.727
-0.091,-0.727
-0.09,-0.727
-0.089,-0.727
-0.088,-0.727
-0.087,-0.727
-0.086,-0.727
-0.085,-0.727
-0.084,-0.727
-0.083,-0.727
-0.082,-0.727
-0.081,-0.727
-0.08,-0.727
-0.079,-0.727
-0.078,-0.727
-0.077,-0.727
-0.076,-0.727
-0.075,-0.727
-0.074,-0.727
-0.073,-0.727
-0.072,-0.727
-0.071,-0.727
-0.07,-0.727
-0.069,-0.727
-0.068,-0.727
-0.067,-0.727
-0.066,-0.727
-0.065,-0.727
-0.064,-0.727
-0.063,-0.727
-0.062,-0.727
-0.061,-0.727
-0.06,-0.727
-0.059,-0.727
-0.058,-0.727
-0.057,-0.727
-0.056,-0.727
-0.055,-0.727
-0.054,-0.727
-0.053,-0.727
-0.052,-0.727
-0.051,-0.727
-0.05,-0.727
-0.049,-0.727
-0.048,-0.727
-0.047,-0.727
-0.046,-0.727
-0.045,-0.727
-0.044,-0.727
-0.043,-0.727
-0.042,-0.727
-0.041,-0.727
-0.04,-0.727
-0.039,-0.727
-0.038,-0.727
-0.037,-0.727
-0.036,-0.727
-0.035,-0.727
-0.034,-0.727
-0.033,-0.727
-0.032,-0.727
-0.031,-0.727
-0.03,-0.727
-0.222,-0.726
-0.219,-0.726
-0.218,-0.726
-0.217,-0.726
-0.216,-0.726
-0.215,-0.726
-0.214,-0.726
-0.213,-0.726
-0.212,-0.726
-0.211,-0.726
-0.21,-0.726
-0.209,-0.726
-0.208,-0.726
-0.207,-0.726
-0.206,-0.726
-0.205,-0.726
-0.204,-0.726
-0.203,-0.726
-0.202,-0.726
-0.201,-0.726
-0.2,-0.726
-0.199,-0.726
-0.198,-0.726
-0.197,-0.726
-0.196,-0.726
-0.195,-0.726
-0.194,-0.726
-0.193,-0.726
-0.192,-0.726
-0.191,-0.726
-0.19,-0.726
-0.189,-0.726
-0.188,-0.726
-0.187,-0.726
-0.186,-0.726
-0.185,-0.726
-0.184,-0.726
-0.183,-0.726
-0.182,-0.726
-0.181,-0.726
-0.18,-0.726
-0.179,-0.726
-0.178,-0.726
-0.177,-0.726
-0.176,-0.726
-0.175,-0.726
-0.174,-0.726
-0.173,-0.726
-0.172,-0.726
-0.171,-0.726
-0.17,-0.726
-0.169,-0.726
-0.168,-0.726
-0.167,-0.726
-0.166,-0.726
-0.165,-0.726
-0.164,-0.726
-0.163,-0.726
-0.162,-0.726
-0.161,-0.726
-0.16,-0.726
-0.159,-0.726
-0.158,-0.726
-0.157,-0.726
-0.156,-0.726
-0.155,-0.726
-0.154,-0.726
-0.153,-0.726
-0.152,-0.726
-0.151,-0.726
-0.15,-0.726
-0.149,-0.726
-0.148,-0.726
-0.147,-0.726
-0.146,-0.726
-0.145,-0.726
-0.144,-0.726
-0.143,-0.726
-0.142,-0.726
-0.141,-0.726
-0.14,-0.726
-0.139,-0.726
-0.138,-0.726
-0.137,-0.726
-0.136,-0.726
-0.135,-0.726
-0.134,-0.726
-0.133,-0.726
-0.132,-0.726
-0.131,-0.726
-0.13,-0.726
-0.129,-0.726
-0.128,-0.726
-0.127,-0.726
-0.126,-0.726
-0.125,-0.726
-0.124,-0.726
-0.123,-0.726
-0.122,-0.726
-0.121,-0.726
-0.12,-0.726
-0.119,-0.726
-0.118,-0.726
-0.117,-0.726
-0.116,-0.726
-0.115,-0.726
-0.114,-0.726
-0.113,-0.726
-0.112,-0.726
-0.111,-0.726
-0.11,-0.726
-0.109,-0.726
-0.108,-0.726
-0.107,-0.726
-0.106,-0.726
-0.105,-0.726
-0.104,-0.726
-0.103,-0.726
-0.102,-0.726
-0.101,-0.726
-0.1,-0.726
-0.099,-0.726
-0.098,-0.726
-0.097,-0.726
-0.096,-0.726
-0.095,-0.726
-0.094,-0.726
-0.093,-0.726
-0.092,-0.726
-0.091,-0.726
-0.09,-0.726
-0.089,-0.726
-0.088,-0.726
-0.087,-0.726
-0.086,-0.726
-0.085,-0.726
-0.084,-0.726
-0.083,-0.726
-0.082,-0.726
-0.081,-0.726
-0.08,-0.726
-0.079,-0.726
-0.078,-0.726
-0.077,-0.726
-0.076,-0.726
-0.075,-0.726
-0.074,-0.726
-0.073,-0.726
-0.072,-0.726
-0.071,-0.726
-0.07,-0.726
-0.069,-0.726
-0.068,-0.726
-0.067,-0.726
-0.066,-0.726
-0.065,-0.726
-0.064,-0.726
-0.063,-0.726
-0.062,-0.726
-0.061,-0.726
-0.06,-0.726
-0.059,-0.726
-0.058,-0.726
-0.057,-0.726
-0.056,-0.726
-0.055,-0.726
-0.054,-0.726
-0.053,-0.726
-0.052,-0.726
-0.051,-0.726
-0.05,-0.726
-0.049,-0.726
-0.048,-0.726
-0.047,-0.726
-0.046,-0.726
-0.045,-0.726
-0.044,-0.726
-0.043,-0.726
-0.042,-0.726
-0.041,-0.726
-0.04,-0.726
-0.039,-0.726
-0.038,-0.726
-0.037,-0.726
-0.036,-0.726
-0.035,-0.726
-0.034,-0.726
-0.033,-0.726
-0.032,-0.726
-0.031,-0.726
-0.03,-0.726
-0.028,-0.726
-0.025,-0.726
-0.023,-0.726
-0.218,-0.725
-0.217,-0.725
-0.216,-0.725
-0.215,-0.725
-0.214,-0.725
-0.213,-0.725
-0.212,-0.725
-0.211,-0.725
-0.21,-0.725
-0.209,-0.725
-0.208,-0.725
-0.207,-0.725
-0.206,-0.725
-0.205,-0.725
-0.204,-0.725
-0.203,-0.725
-0.202,-0.725
-0.201,-0.725
-0.2,-0.725
-0.199,-0.725
-0.198,-0.725
-0.197,-0.725
-0.196,-0.725
-0.195,-0.725
-0.194,-0.725
-0.193,-0.725
-0.192,-0.725
-0.191,-0.725
-0.19,-0.725
-0.189,-0.725
-0.188,-0.725
-0.187,-0.725
-0.186,-0.725
-0.185,-0.725
-0.184,-0.725
-0.183,-0.725
-0.182,-0.725
-0.181,-0.725
-0.18,-0.725
-0.179,-0.725
-0.178,-0.725
-0.177,-0.725
-0.176,-0.725
-0.175,-0.725
-0.174,-0.725
-0.173,-0.725
-0.172,-0.725
-0.171,-0.725
-0.17,-0.725
-0.169,-0.725
-0.168,-0.725
-0.167,-0.725
-0.166,-0.725
-0.165,-0.725
-0.164,-0.725
-0.163,-0.725
-0.162,-0.725
-0.161,-0.725
-0.16,-0.725
-0.159,-0.725
-0.158,-0.725
-0.157,-0.725
-0.156,-0.725
-0.155,-0.725
-0.154,-0.725
-0.153,-0.725
-0.152,-0.725
-0.151,-0.725
-0.15,-0.725
-0.149,-0.725
-0.148,-0.725
-0.147,-0.725
-0.146,-0.725
-0.145,-0.725
-0.144,-0.725
-0.143,-0.725
-0.142,-0.725
-0.141,-0.725
-0.14,-0.725
-0.139,-0.725
-0.138,-0.725
-0.137,-0.725
-0.136,-0.725
-0.135,-0.725
-0.134,-0.725
-0.133,-0.725
-0.132,-0.725
-0.131,-0.725
-0.13,-0.725
-0.129,-0.725
-0.128,-0.725
-0.127,-0.725
-0.126,-0.725
-0.125,-0.725
-0.124,-0.725
-0.123,-0.725
-0.122,-0.725
-0.121,-0.725
-0.12,-0.725
-0.119,-0.725
-0.118,-0.725
-0.117,-0.725
-0.116,-0.725
-0.115,-0.725
-0.114,-0.725
-0.113,-0.725
-0.112,-0.725
-0.111,-0.725
-0.11,-0.725
-0.109,-0.725
-0.108,-0.725
-0.107,-0.725
-0.106,-0.725
-0.105,-0.725
-0.104,-0.725
-0.103,-0.725
-0.102,-0.725
-0.101,-0.725
-0.1,-0.725
-0.099,-0.725
-0.098,-0.725
-0.097,-0.725
-0.096,-0.725
-0.095,-0.725
-0.094,-0.725
-0.093,-0.725
-0.092,-0.725
-0.091,-0.725
-0.09,-0.725
-0.089,-0.725
-0.088,-0.725
-0.087,-0.725
-0.086,-0.725
-0.085,-0.725
-0.084,-0.725
-0.083,-0.725
-0.082,-0.725
-0.081,-0.725
-0.08,-0.725
-0.079,-0.725
-0.078,-0.725
-0.077,-0.725
-0.076,-0.725
-0.075,-0.725
-0.074,-0.725
-0.073,-0.725
-0.072,-0.725
-0.071,-0.725
-0.07,-0.725
-0.069,-0.725
-0.068,-0.725
-0.067,-0.725
-0.066,-0.725
-0.065,-0.725
-0.064,-0.725
-0.063,-0.725
-0.062,-0.725
-0.061,-0.725
-0.06,-0.725
-0.059,-0.725
-0.058,-0.725
-0.057,-0.725
-0.056,-0.725
-0.055,-0.725
-0.054,-0.725
-0.053,-0.725
-0.052,-0.725
-0.051,-0.725
-0.05,-0.725
-0.049,-0.725
-0.048,-0.725
-0.047,-0.725
-0.046,-0.725
-0.045,-0.725
-0.044,-0.725
-0.043,-0.725
-0.042,-0.725
-0.041,-0.725
-0.04,-0.725
-0.039,-0.725
-0.038,-0.725
-0.037,-0.725
-0.036,-0.725
-0.035,-0.725
-0.034,-0.725
-0.033,-0.725
-0.032,-0.725
-0.031,-0.725
-0.03,-0.725
-0.029,-0.725
-0.028,-0.725
-0.027,-0.725
-0.241,-0.724
-0.226,-0.724
-0.223,-0.724
-0.221,-0.724
-0.219,-0.724
-0.218,-0.724
-0.217,-0.724
-0.216,-0.724
-0.215,-0.724
-0.214,-0.724
-0.213,-0.724
-0.212,-0.724
-0.211,-0.724
-0.21,-0.724
-0.209,-0.724
-0.208,-0.724
-0.207,-0.724
-0.206,-0.724
-0.205,-0.724
-0.204,-0.724
-0.203,-0.724
-0.202,-0.724
-0.201,-0.724
-0.2,-0.724
-0.199,-0.724
-0.198,-0.724
-0.197,-0.724
-0.196,-0.724
-0.195,-0.724
-0.194,-0.724
-0.193,-0.724
-0.192,-0.724
-0.191,-0.724
-0.19,-0.724
-0.189,-0.724
-0.188,-0.724
-0.187,-0.724
-0.186,-0.724
-0.185,-0.724
-0.184,-0.724
-0.183,-0.724
-0.182,-0.724
-0.181,-0.724
-0.18,-0.724
-0.179,-0.724
-0.178,-0.724
-0.177,-0.724
-0.176,-0.724
-0.175,-0.724
-0.174,-0.724
-0.173,-0.724
-0.172,-0.724
-0.171,-0.724
-0.17,-0.724
-0.169,-0.724
-0.168,-0.724
-0.167,-0.724
-0.166,-0.724
-0.165,-0.724
-0.164,-0.724
-0.163,-0.724
-0.162,-0.724
-0.161,-0.724
-0.16,-0.724
-0.159,-0.724
-0.158,-0.724
-0.157,-0.724
-0.156,-0.724
-0.155,-0.724
-0.154,-0.724
-0.153,-0.724
-0.152,-0.724
-0.151,-0.724
-0.15,-0.724
-0.149,-0.724
-0.148,-0.724
-0.147,-0.724
-0.146,-0.724
-0.145,-0.724
-0.144,-0.724
-0.143,-0.724
-0.142,-0.724
-0.141,-0.724
-0.14,-0.724
-0.139,-0.724
-0.138,-0.724
-0.137,-0.724
-0.136,-0.724
-0.135,-0.724
-0.134,-0.724
-0.133,-0.724
-0.132,-0.724
-0.131,-0.724
-0.13,-0.724
-0.129,-0.724
-0.128,-0.724
-0.127,-0.724
-0.126,-0.724
-0.125,-0.724
-0.124,-0.724
-0.123,-0.724
-0.122,-0.724
-0.121,-0.724
-0.12,-0.724
-0.119,-0.724
-0.118,-0.724
-0.117,-0.724
-0.116,-0.724
-0.115,-0.724
-0.114,-0.724
-0.113,-0.724
-0.112,-0.724
-0.111,-0.724
-0.11,-0.724
-0.109,-0.724
-0.108,-0.724
-0.107,-0.724
-0.106,-0.724
-0.105,-0.724
-0.104,-0.724
-0.103,-0.724
-0.102,-0.724
-0.101,-0.724
-0.1,-0.724
-0.099,-0.724
-0.098,-0.724
-0.097,-0.724
-0.096,-0.724
-0.095,-0.724
-0.094,-0.724
-0.093,-0.724
-0.092,-0.724
-0.091,-0.724
-0.09,-0.724
-0.089,-0.724
-0.088,-0.724
-0.087,-0.724
-0.086,-0.724
-0.085,-0.724
-0.084,-0.724
-0.083,-0.724
-0.082,-0.724
-0.081,-0.724
-0.08,-0.724
-0.079,-0.724
-0.078,-0.724
-0.077,-0.724
-0.076,-0.724
-0.075,-0.724
-0.074,-0.724
-0.073,-0.724
-0.072,-0.724
-0.071,-0.724
-0.07,-0.724
-0.069,-0.724
-0.068,-0.724
-0.067,-0.724
-0.066,-0.724
-0.065,-0.724
-0.064,-0.724
-0.063,-0.724
-0.062,-0.724
-0.061,-0.724
-0.06,-0.724
-0.059,-0.724
-0.058,-0.724
-0.057,-0.724
-0.056,-0.724
-0.055,-0.724
-0.054,-0.724
-0.053,-0.724
-0.052,-0.724
-0.051,-0.724
-0.05,-0.724
-0.049,-0.724
-0.048,-0.724
-0.047,-0.724
-0.046,-0.724
-0.045,-0.724
-0.044,-0.724
-0.043,-0.724
-0.042,-0.724
-0.041,-0.724
-0.04,-0.724
-0.039,-0.724
-0.038,-0.724
-0.037,-0.724
-0.036,-0.724
-0.035,-0.724
-0.034,-0.724
-0.033,-0.724
-0.032,-0.724
-0.031,-0.724
-0.03,-0.724
-0.029,-0.724
-0.028,-0.724
-0.027,-0.724
-0.226,-0.723
-0.222,-0.723
-0.221,-0.723
-0.22,-0.723
-0.219,-0.723
-0.218,-0.723
-0.217,-0.723
-0.216,-0.723
-0.215,-0.723
-0.214,-0.723
-0.213,-0.723
-0.212,-0.723
-0.211,-0.723
-0.21,-0.723
-0.209,-0.723
-0.208,-0.723
-0.207,-0.723
-0.206,-0.723
-0.205,-0.723
-0.204,-0.723
-0.203,-0.723
-0.202,-0.723
-0.201,-0.723
-0.2,-0.723
-0.199,-0.723
-0.198,-0.723
-0.197,-0.723
-0.196,-0.723
-0.195,-0.723
-0.194,-0.723
-0.193,-0.723
-0.192,-0.723
-0.191,-0.723
-0.19,-0.723
-0.189,-0.723
-0.188,-0.723
-0.187,-0.723
-0.186,-0.723
-0.185,-0.723
-0.184,-0.723
-0.183,-0.723
-0.182,-0.723
-0.181,-0.723
-0.18,-0.723
-0.179,-0.723
-0.178,-0.723
-0.177,-0.723
-0.176,-0.723
-0.175,-0.723
-0.174,-0.723
-0.173,-0.723
-0.172,-0.723
-0.171,-0.723
-0.17,-0.723
-0.169,-0.723
-0.168,-0.723
-0.167,-0.723
-0.166,-0.723
-0.165,-0.723
-0.164,-0.723
-0.163,-0.723
-0.162,-0.723
-0.161,-0.723
-0.16,-0.723
-0.159,-0.723
-0.158,-0.723
-0.157,-0.723
-0.156,-0.723
-0.155,-0.723
-0.154,-0.723
-0.153,-0.723
-0.152,-0.723
-0.151,-0.723
-0.15,-0.723
-0.149,-0.723
-0.148,-0.723
-0.147,-0.723
-0.146,-0.723
-0.145,-0.723
-0.144,-0.723
-0.143,-0.723
-0.142,-0.723
-0.141,-0.723
-0.14,-0.723
-0.139,-0.723
-0.138,-0.723
-0.137,-0.723
-0.136,-0.723
-0.135,-0.723
-0.134,-0.723
-0.133,-0.723
-0.132,-0.723
-0.131,-0.723
-0.13,-0.723
-0.129,-0.723
-0.128,-0.723
-0.127,-0.723
-0.126,-0.723
-0.125,-0.723
-0.124,-0.723
-0.123,-0.723
-0.122,-0.723
-0.121,-0.723
-0.12,-0.723
-0.119,-0.723
-0.118,-0.723
-0.117,-0.723
-0.116,-0.723
-0.115,-0.723
-0.114,-0.723
-0.113,-0.723
-0.112,-0.723
-0.111,-0.723
-0.11,-0.723
-0.109,-0.723
-0.108,-0.723
-0.107,-0.723
-0.106,-0.723
-0.105,-0.723
-0.104,-0.723
-0.103,-0.723
-0.102,-0.723
-0.101,-0.723
-0.1,-0.723
-0.099,-0.723
-0.098,-0.723
-0.097,-0.723
-0.096,-0.723
-0.095,-0.723
-0.094,-0.723
-0.093,-0.723
-0.092,-0.723
-0.091,-0.723
-0.09,-0.723
-0.089,-0.723
-0.088,-0.723
-0.087,-0.723
-0.086,-0.723
-0.085,-0.723
-0.084,-0.723
-0.083,-0.723
-0.082,-0.723
-0.081,-0.723
-0.08,-0.723
-0.079,-0.723
-0.078,-0.723
-0.077,-0.723
-0.076,-0.723
-0.075,-0.723
-0.074,-0.723
-0.073,-0.723
-0.072,-0.723
-0.071,-0.723
-0.07,-0.723
-0.069,-0.723
-0.068,-0.723
-0.067,-0.723
-0.066,-0.723
-0.065,-0.723
-0.064,-0.723
-0.063,-0.723
-0.062,-0.723
-0.061,-0.723
-0.06,-0.723
-0.059,-0.723
-0.058,-0.723
-0.057,-0.723
-0.056,-0.723
-0.055,-0.723
-0.054,-0.723
-0.053,-0.723
-0.052,-0.723
-0.051,-0.723
-0.05,-0.723
-0.049,-0.723
-0.048,-0.723
-0.047,-0.723
-0.046,-0.723
-0.045,-0.723
-0.044,-0.723
-0.043,-0.723
-0.042,-0.723
-0.041,-0.723
-0.04,-0.723
-0.039,-0.723
-0.038,-0.723
-0.037,-0.723
-0.036,-0.723
-0.035,-0.723
-0.034,-0.723
-0.033,-0.723
-0.032,-0.723
-0.03,-0.723
-0.029,-0.723
-0.226,-0.722
-0.225,-0.722
-0.224,-0.722
-0.223,-0.722
-0.222,-0.722
-0.221,-0.722
-0.22,-0.722
-0.219,-0.722
-0.218,-0.722
-0.217,-0.722
-0.216,-0.722
-0.215,-0.722
-0.214,-0.722
-0.213,-0.722
-0.212,-0.722
-0.211,-0.722
-0.21,-0.722
-0.209,-0.722
-0.208,-0.722
-0.207,-0.722
-0.206,-0.722
-0.205,-0.722
-0.204,-0.722
-0.203,-0.722
-0.202,-0.722
-0.201,-0.722
-0.2,-0.722
-0.199,-0.722
-0.198,-0.722
-0.197,-0.722
-0.196,-0.722
-0.195,-0.722
-0.194,-0.722
-0.193,-0.722
-0.192,-0.722
-0.191,-0.722
-0.19,-0.722
-0.189,-0.722
-0.188,-0.722
-0.187,-0.722
-0.186,-0.722
-0.185,-0.722
-0.184,-0.722
-0.183,-0.722
-0.182,-0.722
-0.181,-0.722
-0.18,-0.722
-0.179,-0.722
-0.178,-0.722
-0.177,-0.722
-0.176,-0.722
-0.175,-0.722
-0.174,-0.722
-0.173,-0.722
-0.172,-0.722
-0.171,-0.722
-0.17,-0.722
-0.169,-0.722
-0.168,-0.722
-0.167,-0.722
-0.166,-0.722
-0.165,-0.722
-0.164,-0.722
-0.163,-0.722
-0.162,-0.722
-0.161,-0.722
-0.16,-0.722
-0.159,-0.722
-0.158,-0.722
-0.157,-0.722
-0.156,-0.722
-0.155,-0.722
-0.154,-0.722
-0.153,-0.722
-0.152,-0.722
-0.151,-0.722
-0.15,-0.722
-0.149,-0.722
-0.148,-0.722
-0.147,-0.722
-0.146,-0.722
-0.145,-0.722
-0.144,-0.722
-0.143,-0.722
-0.142,-0.722
-0.141,-0.722
-0.14,-0.722
-0.139,-0.722
-0.138,-0.722
-0.137,-0.722
-0.136,-0.722
-0.135,-0.722
-0.134,-0.722
-0.133,-0.722
-0.132,-0.722
-0.131,-0.722
-0.13,-0.722
-0.129,-0.722
-0.128,-0.722
-0.127,-0.722
-0.126,-0.722
-0.125,-0.722
-0.124,-0.722
-0.123,-0.722
-0.122,-0.722
-0.121,-0.722
-0.12,-0.722
-0.119,-0.722
-0.118,-0.722
-0.117,-0.722
-0.116,-0.722
-0.115,-0.722
-0.114,-0.722
-0.113,-0.722
-0.112,-0.722
-0.111,-0.722
-0.11,-0.722
-0.109,-0.722
-0.108,-0.722
-0.107,-0.722
-0.106,-0.722
-0.105,-0.722
-0.104,-0.722
-0.103,-0.722
-0.102,-0.722
-0.101,-0.722
-0.1,-0.722
-0.099,-0.722
-0.098,-0.722
-0.097,-0.722
-0.096,-0.722
-0.095,-0.722
-0.094,-0.722
-0.093,-0.722
-0.092,-0.722
-0.091,-0.722
-0.09,-0.722
-0.089,-0.722
-0.088,-0.722
-0.087,-0.722
-0.086,-0.722
-0.085,-0.722
-0.084,-0.722
-0.083,-0.722
-0.082,-0.722
-0.081,-0.722
-0.08,-0.722
-0.079,-0.722
-0.078,-0.722
-0.077,-0.722
-0.076,-0.722
-0.075,-0.722
-0.074,-0.722
-0.073,-0.722
-0.072,-0.722
-0.071,-0.722
-0.07,-0.722
-0.069,-0.722
-0.068,-0.722
-0.067,-0.722
-0.066,-0.722
-0.065,-0.722
-0.064,-0.722
-0.063,-0.722
-0.062,-0.722
-0.061,-0.722
-0.06,-0.722
-0.059,-0.722
-0.058,-0.722
-0.057,-0.722
-0.056,-0.722
-0.055,-0.722
-0.054,-0.722
-0.053,-0.722
-0.052,-0.722
-0.051,-0.722
-0.05,-0.722
-0.049,-0.722
-0.048,-0.722
-0.047,-0.722
-0.046,-0.722
-0.045,-0.722
-0.044,-0.722
-0.043,-0.722
-0.042,-0.722
-0.041,-0.722
-0.04,-0.722
-0.039,-0.722
-0.038,-0.722
-0.037,-0.722
-0.036,-0.722
-0.035,-0.722
-0.034,-0.722
-0.033,-0.722
-0.028,-0.722
-0.226,-0.721
-0.225,-0.721
-0.224,-0.721
-0.223,-0.721
-0.222,-0.721
-0.221,-0.721
-0.22,-0.721
-0.219,-0.721
-0.218,-0.721
-0.217,-0.721
-0.216,-0.721
-0.215,-0.721
-0.214,-0.721
-0.213,-0.721
-0.212,-0.721
-0.211,-0.721
-0.21,-0.721
-0.209,-0.721
-0.208,-0.721
-0.207,-0.721
-0.206,-0.721
-0.205,-0.721
-0.204,-0.721
-0.203,-0.721
-0.202,-0.721
-0.201,-0.721
-0.2,-0.721
-0.199,-0.721
-0.198,-0.721
-0.197,-0.721
-0.196,-0.721
-0.195,-0.721
-0.194,-0.721
-0.193,-0.721
-0.192,-0.721
-0.191,-0.721
-0.19,-0.721
-0.189,-0.721
-0.188,-0.721
-0.187,-0.721
-0.186,-0.721
-0.185,-0.721
-0.184,-0.721
-0.183,-0.721
-0.182,-0.721
-0.181,-0.721
-0.18,-0.721
-0.179,-0.721
-0.178,-0.721
-0.177,-0.721
-0.176,-0.721
-0.175,-0.721
-0.174,-0.721
-0.173,-0.721
-0.172,-0.721
-0.171,-0.721
-0.17,-0.721
-0.169,-0.721
-0.168,-0.721
-0.167,-0.721
-0.166,-0.721
-0.165,-0.721
-0.164,-0.721
-0.163,-0.721
-0.162,-0.721
-0.161,-0.721
-0.16,-0.721
-0.159,-0.721
-0.158,-0.721
-0.157,-0.721
-0.156,-0.721
-0.155,-0.721
-0.154,-0.721
-0.153,-0.721
-0.152,-0.721
-0.151,-0.721
-0.15,-0.721
-0.149,-0.721
-0.148,-0.721
-0.147,-0.721
-0.146,-0.721
-0.145,-0.721
-0.144,-0.721
-0.143,-0.721
-0.142,-0.721
-0.141,-0.721
-0.14,-0.721
-0.139,-0.721
-0.138,-0.721
-0.137,-0.721
-0.136,-0.721
-0.135,-0.721
-0.134,-0.721
-0.133,-0.721
-0.132,-0.721
-0.131,-0.721
-0.13,-0.721
-0.129,-0.721
-0.128,-0.721
-0.127,-0.721
-0.126,-0.721
-0.125,-0.721
-0.124,-0.721
-0.123,-0.721
-0.122,-0.721
-0.121,-0.721
-0.12,-0.721
-0.119,-0.721
-0.118,-0.721
-0.117,-0.721
-0.116,-0.721
-0.115,-0.721
-0.114,-0.721
-0.113,-0.721
-0.112,-0.721
-0.111,-0.721
-0.11,-0.721
-0.109,-0.721
-0.108,-0.721
-0.107,-0.721
-0.106,-0.721
-0.105,-0.721
-0.104,-0.721
-0.103,-0.721
-0.102,-0.721
-0.101,-0.721
-0.1,-0.721
-0.099,-0.721
-0.098,-0.721
-0.097,-0.721
-0.096,-0.721
-0.095,-0.721
-0.094,-0.721
-0.093,-0.721
-0.092,-0.721
-0.091,-0.721
-0.09,-0.721
-0.089,-0.721
-0.088,-0.721
-0.087,-0.721
-0.086,-0.721
-0.085,-0.721
-0.084,-0.721
-0.083,-0.721
-0.082,-0.721
-0.081,-0.721
-0.08,-0.721
-0.079,-0.721
-0.078,-0.721
-0.077,-0.721
-0.076,-0.721
-0.075,-0.721
-0.074,-0.721
-0.073,-0.721
-0.072,-0.721
-0.071,-0.721
-0.07,-0.721
-0.069,-0.721
-0.068,-0.721
-0.067,-0.721
-0.066,-0.721
-0.065,-0.721
-0.064,-0.721
-0.063,-0.721
-0.062,-0.721
-0.061,-0.721
-0.06,-0.721
-0.059,-0.721
-0.058,-0.721
-0.057,-0.721
-0.056,-0.721
-0.055,-0.721
-0.054,-0.721
-0.053,-0.721
-0.052,-0.721
-0.051,-0.721
-0.05,-0.721
-0.049,-0.721
-0.048,-0.721
-0.047,-0.721
-0.046,-0.721
-0.045,-0.721
-0.044,-0.721
-0.043,-0.721
-0.042,-0.721
-0.041,-0.721
-0.04,-0.721
-0.039,-0.721
-0.038,-0.721
-0.037,-0.721
-0.036,-0.721
-0.035,-0.721
-0.034,-0.721
-0.033,-0.721
-0.032,-0.721
-0.031,-0.721
-0.03,-0.721
-0.239,-0.72
-0.23,-0.72
-0.226,-0.72
-0.225,-0.72
-0.224,-0.72
-0.223,-0.72
-0.222,-0.72
-0.221,-0.72
-0.22,-0.72
-0.219,-0.72
-0.218,-0.72
-0.217,-0.72
-0.216,-0.72
-0.215,-0.72
-0.214,-0.72
-0.213,-0.72
-0.212,-0.72
-0.211,-0.72
-0.21,-0.72
-0.209,-0.72
-0.208,-0.72
-0.207,-0.72
-0.206,-0.72
-0.205,-0.72
-0.204,-0.72
-0.203,-0.72
-0.202,-0.72
-0.201,-0.72
-0.2,-0.72
-0.199,-0.72
-0.198,-0.72
-0.197,-0.72
-0.196,-0.72
-0.195,-0.72
-0.194,-0.72
-0.193,-0.72
-0.192,-0.72
-0.191,-0.72
-0.19,-0.72
-0.189,-0.72
-0.188,-0.72
-0.187,-0.72
-0.186,-0.72
-0.185,-0.72
-0.184,-0.72
-0.183,-0.72
-0.182,-0.72
-0.181,-0.72
-0.18,-0.72
-0.179,-0.72
-0.178,-0.72
-0.177,-0.72
-0.176,-0.72
-0.175,-0.72
-0.174,-0.72
-0.173,-0.72
-0.172,-0.72
-0.171,-0.72
-0.17,-0.72
-0.169,-0.72
-0.168,-0.72
-0.167,-0.72
-0.166,-0.72
-0.165,-0.72
-0.164,-0.72
-0.163,-0.72
-0.162,-0.72
-0.161,-0.72
-0.16,-0.72
-0.159,-0.72
-0.158,-0.72
-0.157,-0.72
-0.156,-0.72
-0.155,-0.72
-0.154,-0.72
-0.153,-0.72
-0.152,-0.72
-0.151,-0.72
-0.15,-0.72
-0.149,-0.72
-0.148,-0.72
-0.147,-0.72
-0.146,-0.72
-0.145,-0.72
-0.144,-0.72
-0.143,-0.72
-0.142,-0.72
-0.141,-0.72
-0.14,-0.72
-0.139,-0.72
-0.138,-0.72
-0.137,-0.72
-0.136,-0.72
-0.135,-0.72
-0.134,-0.72
-0.133,-0.72
-0.132,-0.72
-0.131,-0.72
-0.13,-0.72
-0.129,-0.72
-0.128,-0.72
-0.127,-0.72
-0.126,-0.72
-0.125,-0.72
-0.124,-0.72
-0.123,-0.72
-0.122,-0.72
-0.121,-0.72
-0.12,-0.72
-0.119,-0.72
-0.118,-0.72
-0.117,-0.72
-0.116,-0.72
-0.115,-0.72
-0.114,-0.72
-0.113,-0.72
-0.112,-0.72
-0.111,-0.72
-0.11,-0.72
-0.109,-0.72
-0.108,-0.72
-0.107,-0.72
-0.106,-0.72
-0.105,-0.72
-0.104,-0.72
-0.103,-0.72
-0.102,-0.72
-0.101,-0.72
-0.1,-0.72
-0.099,-0.72
-0.098,-0.72
-0.097,-0.72
-0.096,-0.72
-0.095,-0.72
-0.094,-0.72
-0.093,-0.72
-0.092,-0.72
-0.091,-0.72
-0.09,-0.72
-0.089,-0.72
-0.088,-0.72
-0.087,-0.72
-0.086,-0.72
-0.085,-0.72
-0.084,-0.72
-0.083,-0.72
-0.082,-0.72
-0.081,-0.72
-0.08,-0.72
-0.079,-0.72
-0.078,-0.72
-0.077,-0.72
-0.076,-0.72
-0.075,-0.72
-0.074,-0.72
-0.073,-0.72
-0.072,-0.72
-0.071,-0.72
-0.07,-0.72
-0.069,-0.72
-0.068,-0.72
-0.067,-0.72
-0.066,-0.72
-0.065,-0.72
-0.064,-0.72
-0.063,-0.72
-0.062,-0.72
-0.061,-0.72
-0.06,-0.72
-0.059,-0.72
-0.058,-0.72
-0.057,-0.72
-0.056,-0.72
-0.055,-0.72
-0.054,-0.72
-0.053,-0.72
-0.052,-0.72
-0.051,-0.72
-0.05,-0.72
-0.049,-0.72
-0.048,-0.72
-0.047,-0.72
-0.046,-0.72
-0.045,-0.72
-0.044,-0.72
-0.043,-0.72
-0.042,-0.72
-0.041,-0.72
-0.04,-0.72
-0.039,-0.72
-0.038,-0.72
-0.037,-0.72
-0.036,-0.72
-0.035,-0.72
-0.034,-0.72
-0.033,-0.72
-0.032,-0.72
-0.031,-0.72
-0.011,-0.72
-0.226,-0.719
-0.225,-0.719
-0.224,-0.719
-0.223,-0.719
-0.222,-0.719
-0.221,-0.719
-0.22,-0.719
-0.219,-0.719
-0.218,-0.719
-0.217,-0.719
-0.216,-0.719
-0.215,-0.719
-0.214,-0.719
-0.213,-0.719
-0.212,-0.719
-0.211,-0.719
-0.21,-0.719
-0.209,-0.719
-0.208,-0.719
-0.207,-0.719
-0.206,-0.719
-0.205,-0.719
-0.204,-0.719
-0.203,-0.719
-0.202,-0.719
-0.201,-0.719
-0.2,-0.719
-0.199,-0.719
-0.198,-0.719
-0.197,-0.719
-0.196,-0.719
-0.195,-0.719
-0.194,-0.719
-0.193,-0.719
-0.192,-0.719
-0.191,-0.719
-0.19,-0.719
-0.189,-0.719
-0.188,-0.719
-0.187,-0.719
-0.186,-0.719
-0.185,-0.719
-0.184,-0.719
-0.183,-0.719
-0.182,-0.719
-0.181,-0.719
-0.18,-0.719
-0.179,-0.719
-0.178,-0.719
-0.177,-0.719
-0.176,-0.719
-0.175,-0.719
-0.174,-0.719
-0.173,-0.719
-0.172,-0.719
-0.171,-0.719
-0.17,-0.719
-0.169,-0.719
-0.168,-0.719
-0.167,-0.719
-0.166,-0.719
-0.165,-0.719
-0.164,-0.719
-0.163,-0.719
-0.162,-0.719
-0.161,-0.719
-0.16,-0.719
-0.159,-0.719
-0.158,-0.719
-0.157,-0.719
-0.156,-0.719
-0.155,-0.719
-0.154,-0.719
-0.153,-0.719
-0.152,-0.719
-0.151,-0.719
-0.15,-0.719
-0.149,-0.719
-0.148,-0.719
-0.147,-0.719
-0.146,-0.719
-0.145,-0.719
-0.144,-0.719
-0.143,-0.719
-0.142,-0.719
-0.141,-0.719
-0.14,-0.719
-0.139,-0.719
-0.138,-0.719
-0.137,-0.719
-0.136,-0.719
-0.135,-0.719
-0.134,-0.719
-0.133,-0.719
-0.132,-0.719
-0.131,-0.719
-0.13,-0.719
-0.129,-0.719
-0.128,-0.719
-0.127,-0.719
-0.126,-0.719
-0.125,-0.719
-0.124,-0.719
-0.123,-0.719
-0.122,-0.719
-0.121,-0.719
-0.12,-0.719
-0.119,-0.719
-0.118,-0.719
-0.117,-0.719
-0.116,-0.719
-0.115,-0.719
-0.114,-0.719
-0.113,-0.719
-0.112,-0.719
-0.111,-0.719
-0.11,-0.719
-0.109,-0.719
-0.108,-0.719
-0.107,-0.719
-0.106,-0.719
-0.105,-0.719
-0.104,-0.719
-0.103,-0.719
-0.102,-0.719
-0.101,-0.719
-0.1,-0.719
-0.099,-0.719
-0.098,-0.719
-0.097,-0.719
-0.096,-0.719
-0.095,-0.719
-0.094,-0.719
-0.093,-0.719
-0.092,-0.719
-0.091,-0.719
-0.09,-0.719
-0.089,-0.719
-0.088,-0.719
-0.087,-0.719
-0.086,-0.719
-0.085,-0.719
-0.084,-0.719
-0.083,-0.719
-0.082,-0.719
-0.081,-0.719
-0.08,-0.719
-0.079,-0.719
-0.078,-0.719
-0.077,-0.719
-0.076,-0.719
-0.075,-0.719
-0.074,-0.719
-0.073,-0.719
-0.072,-0.719
-0.071,-0.719
-0.07,-0.719
-0.069,-0.719
-0.068,-0.719
-0.067,-0.719
-0.066,-0.719
-0.065,-0.719
-0.064,-0.719
-0.063,-0.719
-0.062,-0.719
-0.061,-0.719
-0.06,-0.719
-0.059,-0.719
-0.058,-0.719
-0.057,-0.719
-0.056,-0.719
-0.055,-0.719
-0.054,-0.719
-0.053,-0.719
-0.052,-0.719
-0.051,-0.719
-0.05,-0.719
-0.049,-0.719
-0.048,-0.719
-0.047,-0.719
-0.046,-0.719
-0.045,-0.719
-0.044,-0.719
-0.043,-0.719
-0.042,-0.719
-0.041,-0.719
-0.04,-0.719
-0.039,-0.719
-0.038,-0.719
-0.037,-0.719
-0.036,-0.719
-0.035,-0.719
-0.034,-0.719
-0.033,-0.719
-0.236,-0.718
-0.233,-0.718
-0.232,-0.718
-0.227,-0.718
-0.225,-0.718
-0.224,-0.718
-0.223,-0.718
-0.222,-0.718
-0.221,-0.718
-0.22,-0.718
-0.219,-0.718
-0.218,-0.718
-0.217,-0.718
-0.216,-0.718
-0.215,-0.718
-0.214,-0.718
-0.213,-0.718
-0.212,-0.718
-0.211,-0.718
-0.21,-0.718
-0.209,-0.718
-0.208,-0.718
-0.207,-0.718
-0.206,-0.718
-0.205,-0.718
-0.204,-0.718
-0.203,-0.718
-0.202,-0.718
-0.201,-0.718
-0.2,-0.718
-0.199,-0.718
-0.198,-0.718
-0.197,-0.718
-0.196,-0.718
-0.195,-0.718
-0.194,-0.718
-0.193,-0.718
-0.192,-0.718
-0.191,-0.718
-0.19,-0.718
-0.189,-0.718
-0.188,-0.718
-0.187,-0.718
-0.186,-0.718
-0.185,-0.718
-0.184,-0.718
-0.183,-0.718
-0.182,-0.718
-0.181,-0.718
-0.18,-0.718
-0.179,-0.718
-0.178,-0.718
-0.177,-0.718
-0.176,-0.718
-0.175,-0.718
-0.174,-0.718
-0.173,-0.718
-0.172,-0.718
-0.171,-0.718
-0.17,-0.718
-0.169,-0.718
-0.168,-0.718
-0.167,-0.718
-0.166,-0.718
-0.165,-0.718
-0.164,-0.718
-0.163,-0.718
-0.162,-0.718
-0.161,-0.718
-0.16,-0.718
-0.159,-0.718
-0.158,-0.718
-0.157,-0.718
-0.156,-0.718
-0.155,-0.718
-0.154,-0.718
-0.153,-0.718
-0.152,-0.718
-0.151,-0.718
-0.15,-0.718
-0.149,-0.718
-0.148,-0.718
-0.147,-0.718
-0.146,-0.718
-0.145,-0.718
-0.144,-0.718
-0.143,-0.718
-0.142,-0.718
-0.141,-0.718
-0.14,-0.718
-0.139,-0.718
-0.138,-0.718
-0.137,-0.718
-0.136,-0.718
-0.135,-0.718
-0.134,-0.718
-0.133,-0.718
-0.132,-0.718
-0.131,-0.718
-0.13,-0.718
-0.129,-0.718
-0.128,-0.718
-0.127,-0.718
-0.126,-0.718
-0.125,-0.718
-0.124,-0.718
-0.123,-0.718
-0.122,-0.718
-0.121,-0.718
-0.12,-0.718
-0.119,-0.718
-0.118,-0.718
-0.117,-0.718
-0.116,-0.718
-0.115,-0.718
-0.114,-0.718
-0.113,-0.718
-0.112,-0.718
-0.111,-0.718
-0.11,-0.718
-0.109,-0.718
-0.108,-0.718
-0.107,-0.718
-0.106,-0.718
-0.105,-0.718
-0.104,-0.718
-0.103,-0.718
-0.102,-0.718
-0.101,-0.718
-0.1,-0.718
-0.099,-0.718
-0.098,-0.718
-0.097,-0.718
-0.096,-0.718
-0.095,-0.718
-0.094,-0.718
-0.093,-0.718
-0.092,-0.718
-0.091,-0.718
-0.09,-0.718
-0.089,-0.718
-0.088,-0.718
-0.087,-0.718
-0.086,-0.718
-0.085,-0.718
-0.084,-0.718
-0.083,-0.718
-0.082,-0.718
-0.081,-0.718
-0.08,-0.718
-0.079,-0.718
-0.078,-0.718
-0.077,-0.718
-0.076,-0.718
-0.075,-0.718
-0.074,-0.718
-0.073,-0.718
-0.072,-0.718
-0.071,-0.718
-0.07,-0.718
-0.069,-0.718
-0.068,-0.718
-0.067,-0.718
-0.066,-0.718
-0.065,-0.718
-0.064,-0.718
-0.063,-0.718
-0.062,-0.718
-0.061,-0.718
-0.06,-0.718
-0.059,-0.718
-0.058,-0.718
-0.057,-0.718
-0.056,-0.718
-0.055,-0.718
-0.054,-0.718
-0.053,-0.718
-0.052,-0.718
-0.051,-0.718
-0.05,-0.718
-0.049,-0.718
-0.048,-0.718
-0.047,-0.718
-0.046,-0.718
-0.045,-0.718
-0.044,-0.718
-0.043,-0.718
-0.042,-0.718
-0.041,-0.718
-0.04,-0.718
-0.039,-0.718
-0.038,-0.718
-0.037,-0.718
-0.036,-0.718
-0.035,-0.718
-0.034,-0.718
-0.033,-0.718
-0.03,-0.718
-0.245,-0.717
-0.232,-0.717
-0.23,-0.717
-0.226,-0.717
-0.225,-0.717
-0.224,-0.717
-0.223,-0.717
-0.222,-0.717
-0.221,-0.717
-0.22,-0.717
-0.219,-0.717
-0.218,-0.717
-0.217,-0.717
-0.216,-0.717
-0.215,-0.717
-0.214,-0.717
-0.213,-0.717
-0.212,-0.717
-0.211,-0.717
-0.21,-0.717
-0.209,-0.717
-0.208,-0.717
-0.207,-0.717
-0.206,-0.717
-0.205,-0.717
-0.204,-0.717
-0.203,-0.717
-0.202,-0.717
-0.201,-0.717
-0.2,-0.717
-0.199,-0.717
-0.198,-0.717
-0.197,-0.717
-0.196,-0.717
-0.195,-0.717
-0.194,-0.717
-0.193,-0.717
-0.192,-0.717
-0.191,-0.717
-0.19,-0.717
-0.189,-0.717
-0.188,-0.717
-0.187,-0.717
-0.186,-0.717
-0.185,-0.717
-0.184,-0.717
-0.183,-0.717
-0.182,-0.717
-0.181,-0.717
-0.18,-0.717
-0.179,-0.717
-0.178,-0.717
-0.177,-0.717
-0.176,-0.717
-0.175,-0.717
-0.174,-0.717
-0.173,-0.717
-0.172,-0.717
-0.171,-0.717
-0.17,-0.717
-0.169,-0.717
-0.168,-0.717
-0.167,-0.717
-0.166,-0.717
-0.165,-0.717
-0.164,-0.717
-0.163,-0.717
-0.162,-0.717
-0.161,-0.717
-0.16,-0.717
-0.159,-0.717
-0.158,-0.717
-0.157,-0.717
-0.156,-0.717
-0.155,-0.717
-0.154,-0.717
-0.153,-0.717
-0.152,-0.717
-0.151,-0.717
-0.15,-0.717
-0.149,-0.717
-0.148,-0.717
-0.147,-0.717
-0.146,-0.717
-0.145,-0.717
-0.144,-0.717
-0.143,-0.717
-0.142,-0.717
-0.141,-0.717
-0.14,-0.717
-0.139,-0.717
-0.138,-0.717
-0.137,-0.717
-0.136,-0.717
-0.135,-0.717
-0.134,-0.717
-0.133,-0.717
-0.132,-0.717
-0.131,-0.717
-0.13,-0.717
-0.129,-0.717
-0.128,-0.717
-0.127,-0.717
-0.126,-0.717
-0.125,-0.717
-0.124,-0.717
-0.123,-0.717
-0.122,-0.717
-0.121,-0.717
-0.12,-0.717
-0.119,-0.717
-0.118,-0.717
-0.117,-0.717
-0.116,-0.717
-0.115,-0.717
-0.114,-0.717
-0.113,-0.717
-0.112,-0.717
-0.111,-0.717
-0.11,-0.717
-0.109,-0.717
-0.108,-0.717
-0.107,-0.717
-0.106,-0.717
-0.105,-0.717
-0.104,-0.717
-0.103,-0.717
-0.102,-0.717
-0.101,-0.717
-0.1,-0.717
-0.099,-0.717
-0.098,-0.717
-0.097,-0.717
-0.096,-0.717
-0.095,-0.717
-0.094,-0.717
-0.093,-0.717
-0.092,-0.717
-0.091,-0.717
-0.09,-0.717
-0.089,-0.717
-0.088,-0.717
-0.087,-0.717
-0.086,-0.717
-0.085,-0.717
-0.084,-0.717
-0.083,-0.717
-0.082,-0.717
-0.081,-0.717
-0.08,-0.717
-0.079,-0.717
-0.078,-0.717
-0.077,-0.717
-0.076,-0.717
-0.075,-0.717
-0.074,-0.717
-0.073,-0.717
-0.072,-0.717
-0.071,-0.717
-0.07,-0.717
-0.069,-0.717
-0.068,-0.717
-0.067,-0.717
-0.066,-0.717
-0.065,-0.717
-0.064,-0.717
-0.063,-0.717
-0.062,-0.717
-0.061,-0.717
-0.06,-0.717
-0.059,-0.717
-0.058,-0.717
-0.057,-0.717
-0.056,-0.717
-0.055,-0.717
-0.054,-0.717
-0.053,-0.717
-0.052,-0.717
-0.051,-0.717
-0.05,-0.717
-0.049,-0.717
-0.048,-0.717
-0.047,-0.717
-0.046,-0.717
-0.045,-0.717
-0.044,-0.717
-0.043,-0.717
-0.042,-0.717
-0.041,-0.717
-0.04,-0.717
-0.039,-0.717
-0.038,-0.717
-0.037,-0.717
-0.036,-0.717
-0.035,-0.717
-0.034,-0.717
-0.03,-0.717
-0.028,-0.717
-0.026,-0.717
-0.013,-0.717
-0.229,-0.716
-0.228,-0.716
-0.227,-0.716
-0.226,-0.716
-0.225,-0.716
-0.224,-0.716
-0.223,-0.716
-0.222,-0.716
-0.221,-0.716
-0.22,-0.716
-0.219,-0.716
-0.218,-0.716
-0.217,-0.716
-0.216,-0.716
-0.215,-0.716
-0.214,-0.716
-0.213,-0.716
-0.212,-0.716
-0.211,-0.716
-0.21,-0.716
-0.209,-0.716
-0.208,-0.716
-0.207,-0.716
-0.206,-0.716
-0.205,-0.716
-0.204,-0.716
-0.203,-0.716
-0.202,-0.716
-0.201,-0.716
-0.2,-0.716
-0.199,-0.716
-0.198,-0.716
-0.197,-0.716
-0.196,-0.716
-0.195,-0.716
-0.194,-0.716
-0.193,-0.716
-0.192,-0.716
-0.191,-0.716
-0.19,-0.716
-0.189,-0.716
-0.188,-0.716
-0.187,-0.716
-0.186,-0.716
-0.185,-0.716
-0.184,-0.716
-0.183,-0.716
-0.182,-0.716
-0.181,-0.716
-0.18,-0.716
-0.179,-0.716
-0.178,-0.716
-0.177,-0.716
-0.176,-0.716
-0.175,-0.716
-0.174,-0.716
-0.173,-0.716
-0.172,-0.716
-0.171,-0.716
-0.17,-0.716
-0.169,-0.716
-0.168,-0.716
-0.167,-0.716
-0.166,-0.716
-0.165,-0.716
-0.164,-0.716
-0.163,-0.716
-0.162,-0.716
-0.161,-0.716
-0.16,-0.716
-0.159,-0.716
-0.158,-0.716
-0.157,-0.716
-0.156,-0.716
-0.155,-0.716
-0.154,-0.716
-0.153,-0.716
-0.152,-0.716
-0.151,-0.716
-0.15,-0.716
-0.149,-0.716
-0.148,-0.716
-0.147,-0.716
-0.146,-0.716
-0.145,-0.716
-0.144,-0.716
-0.143,-0.716
-0.142,-0.716
-0.141,-0.716
-0.14,-0.716
-0.139,-0.716
-0.138,-0.716
-0.137,-0.716
-0.136,-0.716
-0.135,-0.716
-0.134,-0.716
-0.133,-0.716
-0.132,-0.716
-0.131,-0.716
-0.13,-0.716
-0.129,-0.716
-0.128,-0.716
-0.127,-0.716
-0.126,-0.716
-0.125,-0.716
-0.124,-0.716
-0.123,-0.716
-0.122,-0.716
-0.121,-0.716
-0.12,-0.716
-0.119,-0.716
-0.118,-0.716
-0.117,-0.716
-0.116,-0.716
-0.115,-0.716
-0.114,-0.716
-0.113,-0.716
-0.112,-0.716
-0.111,-0.716
-0.11,-0.716
-0.109,-0.716
-0.108,-0.716
-0.107,-0.716
-0.106,-0.716
-0.105,-0.716
-0.104,-0.716
-0.103,-0.716
-0.102,-0.716
-0.101,-0.716
-0.1,-0.716
-0.099,-0.716
-0.098,-0.716
-0.097,-0.716
-0.096,-0.716
-0.095,-0.716
-0.094,-0.716
-0.093,-0.716
-0.092,-0.716
-0.091,-0.716
-0.09,-0.716
-0.089,-0.716
-0.088,-0.716
-0.087,-0.716
-0.086,-0.716
-0.085,-0.716
-0.084,-0.716
-0.083,-0.716
-0.082,-0.716
-0.081,-0.716
-0.08,-0.716
-0.079,-0.716
-0.078,-0.716
-0.077,-0.716
-0.076,-0.716
-0.075,-0.716
-0.074,-0.716
-0.073,-0.716
-0.072,-0.716
-0.071,-0.716
-0.07,-0.716
-0.069,-0.716
-0.068,-0.716
-0.067,-0.716
-0.066,-0.716
-0.065,-0.716
-0.064,-0.716
-0.063,-0.716
-0.062,-0.716
-0.061,-0.716
-0.06,-0.716
-0.059,-0.716
-0.058,-0.716
-0.057,-0.716
-0.056,-0.716
-0.055,-0.716
-0.054,-0.716
-0.053,-0.716
-0.052,-0.716
-0.051,-0.716
-0.05,-0.716
-0.049,-0.716
-0.048,-0.716
-0.047,-0.716
-0.046,-0.716
-0.045,-0.716
-0.044,-0.716
-0.043,-0.716
-0.042,-0.716
-0.041,-0.716
-0.04,-0.716
-0.039,-0.716
-0.038,-0.716
-0.037,-0.716
-0.036,-0.716
-0.035,-0.716
-0.034,-0.716
-0.033,-0.716
-0.032,-0.716
-0.031,-0.716
-0.03,-0.716
-0.029,-0.716
-0.027,-0.716
-0.026,-0.716
-0.012,-0.716
-0.227,-0.715
-0.226,-0.715
-0.225,-0.715
-0.224,-0.715
-0.223,-0.715
-0.222,-0.715
-0.221,-0.715
-0.22,-0.715
-0.219,-0.715
-0.218,-0.715
-0.217,-0.715
-0.216,-0.715
-0.215,-0.715
-0.214,-0.715
-0.213,-0.715
-0.212,-0.715
-0.211,-0.715
-0.21,-0.715
-0.209,-0.715
-0.208,-0.715
-0.207,-0.715
-0.206,-0.715
-0.205,-0.715
-0.204,-0.715
-0.203,-0.715
-0.202,-0.715
-0.201,-0.715
-0.2,-0.715
-0.199,-0.715
-0.198,-0.715
-0.197,-0.715
-0.196,-0.715
-0.195,-0.715
-0.194,-0.715
-0.193,-0.715
-0.192,-0.715
-0.191,-0.715
-0.19,-0.715
-0.189,-0.715
-0.188,-0.715
-0.187,-0.715
-0.186,-0.715
-0.185,-0.715
-0.184,-0.715
-0.183,-0.715
-0.182,-0.715
-0.181,-0.715
-0.18,-0.715
-0.179,-0.715
-0.178,-0.715
-0.177,-0.715
-0.176,-0.715
-0.175,-0.715
-0.174,-0.715
-0.173,-0.715
-0.172,-0.715
-0.171,-0.715
-0.17,-0.715
-0.169,-0.715
-0.168,-0.715
-0.167,-0.715
-0.166,-0.715
-0.165,-0.715
-0.164,-0.715
-0.163,-0.715
-0.162,-0.715
-0.161,-0.715
-0.16,-0.715
-0.159,-0.715
-0.158,-0.715
-0.157,-0.715
-0.156,-0.715
-0.155,-0.715
-0.154,-0.715
-0.153,-0.715
-0.152,-0.715
-0.151,-0.715
-0.15,-0.715
-0.149,-0.715
-0.148,-0.715
-0.147,-0.715
-0.146,-0.715
-0.145,-0.715
-0.144,-0.715
-0.143,-0.715
-0.142,-0.715
-0.141,-0.715
-0.14,-0.715
-0.139,-0.715
-0.138,-0.715
-0.137,-0.715
-0.136,-0.715
-0.135,-0.715
-0.134,-0.715
-0.133,-0.715
-0.132,-0.715
-0.131,-0.715
-0.13,-0.715
-0.129,-0.715
-0.128,-0.715
-0.127,-0.715
-0.126,-0.715
-0.125,-0.715
-0.124,-0.715
-0.123,-0.715
-0.122,-0.715
-0.121,-0.715
-0.12,-0.715
-0.119,-0.715
-0.118,-0.715
-0.117,-0.715
-0.116,-0.715
-0.115,-0.715
-0.114,-0.715
-0.113,-0.715
-0.112,-0.715
-0.111,-0.715
-0.11,-0.715
-0.109,-0.715
-0.108,-0.715
-0.107,-0.715
-0.106,-0.715
-0.105,-0.715
-0.104,-0.715
-0.103,-0.715
-0.102,-0.715
-0.101,-0.715
-0.1,-0.715
-0.099,-0.715
-0.098,-0.715
-0.097,-0.715
-0.096,-0.715
-0.095,-0.715
-0.094,-0.715
-0.093,-0.715
-0.092,-0.715
-0.091,-0.715
-0.09,-0.715
-0.089,-0.715
-0.088,-0.715
-0.087,-0.715
-0.086,-0.715
-0.085,-0.715
-0.084,-0.715
-0.083,-0.715
-0.082,-0.715
-0.081,-0.715
-0.08,-0.715
-0.079,-0.715
-0.078,-0.715
-0.077,-0.715
-0.076,-0.715
-0.075,-0.715
-0.074,-0.715
-0.073,-0.715
-0.072,-0.715
-0.071,-0.715
-0.07,-0.715
-0.069,-0.715
-0.068,-0.715
-0.067,-0.715
-0.066,-0.715
-0.065,-0.715
-0.064,-0.715
-0.063,-0.715
-0.062,-0.715
-0.061,-0.715
-0.06,-0.715
-0.059,-0.715
-0.058,-0.715
-0.057,-0.715
-0.056,-0.715
-0.055,-0.715
-0.054,-0.715
-0.053,-0.715
-0.052,-0.715
-0.051,-0.715
-0.05,-0.715
-0.049,-0.715
-0.048,-0.715
-0.047,-0.715
-0.046,-0.715
-0.045,-0.715
-0.044,-0.715
-0.043,-0.715
-0.042,-0.715
-0.041,-0.715
-0.04,-0.715
-0.039,-0.715
-0.038,-0.715
-0.037,-0.715
-0.036,-0.715
-0.035,-0.715
-0.034,-0.715
-0.033,-0.715
-0.032,-0.715
-0.031,-0.715
-0.03,-0.715
-0.029,-0.715
-0.028,-0.715
-0.244,-0.714
-0.23,-0.714
-0.227,-0.714
-0.221,-0.714
-0.22,-0.714
-0.219,-0.714
-0.218,-0.714
-0.216,-0.714
-0.215,-0.714
-0.214,-0.714
-0.213,-0.714
-0.212,-0.714
-0.211,-0.714
-0.21,-0.714
-0.209,-0.714
-0.208,-0.714
-0.207,-0.714
-0.206,-0.714
-0.205,-0.714
-0.204,-0.714
-0.203,-0.714
-0.202,-0.714
-0.201,-0.714
-0.2,-0.714
-0.199,-0.714
-0.198,-0.714
-0.197,-0.714
-0.196,-0.714
-0.195,-0.714
-0.194,-0.714
-0.193,-0.714
-0.192,-0.714
-0.191,-0.714
-0.19,-0.714
-0.189,-0.714
-0.188,-0.714
-0.187,-0.714
-0.186,-0.714
-0.185,-0.714
-0.184,-0.714
-0.183,-0.714
-0.182,-0.714
-0.181,-0.714
-0.18,-0.714
-0.179,-0.714
-0.178,-0.714
-0.177,-0.714
-0.176,-0.714
-0.175,-0.714
-0.174,-0.714
-0.173,-0.714
-0.172,-0.714
-0.171,-0.714
-0.17,-0.714
-0.169,-0.714
-0.168,-0.714
-0.167,-0.714
-0.166,-0.714
-0.165,-0.714
-0.164,-0.714
-0.163,-0.714
-0.162,-0.714
-0.161,-0.714
-0.16,-0.714
-0.159,-0.714
-0.158,-0.714
-0.157,-0.714
-0.156,-0.714
-0.155,-0.714
-0.154,-0.714
-0.153,-0.714
-0.152,-0.714
-0.151,-0.714
-0.15,-0.714
-0.149,-0.714
-0.148,-0.714
-0.147,-0.714
-0.146,-0.714
-0.145,-0.714
-0.144,-0.714
-0.143,-0.714
-0.142,-0.714
-0.141,-0.714
-0.14,-0.714
-0.139,-0.714
-0.138,-0.714
-0.137,-0.714
-0.136,-0.714
-0.135,-0.714
-0.134,-0.714
-0.133,-0.714
-0.132,-0.714
-0.131,-0.714
-0.13,-0.714
-0.129,-0.714
-0.128,-0.714
-0.127,-0.714
-0.126,-0.714
-0.125,-0.714
-0.124,-0.714
-0.123,-0.714
-0.122,-0.714
-0.121,-0.714
-0.12,-0.714
-0.119,-0.714
-0.118,-0.714
-0.117,-0.714
-0.116,-0.714
-0.115,-0.714
-0.114,-0.714
-0.113,-0.714
-0.112,-0.714
-0.111,-0.714
-0.11,-0.714
-0.109,-0.714
-0.108,-0.714
-0.107,-0.714
-0.106,-0.714
-0.105,-0.714
-0.104,-0.714
-0.103,-0.714
-0.102,-0.714
-0.101,-0.714
-0.1,-0.714
-0.099,-0.714
-0.098,-0.714
-0.097,-0.714
-0.096,-0.714
-0.095,-0.714
-0.094,-0.714
-0.093,-0.714
-0.092,-0.714
-0.091,-0.714
-0.09,-0.714
-0.089,-0.714
-0.088,-0.714
-0.087,-0.714
-0.086,-0.714
-0.085,-0.714
-0.084,-0.714
-0.083,-0.714
-0.082,-0.714
-0.081,-0.714
-0.08,-0.714
-0.079,-0.714
-0.078,-0.714
-0.077,-0.714
-0.076,-0.714
-0.075,-0.714
-0.074,-0.714
-0.073,-0.714
-0.072,-0.714
-0.071,-0.714
-0.07,-0.714
-0.069,-0.714
-0.068,-0.714
-0.067,-0.714
-0.066,-0.714
-0.065,-0.714
-0.064,-0.714
-0.063,-0.714
-0.062,-0.714
-0.061,-0.714
-0.06,-0.714
-0.059,-0.714
-0.058,-0.714
-0.057,-0.714
-0.056,-0.714
-0.055,-0.714
-0.054,-0.714
-0.053,-0.714
-0.052,-0.714
-0.051,-0.714
-0.05,-0.714
-0.049,-0.714
-0.048,-0.714
-0.047,-0.714
-0.046,-0.714
-0.045,-0.714
-0.044,-0.714
-0.043,-0.714
-0.042,-0.714
-0.041,-0.714
-0.04,-0.714
-0.039,-0.714
-0.038,-0.714
-0.037,-0.714
-0.036,-0.714
-0.035,-0.714
-0.034,-0.714
-0.033,-0.714
-0.032,-0.714
-0.031,-0.714
-0.03,-0.714
-0.029,-0.714
-0.028,-0.714
-0.026,-0.714
-0.01,-0.714
-0.229,-0.713
-0.222,-0.713
-0.221,-0.713
-0.215,-0.713
-0.214,-0.713
-0.213,-0.713
-0.212,-0.713
-0.211,-0.713
-0.21,-0.713
-0.209,-0.713
-0.208,-0.713
-0.207,-0.713
-0.206,-0.713
-0.205,-0.713
-0.204,-0.713
-0.203,-0.713
-0.202,-0.713
-0.201,-0.713
-0.2,-0.713
-0.199,-0.713
-0.198,-0.713
-0.197,-0.713
-0.196,-0.713
-0.195,-0.713
-0.194,-0.713
-0.193,-0.713
-0.192,-0.713
-0.191,-0.713
-0.19,-0.713
-0.189,-0.713
-0.188,-0.713
-0.187,-0.713
-0.186,-0.713
-0.185,-0.713
-0.184,-0.713
-0.183,-0.713
-0.182,-0.713
-0.181,-0.713
-0.18,-0.713
-0.179,-0.713
-0.178,-0.713
-0.177,-0.713
-0.176,-0.713
-0.175,-0.713
-0.174,-0.713
-0.173,-0.713
-0.172,-0.713
-0.171,-0.713
-0.17,-0.713
-0.169,-0.713
-0.168,-0.713
-0.167,-0.713
-0.166,-0.713
-0.165,-0.713
-0.164,-0.713
-0.163,-0.713
-0.162,-0.713
-0.161,-0.713
-0.16,-0.713
-0.159,-0.713
-0.158,-0.713
-0.157,-0.713
-0.156,-0.713
-0.155,-0.713
-0.154,-0.713
-0.153,-0.713
-0.152,-0.713
-0.151,-0.713
-0.15,-0.713
-0.149,-0.713
-0.148,-0.713
-0.147,-0.713
-0.146,-0.713
-0.145,-0.713
-0.144,-0.713
-0.143,-0.713
-0.142,-0.713
-0.141,-0.713
-0.14,-0.713
-0.139,-0.713
-0.138,-0.713
-0.137,-0.713
-0.136,-0.713
-0.135,-0.713
-0.134,-0.713
-0.133,-0.713
-0.132,-0.713
-0.131,-0.713
-0.13,-0.713
-0.129,-0.713
-0.128,-0.713
-0.127,-0.713
-0.126,-0.713
-0.125,-0.713
-0.124,-0.713
-0.123,-0.713
-0.122,-0.713
-0.121,-0.713
-0.12,-0.713
-0.119,-0.713
-0.118,-0.713
-0.117,-0.713
-0.116,-0.713
-0.115,-0.713
-0.114,-0.713
-0.113,-0.713
-0.112,-0.713
-0.111,-0.713
-0.11,-0.713
-0.109,-0.713
-0.108,-0.713
-0.107,-0.713
-0.106,-0.713
-0.105,-0.713
-0.104,-0.713
-0.103,-0.713
-0.102,-0.713
-0.101,-0.713
-0.1,-0.713
-0.099,-0.713
-0.098,-0.713
-0.097,-0.713
-0.096,-0.713
-0.095,-0.713
-0.094,-0.713
-0.093,-0.713
-0.092,-0.713
-0.091,-0.713
-0.09,-0.713
-0.089,-0.713
-0.088,-0.713
-0.087,-0.713
-0.086,-0.713
-0.085,-0.713
-0.084,-0.713
-0.083,-0.713
-0.082,-0.713
-0.081,-0.713
-0.08,-0.713
-0.079,-0.713
-0.078,-0.713
-0.077,-0.713
-0.076,-0.713
-0.075,-0.713
-0.074,-0.713
-0.073,-0.713
-0.072,-0.713
-0.071,-0.713
-0.07,-0.713
-0.069,-0.713
-0.068,-0.713
-0.067,-0.713
-0.066,-0.713
-0.065,-0.713
-0.064,-0.713
-0.063,-0.713
-0.062,-0.713
-0.061,-0.713
-0.06,-0.713
-0.059,-0.713
-0.058,-0.713
-0.057,-0.713
-0.056,-0.713
-0.055,-0.713
-0.054,-0.713
-0.053,-0.713
-0.052,-0.713
-0.051,-0.713
-0.05,-0.713
-0.049,-0.713
-0.048,-0.713
-0.047,-0.713
-0.046,-0.713
-0.045,-0.713
-0.044,-0.713
-0.043,-0.713
-0.042,-0.713
-0.041,-0.713
-0.04,-0.713
-0.039,-0.713
-0.038,-0.713
-0.037,-0.713
-0.036,-0.713
-0.035,-0.713
-0.034,-0.713
-0.033,-0.713
-0.032,-0.713
-0.031,-0.713
-0.03,-0.713
-0.029,-0.713
-0.028,-0.713
-0.027,-0.713
-0.221,-0.712
-0.216,-0.712
-0.215,-0.712
-0.214,-0.712
-0.213,-0.712
-0.212,-0.712
-0.211,-0.712
-0.21,-0.712
-0.209,-0.712
-0.208,-0.712
-0.207,-0.712
-0.206,-0.712
-0.205,-0.712
-0.204,-0.712
-0.203,-0.712
-0.202,-0.712
-0.201,-0.712
-0.2,-0.712
-0.199,-0.712
-0.198,-0.712
-0.197,-0.712
-0.196,-0.712
-0.195,-0.712
-0.194,-0.712
-0.193,-0.712
-0.192,-0.712
-0.191,-0.712
-0.19,-0.712
-0.189,-0.712
-0.188,-0.712
-0.187,-0.712
-0.186,-0.712
-0.185,-0.712
-0.184,-0.712
-0.183,-0.712
-0.182,-0.712
-0.181,-0.712
-0.18,-0.712
-0.179,-0.712
-0.178,-0.712
-0.177,-0.712
-0.176,-0.712
-0.175,-0.712
-0.174,-0.712
-0.173,-0.712
-0.172,-0.712
-0.171,-0.712
-0.17,-0.712
-0.169,-0.712
-0.168,-0.712
-0.167,-0.712
-0.166,-0.712
-0.165,-0.712
-0.164,-0.712
-0.163,-0.712
-0.162,-0.712
-0.161,-0.712
-0.16,-0.712
-0.159,-0.712
-0.158,-0.712
-0.157,-0.712
-0.156,-0.712
-0.155,-0.712
-0.154,-0.712
-0.153,-0.712
-0.152,-0.712
-0.151,-0.712
-0.15,-0.712
-0.149,-0.712
-0.148,-0.712
-0.147,-0.712
-0.146,-0.712
-0.145,-0.712
-0.144,-0.712
-0.143,-0.712
-0.142,-0.712
-0.141,-0.712
-0.14,-0.712
-0.139,-0.712
-0.138,-0.712
-0.137,-0.712
-0.136,-0.712
-0.135,-0.712
-0.134,-0.712
-0.133,-0.712
-0.132,-0.712
-0.131,-0.712
-0.13,-0.712
-0.129,-0.712
-0.128,-0.712
-0.127,-0.712
-0.126,-0.712
-0.125,-0.712
-0.124,-0.712
-0.123,-0.712
-0.122,-0.712
-0.121,-0.712
-0.12,-0.712
-0.119,-0.712
-0.118,-0.712
-0.117,-0.712
-0.116,-0.712
-0.115,-0.712
-0.114,-0.712
-0.113,-0.712
-0.112,-0.712
-0.111,-0.712
-0.11,-0.712
-0.109,-0.712
-0.108,-0.712
-0.107,-0.712
-0.106,-0.712
-0.105,-0.712
-0.104,-0.712
-0.103,-0.712
-0.102,-0.712
-0.101,-0.712
-0.1,-0.712
-0.099,-0.712
-0.098,-0.712
-0.097,-0.712
-0.096,-0.712
-0.095,-0.712
-0.094,-0.712
-0.093,-0.712
-0.092,-0.712
-0.091,-0.712
-0.09,-0.712
-0.089,-0.712
-0.088,-0.712
-0.087,-0.712
-0.086,-0.712
-0.085,-0.712
-0.084,-0.712
-0.083,-0.712
-0.082,-0.712
-0.081,-0.712
-0.08,-0.712
-0.079,-0.712
-0.078,-0.712
-0.077,-0.712
-0.076,-0.712
-0.075,-0.712
-0.074,-0.712
-0.073,-0.712
-0.072,-0.712
-0.071,-0.712
-0.07,-0.712
-0.069,-0.712
-0.068,-0.712
-0.067,-0.712
-0.066,-0.712
-0.065,-0.712
-0.064,-0.712
-0.063,-0.712
-0.062,-0.712
-0.061,-0.712
-0.06,-0.712
-0.059,-0.712
-0.058,-0.712
-0.057,-0.712
-0.056,-0.712
-0.055,-0.712
-0.054,-0.712
-0.053,-0.712
-0.052,-0.712
-0.051,-0.712
-0.05,-0.712
-0.049,-0.712
-0.048,-0.712
-0.047,-0.712
-0.046,-0.712
-0.045,-0.712
-0.044,-0.712
-0.043,-0.712
-0.042,-0.712
-0.041,-0.712
-0.04,-0.712
-0.039,-0.712
-0.038,-0.712
-0.037,-0.712
-0.036,-0.712
-0.035,-0.712
-0.034,-0.712
-0.033,-0.712
-0.032,-0.712
-0.031,-0.712
-0.03,-0.712
-0.029,-0.712
-0.028,-0.712
-0.018,-0.712
-0.227,-0.711
-0.222,-0.711
-0.215,-0.711
-0.214,-0.711
-0.213,-0.711
-0.212,-0.711
-0.211,-0.711
-0.21,-0.711
-0.209,-0.711
-0.208,-0.711
-0.207,-0.711
-0.206,-0.711
-0.205,-0.711
-0.204,-0.711
-0.203,-0.711
-0.202,-0.711
-0.201,-0.711
-0.2,-0.711
-0.199,-0.711
-0.198,-0.711
-0.197,-0.711
-0.196,-0.711
-0.195,-0.711
-0.194,-0.711
-0.193,-0.711
-0.192,-0.711
-0.191,-0.711
-0.19,-0.711
-0.189,-0.711
-0.188,-0.711
-0.187,-0.711
-0.186,-0.711
-0.185,-0.711
-0.184,-0.711
-0.183,-0.711
-0.182,-0.711
-0.181,-0.711
-0.18,-0.711
-0.179,-0.711
-0.178,-0.711
-0.177,-0.711
-0.176,-0.711
-0.175,-0.711
-0.174,-0.711
-0.173,-0.711
-0.172,-0.711
-0.171,-0.711
-0.17,-0.711
-0.169,-0.711
-0.168,-0.711
-0.167,-0.711
-0.166,-0.711
-0.165,-0.711
-0.164,-0.711
-0.163,-0.711
-0.162,-0.711
-0.161,-0.711
-0.16,-0.711
-0.159,-0.711
-0.158,-0.711
-0.157,-0.711
-0.156,-0.711
-0.155,-0.711
-0.154,-0.711
-0.153,-0.711
-0.152,-0.711
-0.151,-0.711
-0.15,-0.711
-0.149,-0.711
-0.148,-0.711
-0.147,-0.711
-0.146,-0.711
-0.145,-0.711
-0.144,-0.711
-0.143,-0.711
-0.142,-0.711
-0.141,-0.711
-0.14,-0.711
-0.139,-0.711
-0.138,-0.711
-0.137,-0.711
-0.136,-0.711
-0.135,-0.711
-0.134,-0.711
-0.133,-0.711
-0.132,-0.711
-0.131,-0.711
-0.13,-0.711
-0.129,-0.711
-0.128,-0.711
-0.127,-0.711
-0.126,-0.711
-0.125,-0.711
-0.124,-0.711
-0.123,-0.711
-0.122,-0.711
-0.121,-0.711
-0.12,-0.711
-0.119,-0.711
-0.118,-0.711
-0.117,-0.711
-0.116,-0.711
-0.115,-0.711
-0.114,-0.711
-0.113,-0.711
-0.112,-0.711
-0.111,-0.711
-0.11,-0.711
-0.109,-0.711
-0.108,-0.711
-0.107,-0.711
-0.106,-0.711
-0.105,-0.711
-0.104,-0.711
-0.103,-0.711
-0.102,-0.711
-0.101,-0.711
-0.1,-0.711
-0.099,-0.711
-0.098,-0.711
-0.097,-0.711
-0.096,-0.711
-0.095,-0.711
-0.094,-0.711
-0.093,-0.711
-0.092,-0.711
-0.091,-0.711
-0.09,-0.711
-0.089,-0.711
-0.088,-0.711
-0.087,-0.711
-0.086,-0.711
-0.085,-0.711
-0.084,-0.711
-0.083,-0.711
-0.082,-0.711
-0.081,-0.711
-0.08,-0.711
-0.079,-0.711
-0.078,-0.711
-0.077,-0.711
-0.076,-0.711
-0.075,-0.711
-0.074,-0.711
-0.073,-0.711
-0.072,-0.711
-0.071,-0.711
-0.07,-0.711
-0.069,-0.711
-0.068,-0.711
-0.067,-0.711
-0.066,-0.711
-0.065,-0.711
-0.064,-0.711
-0.063,-0.711
-0.062,-0.711
-0.061,-0.711
-0.06,-0.711
-0.059,-0.711
-0.058,-0.711
-0.057,-0.711
-0.056,-0.711
-0.055,-0.711
-0.054,-0.711
-0.053,-0.711
-0.052,-0.711
-0.051,-0.711
-0.05,-0.711
-0.049,-0.711
-0.048,-0.711
-0.047,-0.711
-0.046,-0.711
-0.045,-0.711
-0.044,-0.711
-0.043,-0.711
-0.042,-0.711
-0.041,-0.711
-0.04,-0.711
-0.039,-0.711
-0.038,-0.711
-0.037,-0.711
-0.036,-0.711
-0.035,-0.711
-0.034,-0.711
-0.033,-0.711
-0.032,-0.711
-0.031,-0.711
-0.03,-0.711
-0.029,-0.711
-0.028,-0.711
-0.026,-0.711
-0.22,-0.71
-0.215,-0.71
-0.214,-0.71
-0.213,-0.71
-0.212,-0.71
-0.211,-0.71
-0.21,-0.71
-0.209,-0.71
-0.208,-0.71
-0.207,-0.71
-0.206,-0.71
-0.205,-0.71
-0.204,-0.71
-0.203,-0.71
-0.202,-0.71
-0.201,-0.71
-0.2,-0.71
-0.199,-0.71
-0.198,-0.71
-0.197,-0.71
-0.196,-0.71
-0.195,-0.71
-0.194,-0.71
-0.193,-0.71
-0.192,-0.71
-0.191,-0.71
-0.19,-0.71
-0.189,-0.71
-0.188,-0.71
-0.187,-0.71
-0.186,-0.71
-0.185,-0.71
-0.184,-0.71
-0.183,-0.71
-0.182,-0.71
-0.181,-0.71
-0.18,-0.71
-0.179,-0.71
-0.178,-0.71
-0.177,-0.71
-0.176,-0.71
-0.175,-0.71
-0.174,-0.71
-0.173,-0.71
-0.172,-0.71
-0.171,-0.71
-0.17,-0.71
-0.169,-0.71
-0.168,-0.71
-0.167,-0.71
-0.166,-0.71
-0.165,-0.71
-0.164,-0.71
-0.163,-0.71
-0.162,-0.71
-0.161,-0.71
-0.16,-0.71
-0.159,-0.71
-0.158,-0.71
-0.157,-0.71
-0.156,-0.71
-0.155,-0.71
-0.154,-0.71
-0.153,-0.71
-0.152,-0.71
-0.151,-0.71
-0.15,-0.71
-0.149,-0.71
-0.148,-0.71
-0.147,-0.71
-0.146,-0.71
-0.145,-0.71
-0.144,-0.71
-0.143,-0.71
-0.142,-0.71
-0.141,-0.71
-0.14,-0.71
-0.139,-0.71
-0.138,-0.71
-0.137,-0.71
-0.136,-0.71
-0.135,-0.71
-0.134,-0.71
-0.133,-0.71
-0.132,-0.71
-0.131,-0.71
-0.13,-0.71
-0.129,-0.71
-0.128,-0.71
-0.127,-0.71
-0.126,-0.71
-0.125,-0.71
-0.124,-0.71
-0.123,-0.71
-0.122,-0.71
-0.121,-0.71
-0.12,-0.71
-0.119,-0.71
-0.118,-0.71
-0.117,-0.71
-0.116,-0.71
-0.115,-0.71
-0.114,-0.71
-0.113,-0.71
-0.112,-0.71
-0.111,-0.71
-0.11,-0.71
-0.109,-0.71
-0.108,-0.71
-0.107,-0.71
-0.106,-0.71
-0.105,-0.71
-0.104,-0.71
-0.103,-0.71
-0.102,-0.71
-0.101,-0.71
-0.1,-0.71
-0.099,-0.71
-0.098,-0.71
-0.097,-0.71
-0.096,-0.71
-0.095,-0.71
-0.094,-0.71
-0.093,-0.71
-0.092,-0.71
-0.091,-0.71
-0.09,-0.71
-0.089,-0.71
-0.088,-0.71
-0.087,-0.71
-0.086,-0.71
-0.085,-0.71
-0.084,-0.71
-0.083,-0.71
-0.082,-0.71
-0.081,-0.71
-0.08,-0.71
-0.079,-0.71
-0.078,-0.71
-0.077,-0.71
-0.076,-0.71
-0.075,-0.71
-0.074,-0.71
-0.073,-0.71
-0.072,-0.71
-0.071,-0.71
-0.07,-0.71
-0.069,-0.71
-0.068,-0.71
-0.067,-0.71
-0.066,-0.71
-0.065,-0.71
-0.064,-0.71
-0.063,-0.71
-0.062,-0.71
-0.061,-0.71
-0.06,-0.71
-0.059,-0.71
-0.058,-0.71
-0.057,-0.71
-0.056,-0.71
-0.055,-0.71
-0.054,-0.71
-0.053,-0.71
-0.052,-0.71
-0.051,-0.71
-0.05,-0.71
-0.049,-0.71
-0.048,-0.71
-0.047,-0.71
-0.046,-0.71
-0.045,-0.71
-0.044,-0.71
-0.043,-0.71
-0.042,-0.71
-0.041,-0.71
-0.04,-0.71
-0.039,-0.71
-0.038,-0.71
-0.037,-0.71
-0.036,-0.71
-0.035,-0.71
-0.034,-0.71
-0.033,-0.71
-0.032,-0.71
-0.031,-0.71
-0.03,-0.71
-0.029,-0.71
-0.028,-0.71
-0.027,-0.71
-0.025,-0.71
-0.021,-0.71
-0.216,-0.709
-0.215,-0.709
-0.214,-0.709
-0.213,-0.709
-0.212,-0.709
-0.211,-0.709
-0.21,-0.709
-0.209,-0.709
-0.208,-0.709
-0.207,-0.709
-0.206,-0.709
-0.205,-0.709
-0.204,-0.709
-0.203,-0.709
-0.202,-0.709
-0.201,-0.709
-0.2,-0.709
-0.199,-0.709
-0.198,-0.709
-0.197,-0.709
-0.196,-0.709
-0.195,-0.709
-0.194,-0.709
-0.193,-0.709
-0.192,-0.709
-0.191,-0.709
-0.19,-0.709
-0.189,-0.709
-0.188,-0.709
-0.187,-0.709
-0.186,-0.709
-0.185,-0.709
-0.184,-0.709
-0.183,-0.709
-0.182,-0.709
-0.181,-0.709
-0.18,-0.709
-0.179,-0.709
-0.178,-0.709
-0.177,-0.709
-0.176,-0.709
-0.175,-0.709
-0.174,-0.709
-0.173,-0.709
-0.172,-0.709
-0.171,-0.709
-0.17,-0.709
-0.169,-0.709
-0.168,-0.709
-0.167,-0.709
-0.166,-0.709
-0.165,-0.709
-0.164,-0.709
-0.163,-0.709
-0.162,-0.709
-0.161,-0.709
-0.16,-0.709
-0.159,-0.709
-0.158,-0.709
-0.157,-0.709
-0.156,-0.709
-0.155,-0.709
-0.154,-0.709
-0.153,-0.709
-0.152,-0.709
-0.151,-0.709
-0.15,-0.709
-0.149,-0.709
-0.148,-0.709
-0.147,-0.709
-0.146,-0.709
-0.145,-0.709
-0.144,-0.709
-0.143,-0.709
-0.142,-0.709
-0.141,-0.709
-0.14,-0.709
-0.139,-0.709
-0.138,-0.709
-0.137,-0.709
-0.136,-0.709
-0.135,-0.709
-0.134,-0.709
-0.133,-0.709
-0.132,-0.709
-0.131,-0.709
-0.13,-0.709
-0.129,-0.709
-0.128,-0.709
-0.127,-0.709
-0.126,-0.709
-0.125,-0.709
-0.124,-0.709
-0.123,-0.709
-0.122,-0.709
-0.121,-0.709
-0.12,-0.709
-0.119,-0.709
-0.118,-0.709
-0.117,-0.709
-0.116,-0.709
-0.115,-0.709
-0.114,-0.709
-0.113,-0.709
-0.112,-0.709
-0.111,-0.709
-0.11,-0.709
-0.109,-0.709
-0.108,-0.709
-0.107,-0.709
-0.106,-0.709
-0.105,-0.709
-0.104,-0.709
-0.103,-0.709
-0.102,-0.709
-0.101,-0.709
-0.1,-0.709
-0.099,-0.709
-0.098,-0.709
-0.097,-0.709
-0.096,-0.709
-0.095,-0.709
-0.094,-0.709
-0.093,-0.709
-0.092,-0.709
-0.091,-0.709
-0.09,-0.709
-0.089,-0.709
-0.088,-0.709
-0.087,-0.709
-0.086,-0.709
-0.085,-0.709
-0.084,-0.709
-0.083,-0.709
-0.082,-0.709
-0.081,-0.709
-0.08,-0.709
-0.079,-0.709
-0.078,-0.709
-0.077,-0.709
-0.076,-0.709
-0.075,-0.709
-0.074,-0.709
-0.073,-0.709
-0.072,-0.709
-0.071,-0.709
-0.07,-0.709
-0.069,-0.709
-0.068,-0.709
-0.067,-0.709
-0.066,-0.709
-0.065,-0.709
-0.064,-0.709
-0.063,-0.709
-0.062,-0.709
-0.061,-0.709
-0.06,-0.709
-0.059,-0.709
-0.058,-0.709
-0.057,-0.709
-0.056,-0.709
-0.055,-0.709
-0.054,-0.709
-0.053,-0.709
-0.052,-0.709
-0.051,-0.709
-0.05,-0.709
-0.049,-0.709
-0.048,-0.709
-0.047,-0.709
-0.046,-0.709
-0.045,-0.709
-0.044,-0.709
-0.043,-0.709
-0.042,-0.709
-0.041,-0.709
-0.04,-0.709
-0.039,-0.709
-0.038,-0.709
-0.037,-0.709
-0.036,-0.709
-0.035,-0.709
-0.034,-0.709
-0.033,-0.709
-0.032,-0.709
-0.031,-0.709
-0.03,-0.709
-0.029,-0.709
-0.028,-0.709
-0.027,-0.709
-0.026,-0.709
-0.02,-0.709
-0.218,-0.708
-0.216,-0.708
-0.215,-0.708
-0.214,-0.708
-0.213,-0.708
-0.212,-0.708
-0.211,-0.708
-0.21,-0.708
-0.209,-0.708
-0.208,-0.708
-0.207,-0.708
-0.206,-0.708
-0.205,-0.708
-0.204,-0.708
-0.203,-0.708
-0.202,-0.708
-0.201,-0.708
-0.2,-0.708
-0.199,-0.708
-0.198,-0.708
-0.197,-0.708
-0.196,-0.708
-0.195,-0.708
-0.194,-0.708
-0.193,-0.708
-0.192,-0.708
-0.191,-0.708
-0.19,-0.708
-0.189,-0.708
-0.188,-0.708
-0.187,-0.708
-0.186,-0.708
-0.185,-0.708
-0.184,-0.708
-0.183,-0.708
-0.182,-0.708
-0.181,-0.708
-0.18,-0.708
-0.179,-0.708
-0.178,-0.708
-0.177,-0.708
-0.176,-0.708
-0.175,-0.708
-0.174,-0.708
-0.173,-0.708
-0.172,-0.708
-0.171,-0.708
-0.17,-0.708
-0.169,-0.708
-0.168,-0.708
-0.167,-0.708
-0.166,-0.708
-0.165,-0.708
-0.164,-0.708
-0.163,-0.708
-0.162,-0.708
-0.161,-0.708
-0.16,-0.708
-0.159,-0.708
-0.158,-0.708
-0.157,-0.708
-0.156,-0.708
-0.155,-0.708
-0.154,-0.708
-0.153,-0.708
-0.152,-0.708
-0.151,-0.708
-0.15,-0.708
-0.149,-0.708
-0.148,-0.708
-0.147,-0.708
-0.146,-0.708
-0.145,-0.708
-0.144,-0.708
-0.143,-0.708
-0.142,-0.708
-0.141,-0.708
-0.14,-0.708
-0.139,-0.708
-0.138,-0.708
-0.137,-0.708
-0.136,-0.708
-0.135,-0.708
-0.134,-0.708
-0.133,-0.708
-0.132,-0.708
-0.131,-0.708
-0.13,-0.708
-0.129,-0.708
-0.128,-0.708
-0.127,-0.708
-0.126,-0.708
-0.125,-0.708
-0.124,-0.708
-0.123,-0.708
-0.122,-0.708
-0.121,-0.708
-0.12,-0.708
-0.119,-0.708
-0.118,-0.708
-0.117,-0.708
-0.116,-0.708
-0.115,-0.708
-0.114,-0.708
-0.113,-0.708
-0.112,-0.708
-0.111,-0.708
-0.11,-0.708
-0.109,-0.708
-0.108,-0.708
-0.107,-0.708
-0.106,-0.708
-0.105,-0.708
-0.104,-0.708
-0.103,-0.708
-0.102,-0.708
-0.101,-0.708
-0.1,-0.708
-0.099,-0.708
-0.098,-0.708
-0.097,-0.708
-0.096,-0.708
-0.095,-0.708
-0.094,-0.708
-0.093,-0.708
-0.092,-0.708
-0.091,-0.708
-0.09,-0.708
-0.089,-0.708
-0.088,-0.708
-0.087,-0.708
-0.086,-0.708
-0.085,-0.708
-0.084,-0.708
-0.083,-0.708
-0.082,-0.708
-0.081,-0.708
-0.08,-0.708
-0.079,-0.708
-0.078,-0.708
-0.077,-0.708
-0.076,-0.708
-0.075,-0.708
-0.074,-0.708
-0.073,-0.708
-0.072,-0.708
-0.071,-0.708
-0.07,-0.708
-0.069,-0.708
-0.068,-0.708
-0.067,-0.708
-0.066,-0.708
-0.065,-0.708
-0.064,-0.708
-0.063,-0.708
-0.062,-0.708
-0.061,-0.708
-0.06,-0.708
-0.059,-0.708
-0.058,-0.708
-0.057,-0.708
-0.056,-0.708
-0.055,-0.708
-0.054,-0.708
-0.053,-0.708
-0.052,-0.708
-0.051,-0.708
-0.05,-0.708
-0.049,-0.708
-0.048,-0.708
-0.047,-0.708
-0.046,-0.708
-0.045,-0.708
-0.044,-0.708
-0.043,-0.708
-0.042,-0.708
-0.041,-0.708
-0.04,-0.708
-0.039,-0.708
-0.038,-0.708
-0.037,-0.708
-0.036,-0.708
-0.034,-0.708
-0.033,-0.708
-0.032,-0.708
-0.031,-0.708
-0.03,-0.708
-0.028,-0.708
-0.022,-0.708
-0.217,-0.707
-0.216,-0.707
-0.215,-0.707
-0.214,-0.707
-0.213,-0.707
-0.212,-0.707
-0.211,-0.707
-0.21,-0.707
-0.209,-0.707
-0.208,-0.707
-0.207,-0.707
-0.206,-0.707
-0.205,-0.707
-0.204,-0.707
-0.203,-0.707
-0.202,-0.707
-0.201,-0.707
-0.2,-0.707
-0.199,-0.707
-0.198,-0.707
-0.197,-0.707
-0.196,-0.707
-0.195,-0.707
-0.194,-0.707
-0.193,-0.707
-0.192,-0.707
-0.191,-0.707
-0.19,-0.707
-0.189,-0.707
-0.188,-0.707
-0.187,-0.707
-0.186,-0.707
-0.185,-0.707
-0.184,-0.707
-0.183,-0.707
-0.182,-0.707
-0.181,-0.707
-0.18,-0.707
-0.179,-0.707
-0.178,-0.707
-0.177,-0.707
-0.176,-0.707
-0.175,-0.707
-0.174,-0.707
-0.173,-0.707
-0.172,-0.707
-0.171,-0.707
-0.17,-0.707
-0.169,-0.707
-0.168,-0.707
-0.167,-0.707
-0.166,-0.707
-0.165,-0.707
-0.164,-0.707
-0.163,-0.707
-0.162,-0.707
-0.161,-0.707
-0.16,-0.707
-0.159,-0.707
-0.158,-0.707
-0.157,-0.707
-0.156,-0.707
-0.155,-0.707
-0.154,-0.707
-0.153,-0.707
-0.152,-0.707
-0.151,-0.707
-0.15,-0.707
-0.149,-0.707
-0.148,-0.707
-0.147,-0.707
-0.146,-0.707
-0.145,-0.707
-0.144,-0.707
-0.143,-0.707
-0.142,-0.707
-0.141,-0.707
-0.14,-0.707
-0.139,-0.707
-0.138,-0.707
-0.137,-0.707
-0.136,-0.707
-0.135,-0.707
-0.134,-0.707
-0.133,-0.707
-0.132,-0.707
-0.131,-0.707
-0.13,-0.707
-0.129,-0.707
-0.128,-0.707
-0.127,-0.707
-0.126,-0.707
-0.125,-0.707
-0.124,-0.707
-0.123,-0.707
-0.122,-0.707
-0.121,-0.707
-0.12,-0.707
-0.119,-0.707
-0.118,-0.707
-0.117,-0.707
-0.116,-0.707
-0.115,-0.707
-0.114,-0.707
-0.113,-0.707
-0.112,-0.707
-0.111,-0.707
-0.11,-0.707
-0.109,-0.707
-0.108,-0.707
-0.107,-0.707
-0.106,-0.707
-0.105,-0.707
-0.104,-0.707
-0.103,-0.707
-0.102,-0.707
-0.101,-0.707
-0.1,-0.707
-0.099,-0.707
-0.098,-0.707
-0.097,-0.707
-0.096,-0.707
-0.095,-0.707
-0.094,-0.707
-0.093,-0.707
-0.092,-0.707
-0.091,-0.707
-0.09,-0.707
-0.089,-0.707
-0.088,-0.707
-0.087,-0.707
-0.086,-0.707
-0.085,-0.707
-0.084,-0.707
-0.083,-0.707
-0.082,-0.707
-0.081,-0.707
-0.08,-0.707
-0.079,-0.707
-0.078,-0.707
-0.077,-0.707
-0.076,-0.707
-0.075,-0.707
-0.074,-0.707
-0.073,-0.707
-0.072,-0.707
-0.071,-0.707
-0.07,-0.707
-0.069,-0.707
-0.068,-0.707
-0.067,-0.707
-0.066,-0.707
-0.065,-0.707
-0.064,-0.707
-0.063,-0.707
-0.062,-0.707
-0.061,-0.707
-0.06,-0.707
-0.059,-0.707
-0.058,-0.707
-0.057,-0.707
-0.056,-0.707
-0.055,-0.707
-0.054,-0.707
-0.053,-0.707
-0.052,-0.707
-0.051,-0.707
-0.05,-0.707
-0.049,-0.707
-0.048,-0.707
-0.047,-0.707
-0.046,-0.707
-0.045,-0.707
-0.044,-0.707
-0.043,-0.707
-0.042,-0.707
-0.041,-0.707
-0.04,-0.707
-0.039,-0.707
-0.038,-0.707
-0.037,-0.707
-0.213,-0.706
-0.212,-0.706
-0.211,-0.706
-0.21,-0.706
-0.209,-0.706
-0.208,-0.706
-0.207,-0.706
-0.206,-0.706
-0.205,-0.706
-0.204,-0.706
-0.203,-0.706
-0.202,-0.706
-0.201,-0.706
-0.2,-0.706
-0.199,-0.706
-0.198,-0.706
-0.197,-0.706
-0.196,-0.706
-0.195,-0.706
-0.194,-0.706
-0.193,-0.706
-0.192,-0.706
-0.191,-0.706
-0.19,-0.706
-0.189,-0.706
-0.188,-0.706
-0.187,-0.706
-0.186,-0.706
-0.185,-0.706
-0.184,-0.706
-0.183,-0.706
-0.182,-0.706
-0.181,-0.706
-0.18,-0.706
-0.179,-0.706
-0.178,-0.706
-0.177,-0.706
-0.176,-0.706
-0.175,-0.706
-0.174,-0.706
-0.173,-0.706
-0.172,-0.706
-0.171,-0.706
-0.17,-0.706
-0.169,-0.706
-0.168,-0.706
-0.167,-0.706
-0.166,-0.706
-0.165,-0.706
-0.164,-0.706
-0.163,-0.706
-0.162,-0.706
-0.161,-0.706
-0.16,-0.706
-0.159,-0.706
-0.158,-0.706
-0.157,-0.706
-0.156,-0.706
-0.155,-0.706
-0.154,-0.706
-0.153,-0.706
-0.152,-0.706
-0.151,-0.706
-0.15,-0.706
-0.149,-0.706
-0.148,-0.706
-0.147,-0.706
-0.146,-0.706
-0.145,-0.706
-0.144,-0.706
-0.143,-0.706
-0.142,-0.706
-0.141,-0.706
-0.14,-0.706
-0.139,-0.706
-0.138,-0.706
-0.137,-0.706
-0.136,-0.706
-0.135,-0.706
-0.134,-0.706
-0.133,-0.706
-0.132,-0.706
-0.131,-0.706
-0.13,-0.706
-0.129,-0.706
-0.128,-0.706
-0.127,-0.706
-0.126,-0.706
-0.125,-0.706
-0.124,-0.706
-0.123,-0.706
-0.122,-0.706
-0.121,-0.706
-0.12,-0.706
-0.119,-0.706
-0.118,-0.706
-0.117,-0.706
-0.116,-0.706
-0.115,-0.706
-0.114,-0.706
-0.113,-0.706
-0.112,-0.706
-0.111,-0.706
-0.11,-0.706
-0.109,-0.706
-0.108,-0.706
-0.107,-0.706
-0.106,-0.706
-0.105,-0.706
-0.104,-0.706
-0.103,-0.706
-0.102,-0.706
-0.101,-0.706
-0.1,-0.706
-0.099,-0.706
-0.098,-0.706
-0.097,-0.706
-0.096,-0.706
-0.095,-0.706
-0.094,-0.706
-0.093,-0.706
-0.092,-0.706
-0.091,-0.706
-0.09,-0.706
-0.089,-0.706
-0.088,-0.706
-0.087,-0.706
-0.086,-0.706
-0.085,-0.706
-0.084,-0.706
-0.083,-0.706
-0.082,-0.706
-0.081,-0.706
-0.08,-0.706
-0.079,-0.706
-0.078,-0.706
-0.077,-0.706
-0.076,-0.706
-0.075,-0.706
-0.074,-0.706
-0.073,-0.706
-0.072,-0.706
-0.071,-0.706
-0.07,-0.706
-0.069,-0.706
-0.068,-0.706
-0.067,-0.706
-0.066,-0.706
-0.065,-0.706
-0.064,-0.706
-0.063,-0.706
-0.062,-0.706
-0.061,-0.706
-0.06,-0.706
-0.059,-0.706
-0.058,-0.706
-0.057,-0.706
-0.056,-0.706
-0.055,-0.706
-0.054,-0.706
-0.053,-0.706
-0.052,-0.706
-0.051,-0.706
-0.05,-0.706
-0.049,-0.706
-0.048,-0.706
-0.047,-0.706
-0.046,-0.706
-0.045,-0.706
-0.044,-0.706
-0.043,-0.706
-0.042,-0.706
-0.041,-0.706
-0.04,-0.706
-0.039,-0.706
-0.038,-0.706
-0.037,-0.706
-0.035,-0.706
-0.027,-0.706
-0.026,-0.706
-0.217,-0.705
-0.213,-0.705
-0.212,-0.705
-0.211,-0.705
-0.21,-0.705
-0.209,-0.705
-0.208,-0.705
-0.207,-0.705
-0.206,-0.705
-0.205,-0.705
-0.204,-0.705
-0.203,-0.705
-0.202,-0.705
-0.201,-0.705
-0.2,-0.705
-0.199,-0.705
-0.198,-0.705
-0.197,-0.705
-0.196,-0.705
-0.195,-0.705
-0.194,-0.705
-0.193,-0.705
-0.192,-0.705
-0.191,-0.705
-0.19,-0.705
-0.189,-0.705
-0.188,-0.705
-0.187,-0.705
-0.186,-0.705
-0.185,-0.705
-0.184,-0.705
-0.183,-0.705
-0.182,-0.705
-0.181,-0.705
-0.18,-0.705
-0.179,-0.705
-0.178,-0.705
-0.177,-0.705
-0.176,-0.705
-0.175,-0.705
-0.174,-0.705
-0.173,-0.705
-0.172,-0.705
-0.171,-0.705
-0.17,-0.705
-0.169,-0.705
-0.168,-0.705
-0.167,-0.705
-0.166,-0.705
-0.165,-0.705
-0.164,-0.705
-0.163,-0.705
-0.162,-0.705
-0.161,-0.705
-0.16,-0.705
-0.159,-0.705
-0.158,-0.705
-0.157,-0.705
-0.156,-0.705
-0.155,-0.705
-0.154,-0.705
-0.153,-0.705
-0.152,-0.705
-0.151,-0.705
-0.15,-0.705
-0.149,-0.705
-0.148,-0.705
-0.147,-0.705
-0.146,-0.705
-0.145,-0.705
-0.144,-0.705
-0.143,-0.705
-0.142,-0.705
-0.141,-0.705
-0.14,-0.705
-0.139,-0.705
-0.138,-0.705
-0.137,-0.705
-0.136,-0.705
-0.135,-0.705
-0.134,-0.705
-0.133,-0.705
-0.132,-0.705
-0.131,-0.705
-0.13,-0.705
-0.129,-0.705
-0.128,-0.705
-0.127,-0.705
-0.126,-0.705
-0.125,-0.705
-0.124,-0.705
-0.123,-0.705
-0.122,-0.705
-0.121,-0.705
-0.12,-0.705
-0.119,-0.705
-0.118,-0.705
-0.117,-0.705
-0.116,-0.705
-0.115,-0.705
-0.114,-0.705
-0.113,-0.705
-0.112,-0.705
-0.111,-0.705
-0.11,-0.705
-0.109,-0.705
-0.108,-0.705
-0.107,-0.705
-0.106,-0.705
-0.105,-0.705
-0.104,-0.705
-0.103,-0.705
-0.102,-0.705
-0.101,-0.705
-0.1,-0.705
-0.099,-0.705
-0.098,-0.705
-0.097,-0.705
-0.096,-0.705
-0.095,-0.705
-0.094,-0.705
-0.093,-0.705
-0.092,-0.705
-0.091,-0.705
-0.09,-0.705
-0.089,-0.705
-0.088,-0.705
-0.087,-0.705
-0.086,-0.705
-0.085,-0.705
-0.084,-0.705
-0.083,-0.705
-0.082,-0.705
-0.081,-0.705
-0.08,-0.705
-0.079,-0.705
-0.078,-0.705
-0.077,-0.705
-0.076,-0.705
-0.075,-0.705
-0.074,-0.705
-0.073,-0.705
-0.072,-0.705
-0.071,-0.705
-0.07,-0.705
-0.069,-0.705
-0.068,-0.705
-0.067,-0.705
-0.066,-0.705
-0.065,-0.705
-0.064,-0.705
-0.063,-0.705
-0.062,-0.705
-0.061,-0.705
-0.06,-0.705
-0.059,-0.705
-0.058,-0.705
-0.057,-0.705
-0.056,-0.705
-0.055,-0.705
-0.054,-0.705
-0.053,-0.705
-0.052,-0.705
-0.051,-0.705
-0.05,-0.705
-0.049,-0.705
-0.048,-0.705
-0.047,-0.705
-0.046,-0.705
-0.045,-0.705
-0.044,-0.705
-0.043,-0.705
-0.042,-0.705
-0.041,-0.705
-0.04,-0.705
-0.039,-0.705
-0.038,-0.705
-0.028,-0.705
-0.216,-0.704
-0.212,-0.704
-0.211,-0.704
-0.21,-0.704
-0.209,-0.704
-0.208,-0.704
-0.207,-0.704
-0.206,-0.704
-0.205,-0.704
-0.204,-0.704
-0.203,-0.704
-0.202,-0.704
-0.201,-0.704
-0.2,-0.704
-0.199,-0.704
-0.198,-0.704
-0.197,-0.704
-0.196,-0.704
-0.195,-0.704
-0.194,-0.704
-0.193,-0.704
-0.192,-0.704
-0.191,-0.704
-0.19,-0.704
-0.189,-0.704
-0.188,-0.704
-0.187,-0.704
-0.186,-0.704
-0.185,-0.704
-0.184,-0.704
-0.183,-0.704
-0.182,-0.704
-0.181,-0.704
-0.18,-0.704
-0.179,-0.704
-0.178,-0.704
-0.177,-0.704
-0.176,-0.704
-0.175,-0.704
-0.174,-0.704
-0.173,-0.704
-0.172,-0.704
-0.171,-0.704
-0.17,-0.704
-0.169,-0.704
-0.168,-0.704
-0.167,-0.704
-0.166,-0.704
-0.165,-0.704
-0.164,-0.704
-0.163,-0.704
-0.162,-0.704
-0.161,-0.704
-0.16,-0.704
-0.159,-0.704
-0.158,-0.704
-0.157,-0.704
-0.156,-0.704
-0.155,-0.704
-0.154,-0.704
-0.153,-0.704
-0.152,-0.704
-0.151,-0.704
-0.15,-0.704
-0.149,-0.704
-0.148,-0.704
-0.147,-0.704
-0.146,-0.704
-0.145,-0.704
-0.144,-0.704
-0.143,-0.704
-0.142,-0.704
-0.141,-0.704
-0.14,-0.704
-0.139,-0.704
-0.138,-0.704
-0.137,-0.704
-0.136,-0.704
-0.135,-0.704
-0.134,-0.704
-0.133,-0.704
-0.132,-0.704
-0.131,-0.704
-0.13,-0.704
-0.129,-0.704
-0.128,-0.704
-0.127,-0.704
-0.126,-0.704
-0.125,-0.704
-0.124,-0.704
-0.123,-0.704
-0.122,-0.704
-0.121,-0.704
-0.12,-0.704
-0.119,-0.704
-0.118,-0.704
-0.117,-0.704
-0.116,-0.704
-0.115,-0.704
-0.114,-0.704
-0.113,-0.704
-0.112,-0.704
-0.111,-0.704
-0.11,-0.704
-0.109,-0.704
-0.108,-0.704
-0.107,-0.704
-0.106,-0.704
-0.105,-0.704
-0.104,-0.704
-0.103,-0.704
-0.102,-0.704
-0.101,-0.704
-0.1,-0.704
-0.099,-0.704
-0.098,-0.704
-0.097,-0.704
-0.096,-0.704
-0.095,-0.704
-0.094,-0.704
-0.093,-0.704
-0.092,-0.704
-0.091,-0.704
-0.09,-0.704
-0.089,-0.704
-0.088,-0.704
-0.087,-0.704
-0.086,-0.704
-0.085,-0.704
-0.084,-0.704
-0.083,-0.704
-0.082,-0.704
-0.081,-0.704
-0.08,-0.704
-0.079,-0.704
-0.078,-0.704
-0.077,-0.704
-0.076,-0.704
-0.075,-0.704
-0.074,-0.704
-0.073,-0.704
-0.072,-0.704
-0.071,-0.704
-0.07,-0.704
-0.069,-0.704
-0.068,-0.704
-0.067,-0.704
-0.066,-0.704
-0.065,-0.704
-0.064,-0.704
-0.063,-0.704
-0.062,-0.704
-0.061,-0.704
-0.06,-0.704
-0.059,-0.704
-0.058,-0.704
-0.057,-0.704
-0.056,-0.704
-0.055,-0.704
-0.054,-0.704
-0.053,-0.704
-0.052,-0.704
-0.051,-0.704
-0.05,-0.704
-0.049,-0.704
-0.048,-0.704
-0.047,-0.704
-0.046,-0.704
-0.045,-0.704
-0.044,-0.704
-0.043,-0.704
-0.042,-0.704
-0.041,-0.704
-0.04,-0.704
-0.039,-0.704
-0.038,-0.704
-0.036,-0.704
-0.026,-0.704
-0.218,-0.703
-0.21,-0.703
-0.209,-0.703
-0.208,-0.703
-0.207,-0.703
-0.206,-0.703
-0.205,-0.703
-0.204,-0.703
-0.203,-0.703
-0.202,-0.703
-0.201,-0.703
-0.2,-0.703
-0.199,-0.703
-0.198,-0.703
-0.197,-0.703
-0.196,-0.703
-0.195,-0.703
-0.194,-0.703
-0.193,-0.703
-0.192,-0.703
-0.191,-0.703
-0.19,-0.703
-0.189,-0.703
-0.188,-0.703
-0.187,-0.703
-0.186,-0.703
-0.185,-0.703
-0.184,-0.703
-0.183,-0.703
-0.182,-0.703
-0.181,-0.703
-0.18,-0.703
-0.179,-0.703
-0.178,-0.703
-0.177,-0.703
-0.176,-0.703
-0.175,-0.703
-0.174,-0.703
-0.173,-0.703
-0.172,-0.703
-0.171,-0.703
-0.17,-0.703
-0.169,-0.703
-0.168,-0.703
-0.167,-0.703
-0.166,-0.703
-0.165,-0.703
-0.164,-0.703
-0.163,-0.703
-0.162,-0.703
-0.161,-0.703
-0.16,-0.703
-0.159,-0.703
-0.158,-0.703
-0.157,-0.703
-0.156,-0.703
-0.155,-0.703
-0.154,-0.703
-0.153,-0.703
-0.152,-0.703
-0.151,-0.703
-0.15,-0.703
-0.149,-0.703
-0.148,-0.703
-0.147,-0.703
-0.146,-0.703
-0.145,-0.703
-0.144,-0.703
-0.143,-0.703
-0.142,-0.703
-0.141,-0.703
-0.14,-0.703
-0.139,-0.703
-0.138,-0.703
-0.137,-0.703
-0.136,-0.703
-0.135,-0.703
-0.134,-0.703
-0.133,-0.703
-0.132,-0.703
-0.131,-0.703
-0.13,-0.703
-0.129,-0.703
-0.128,-0.703
-0.127,-0.703
-0.126,-0.703
-0.125,-0.703
-0.124,-0.703
-0.123,-0.703
-0.122,-0.703
-0.121,-0.703
-0.12,-0.703
-0.119,-0.703
-0.118,-0.703
-0.117,-0.703
-0.116,-0.703
-0.115,-0.703
-0.114,-0.703
-0.113,-0.703
-0.112,-0.703
-0.111,-0.703
-0.11,-0.703
-0.109,-0.703
-0.108,-0.703
-0.107,-0.703
-0.106,-0.703
-0.105,-0.703
-0.104,-0.703
-0.103,-0.703
-0.102,-0.703
-0.101,-0.703
-0.1,-0.703
-0.099,-0.703
-0.098,-0.703
-0.097,-0.703
-0.096,-0.703
-0.095,-0.703
-0.094,-0.703
-0.093,-0.703
-0.092,-0.703
-0.091,-0.703
-0.09,-0.703
-0.089,-0.703
-0.088,-0.703
-0.087,-0.703
-0.086,-0.703
-0.085,-0.703
-0.084,-0.703
-0.083,-0.703
-0.082,-0.703
-0.081,-0.703
-0.08,-0.703
-0.079,-0.703
-0.078,-0.703
-0.077,-0.703
-0.076,-0.703
-0.075,-0.703
-0.074,-0.703
-0.073,-0.703
-0.072,-0.703
-0.071,-0.703
-0.07,-0.703
-0.069,-0.703
-0.068,-0.703
-0.067,-0.703
-0.066,-0.703
-0.065,-0.703
-0.064,-0.703
-0.063,-0.703
-0.062,-0.703
-0.061,-0.703
-0.06,-0.703
-0.059,-0.703
-0.058,-0.703
-0.057,-0.703
-0.056,-0.703
-0.055,-0.703
-0.054,-0.703
-0.053,-0.703
-0.052,-0.703
-0.051,-0.703
-0.05,-0.703
-0.049,-0.703
-0.048,-0.703
-0.047,-0.703
-0.046,-0.703
-0.045,-0.703
-0.044,-0.703
-0.043,-0.703
-0.042,-0.703
-0.041,-0.703
-0.04,-0.703
-0.039,-0.703
-0.038,-0.703
-0.037,-0.703
-0.035,-0.703
-0.223,-0.702
-0.216,-0.702
-0.215,-0.702
-0.214,-0.702
-0.213,-0.702
-0.212,-0.702
-0.211,-0.702
-0.21,-0.702
-0.209,-0.702
-0.208,-0.702
-0.207,-0.702
-0.206,-0.702
-0.205,-0.702
-0.204,-0.702
-0.203,-0.702
-0.202,-0.702
-0.201,-0.702
-0.2,-0.702
-0.199,-0.702
-0.198,-0.702
-0.197,-0.702
-0.196,-0.702
-0.195,-0.702
-0.194,-0.702
-0.193,-0.702
-0.192,-0.702
-0.191,-0.702
-0.19,-0.702
-0.189,-0.702
-0.188,-0.702
-0.187,-0.702
-0.186,-0.702
-0.185,-0.702
-0.184,-0.702
-0.183,-0.702
-0.182,-0.702
-0.181,-0.702
-0.18,-0.702
-0.179,-0.702
-0.178,-0.702
-0.177,-0.702
-0.176,-0.702
-0.175,-0.702
-0.174,-0.702
-0.173,-0.702
-0.172,-0.702
-0.171,-0.702
-0.17,-0.702
-0.169,-0.702
-0.168,-0.702
-0.167,-0.702
-0.166,-0.702
-0.165,-0.702
-0.164,-0.702
-0.163,-0.702
-0.162,-0.702
-0.161,-0.702
-0.16,-0.702
-0.159,-0.702
-0.158,-0.702
-0.157,-0.702
-0.156,-0.702
-0.155,-0.702
-0.154,-0.702
-0.153,-0.702
-0.152,-0.702
-0.151,-0.702
-0.15,-0.702
-0.149,-0.702
-0.148,-0.702
-0.147,-0.702
-0.146,-0.702
-0.145,-0.702
-0.144,-0.702
-0.143,-0.702
-0.142,-0.702
-0.141,-0.702
-0.14,-0.702
-0.139,-0.702
-0.138,-0.702
-0.137,-0.702
-0.136,-0.702
-0.135,-0.702
-0.134,-0.702
-0.133,-0.702
-0.132,-0.702
-0.131,-0.702
-0.13,-0.702
-0.129,-0.702
-0.128,-0.702
-0.127,-0.702
-0.126,-0.702
-0.125,-0.702
-0.124,-0.702
-0.123,-0.702
-0.122,-0.702
-0.121,-0.702
-0.12,-0.702
-0.119,-0.702
-0.118,-0.702
-0.117,-0.702
-0.116,-0.702
-0.115,-0.702
-0.114,-0.702
-0.113,-0.702
-0.112,-0.702
-0.111,-0.702
-0.11,-0.702
-0.109,-0.702
-0.108,-0.702
-0.107,-0.702
-0.106,-0.702
-0.105,-0.702
-0.104,-0.702
-0.103,-0.702
-0.102,-0.702
-0.101,-0.702
-0.1,-0.702
-0.099,-0.702
-0.098,-0.702
-0.097,-0.702
-0.096,-0.702
-0.095,-0.702
-0.094,-0.702
-0.093,-0.702
-0.092,-0.702
-0.091,-0.702
-0.09,-0.702
-0.089,-0.702
-0.088,-0.702
-0.087,-0.702
-0.086,-0.702
-0.085,-0.702
-0.084,-0.702
-0.083,-0.702
-0.082,-0.702
-0.081,-0.702
-0.08,-0.702
-0.079,-0.702
-0.078,-0.702
-0.077,-0.702
-0.076,-0.702
-0.075,-0.702
-0.074,-0.702
-0.073,-0.702
-0.072,-0.702
-0.071,-0.702
-0.07,-0.702
-0.069,-0.702
-0.068,-0.702
-0.067,-0.702
-0.066,-0.702
-0.065,-0.702
-0.064,-0.702
-0.063,-0.702
-0.062,-0.702
-0.061,-0.702
-0.06,-0.702
-0.059,-0.702
-0.058,-0.702
-0.057,-0.702
-0.056,-0.702
-0.055,-0.702
-0.054,-0.702
-0.053,-0.702
-0.052,-0.702
-0.051,-0.702
-0.05,-0.702
-0.049,-0.702
-0.048,-0.702
-0.047,-0.702
-0.046,-0.702
-0.045,-0.702
-0.044,-0.702
-0.043,-0.702
-0.042,-0.702
-0.041,-0.702
-0.04,-0.702
-0.039,-0.702
-0.038,-0.702
-0.037,-0.702
-0.036,-0.702
-0.224,-0.701
-0.216,-0.701
-0.215,-0.701
-0.214,-0.701
-0.213,-0.701
-0.212,-0.701
-0.211,-0.701
-0.21,-0.701
-0.209,-0.701
-0.208,-0.701
-0.207,-0.701
-0.206,-0.701
-0.205,-0.701
-0.204,-0.701
-0.203,-0.701
-0.202,-0.701
-0.201,-0.701
-0.2,-0.701
-0.199,-0.701
-0.198,-0.701
-0.197,-0.701
-0.196,-0.701
-0.195,-0.701
-0.194,-0.701
-0.193,-0.701
-0.192,-0.701
-0.191,-0.701
-0.19,-0.701
-0.189,-0.701
-0.188,-0.701
-0.187,-0.701
-0.186,-0.701
-0.185,-0.701
-0.184,-0.701
-0.183,-0.701
-0.182,-0.701
-0.181,-0.701
-0.18,-0.701
-0.179,-0.701
-0.178,-0.701
-0.177,-0.701
-0.176,-0.701
-0.175,-0.701
-0.174,-0.701
-0.173,-0.701
-0.172,-0.701
-0.171,-0.701
-0.17,-0.701
-0.169,-0.701
-0.168,-0.701
-0.167,-0.701
-0.166,-0.701
-0.165,-0.701
-0.164,-0.701
-0.163,-0.701
-0.162,-0.701
-0.161,-0.701
-0.16,-0.701
-0.159,-0.701
-0.158,-0.701
-0.157,-0.701
-0.156,-0.701
-0.155,-0.701
-0.154,-0.701
-0.153,-0.701
-0.152,-0.701
-0.151,-0.701
-0.15,-0.701
-0.149,-0.701
-0.148,-0.701
-0.147,-0.701
-0.146,-0.701
-0.145,-0.701
-0.144,-0.701
-0.143,-0.701
-0.142,-0.701
-0.141,-0.701
-0.14,-0.701
-0.139,-0.701
-0.138,-0.701
-0.137,-0.701
-0.136,-0.701
-0.135,-0.701
-0.134,-0.701
-0.133,-0.701
-0.132,-0.701
-0.131,-0.701
-0.13,-0.701
-0.129,-0.701
-0.128,-0.701
-0.127,-0.701
-0.126,-0.701
-0.125,-0.701
-0.124,-0.701
-0.123,-0.701
-0.122,-0.701
-0.121,-0.701
-0.12,-0.701
-0.119,-0.701
-0.118,-0.701
-0.117,-0.701
-0.116,-0.701
-0.115,-0.701
-0.114,-0.701
-0.113,-0.701
-0.112,-0.701
-0.111,-0.701
-0.11,-0.701
-0.109,-0.701
-0.108,-0.701
-0.107,-0.701
-0.106,-0.701
-0.105,-0.701
-0.104,-0.701
-0.103,-0.701
-0.102,-0.701
-0.101,-0.701
-0.1,-0.701
-0.099,-0.701
-0.098,-0.701
-0.097,-0.701
-0.096,-0.701
-0.095,-0.701
-0.094,-0.701
-0.093,-0.701
-0.092,-0.701
-0.091,-0.701
-0.09,-0.701
-0.089,-0.701
-0.088,-0.701
-0.087,-0.701
-0.086,-0.701
-0.085,-0.701
-0.084,-0.701
-0.083,-0.701
-0.082,-0.701
-0.081,-0.701
-0.08,-0.701
-0.079,-0.701
-0.078,-0.701
-0.077,-0.701
-0.076,-0.701
-0.075,-0.701
-0.074,-0.701
-0.073,-0.701
-0.072,-0.701
-0.071,-0.701
-0.07,-0.701
-0.069,-0.701
-0.068,-0.701
-0.067,-0.701
-0.066,-0.701
-0.065,-0.701
-0.064,-0.701
-0.063,-0.701
-0.062,-0.701
-0.061,-0.701
-0.06,-0.701
-0.059,-0.701
-0.058,-0.701
-0.057,-0.701
-0.056,-0.701
-0.055,-0.701
-0.054,-0.701
-0.053,-0.701
-0.052,-0.701
-0.051,-0.701
-0.05,-0.701
-0.049,-0.701
-0.048,-0.701
-0.047,-0.701
-0.046,-0.701
-0.045,-0.701
-0.044,-0.701
-0.043,-0.701
-0.042,-0.701
-0.041,-0.701
-0.04,-0.701
-0.226,-0.7
-0.225,-0.7
-0.216,-0.7
-0.215,-0.7
-0.214,-0.7
-0.213,-0.7
-0.212,-0.7
-0.211,-0.7
-0.21,-0.7
-0.209,-0.7
-0.208,-0.7
-0.207,-0.7
-0.206,-0.7
-0.205,-0.7
-0.204,-0.7
-0.203,-0.7
-0.202,-0.7
-0.201,-0.7
-0.2,-0.7
-0.199,-0.7
-0.198,-0.7
-0.197,-0.7
-0.196,-0.7
-0.195,-0.7
-0.194,-0.7
-0.193,-0.7
-0.192,-0.7
-0.191,-0.7
-0.19,-0.7
-0.189,-0.7
-0.188,-0.7
-0.187,-0.7
-0.186,-0.7
-0.185,-0.7
-0.184,-0.7
-0.183,-0.7
-0.182,-0.7
-0.181,-0.7
-0.18,-0.7
-0.179,-0.7
-0.178,-0.7
-0.177,-0.7
-0.176,-0.7
-0.175,-0.7
-0.174,-0.7
-0.173,-0.7
-0.172,-0.7
-0.171,-0.7
-0.17,-0.7
-0.169,-0.7
-0.168,-0.7
-0.167,-0.7
-0.166,-0.7
-0.165,-0.7
-0.164,-0.7
-0.163,-0.7
-0.162,-0.7
-0.161,-0.7
-0.16,-0.7
-0.159,-0.7
-0.158,-0.7
-0.157,-0.7
-0.156,-0.7
-0.155,-0.7
-0.154,-0.7
-0.153,-0.7
-0.152,-0.7
-0.151,-0.7
-0.15,-0.7
-0.149,-0.7
-0.148,-0.7
-0.147,-0.7
-0.146,-0.7
-0.145,-0.7
-0.144,-0.7
-0.143,-0.7
-0.142,-0.7
-0.141,-0.7
-0.14,-0.7
-0.139,-0.7
-0.138,-0.7
-0.137,-0.7
-0.136,-0.7
-0.135,-0.7
-0.134,-0.7
-0.133,-0.7
-0.132,-0.7
-0.131,-0.7
-0.13,-0.7
-0.129,-0.7
-0.128,-0.7
-0.127,-0.7
-0.126,-0.7
-0.125,-0.7
-0.124,-0.7
-0.123,-0.7
-0.122,-0.7
-0.121,-0.7
-0.12,-0.7
-0.119,-0.7
-0.118,-0.7
-0.117,-0.7
-0.116,-0.7
-0.115,-0.7
-0.114,-0.7
-0.113,-0.7
-0.112,-0.7
-0.111,-0.7
-0.11,-0.7
-0.109,-0.7
-0.108,-0.7
-0.107,-0.7
-0.106,-0.7
-0.105,-0.7
-0.104,-0.7
-0.103,-0.7
-0.102,-0.7
-0.101,-0.7
-0.1,-0.7
-0.099,-0.7
-0.098,-0.7
-0.097,-0.7
-0.096,-0.7
-0.095,-0.7
-0.094,-0.7
-0.093,-0.7
-0.092,-0.7
-0.091,-0.7
-0.09,-0.7
-0.089,-0.7
-0.088,-0.7
-0.087,-0.7
-0.086,-0.7
-0.085,-0.7
-0.084,-0.7
-0.083,-0.7
-0.082,-0.7
-0.081,-0.7
-0.08,-0.7
-0.079,-0.7
-0.078,-0.7
-0.077,-0.7
-0.076,-0.7
-0.075,-0.7
-0.074,-0.7
-0.073,-0.7
-0.072,-0.7
-0.071,-0.7
-0.07,-0.7
-0.069,-0.7
-0.068,-0.7
-0.067,-0.7
-0.066,-0.7
-0.065,-0.7
-0.064,-0.7
-0.063,-0.7
-0.062,-0.7
-0.061,-0.7
-0.06,-0.7
-0.059,-0.7
-0.058,-0.7
-0.057,-0.7
-0.056,-0.7
-0.055,-0.7
-0.054,-0.7
-0.053,-0.7
-0.052,-0.7
-0.051,-0.7
-0.05,-0.7
-0.049,-0.7
-0.048,-0.7
-0.047,-0.7
-0.046,-0.7
-0.045,-0.7
-0.044,-0.7
-0.043,-0.7
-0.042,-0.7
-0.041,-0.7
-0.04,-0.7
-0.036,-0.7
-0.215,-0.699
-0.214,-0.699
-0.213,-0.699
-0.212,-0.699
-0.211,-0.699
-0.21,-0.699
-0.209,-0.699
-0.208,-0.699
-0.207,-0.699
-0.206,-0.699
-0.205,-0.699
-0.204,-0.699
-0.203,-0.699
-0.202,-0.699
-0.201,-0.699
-0.2,-0.699
-0.199,-0.699
-0.198,-0.699
-0.197,-0.699
-0.196,-0.699
-0.195,-0.699
-0.194,-0.699
-0.193,-0.699
-0.192,-0.699
-0.191,-0.699
-0.19,-0.699
-0.189,-0.699
-0.188,-0.699
-0.187,-0.699
-0.186,-0.699
-0.185,-0.699
-0.184,-0.699
-0.183,-0.699
-0.182,-0.699
-0.181,-0.699
-0.18,-0.699
-0.179,-0.699
-0.178,-0.699
-0.177,-0.699
-0.176,-0.699
-0.175,-0.699
-0.174,-0.699
-0.173,-0.699
-0.172,-0.699
-0.171,-0.699
-0.17,-0.699
-0.169,-0.699
-0.168,-0.699
-0.167,-0.699
-0.166,-0.699
-0.165,-0.699
-0.164,-0.699
-0.163,-0.699
-0.162,-0.699
-0.161,-0.699
-0.16,-0.699
-0.159,-0.699
-0.158,-0.699
-0.157,-0.699
-0.156,-0.699
-0.155,-0.699
-0.154,-0.699
-0.153,-0.699
-0.152,-0.699
-0.151,-0.699
-0.15,-0.699
-0.149,-0.699
-0.148,-0.699
-0.147,-0.699
-0.146,-0.699
-0.145,-0.699
-0.144,-0.699
-0.143,-0.699
-0.142,-0.699
-0.141,-0.699
-0.14,-0.699
-0.139,-0.699
-0.138,-0.699
-0.137,-0.699
-0.136,-0.699
-0.135,-0.699
-0.134,-0.699
-0.133,-0.699
-0.132,-0.699
-0.131,-0.699
-0.13,-0.699
-0.129,-0.699
-0.128,-0.699
-0.127,-0.699
-0.126,-0.699
-0.125,-0.699
-0.124,-0.699
-0.123,-0.699
-0.122,-0.699
-0.121,-0.699
-0.12,-0.699
-0.119,-0.699
-0.118,-0.699
-0.117,-0.699
-0.116,-0.699
-0.115,-0.699
-0.114,-0.699
-0.113,-0.699
-0.112,-0.699
-0.111,-0.699
-0.11,-0.699
-0.109,-0.699
-0.108,-0.699
-0.107,-0.699
-0.106,-0.699
-0.105,-0.699
-0.104,-0.699
-0.103,-0.699
-0.102,-0.699
-0.101,-0.699
-0.1,-0.699
-0.099,-0.699
-0.098,-0.699
-0.097,-0.699
-0.096,-0.699
-0.095,-0.699
-0.094,-0.699
-0.093,-0.699
-0.092,-0.699
-0.091,-0.699
-0.09,-0.699
-0.089,-0.699
-0.088,-0.699
-0.087,-0.699
-0.086,-0.699
-0.085,-0.699
-0.084,-0.699
-0.083,-0.699
-0.082,-0.699
-0.081,-0.699
-0.08,-0.699
-0.079,-0.699
-0.078,-0.699
-0.077,-0.699
-0.076,-0.699
-0.075,-0.699
-0.074,-0.699
-0.073,-0.699
-0.072,-0.699
-0.071,-0.699
-0.07,-0.699
-0.069,-0.699
-0.068,-0.699
-0.067,-0.699
-0.066,-0.699
-0.065,-0.699
-0.064,-0.699
-0.063,-0.699
-0.062,-0.699
-0.061,-0.699
-0.06,-0.699
-0.059,-0.699
-0.058,-0.699
-0.057,-0.699
-0.056,-0.699
-0.055,-0.699
-0.054,-0.699
-0.053,-0.699
-0.052,-0.699
-0.051,-0.699
-0.05,-0.699
-0.049,-0.699
-0.048,-0.699
-0.047,-0.699
-0.046,-0.699
-0.045,-0.699
-0.044,-0.699
-0.043,-0.699
-0.042,-0.699
-0.041,-0.699
-0.026,-0.699
-0.214,-0.698
-0.213,-0.698
-0.212,-0.698
-0.211,-0.698
-0.21,-0.698
-0.209,-0.698
-0.208,-0.698
-0.207,-0.698
-0.206,-0.698
-0.205,-0.698
-0.204,-0.698
-0.203,-0.698
-0.202,-0.698
-0.201,-0.698
-0.2,-0.698
-0.199,-0.698
-0.198,-0.698
-0.197,-0.698
-0.196,-0.698
-0.195,-0.698
-0.194,-0.698
-0.193,-0.698
-0.192,-0.698
-0.191,-0.698
-0.19,-0.698
-0.189,-0.698
-0.188,-0.698
-0.187,-0.698
-0.186,-0.698
-0.185,-0.698
-0.184,-0.698
-0.183,-0.698
-0.182,-0.698
-0.181,-0.698
-0.18,-0.698
-0.179,-0.698
-0.178,-0.698
-0.177,-0.698
-0.176,-0.698
-0.175,-0.698
-0.174,-0.698
-0.173,-0.698
-0.172,-0.698
-0.171,-0.698
-0.17,-0.698
-0.169,-0.698
-0.168,-0.698
-0.167,-0.698
-0.166,-0.698
-0.165,-0.698
-0.164,-0.698
-0.163,-0.698
-0.162,-0.698
-0.161,-0.698
-0.16,-0.698
-0.159,-0.698
-0.158,-0.698
-0.157,-0.698
-0.156,-0.698
-0.155,-0.698
-0.154,-0.698
-0.153,-0.698
-0.152,-0.698
-0.151,-0.698
-0.15,-0.698
-0.149,-0.698
-0.148,-0.698
-0.147,-0.698
-0.146,-0.698
-0.145,-0.698
-0.144,-0.698
-0.143,-0.698
-0.142,-0.698
-0.141,-0.698
-0.14,-0.698
-0.139,-0.698
-0.138,-0.698
-0.137,-0.698
-0.136,-0.698
-0.135,-0.698
-0.134,-0.698
-0.133,-0.698
-0.132,-0.698
-0.131,-0.698
-0.13,-0.698
-0.129,-0.698
-0.128,-0.698
-0.127,-0.698
-0.126,-0.698
-0.125,-0.698
-0.124,-0.698
-0.123,-0.698
-0.122,-0.698
-0.121,-0.698
-0.12,-0.698
-0.119,-0.698
-0.118,-0.698
-0.117,-0.698
-0.116,-0.698
-0.115,-0.698
-0.114,-0.698
-0.113,-0.698
-0.112,-0.698
-0.111,-0.698
-0.11,-0.698
-0.109,-0.698
-0.108,-0.698
-0.107,-0.698
-0.106,-0.698
-0.105,-0.698
-0.104,-0.698
-0.103,-0.698
-0.102,-0.698
-0.101,-0.698
-0.1,-0.698
-0.099,-0.698
-0.098,-0.698
-0.097,-0.698
-0.096,-0.698
-0.095,-0.698
-0.094,-0.698
-0.093,-0.698
-0.092,-0.698
-0.091,-0.698
-0.09,-0.698
-0.089,-0.698
-0.088,-0.698
-0.087,-0.698
-0.086,-0.698
-0.085,-0.698
-0.084,-0.698
-0.083,-0.698
-0.082,-0.698
-0.081,-0.698
-0.08,-0.698
-0.079,-0.698
-0.078,-0.698
-0.077,-0.698
-0.076,-0.698
-0.075,-0.698
-0.074,-0.698
-0.073,-0.698
-0.072,-0.698
-0.071,-0.698
-0.07,-0.698
-0.069,-0.698
-0.068,-0.698
-0.067,-0.698
-0.066,-0.698
-0.065,-0.698
-0.064,-0.698
-0.063,-0.698
-0.062,-0.698
-0.061,-0.698
-0.06,-0.698
-0.059,-0.698
-0.058,-0.698
-0.057,-0.698
-0.056,-0.698
-0.055,-0.698
-0.054,-0.698
-0.053,-0.698
-0.052,-0.698
-0.051,-0.698
-0.05,-0.698
-0.049,-0.698
-0.048,-0.698
-0.047,-0.698
-0.046,-0.698
-0.045,-0.698
-0.044,-0.698
-0.043,-0.698
-0.042,-0.698
-0.041,-0.698
-0.039,-0.698
-0.036,-0.698
-0.025,-0.698
-0.526,-0.697
-0.219,-0.697
-0.215,-0.697
-0.214,-0.697
-0.213,-0.697
-0.212,-0.697
-0.211,-0.697
-0.21,-0.697
-0.209,-0.697
-0.207,-0.697
-0.206,-0.697
-0.205,-0.697
-0.204,-0.697
-0.203,-0.697
-0.202,-0.697
-0.201,-0.697
-0.2,-0.697
-0.199,-0.697
-0.198,-0.697
-0.197,-0.697
-0.196,-0.697
-0.195,-0.697
-0.194,-0.697
-0.193,-0.697
-0.192,-0.697
-0.191,-0.697
-0.19,-0.697
-0.189,-0.697
-0.188,-0.697
-0.187,-0.697
-0.186,-0.697
-0.185,-0.697
-0.184,-0.697
-0.183,-0.697
-0.182,-0.697
-0.181,-0.697
-0.18,-0.697
-0.179,-0.697
-0.178,-0.697
-0.177,-0.697
-0.176,-0.697
-0.175,-0.697
-0.174,-0.697
-0.173,-0.697
-0.172,-0.697
-0.171,-0.697
-0.17,-0.697
-0.169,-0.697
-0.168,-0.697
-0.167,-0.697
-0.166,-0.697
-0.165,-0.697
-0.164,-0.697
-0.163,-0.697
-0.162,-0.697
-0.161,-0.697
-0.16,-0.697
-0.159,-0.697
-0.158,-0.697
-0.157,-0.697
-0.156,-0.697
-0.155,-0.697
-0.154,-0.697
-0.153,-0.697
-0.152,-0.697
-0.151,-0.697
-0.15,-0.697
-0.149,-0.697
-0.148,-0.697
-0.147,-0.697
-0.146,-0.697
-0.145,-0.697
-0.144,-0.697
-0.143,-0.697
-0.142,-0.697
-0.141,-0.697
-0.14,-0.697
-0.139,-0.697
-0.138,-0.697
-0.137,-0.697
-0.136,-0.697
-0.135,-0.697
-0.134,-0.697
-0.133,-0.697
-0.132,-0.697
-0.131,-0.697
-0.13,-0.697
-0.129,-0.697
-0.128,-0.697
-0.127,-0.697
-0.126,-0.697
-0.125,-0.697
-0.124,-0.697
-0.123,-0.697
-0.122,-0.697
-0.121,-0.697
-0.12,-0.697
-0.119,-0.697
-0.118,-0.697
-0.117,-0.697
-0.116,-0.697
-0.115,-0.697
-0.114,-0.697
-0.113,-0.697
-0.112,-0.697
-0.111,-0.697
-0.11,-0.697
-0.109,-0.697
-0.108,-0.697
-0.107,-0.697
-0.106,-0.697
-0.105,-0.697
-0.104,-0.697
-0.103,-0.697
-0.102,-0.697
-0.101,-0.697
-0.1,-0.697
-0.099,-0.697
-0.098,-0.697
-0.097,-0.697
-0.096,-0.697
-0.095,-0.697
-0.094,-0.697
-0.093,-0.697
-0.092,-0.697
-0.091,-0.697
-0.09,-0.697
-0.089,-0.697
-0.088,-0.697
-0.087,-0.697
-0.086,-0.697
-0.085,-0.697
-0.084,-0.697
-0.083,-0.697
-0.082,-0.697
-0.081,-0.697
-0.08,-0.697
-0.079,-0.697
-0.078,-0.697
-0.077,-0.697
-0.076,-0.697
-0.075,-0.697
-0.074,-0.697
-0.073,-0.697
-0.072,-0.697
-0.071,-0.697
-0.07,-0.697
-0.069,-0.697
-0.068,-0.697
-0.067,-0.697
-0.066,-0.697
-0.065,-0.697
-0.064,-0.697
-0.063,-0.697
-0.062,-0.697
-0.061,-0.697
-0.06,-0.697
-0.059,-0.697
-0.058,-0.697
-0.057,-0.697
-0.056,-0.697
-0.055,-0.697
-0.054,-0.697
-0.053,-0.697
-0.052,-0.697
-0.051,-0.697
-0.05,-0.697
-0.049,-0.697
-0.048,-0.697
-0.047,-0.697
-0.046,-0.697
-0.045,-0.697
-0.044,-0.697
-0.043,-0.697
-0.042,-0.697
-0.041,-0.697
-0.04,-0.697
-0.039,-0.697
-0.037,-0.697
-0.219,-0.696
-0.217,-0.696
-0.215,-0.696
-0.214,-0.696
-0.212,-0.696
-0.211,-0.696
-0.21,-0.696
-0.207,-0.696
-0.206,-0.696
-0.205,-0.696
-0.204,-0.696
-0.203,-0.696
-0.202,-0.696
-0.201,-0.696
-0.2,-0.696
-0.199,-0.696
-0.198,-0.696
-0.197,-0.696
-0.196,-0.696
-0.195,-0.696
-0.194,-0.696
-0.193,-0.696
-0.192,-0.696
-0.191,-0.696
-0.19,-0.696
-0.189,-0.696
-0.188,-0.696
-0.187,-0.696
-0.186,-0.696
-0.185,-0.696
-0.184,-0.696
-0.183,-0.696
-0.182,-0.696
-0.181,-0.696
-0.18,-0.696
-0.179,-0.696
-0.178,-0.696
-0.177,-0.696
-0.176,-0.696
-0.175,-0.696
-0.174,-0.696
-0.173,-0.696
-0.172,-0.696
-0.171,-0.696
-0.17,-0.696
-0.169,-0.696
-0.168,-0.696
-0.167,-0.696
-0.166,-0.696
-0.165,-0.696
-0.164,-0.696
-0.163,-0.696
-0.162,-0.696
-0.161,-0.696
-0.16,-0.696
-0.159,-0.696
-0.158,-0.696
-0.157,-0.696
-0.156,-0.696
-0.155,-0.696
-0.154,-0.696
-0.153,-0.696
-0.152,-0.696
-0.151,-0.696
-0.15,-0.696
-0.149,-0.696
-0.148,-0.696
-0.147,-0.696
-0.146,-0.696
-0.145,-0.696
-0.144,-0.696
-0.143,-0.696
-0.142,-0.696
-0.141,-0.696
-0.14,-0.696
-0.139,-0.696
-0.138,-0.696
-0.137,-0.696
-0.136,-0.696
-0.135,-0.696
-0.134,-0.696
-0.133,-0.696
-0.132,-0.696
-0.131,-0.696
-0.13,-0.696
-0.129,-0.696
-0.128,-0.696
-0.127,-0.696
-0.126,-0.696
-0.125,-0.696
-0.124,-0.696
-0.123,-0.696
-0.122,-0.696
-0.121,-0.696
-0.12,-0.696
-0.119,-0.696
-0.118,-0.696
-0.117,-0.696
-0.116,-0.696
-0.115,-0.696
-0.114,-0.696
-0.113,-0.696
-0.112,-0.696
-0.111,-0.696
-0.11,-0.696
-0.109,-0.696
-0.108,-0.696
-0.107,-0.696
-0.106,-0.696
-0.105,-0.696
-0.104,-0.696
-0.103,-0.696
-0.102,-0.696
-0.101,-0.696
-0.1,-0.696
-0.099,-0.696
-0.098,-0.696
-0.097,-0.696
-0.096,-0.696
-0.095,-0.696
-0.094,-0.696
-0.093,-0.696
-0.092,-0.696
-0.091,-0.696
-0.09,-0.696
-0.089,-0.696
-0.088,-0.696
-0.087,-0.696
-0.086,-0.696
-0.085,-0.696
-0.084,-0.696
-0.083,-0.696
-0.082,-0.696
-0.081,-0.696
-0.08,-0.696
-0.079,-0.696
-0.078,-0.696
-0.077,-0.696
-0.076,-0.696
-0.075,-0.696
-0.074,-0.696
-0.073,-0.696
-0.072,-0.696
-0.071,-0.696
-0.07,-0.696
-0.069,-0.696
-0.068,-0.696
-0.067,-0.696
-0.066,-0.696
-0.065,-0.696
-0.064,-0.696
-0.063,-0.696
-0.062,-0.696
-0.061,-0.696
-0.06,-0.696
-0.059,-0.696
-0.058,-0.696
-0.057,-0.696
-0.056,-0.696
-0.055,-0.696
-0.054,-0.696
-0.053,-0.696
-0.052,-0.696
-0.051,-0.696
-0.05,-0.696
-0.049,-0.696
-0.048,-0.696
-0.047,-0.696
-0.046,-0.696
-0.045,-0.696
-0.044,-0.696
-0.043,-0.696
-0.042,-0.696
-0.041,-0.696
-0.04,-0.696
-0.039,-0.696
-0.038,-0.696
-0.037,-0.696
-0.028,-0.696
-0.027,-0.696
-0.217,-0.695
-0.216,-0.695
-0.214,-0.695
-0.212,-0.695
-0.211,-0.695
-0.208,-0.695
-0.207,-0.695
-0.206,-0.695
-0.205,-0.695
-0.204,-0.695
-0.203,-0.695
-0.202,-0.695
-0.201,-0.695
-0.2,-0.695
-0.199,-0.695
-0.198,-0.695
-0.197,-0.695
-0.196,-0.695
-0.195,-0.695
-0.194,-0.695
-0.193,-0.695
-0.192,-0.695
-0.191,-0.695
-0.19,-0.695
-0.189,-0.695
-0.188,-0.695
-0.187,-0.695
-0.186,-0.695
-0.185,-0.695
-0.184,-0.695
-0.183,-0.695
-0.182,-0.695
-0.181,-0.695
-0.18,-0.695
-0.179,-0.695
-0.178,-0.695
-0.177,-0.695
-0.176,-0.695
-0.175,-0.695
-0.174,-0.695
-0.173,-0.695
-0.172,-0.695
-0.171,-0.695
-0.17,-0.695
-0.169,-0.695
-0.168,-0.695
-0.167,-0.695
-0.166,-0.695
-0.165,-0.695
-0.164,-0.695
-0.163,-0.695
-0.162,-0.695
-0.161,-0.695
-0.16,-0.695
-0.159,-0.695
-0.158,-0.695
-0.157,-0.695
-0.156,-0.695
-0.155,-0.695
-0.154,-0.695
-0.153,-0.695
-0.152,-0.695
-0.151,-0.695
-0.15,-0.695
-0.149,-0.695
-0.148,-0.695
-0.147,-0.695
-0.146,-0.695
-0.145,-0.695
-0.144,-0.695
-0.143,-0.695
-0.142,-0.695
-0.141,-0.695
-0.14,-0.695
-0.139,-0.695
-0.138,-0.695
-0.137,-0.695
-0.136,-0.695
-0.135,-0.695
-0.134,-0.695
-0.133,-0.695
-0.132,-0.695
-0.131,-0.695
-0.13,-0.695
-0.129,-0.695
-0.128,-0.695
-0.127,-0.695
-0.126,-0.695
-0.125,-0.695
-0.124,-0.695
-0.123,-0.695
-0.122,-0.695
-0.121,-0.695
-0.12,-0.695
-0.119,-0.695
-0.118,-0.695
-0.117,-0.695
-0.116,-0.695
-0.115,-0.695
-0.114,-0.695
-0.113,-0.695
-0.112,-0.695
-0.111,-0.695
-0.11,-0.695
-0.109,-0.695
-0.108,-0.695
-0.107,-0.695
-0.106,-0.695
-0.105,-0.695
-0.104,-0.695
-0.103,-0.695
-0.102,-0.695
-0.101,-0.695
-0.1,-0.695
-0.099,-0.695
-0.098,-0.695
-0.097,-0.695
-0.096,-0.695
-0.095,-0.695
-0.094,-0.695
-0.093,-0.695
-0.092,-0.695
-0.091,-0.695
-0.09,-0.695
-0.089,-0.695
-0.088,-0.695
-0.087,-0.695
-0.086,-0.695
-0.085,-0.695
-0.084,-0.695
-0.083,-0.695
-0.082,-0.695
-0.081,-0.695
-0.08,-0.695
-0.079,-0.695
-0.078,-0.695
-0.077,-0.695
-0.076,-0.695
-0.075,-0.695
-0.074,-0.695
-0.073,-0.695
-0.072,-0.695
-0.071,-0.695
-0.07,-0.695
-0.069,-0.695
-0.068,-0.695
-0.067,-0.695
-0.066,-0.695
-0.065,-0.695
-0.064,-0.695
-0.063,-0.695
-0.062,-0.695
-0.061,-0.695
-0.06,-0.695
-0.059,-0.695
-0.058,-0.695
-0.057,-0.695
-0.056,-0.695
-0.055,-0.695
-0.054,-0.695
-0.053,-0.695
-0.052,-0.695
-0.051,-0.695
-0.05,-0.695
-0.049,-0.695
-0.048,-0.695
-0.047,-0.695
-0.046,-0.695
-0.045,-0.695
-0.044,-0.695
-0.043,-0.695
-0.042,-0.695
-0.041,-0.695
-0.04,-0.695
-0.039,-0.695
-0.038,-0.695
-0.037,-0.695
-0.028,-0.695
-0.227,-0.694
-0.218,-0.694
-0.215,-0.694
-0.212,-0.694
-0.211,-0.694
-0.206,-0.694
-0.205,-0.694
-0.204,-0.694
-0.203,-0.694
-0.202,-0.694
-0.201,-0.694
-0.2,-0.694
-0.199,-0.694
-0.198,-0.694
-0.197,-0.694
-0.196,-0.694
-0.195,-0.694
-0.194,-0.694
-0.193,-0.694
-0.192,-0.694
-0.191,-0.694
-0.19,-0.694
-0.189,-0.694
-0.188,-0.694
-0.187,-0.694
-0.186,-0.694
-0.185,-0.694
-0.184,-0.694
-0.183,-0.694
-0.182,-0.694
-0.181,-0.694
-0.18,-0.694
-0.179,-0.694
-0.178,-0.694
-0.177,-0.694
-0.176,-0.694
-0.175,-0.694
-0.174,-0.694
-0.173,-0.694
-0.172,-0.694
-0.171,-0.694
-0.17,-0.694
-0.169,-0.694
-0.168,-0.694
-0.167,-0.694
-0.166,-0.694
-0.165,-0.694
-0.164,-0.694
-0.163,-0.694
-0.162,-0.694
-0.161,-0.694
-0.16,-0.694
-0.159,-0.694
-0.158,-0.694
-0.157,-0.694
-0.156,-0.694
-0.155,-0.694
-0.154,-0.694
-0.153,-0.694
-0.152,-0.694
-0.151,-0.694
-0.15,-0.694
-0.149,-0.694
-0.148,-0.694
-0.147,-0.694
-0.146,-0.694
-0.145,-0.694
-0.144,-0.694
-0.143,-0.694
-0.142,-0.694
-0.141,-0.694
-0.14,-0.694
-0.139,-0.694
-0.138,-0.694
-0.137,-0.694
-0.136,-0.694
-0.135,-0.694
-0.134,-0.694
-0.133,-0.694
-0.132,-0.694
-0.131,-0.694
-0.13,-0.694
-0.129,-0.694
-0.128,-0.694
-0.127,-0.694
-0.126,-0.694
-0.125,-0.694
-0.124,-0.694
-0.123,-0.694
-0.122,-0.694
-0.121,-0.694
-0.12,-0.694
-0.119,-0.694
-0.118,-0.694
-0.117,-0.694
-0.116,-0.694
-0.115,-0.694
-0.114,-0.694
-0.113,-0.694
-0.112,-0.694
-0.111,-0.694
-0.11,-0.694
-0.109,-0.694
-0.108,-0.694
-0.107,-0.694
-0.106,-0.694
-0.105,-0.694
-0.104,-0.694
-0.103,-0.694
-0.102,-0.694
-0.101,-0.694
-0.1,-0.694
-0.099,-0.694
-0.098,-0.694
-0.097,-0.694
-0.096,-0.694
-0.095,-0.694
-0.094,-0.694
-0.093,-0.694
-0.092,-0.694
-0.091,-0.694
-0.09,-0.694
-0.089,-0.694
-0.088,-0.694
-0.087,-0.694
-0.086,-0.694
-0.085,-0.694
-0.084,-0.694
-0.083,-0.694
-0.082,-0.694
-0.081,-0.694
-0.08,-0.694
-0.079,-0.694
-0.078,-0.694
-0.077,-0.694
-0.076,-0.694
-0.075,-0.694
-0.074,-0.694
-0.073,-0.694
-0.072,-0.694
-0.071,-0.694
-0.07,-0.694
-0.069,-0.694
-0.068,-0.694
-0.067,-0.694
-0.066,-0.694
-0.065,-0.694
-0.064,-0.694
-0.063,-0.694
-0.062,-0.694
-0.061,-0.694
-0.06,-0.694
-0.059,-0.694
-0.058,-0.694
-0.057,-0.694
-0.056,-0.694
-0.055,-0.694
-0.054,-0.694
-0.053,-0.694
-0.052,-0.694
-0.051,-0.694
-0.05,-0.694
-0.049,-0.694
-0.048,-0.694
-0.047,-0.694
-0.046,-0.694
-0.045,-0.694
-0.044,-0.694
-0.043,-0.694
-0.042,-0.694
-0.041,-0.694
-0.04,-0.694
-0.039,-0.694
-0.038,-0.694
-0.037,-0.694
-0.029,-0.694
-0.023,-0.694
-0.213,-0.693
-0.209,-0.693
-0.208,-0.693
-0.207,-0.693
-0.206,-0.693
-0.205,-0.693
-0.204,-0.693
-0.203,-0.693
-0.202,-0.693
-0.201,-0.693
-0.2,-0.693
-0.199,-0.693
-0.198,-0.693
-0.197,-0.693
-0.196,-0.693
-0.195,-0.693
-0.194,-0.693
-0.193,-0.693
-0.192,-0.693
-0.191,-0.693
-0.19,-0.693
-0.189,-0.693
-0.188,-0.693
-0.187,-0.693
-0.186,-0.693
-0.185,-0.693
-0.184,-0.693
-0.183,-0.693
-0.182,-0.693
-0.181,-0.693
-0.18,-0.693
-0.179,-0.693
-0.178,-0.693
-0.177,-0.693
-0.176,-0.693
-0.175,-0.693
-0.174,-0.693
-0.173,-0.693
-0.172,-0.693
-0.171,-0.693
-0.17,-0.693
-0.169,-0.693
-0.168,-0.693
-0.167,-0.693
-0.166,-0.693
-0.165,-0.693
-0.164,-0.693
-0.163,-0.693
-0.162,-0.693
-0.161,-0.693
-0.16,-0.693
-0.159,-0.693
-0.158,-0.693
-0.157,-0.693
-0.156,-0.693
-0.155,-0.693
-0.154,-0.693
-0.153,-0.693
-0.152,-0.693
-0.151,-0.693
-0.15,-0.693
-0.149,-0.693
-0.148,-0.693
-0.147,-0.693
-0.146,-0.693
-0.145,-0.693
-0.144,-0.693
-0.143,-0.693
-0.142,-0.693
-0.141,-0.693
-0.14,-0.693
-0.139,-0.693
-0.138,-0.693
-0.137,-0.693
-0.136,-0.693
-0.135,-0.693
-0.134,-0.693
-0.133,-0.693
-0.132,-0.693
-0.131,-0.693
-0.13,-0.693
-0.129,-0.693
-0.128,-0.693
-0.127,-0.693
-0.126,-0.693
-0.125,-0.693
-0.124,-0.693
-0.123,-0.693
-0.122,-0.693
-0.121,-0.693
-0.12,-0.693
-0.119,-0.693
-0.118,-0.693
-0.117,-0.693
-0.116,-0.693
-0.115,-0.693
-0.114,-0.693
-0.113,-0.693
-0.112,-0.693
-0.111,-0.693
-0.11,-0.693
-0.109,-0.693
-0.108,-0.693
-0.107,-0.693
-0.106,-0.693
-0.105,-0.693
-0.104,-0.693
-0.103,-0.693
-0.102,-0.693
-0.101,-0.693
-0.1,-0.693
-0.099,-0.693
-0.098,-0.693
-0.097,-0.693
-0.096,-0.693
-0.095,-0.693
-0.094,-0.693
-0.093,-0.693
-0.092,-0.693
-0.091,-0.693
-0.09,-0.693
-0.089,-0.693
-0.088,-0.693
-0.087,-0.693
-0.086,-0.693
-0.085,-0.693
-0.084,-0.693
-0.083,-0.693
-0.082,-0.693
-0.081,-0.693
-0.08,-0.693
-0.079,-0.693
-0.078,-0.693
-0.077,-0.693
-0.076,-0.693
-0.075,-0.693
-0.074,-0.693
-0.073,-0.693
-0.072,-0.693
-0.071,-0.693
-0.07,-0.693
-0.069,-0.693
-0.068,-0.693
-0.067,-0.693
-0.066,-0.693
-0.065,-0.693
-0.064,-0.693
-0.063,-0.693
-0.062,-0.693
-0.061,-0.693
-0.06,-0.693
-0.059,-0.693
-0.058,-0.693
-0.057,-0.693
-0.056,-0.693
-0.055,-0.693
-0.054,-0.693
-0.053,-0.693
-0.052,-0.693
-0.051,-0.693
-0.05,-0.693
-0.049,-0.693
-0.048,-0.693
-0.047,-0.693
-0.046,-0.693
-0.045,-0.693
-0.043,-0.693
-0.042,-0.693
-0.041,-0.693
-0.04,-0.693
-0.039,-0.693
-0.038,-0.693
-0.034,-0.693
-0.229,-0.692
-0.208,-0.692
-0.207,-0.692
-0.206,-0.692
-0.205,-0.692
-0.204,-0.692
-0.203,-0.692
-0.202,-0.692
-0.201,-0.692
-0.2,-0.692
-0.199,-0.692
-0.198,-0.692
-0.197,-0.692
-0.196,-0.692
-0.195,-0.692
-0.194,-0.692
-0.193,-0.692
-0.192,-0.692
-0.191,-0.692
-0.19,-0.692
-0.189,-0.692
-0.188,-0.692
-0.187,-0.692
-0.186,-0.692
-0.185,-0.692
-0.184,-0.692
-0.183,-0.692
-0.182,-0.692
-0.181,-0.692
-0.18,-0.692
-0.179,-0.692
-0.178,-0.692
-0.177,-0.692
-0.176,-0.692
-0.175,-0.692
-0.174,-0.692
-0.173,-0.692
-0.172,-0.692
-0.171,-0.692
-0.17,-0.692
-0.169,-0.692
-0.168,-0.692
-0.167,-0.692
-0.166,-0.692
-0.165,-0.692
-0.164,-0.692
-0.163,-0.692
-0.162,-0.692
-0.161,-0.692
-0.16,-0.692
-0.159,-0.692
-0.158,-0.692
-0.157,-0.692
-0.156,-0.692
-0.155,-0.692
-0.154,-0.692
-0.153,-0.692
-0.152,-0.692
-0.151,-0.692
-0.15,-0.692
-0.149,-0.692
-0.148,-0.692
-0.147,-0.692
-0.146,-0.692
-0.145,-0.692
-0.144,-0.692
-0.143,-0.692
-0.142,-0.692
-0.141,-0.692
-0.14,-0.692
-0.139,-0.692
-0.138,-0.692
-0.137,-0.692
-0.136,-0.692
-0.135,-0.692
-0.134,-0.692
-0.133,-0.692
-0.132,-0.692
-0.131,-0.692
-0.13,-0.692
-0.129,-0.692
-0.128,-0.692
-0.127,-0.692
-0.126,-0.692
-0.125,-0.692
-0.124,-0.692
-0.123,-0.692
-0.122,-0.692
-0.121,-0.692
-0.12,-0.692
-0.119,-0.692
-0.118,-0.692
-0.117,-0.692
-0.116,-0.692
-0.115,-0.692
-0.114,-0.692
-0.113,-0.692
-0.112,-0.692
-0.111,-0.692
-0.11,-0.692
-0.109,-0.692
-0.108,-0.692
-0.107,-0.692
-0.106,-0.692
-0.105,-0.692
-0.104,-0.692
-0.103,-0.692
-0.102,-0.692
-0.101,-0.692
-0.1,-0.692
-0.099,-0.692
-0.098,-0.692
-0.097,-0.692
-0.096,-0.692
-0.095,-0.692
-0.094,-0.692
-0.093,-0.692
-0.092,-0.692
-0.091,-0.692
-0.09,-0.692
-0.089,-0.692
-0.088,-0.692
-0.087,-0.692
-0.086,-0.692
-0.085,-0.692
-0.084,-0.692
-0.083,-0.692
-0.082,-0.692
-0.081,-0.692
-0.08,-0.692
-0.079,-0.692
-0.078,-0.692
-0.077,-0.692
-0.076,-0.692
-0.075,-0.692
-0.074,-0.692
-0.073,-0.692
-0.072,-0.692
-0.071,-0.692
-0.07,-0.692
-0.069,-0.692
-0.068,-0.692
-0.067,-0.692
-0.066,-0.692
-0.065,-0.692
-0.064,-0.692
-0.063,-0.692
-0.062,-0.692
-0.061,-0.692
-0.06,-0.692
-0.059,-0.692
-0.058,-0.692
-0.057,-0.692
-0.056,-0.692
-0.055,-0.692
-0.054,-0.692
-0.053,-0.692
-0.052,-0.692
-0.051,-0.692
-0.05,-0.692
-0.049,-0.692
-0.048,-0.692
-0.047,-0.692
-0.046,-0.692
-0.045,-0.692
-0.043,-0.692
-0.042,-0.692
-0.041,-0.692
-0.04,-0.692
-0.039,-0.692
-0.038,-0.692
-0.036,-0.692
-0.034,-0.692
-0.026,-0.692
-0.204,-0.691
-0.203,-0.691
-0.202,-0.691
-0.201,-0.691
-0.2,-0.691
-0.199,-0.691
-0.198,-0.691
-0.197,-0.691
-0.196,-0.691
-0.195,-0.691
-0.194,-0.691
-0.193,-0.691
-0.192,-0.691
-0.191,-0.691
-0.19,-0.691
-0.189,-0.691
-0.188,-0.691
-0.187,-0.691
-0.186,-0.691
-0.185,-0.691
-0.184,-0.691
-0.183,-0.691
-0.182,-0.691
-0.181,-0.691
-0.18,-0.691
-0.179,-0.691
-0.178,-0.691
-0.177,-0.691
-0.176,-0.691
-0.175,-0.691
-0.174,-0.691
-0.173,-0.691
-0.172,-0.691
-0.171,-0.691
-0.17,-0.691
-0.169,-0.691
-0.168,-0.691
-0.167,-0.691
-0.166,-0.691
-0.165,-0.691
-0.164,-0.691
-0.163,-0.691
-0.162,-0.691
-0.161,-0.691
-0.16,-0.691
-0.159,-0.691
-0.158,-0.691
-0.157,-0.691
-0.156,-0.691
-0.155,-0.691
-0.154,-0.691
-0.153,-0.691
-0.152,-0.691
-0.151,-0.691
-0.15,-0.691
-0.149,-0.691
-0.148,-0.691
-0.147,-0.691
-0.146,-0.691
-0.145,-0.691
-0.144,-0.691
-0.143,-0.691
-0.142,-0.691
-0.141,-0.691
-0.14,-0.691
-0.139,-0.691
-0.138,-0.691
-0.137,-0.691
-0.136,-0.691
-0.135,-0.691
-0.134,-0.691
-0.133,-0.691
-0.132,-0.691
-0.131,-0.691
-0.13,-0.691
-0.129,-0.691
-0.128,-0.691
-0.127,-0.691
-0.126,-0.691
-0.125,-0.691
-0.124,-0.691
-0.123,-0.691
-0.122,-0.691
-0.121,-0.691
-0.12,-0.691
-0.119,-0.691
-0.118,-0.691
-0.117,-0.691
-0.116,-0.691
-0.115,-0.691
-0.114,-0.691
-0.113,-0.691
-0.112,-0.691
-0.111,-0.691
-0.11,-0.691
-0.109,-0.691
-0.108,-0.691
-0.107,-0.691
-0.106,-0.691
-0.105,-0.691
-0.104,-0.691
-0.103,-0.691
-0.102,-0.691
-0.101,-0.691
-0.1,-0.691
-0.099,-0.691
-0.098,-0.691
-0.097,-0.691
-0.096,-0.691
-0.095,-0.691
-0.094,-0.691
-0.093,-0.691
-0.092,-0.691
-0.091,-0.691
-0.09,-0.691
-0.089,-0.691
-0.088,-0.691
-0.087,-0.691
-0.086,-0.691
-0.085,-0.691
-0.084,-0.691
-0.083,-0.691
-0.082,-0.691
-0.081,-0.691
-0.08,-0.691
-0.079,-0.691
-0.078,-0.691
-0.077,-0.691
-0.076,-0.691
-0.075,-0.691
-0.074,-0.691
-0.073,-0.691
-0.072,-0.691
-0.071,-0.691
-0.07,-0.691
-0.069,-0.691
-0.068,-0.691
-0.067,-0.691
-0.066,-0.691
-0.065,-0.691
-0.064,-0.691
-0.063,-0.691
-0.062,-0.691
-0.061,-0.691
-0.06,-0.691
-0.059,-0.691
-0.058,-0.691
-0.057,-0.691
-0.056,-0.691
-0.055,-0.691
-0.054,-0.691
-0.053,-0.691
-0.052,-0.691
-0.051,-0.691
-0.05,-0.691
-0.049,-0.691
-0.048,-0.691
-0.047,-0.691
-0.046,-0.691
-0.045,-0.691
-0.044,-0.691
-0.042,-0.691
-0.039,-0.691
-0.038,-0.691
-0.037,-0.691
-0.032,-0.691
-0.026,-0.691
-0.203,-0.69
-0.202,-0.69
-0.201,-0.69
-0.2,-0.69
-0.199,-0.69
-0.198,-0.69
-0.197,-0.69
-0.196,-0.69
-0.195,-0.69
-0.194,-0.69
-0.193,-0.69
-0.192,-0.69
-0.191,-0.69
-0.19,-0.69
-0.189,-0.69
-0.188,-0.69
-0.187,-0.69
-0.186,-0.69
-0.185,-0.69
-0.184,-0.69
-0.183,-0.69
-0.182,-0.69
-0.181,-0.69
-0.18,-0.69
-0.179,-0.69
-0.178,-0.69
-0.177,-0.69
-0.176,-0.69
-0.175,-0.69
-0.174,-0.69
-0.173,-0.69
-0.172,-0.69
-0.171,-0.69
-0.17,-0.69
-0.169,-0.69
-0.168,-0.69
-0.167,-0.69
-0.166,-0.69
-0.165,-0.69
-0.164,-0.69
-0.163,-0.69
-0.162,-0.69
-0.161,-0.69
-0.16,-0.69
-0.159,-0.69
-0.158,-0.69
-0.157,-0.69
-0.156,-0.69
-0.155,-0.69
-0.154,-0.69
-0.153,-0.69
-0.152,-0.69
-0.151,-0.69
-0.15,-0.69
-0.149,-0.69
-0.148,-0.69
-0.147,-0.69
-0.146,-0.69
-0.145,-0.69
-0.144,-0.69
-0.143,-0.69
-0.142,-0.69
-0.141,-0.69
-0.14,-0.69
-0.139,-0.69
-0.138,-0.69
-0.137,-0.69
-0.136,-0.69
-0.135,-0.69
-0.134,-0.69
-0.133,-0.69
-0.132,-0.69
-0.131,-0.69
-0.13,-0.69
-0.129,-0.69
-0.128,-0.69
-0.127,-0.69
-0.126,-0.69
-0.125,-0.69
-0.124,-0.69
-0.123,-0.69
-0.122,-0.69
-0.121,-0.69
-0.12,-0.69
-0.119,-0.69
-0.118,-0.69
-0.117,-0.69
-0.116,-0.69
-0.115,-0.69
-0.114,-0.69
-0.113,-0.69
-0.112,-0.69
-0.111,-0.69
-0.11,-0.69
-0.109,-0.69
-0.108,-0.69
-0.107,-0.69
-0.106,-0.69
-0.105,-0.69
-0.104,-0.69
-0.103,-0.69
-0.102,-0.69
-0.101,-0.69
-0.1,-0.69
-0.099,-0.69
-0.098,-0.69
-0.097,-0.69
-0.096,-0.69
-0.095,-0.69
-0.094,-0.69
-0.093,-0.69
-0.092,-0.69
-0.091,-0.69
-0.09,-0.69
-0.089,-0.69
-0.088,-0.69
-0.087,-0.69
-0.086,-0.69
-0.085,-0.69
-0.084,-0.69
-0.083,-0.69
-0.082,-0.69
-0.081,-0.69
-0.08,-0.69
-0.079,-0.69
-0.078,-0.69
-0.077,-0.69
-0.076,-0.69
-0.075,-0.69
-0.074,-0.69
-0.073,-0.69
-0.072,-0.69
-0.071,-0.69
-0.07,-0.69
-0.069,-0.69
-0.068,-0.69
-0.067,-0.69
-0.066,-0.69
-0.065,-0.69
-0.064,-0.69
-0.063,-0.69
-0.062,-0.69
-0.061,-0.69
-0.06,-0.69
-0.059,-0.69
-0.058,-0.69
-0.057,-0.69
-0.056,-0.69
-0.055,-0.69
-0.054,-0.69
-0.053,-0.69
-0.052,-0.69
-0.051,-0.69
-0.05,-0.69
-0.049,-0.69
-0.048,-0.69
-0.047,-0.69
-0.046,-0.69
-0.045,-0.69
-0.038,-0.69
-0.037,-0.69
-0.035,-0.69
-0.213,-0.689
-0.203,-0.689
-0.202,-0.689
-0.201,-0.689
-0.2,-0.689
-0.199,-0.689
-0.198,-0.689
-0.197,-0.689
-0.196,-0.689
-0.195,-0.689
-0.194,-0.689
-0.193,-0.689
-0.192,-0.689
-0.191,-0.689
-0.19,-0.689
-0.189,-0.689
-0.188,-0.689
-0.187,-0.689
-0.186,-0.689
-0.185,-0.689
-0.184,-0.689
-0.183,-0.689
-0.182,-0.689
-0.181,-0.689
-0.18,-0.689
-0.179,-0.689
-0.178,-0.689
-0.177,-0.689
-0.176,-0.689
-0.175,-0.689
-0.174,-0.689
-0.173,-0.689
-0.172,-0.689
-0.171,-0.689
-0.17,-0.689
-0.169,-0.689
-0.168,-0.689
-0.167,-0.689
-0.166,-0.689
-0.165,-0.689
-0.164,-0.689
-0.163,-0.689
-0.162,-0.689
-0.161,-0.689
-0.16,-0.689
-0.159,-0.689
-0.158,-0.689
-0.157,-0.689
-0.156,-0.689
-0.155,-0.689
-0.154,-0.689
-0.153,-0.689
-0.152,-0.689
-0.151,-0.689
-0.15,-0.689
-0.149,-0.689
-0.148,-0.689
-0.147,-0.689
-0.146,-0.689
-0.145,-0.689
-0.144,-0.689
-0.143,-0.689
-0.142,-0.689
-0.141,-0.689
-0.14,-0.689
-0.139,-0.689
-0.138,-0.689
-0.137,-0.689
-0.136,-0.689
-0.135,-0.689
-0.134,-0.689
-0.133,-0.689
-0.132,-0.689
-0.131,-0.689
-0.13,-0.689
-0.129,-0.689
-0.128,-0.689
-0.127,-0.689
-0.126,-0.689
-0.125,-0.689
-0.124,-0.689
-0.123,-0.689
-0.122,-0.689
-0.121,-0.689
-0.12,-0.689
-0.119,-0.689
-0.118,-0.689
-0.117,-0.689
-0.116,-0.689
-0.115,-0.689
-0.114,-0.689
-0.113,-0.689
-0.112,-0.689
-0.111,-0.689
-0.11,-0.689
-0.109,-0.689
-0.108,-0.689
-0.107,-0.689
-0.106,-0.689
-0.105,-0.689
-0.104,-0.689
-0.103,-0.689
-0.102,-0.689
-0.101,-0.689
-0.1,-0.689
-0.099,-0.689
-0.098,-0.689
-0.097,-0.689
-0.096,-0.689
-0.095,-0.689
-0.094,-0.689
-0.093,-0.689
-0.092,-0.689
-0.091,-0.689
-0.09,-0.689
-0.089,-0.689
-0.088,-0.689
-0.087,-0.689
-0.086,-0.689
-0.085,-0.689
-0.084,-0.689
-0.083,-0.689
-0.082,-0.689
-0.081,-0.689
-0.08,-0.689
-0.079,-0.689
-0.078,-0.689
-0.077,-0.689
-0.076,-0.689
-0.075,-0.689
-0.074,-0.689
-0.073,-0.689
-0.072,-0.689
-0.071,-0.689
-0.07,-0.689
-0.069,-0.689
-0.068,-0.689
-0.067,-0.689
-0.066,-0.689
-0.065,-0.689
-0.064,-0.689
-0.063,-0.689
-0.062,-0.689
-0.061,-0.689
-0.06,-0.689
-0.059,-0.689
-0.058,-0.689
-0.057,-0.689
-0.056,-0.689
-0.055,-0.689
-0.054,-0.689
-0.053,-0.689
-0.052,-0.689
-0.051,-0.689
-0.05,-0.689
-0.049,-0.689
-0.048,-0.689
-0.047,-0.689
-0.046,-0.689
-0.04,-0.689
-0.035,-0.689
-0.212,-0.688
-0.205,-0.688
-0.204,-0.688
-0.203,-0.688
-0.202,-0.688
-0.201,-0.688
-0.2,-0.688
-0.199,-0.688
-0.198,-0.688
-0.197,-0.688
-0.196,-0.688
-0.195,-0.688
-0.194,-0.688
-0.193,-0.688
-0.192,-0.688
-0.191,-0.688
-0.19,-0.688
-0.189,-0.688
-0.188,-0.688
-0.187,-0.688
-0.186,-0.688
-0.185,-0.688
-0.184,-0.688
-0.183,-0.688
-0.182,-0.688
-0.181,-0.688
-0.18,-0.688
-0.179,-0.688
-0.178,-0.688
-0.177,-0.688
-0.176,-0.688
-0.175,-0.688
-0.174,-0.688
-0.173,-0.688
-0.172,-0.688
-0.171,-0.688
-0.17,-0.688
-0.169,-0.688
-0.168,-0.688
-0.167,-0.688
-0.166,-0.688
-0.165,-0.688
-0.164,-0.688
-0.163,-0.688
-0.162,-0.688
-0.161,-0.688
-0.16,-0.688
-0.159,-0.688
-0.158,-0.688
-0.157,-0.688
-0.156,-0.688
-0.155,-0.688
-0.154,-0.688
-0.153,-0.688
-0.152,-0.688
-0.151,-0.688
-0.15,-0.688
-0.149,-0.688
-0.148,-0.688
-0.147,-0.688
-0.146,-0.688
-0.145,-0.688
-0.144,-0.688
-0.143,-0.688
-0.142,-0.688
-0.141,-0.688
-0.14,-0.688
-0.139,-0.688
-0.138,-0.688
-0.137,-0.688
-0.136,-0.688
-0.135,-0.688
-0.134,-0.688
-0.133,-0.688
-0.132,-0.688
-0.131,-0.688
-0.13,-0.688
-0.129,-0.688
-0.128,-0.688
-0.127,-0.688
-0.126,-0.688
-0.125,-0.688
-0.124,-0.688
-0.123,-0.688
-0.122,-0.688
-0.121,-0.688
-0.12,-0.688
-0.119,-0.688
-0.118,-0.688
-0.117,-0.688
-0.116,-0.688
-0.115,-0.688
-0.114,-0.688
-0.113,-0.688
-0.112,-0.688
-0.111,-0.688
-0.11,-0.688
-0.109,-0.688
-0.108,-0.688
-0.107,-0.688
-0.106,-0.688
-0.105,-0.688
-0.104,-0.688
-0.103,-0.688
-0.102,-0.688
-0.101,-0.688
-0.1,-0.688
-0.099,-0.688
-0.098,-0.688
-0.097,-0.688
-0.096,-0.688
-0.095,-0.688
-0.094,-0.688
-0.093,-0.688
-0.092,-0.688
-0.091,-0.688
-0.09,-0.688
-0.089,-0.688
-0.088,-0.688
-0.087,-0.688
-0.086,-0.688
-0.085,-0.688
-0.084,-0.688
-0.083,-0.688
-0.082,-0.688
-0.081,-0.688
-0.08,-0.688
-0.079,-0.688
-0.078,-0.688
-0.077,-0.688
-0.076,-0.688
-0.075,-0.688
-0.074,-0.688
-0.073,-0.688
-0.072,-0.688
-0.071,-0.688
-0.07,-0.688
-0.069,-0.688
-0.068,-0.688
-0.067,-0.688
-0.066,-0.688
-0.065,-0.688
-0.064,-0.688
-0.063,-0.688
-0.062,-0.688
-0.061,-0.688
-0.06,-0.688
-0.059,-0.688
-0.058,-0.688
-0.057,-0.688
-0.056,-0.688
-0.055,-0.688
-0.054,-0.688
-0.053,-0.688
-0.052,-0.688
-0.051,-0.688
-0.05,-0.688
-0.049,-0.688
-0.048,-0.688
-0.047,-0.688
-0.046,-0.688
-0.045,-0.688
-0.036,-0.688
-0.212,-0.687
-0.206,-0.687
-0.205,-0.687
-0.204,-0.687
-0.203,-0.687
-0.202,-0.687
-0.201,-0.687
-0.2,-0.687
-0.199,-0.687
-0.198,-0.687
-0.197,-0.687
-0.196,-0.687
-0.195,-0.687
-0.194,-0.687
-0.193,-0.687
-0.192,-0.687
-0.191,-0.687
-0.19,-0.687
-0.189,-0.687
-0.188,-0.687
-0.187,-0.687
-0.186,-0.687
-0.185,-0.687
-0.184,-0.687
-0.183,-0.687
-0.182,-0.687
-0.181,-0.687
-0.18,-0.687
-0.179,-0.687
-0.178,-0.687
-0.177,-0.687
-0.176,-0.687
-0.175,-0.687
-0.174,-0.687
-0.173,-0.687
-0.172,-0.687
-0.171,-0.687
-0.17,-0.687
-0.169,-0.687
-0.168,-0.687
-0.167,-0.687
-0.166,-0.687
-0.165,-0.687
-0.164,-0.687
-0.163,-0.687
-0.162,-0.687
-0.161,-0.687
-0.16,-0.687
-0.159,-0.687
-0.158,-0.687
-0.157,-0.687
-0.156,-0.687
-0.155,-0.687
-0.154,-0.687
-0.153,-0.687
-0.152,-0.687
-0.151,-0.687
-0.15,-0.687
-0.149,-0.687
-0.148,-0.687
-0.147,-0.687
-0.146,-0.687
-0.145,-0.687
-0.144,-0.687
-0.143,-0.687
-0.142,-0.687
-0.141,-0.687
-0.14,-0.687
-0.139,-0.687
-0.138,-0.687
-0.137,-0.687
-0.136,-0.687
-0.135,-0.687
-0.134,-0.687
-0.133,-0.687
-0.132,-0.687
-0.131,-0.687
-0.13,-0.687
-0.129,-0.687
-0.128,-0.687
-0.127,-0.687
-0.126,-0.687
-0.125,-0.687
-0.124,-0.687
-0.123,-0.687
-0.122,-0.687
-0.121,-0.687
-0.12,-0.687
-0.119,-0.687
-0.118,-0.687
-0.117,-0.687
-0.116,-0.687
-0.115,-0.687
-0.114,-0.687
-0.113,-0.687
-0.112,-0.687
-0.111,-0.687
-0.11,-0.687
-0.109,-0.687
-0.108,-0.687
-0.107,-0.687
-0.106,-0.687
-0.105,-0.687
-0.104,-0.687
-0.103,-0.687
-0.102,-0.687
-0.101,-0.687
-0.1,-0.687
-0.099,-0.687
-0.098,-0.687
-0.097,-0.687
-0.096,-0.687
-0.095,-0.687
-0.094,-0.687
-0.093,-0.687
-0.092,-0.687
-0.091,-0.687
-0.09,-0.687
-0.089,-0.687
-0.088,-0.687
-0.087,-0.687
-0.086,-0.687
-0.085,-0.687
-0.084,-0.687
-0.083,-0.687
-0.082,-0.687
-0.081,-0.687
-0.08,-0.687
-0.079,-0.687
-0.078,-0.687
-0.077,-0.687
-0.076,-0.687
-0.075,-0.687
-0.074,-0.687
-0.073,-0.687
-0.072,-0.687
-0.071,-0.687
-0.07,-0.687
-0.069,-0.687
-0.068,-0.687
-0.067,-0.687
-0.066,-0.687
-0.065,-0.687
-0.064,-0.687
-0.063,-0.687
-0.062,-0.687
-0.061,-0.687
-0.06,-0.687
-0.059,-0.687
-0.058,-0.687
-0.057,-0.687
-0.056,-0.687
-0.055,-0.687
-0.054,-0.687
-0.053,-0.687
-0.052,-0.687
-0.051,-0.687
-0.05,-0.687
-0.049,-0.687
-0.048,-0.687
-0.206,-0.686
-0.205,-0.686
-0.204,-0.686
-0.203,-0.686
-0.202,-0.686
-0.201,-0.686
-0.2,-0.686
-0.199,-0.686
-0.198,-0.686
-0.197,-0.686
-0.196,-0.686
-0.195,-0.686
-0.194,-0.686
-0.193,-0.686
-0.192,-0.686
-0.191,-0.686
-0.19,-0.686
-0.189,-0.686
-0.188,-0.686
-0.187,-0.686
-0.186,-0.686
-0.185,-0.686
-0.184,-0.686
-0.183,-0.686
-0.182,-0.686
-0.181,-0.686
-0.18,-0.686
-0.179,-0.686
-0.178,-0.686
-0.177,-0.686
-0.176,-0.686
-0.175,-0.686
-0.174,-0.686
-0.173,-0.686
-0.172,-0.686
-0.171,-0.686
-0.17,-0.686
-0.169,-0.686
-0.168,-0.686
-0.167,-0.686
-0.166,-0.686
-0.165,-0.686
-0.164,-0.686
-0.163,-0.686
-0.162,-0.686
-0.161,-0.686
-0.16,-0.686
-0.159,-0.686
-0.158,-0.686
-0.157,-0.686
-0.156,-0.686
-0.155,-0.686
-0.154,-0.686
-0.153,-0.686
-0.152,-0.686
-0.151,-0.686
-0.15,-0.686
-0.149,-0.686
-0.148,-0.686
-0.147,-0.686
-0.146,-0.686
-0.145,-0.686
-0.144,-0.686
-0.143,-0.686
-0.142,-0.686
-0.141,-0.686
-0.14,-0.686
-0.139,-0.686
-0.138,-0.686
-0.137,-0.686
-0.136,-0.686
-0.135,-0.686
-0.134,-0.686
-0.133,-0.686
-0.132,-0.686
-0.131,-0.686
-0.13,-0.686
-0.129,-0.686
-0.128,-0.686
-0.127,-0.686
-0.126,-0.686
-0.125,-0.686
-0.124,-0.686
-0.123,-0.686
-0.122,-0.686
-0.121,-0.686
-0.12,-0.686
-0.119,-0.686
-0.118,-0.686
-0.117,-0.686
-0.116,-0.686
-0.115,-0.686
-0.114,-0.686
-0.113,-0.686
-0.112,-0.686
-0.111,-0.686
-0.11,-0.686
-0.109,-0.686
-0.108,-0.686
-0.107,-0.686
-0.106,-0.686
-0.105,-0.686
-0.104,-0.686
-0.103,-0.686
-0.102,-0.686
-0.101,-0.686
-0.1,-0.686
-0.099,-0.686
-0.098,-0.686
-0.097,-0.686
-0.096,-0.686
-0.095,-0.686
-0.094,-0.686
-0.093,-0.686
-0.092,-0.686
-0.091,-0.686
-0.09,-0.686
-0.089,-0.686
-0.088,-0.686
-0.087,-0.686
-0.086,-0.686
-0.085,-0.686
-0.084,-0.686
-0.083,-0.686
-0.082,-0.686
-0.081,-0.686
-0.08,-0.686
-0.079,-0.686
-0.078,-0.686
-0.077,-0.686
-0.076,-0.686
-0.075,-0.686
-0.074,-0.686
-0.073,-0.686
-0.072,-0.686
-0.071,-0.686
-0.07,-0.686
-0.069,-0.686
-0.068,-0.686
-0.067,-0.686
-0.066,-0.686
-0.065,-0.686
-0.064,-0.686
-0.063,-0.686
-0.062,-0.686
-0.061,-0.686
-0.06,-0.686
-0.059,-0.686
-0.058,-0.686
-0.057,-0.686
-0.056,-0.686
-0.055,-0.686
-0.054,-0.686
-0.053,-0.686
-0.052,-0.686
-0.051,-0.686
-0.05,-0.686
-0.049,-0.686
-0.046,-0.686
-0.214,-0.685
-0.205,-0.685
-0.204,-0.685
-0.203,-0.685
-0.202,-0.685
-0.201,-0.685
-0.2,-0.685
-0.199,-0.685
-0.198,-0.685
-0.197,-0.685
-0.196,-0.685
-0.195,-0.685
-0.194,-0.685
-0.193,-0.685
-0.192,-0.685
-0.191,-0.685
-0.19,-0.685
-0.189,-0.685
-0.188,-0.685
-0.187,-0.685
-0.186,-0.685
-0.185,-0.685
-0.184,-0.685
-0.183,-0.685
-0.182,-0.685
-0.181,-0.685
-0.18,-0.685
-0.179,-0.685
-0.178,-0.685
-0.177,-0.685
-0.176,-0.685
-0.175,-0.685
-0.174,-0.685
-0.173,-0.685
-0.172,-0.685
-0.171,-0.685
-0.17,-0.685
-0.169,-0.685
-0.168,-0.685
-0.167,-0.685
-0.166,-0.685
-0.165,-0.685
-0.164,-0.685
-0.163,-0.685
-0.162,-0.685
-0.161,-0.685
-0.16,-0.685
-0.159,-0.685
-0.158,-0.685
-0.157,-0.685
-0.156,-0.685
-0.155,-0.685
-0.154,-0.685
-0.153,-0.685
-0.152,-0.685
-0.151,-0.685
-0.15,-0.685
-0.149,-0.685
-0.148,-0.685
-0.147,-0.685
-0.146,-0.685
-0.145,-0.685
-0.144,-0.685
-0.143,-0.685
-0.142,-0.685
-0.141,-0.685
-0.14,-0.685
-0.139,-0.685
-0.138,-0.685
-0.137,-0.685
-0.136,-0.685
-0.135,-0.685
-0.134,-0.685
-0.133,-0.685
-0.132,-0.685
-0.131,-0.685
-0.13,-0.685
-0.129,-0.685
-0.128,-0.685
-0.127,-0.685
-0.126,-0.685
-0.125,-0.685
-0.124,-0.685
-0.123,-0.685
-0.122,-0.685
-0.121,-0.685
-0.12,-0.685
-0.119,-0.685
-0.118,-0.685
-0.117,-0.685
-0.116,-0.685
-0.115,-0.685
-0.114,-0.685
-0.113,-0.685
-0.112,-0.685
-0.111,-0.685
-0.11,-0.685
-0.109,-0.685
-0.108,-0.685
-0.107,-0.685
-0.106,-0.685
-0.105,-0.685
-0.104,-0.685
-0.103,-0.685
-0.102,-0.685
-0.101,-0.685
-0.1,-0.685
-0.099,-0.685
-0.098,-0.685
-0.097,-0.685
-0.096,-0.685
-0.095,-0.685
-0.094,-0.685
-0.093,-0.685
-0.092,-0.685
-0.091,-0.685
-0.09,-0.685
-0.089,-0.685
-0.088,-0.685
-0.087,-0.685
-0.086,-0.685
-0.085,-0.685
-0.084,-0.685
-0.083,-0.685
-0.082,-0.685
-0.081,-0.685
-0.08,-0.685
-0.079,-0.685
-0.078,-0.685
-0.077,-0.685
-0.076,-0.685
-0.075,-0.685
-0.074,-0.685
-0.073,-0.685
-0.072,-0.685
-0.071,-0.685
-0.07,-0.685
-0.069,-0.685
-0.068,-0.685
-0.067,-0.685
-0.066,-0.685
-0.065,-0.685
-0.064,-0.685
-0.063,-0.685
-0.062,-0.685
-0.061,-0.685
-0.06,-0.685
-0.059,-0.685
-0.058,-0.685
-0.057,-0.685
-0.056,-0.685
-0.055,-0.685
-0.054,-0.685
-0.053,-0.685
-0.052,-0.685
-0.051,-0.685
-0.05,-0.685
-0.049,-0.685
-0.048,-0.685
-0.047,-0.685
-0.046,-0.685
-0.04,-0.685
0.36,-0.685
-0.606,-0.684
-0.212,-0.684
-0.209,-0.684
-0.208,-0.684
-0.207,-0.684
-0.205,-0.684
-0.204,-0.684
-0.203,-0.684
-0.202,-0.684
-0.201,-0.684
-0.2,-0.684
-0.199,-0.684
-0.198,-0.684
-0.197,-0.684
-0.196,-0.684
-0.195,-0.684
-0.194,-0.684
-0.193,-0.684
-0.192,-0.684
-0.191,-0.684
-0.19,-0.684
-0.189,-0.684
-0.188,-0.684
-0.187,-0.684
-0.186,-0.684
-0.185,-0.684
-0.184,-0.684
-0.183,-0.684
-0.182,-0.684
-0.181,-0.684
-0.18,-0.684
-0.179,-0.684
-0.178,-0.684
-0.177,-0.684
-0.176,-0.684
-0.175,-0.684
-0.174,-0.684
-0.173,-0.684
-0.172,-0.684
-0.171,-0.684
-0.17,-0.684
-0.169,-0.684
-0.168,-0.684
-0.167,-0.684
-0.166,-0.684
-0.165,-0.684
-0.164,-0.684
-0.163,-0.684
-0.162,-0.684
-0.161,-0.684
-0.16,-0.684
-0.159,-0.684
-0.158,-0.684
-0.157,-0.684
-0.156,-0.684
-0.155,-0.684
-0.154,-0.684
-0.153,-0.684
-0.152,-0.684
-0.151,-0.684
-0.15,-0.684
-0.149,-0.684
-0.148,-0.684
-0.147,-0.684
-0.146,-0.684
-0.145,-0.684
-0.144,-0.684
-0.143,-0.684
-0.142,-0.684
-0.141,-0.684
-0.14,-0.684
-0.139,-0.684
-0.138,-0.684
-0.137,-0.684
-0.136,-0.684
-0.135,-0.684
-0.134,-0.684
-0.133,-0.684
-0.132,-0.684
-0.131,-0.684
-0.13,-0.684
-0.129,-0.684
-0.128,-0.684
-0.127,-0.684
-0.126,-0.684
-0.125,-0.684
-0.124,-0.684
-0.123,-0.684
-0.122,-0.684
-0.121,-0.684
-0.12,-0.684
-0.119,-0.684
-0.118,-0.684
-0.117,-0.684
-0.116,-0.684
-0.115,-0.684
-0.114,-0.684
-0.113,-0.684
-0.112,-0.684
-0.111,-0.684
-0.11,-0.684
-0.109,-0.684
-0.108,-0.684
-0.107,-0.684
-0.106,-0.684
-0.105,-0.684
-0.104,-0.684
-0.103,-0.684
-0.102,-0.684
-0.101,-0.684
-0.1,-0.684
-0.099,-0.684
-0.098,-0.684
-0.097,-0.684
-0.096,-0.684
-0.095,-0.684
-0.094,-0.684
-0.093,-0.684
-0.092,-0.684
-0.091,-0.684
-0.09,-0.684
-0.089,-0.684
-0.088,-0.684
-0.087,-0.684
-0.086,-0.684
-0.085,-0.684
-0.084,-0.684
-0.083,-0.684
-0.082,-0.684
-0.081,-0.684
-0.08,-0.684
-0.079,-0.684
-0.078,-0.684
-0.077,-0.684
-0.076,-0.684
-0.075,-0.684
-0.074,-0.684
-0.073,-0.684
-0.072,-0.684
-0.071,-0.684
-0.07,-0.684
-0.069,-0.684
-0.068,-0.684
-0.067,-0.684
-0.066,-0.684
-0.065,-0.684
-0.064,-0.684
-0.063,-0.684
-0.062,-0.684
-0.061,-0.684
-0.06,-0.684
-0.059,-0.684
-0.058,-0.684
-0.057,-0.684
-0.056,-0.684
-0.055,-0.684
-0.054,-0.684
-0.053,-0.684
-0.052,-0.684
-0.051,-0.684
-0.05,-0.684
-0.049,-0.684
-0.048,-0.684
-0.047,-0.684
-0.046,-0.684
-0.041,-0.684
-0.216,-0.683
-0.209,-0.683
-0.206,-0.683
-0.205,-0.683
-0.204,-0.683
-0.203,-0.683
-0.202,-0.683
-0.198,-0.683
-0.197,-0.683
-0.196,-0.683
-0.195,-0.683
-0.194,-0.683
-0.193,-0.683
-0.192,-0.683
-0.191,-0.683
-0.19,-0.683
-0.189,-0.683
-0.188,-0.683
-0.187,-0.683
-0.186,-0.683
-0.185,-0.683
-0.184,-0.683
-0.183,-0.683
-0.182,-0.683
-0.181,-0.683
-0.18,-0.683
-0.179,-0.683
-0.178,-0.683
-0.177,-0.683
-0.176,-0.683
-0.175,-0.683
-0.174,-0.683
-0.173,-0.683
-0.172,-0.683
-0.171,-0.683
-0.17,-0.683
-0.169,-0.683
-0.168,-0.683
-0.167,-0.683
-0.166,-0.683
-0.165,-0.683
-0.164,-0.683
-0.163,-0.683
-0.162,-0.683
-0.161,-0.683
-0.16,-0.683
-0.159,-0.683
-0.158,-0.683
-0.157,-0.683
-0.156,-0.683
-0.155,-0.683
-0.154,-0.683
-0.153,-0.683
-0.152,-0.683
-0.151,-0.683
-0.15,-0.683
-0.149,-0.683
-0.148,-0.683
-0.147,-0.683
-0.146,-0.683
-0.145,-0.683
-0.144,-0.683
-0.143,-0.683
-0.142,-0.683
-0.141,-0.683
-0.14,-0.683
-0.139,-0.683
-0.138,-0.683
-0.137,-0.683
-0.136,-0.683
-0.135,-0.683
-0.134,-0.683
-0.133,-0.683
-0.132,-0.683
-0.131,-0.683
-0.13,-0.683
-0.129,-0.683
-0.128,-0.683
-0.127,-0.683
-0.126,-0.683
-0.125,-0.683
-0.124,-0.683
-0.123,-0.683
-0.122,-0.683
-0.121,-0.683
-0.12,-0.683
-0.119,-0.683
-0.118,-0.683
-0.117,-0.683
-0.116,-0.683
-0.115,-0.683
-0.114,-0.683
-0.113,-0.683
-0.112,-0.683
-0.111,-0.683
-0.11,-0.683
-0.109,-0.683
-0.108,-0.683
-0.107,-0.683
-0.106,-0.683
-0.105,-0.683
-0.104,-0.683
-0.103,-0.683
-0.102,-0.683
-0.101,-0.683
-0.1,-0.683
-0.099,-0.683
-0.098,-0.683
-0.097,-0.683
-0.096,-0.683
-0.095,-0.683
-0.094,-0.683
-0.093,-0.683
-0.092,-0.683
-0.091,-0.683
-0.09,-0.683
-0.089,-0.683
-0.088,-0.683
-0.087,-0.683
-0.086,-0.683
-0.085,-0.683
-0.084,-0.683
-0.083,-0.683
-0.082,-0.683
-0.081,-0.683
-0.08,-0.683
-0.079,-0.683
-0.078,-0.683
-0.077,-0.683
-0.076,-0.683
-0.075,-0.683
-0.074,-0.683
-0.073,-0.683
-0.072,-0.683
-0.071,-0.683
-0.07,-0.683
-0.069,-0.683
-0.068,-0.683
-0.067,-0.683
-0.066,-0.683
-0.065,-0.683
-0.064,-0.683
-0.063,-0.683
-0.062,-0.683
-0.061,-0.683
-0.06,-0.683
-0.059,-0.683
-0.058,-0.683
-0.057,-0.683
-0.056,-0.683
-0.055,-0.683
-0.054,-0.683
-0.053,-0.683
-0.052,-0.683
-0.051,-0.683
-0.05,-0.683
-0.049,-0.683
-0.048,-0.683
-0.036,-0.683
-0.207,-0.682
-0.204,-0.682
-0.2,-0.682
-0.199,-0.682
-0.198,-0.682
-0.197,-0.682
-0.196,-0.682
-0.195,-0.682
-0.194,-0.682
-0.193,-0.682
-0.192,-0.682
-0.191,-0.682
-0.19,-0.682
-0.189,-0.682
-0.188,-0.682
-0.187,-0.682
-0.186,-0.682
-0.185,-0.682
-0.184,-0.682
-0.183,-0.682
-0.182,-0.682
-0.181,-0.682
-0.18,-0.682
-0.179,-0.682
-0.178,-0.682
-0.177,-0.682
-0.176,-0.682
-0.175,-0.682
-0.174,-0.682
-0.173,-0.682
-0.172,-0.682
-0.171,-0.682
-0.17,-0.682
-0.169,-0.682
-0.168,-0.682
-0.167,-0.682
-0.166,-0.682
-0.165,-0.682
-0.164,-0.682
-0.163,-0.682
-0.162,-0.682
-0.161,-0.682
-0.16,-0.682
-0.159,-0.682
-0.158,-0.682
-0.157,-0.682
-0.156,-0.682
-0.155,-0.682
-0.154,-0.682
-0.153,-0.682
-0.152,-0.682
-0.151,-0.682
-0.15,-0.682
-0.149,-0.682
-0.148,-0.682
-0.147,-0.682
-0.146,-0.682
-0.145,-0.682
-0.144,-0.682
-0.143,-0.682
-0.142,-0.682
-0.141,-0.682
-0.14,-0.682
-0.139,-0.682
-0.138,-0.682
-0.137,-0.682
-0.136,-0.682
-0.135,-0.682
-0.134,-0.682
-0.133,-0.682
-0.132,-0.682
-0.131,-0.682
-0.13,-0.682
-0.129,-0.682
-0.128,-0.682
-0.127,-0.682
-0.126,-0.682
-0.125,-0.682
-0.124,-0.682
-0.123,-0.682
-0.122,-0.682
-0.121,-0.682
-0.12,-0.682
-0.119,-0.682
-0.118,-0.682
-0.117,-0.682
-0.116,-0.682
-0.115,-0.682
-0.114,-0.682
-0.113,-0.682
-0.112,-0.682
-0.111,-0.682
-0.11,-0.682
-0.109,-0.682
-0.108,-0.682
-0.107,-0.682
-0.106,-0.682
-0.105,-0.682
-0.104,-0.682
-0.103,-0.682
-0.102,-0.682
-0.101,-0.682
-0.1,-0.682
-0.099,-0.682
-0.098,-0.682
-0.097,-0.682
-0.096,-0.682
-0.095,-0.682
-0.094,-0.682
-0.093,-0.682
-0.092,-0.682
-0.091,-0.682
-0.09,-0.682
-0.089,-0.682
-0.088,-0.682
-0.087,-0.682
-0.086,-0.682
-0.085,-0.682
-0.084,-0.682
-0.083,-0.682
-0.082,-0.682
-0.081,-0.682
-0.08,-0.682
-0.079,-0.682
-0.078,-0.682
-0.077,-0.682
-0.076,-0.682
-0.075,-0.682
-0.074,-0.682
-0.073,-0.682
-0.072,-0.682
-0.071,-0.682
-0.07,-0.682
-0.069,-0.682
-0.068,-0.682
-0.067,-0.682
-0.066,-0.682
-0.065,-0.682
-0.064,-0.682
-0.063,-0.682
-0.062,-0.682
-0.061,-0.682
-0.06,-0.682
-0.059,-0.682
-0.058,-0.682
-0.057,-0.682
-0.056,-0.682
-0.055,-0.682
-0.054,-0.682
-0.053,-0.682
-0.051,-0.682
-0.05,-0.682
-0.049,-0.682
-0.048,-0.682
-0.04,-0.682
-0.197,-0.681
-0.196,-0.681
-0.195,-0.681
-0.194,-0.681
-0.193,-0.681
-0.192,-0.681
-0.191,-0.681
-0.19,-0.681
-0.189,-0.681
-0.188,-0.681
-0.187,-0.681
-0.186,-0.681
-0.185,-0.681
-0.184,-0.681
-0.183,-0.681
-0.182,-0.681
-0.181,-0.681
-0.18,-0.681
-0.179,-0.681
-0.178,-0.681
-0.177,-0.681
-0.176,-0.681
-0.175,-0.681
-0.174,-0.681
-0.173,-0.681
-0.172,-0.681
-0.171,-0.681
-0.17,-0.681
-0.169,-0.681
-0.168,-0.681
-0.167,-0.681
-0.166,-0.681
-0.165,-0.681
-0.164,-0.681
-0.163,-0.681
-0.162,-0.681
-0.161,-0.681
-0.16,-0.681
-0.159,-0.681
-0.158,-0.681
-0.157,-0.681
-0.156,-0.681
-0.155,-0.681
-0.154,-0.681
-0.153,-0.681
-0.152,-0.681
-0.151,-0.681
-0.15,-0.681
-0.149,-0.681
-0.148,-0.681
-0.147,-0.681
-0.146,-0.681
-0.145,-0.681
-0.144,-0.681
-0.143,-0.681
-0.142,-0.681
-0.141,-0.681
-0.14,-0.681
-0.139,-0.681
-0.138,-0.681
-0.137,-0.681
-0.136,-0.681
-0.135,-0.681
-0.134,-0.681
-0.133,-0.681
-0.132,-0.681
-0.131,-0.681
-0.13,-0.681
-0.129,-0.681
-0.128,-0.681
-0.127,-0.681
-0.126,-0.681
-0.125,-0.681
-0.124,-0.681
-0.123,-0.681
-0.122,-0.681
-0.121,-0.681
-0.12,-0.681
-0.119,-0.681
-0.118,-0.681
-0.117,-0.681
-0.116,-0.681
-0.115,-0.681
-0.114,-0.681
-0.113,-0.681
-0.112,-0.681
-0.111,-0.681
-0.11,-0.681
-0.109,-0.681
-0.108,-0.681
-0.107,-0.681
-0.106,-0.681
-0.105,-0.681
-0.104,-0.681
-0.103,-0.681
-0.102,-0.681
-0.101,-0.681
-0.1,-0.681
-0.099,-0.681
-0.098,-0.681
-0.097,-0.681
-0.096,-0.681
-0.095,-0.681
-0.094,-0.681
-0.093,-0.681
-0.092,-0.681
-0.091,-0.681
-0.09,-0.681
-0.089,-0.681
-0.088,-0.681
-0.087,-0.681
-0.086,-0.681
-0.085,-0.681
-0.084,-0.681
-0.083,-0.681
-0.082,-0.681
-0.081,-0.681
-0.08,-0.681
-0.079,-0.681
-0.078,-0.681
-0.077,-0.681
-0.076,-0.681
-0.075,-0.681
-0.074,-0.681
-0.073,-0.681
-0.072,-0.681
-0.071,-0.681
-0.07,-0.681
-0.069,-0.681
-0.068,-0.681
-0.067,-0.681
-0.066,-0.681
-0.065,-0.681
-0.064,-0.681
-0.063,-0.681
-0.062,-0.681
-0.061,-0.681
-0.06,-0.681
-0.059,-0.681
-0.058,-0.681
-0.057,-0.681
-0.056,-0.681
-0.055,-0.681
-0.054,-0.681
-0.053,-0.681
-0.05,-0.681
-0.049,-0.681
-0.048,-0.681
-0.046,-0.681
-0.045,-0.681
-0.044,-0.681
-0.043,-0.681
-0.038,-0.681
-0.198,-0.68
-0.197,-0.68
-0.196,-0.68
-0.195,-0.68
-0.194,-0.68
-0.193,-0.68
-0.192,-0.68
-0.191,-0.68
-0.19,-0.68
-0.189,-0.68
-0.188,-0.68
-0.187,-0.68
-0.186,-0.68
-0.185,-0.68
-0.184,-0.68
-0.183,-0.68
-0.182,-0.68
-0.181,-0.68
-0.18,-0.68
-0.179,-0.68
-0.178,-0.68
-0.177,-0.68
-0.176,-0.68
-0.175,-0.68
-0.174,-0.68
-0.173,-0.68
-0.172,-0.68
-0.171,-0.68
-0.17,-0.68
-0.169,-0.68
-0.168,-0.68
-0.167,-0.68
-0.166,-0.68
-0.165,-0.68
-0.164,-0.68
-0.163,-0.68
-0.162,-0.68
-0.161,-0.68
-0.16,-0.68
-0.159,-0.68
-0.158,-0.68
-0.157,-0.68
-0.156,-0.68
-0.155,-0.68
-0.154,-0.68
-0.153,-0.68
-0.152,-0.68
-0.151,-0.68
-0.15,-0.68
-0.149,-0.68
-0.148,-0.68
-0.147,-0.68
-0.146,-0.68
-0.145,-0.68
-0.144,-0.68
-0.143,-0.68
-0.142,-0.68
-0.141,-0.68
-0.14,-0.68
-0.139,-0.68
-0.138,-0.68
-0.137,-0.68
-0.136,-0.68
-0.135,-0.68
-0.134,-0.68
-0.133,-0.68
-0.132,-0.68
-0.131,-0.68
-0.13,-0.68
-0.129,-0.68
-0.128,-0.68
-0.127,-0.68
-0.126,-0.68
-0.125,-0.68
-0.124,-0.68
-0.123,-0.68
-0.122,-0.68
-0.121,-0.68
-0.12,-0.68
-0.119,-0.68
-0.118,-0.68
-0.117,-0.68
-0.116,-0.68
-0.115,-0.68
-0.114,-0.68
-0.113,-0.68
-0.112,-0.68
-0.111,-0.68
-0.11,-0.68
-0.109,-0.68
-0.108,-0.68
-0.107,-0.68
-0.106,-0.68
-0.105,-0.68
-0.104,-0.68
-0.103,-0.68
-0.102,-0.68
-0.101,-0.68
-0.1,-0.68
-0.099,-0.68
-0.098,-0.68
-0.097,-0.68
-0.096,-0.68
-0.095,-0.68
-0.094,-0.68
-0.093,-0.68
-0.092,-0.68
-0.091,-0.68
-0.09,-0.68
-0.089,-0.68
-0.088,-0.68
-0.087,-0.68
-0.086,-0.68
-0.085,-0.68
-0.084,-0.68
-0.083,-0.68
-0.082,-0.68
-0.081,-0.68
-0.08,-0.68
-0.079,-0.68
-0.078,-0.68
-0.077,-0.68
-0.076,-0.68
-0.075,-0.68
-0.074,-0.68
-0.073,-0.68
-0.072,-0.68
-0.071,-0.68
-0.07,-0.68
-0.069,-0.68
-0.068,-0.68
-0.067,-0.68
-0.066,-0.68
-0.065,-0.68
-0.064,-0.68
-0.063,-0.68
-0.062,-0.68
-0.061,-0.68
-0.06,-0.68
-0.059,-0.68
-0.058,-0.68
-0.057,-0.68
-0.056,-0.68
-0.055,-0.68
-0.054,-0.68
-0.052,-0.68
-0.05,-0.68
-0.048,-0.68
-0.047,-0.68
-0.205,-0.679
-0.203,-0.679
-0.198,-0.679
-0.197,-0.679
-0.196,-0.679
-0.195,-0.679
-0.194,-0.679
-0.193,-0.679
-0.192,-0.679
-0.191,-0.679
-0.19,-0.679
-0.189,-0.679
-0.188,-0.679
-0.187,-0.679
-0.186,-0.679
-0.185,-0.679
-0.184,-0.679
-0.183,-0.679
-0.182,-0.679
-0.181,-0.679
-0.18,-0.679
-0.179,-0.679
-0.178,-0.679
-0.177,-0.679
-0.176,-0.679
-0.175,-0.679
-0.174,-0.679
-0.173,-0.679
-0.172,-0.679
-0.171,-0.679
-0.17,-0.679
-0.169,-0.679
-0.168,-0.679
-0.167,-0.679
-0.166,-0.679
-0.165,-0.679
-0.164,-0.679
-0.163,-0.679
-0.162,-0.679
-0.161,-0.679
-0.16,-0.679
-0.159,-0.679
-0.158,-0.679
-0.157,-0.679
-0.156,-0.679
-0.155,-0.679
-0.154,-0.679
-0.153,-0.679
-0.152,-0.679
-0.151,-0.679
-0.15,-0.679
-0.149,-0.679
-0.148,-0.679
-0.147,-0.679
-0.146,-0.679
-0.145,-0.679
-0.144,-0.679
-0.143,-0.679
-0.142,-0.679
-0.141,-0.679
-0.14,-0.679
-0.139,-0.679
-0.138,-0.679
-0.137,-0.679
-0.136,-0.679
-0.135,-0.679
-0.134,-0.679
-0.133,-0.679
-0.132,-0.679
-0.131,-0.679
-0.13,-0.679
-0.129,-0.679
-0.128,-0.679
-0.127,-0.679
-0.126,-0.679
-0.125,-0.679
-0.124,-0.679
-0.123,-0.679
-0.122,-0.679
-0.121,-0.679
-0.12,-0.679
-0.119,-0.679
-0.118,-0.679
-0.117,-0.679
-0.116,-0.679
-0.115,-0.679
-0.114,-0.679
-0.113,-0.679
-0.112,-0.679
-0.111,-0.679
-0.11,-0.679
-0.109,-0.679
-0.108,-0.679
-0.107,-0.679
-0.106,-0.679
-0.105,-0.679
-0.104,-0.679
-0.103,-0.679
-0.102,-0.679
-0.101,-0.679
-0.1,-0.679
-0.099,-0.679
-0.098,-0.679
-0.097,-0.679
-0.096,-0.679
-0.095,-0.679
-0.094,-0.679
-0.093,-0.679
-0.092,-0.679
-0.091,-0.679
-0.09,-0.679
-0.089,-0.679
-0.088,-0.679
-0.087,-0.679
-0.086,-0.679
-0.085,-0.679
-0.084,-0.679
-0.083,-0.679
-0.082,-0.679
-0.081,-0.679
-0.08,-0.679
-0.079,-0.679
-0.078,-0.679
-0.077,-0.679
-0.076,-0.679
-0.075,-0.679
-0.074,-0.679
-0.073,-0.679
-0.072,-0.679
-0.071,-0.679
-0.07,-0.679
-0.069,-0.679
-0.068,-0.679
-0.067,-0.679
-0.066,-0.679
-0.065,-0.679
-0.064,-0.679
-0.063,-0.679
-0.062,-0.679
-0.061,-0.679
-0.06,-0.679
-0.059,-0.679
-0.058,-0.679
-0.057,-0.679
-0.056,-0.679
-0.054,-0.679
-0.052,-0.679
-0.204,-0.678
-0.202,-0.678
-0.198,-0.678
-0.197,-0.678
-0.196,-0.678
-0.195,-0.678
-0.194,-0.678
-0.193,-0.678
-0.192,-0.678
-0.191,-0.678
-0.19,-0.678
-0.189,-0.678
-0.188,-0.678
-0.187,-0.678
-0.186,-0.678
-0.185,-0.678
-0.184,-0.678
-0.183,-0.678
-0.182,-0.678
-0.181,-0.678
-0.18,-0.678
-0.179,-0.678
-0.178,-0.678
-0.177,-0.678
-0.176,-0.678
-0.175,-0.678
-0.174,-0.678
-0.173,-0.678
-0.172,-0.678
-0.171,-0.678
-0.17,-0.678
-0.169,-0.678
-0.168,-0.678
-0.167,-0.678
-0.166,-0.678
-0.165,-0.678
-0.164,-0.678
-0.163,-0.678
-0.162,-0.678
-0.161,-0.678
-0.16,-0.678
-0.159,-0.678
-0.158,-0.678
-0.157,-0.678
-0.156,-0.678
-0.155,-0.678
-0.154,-0.678
-0.153,-0.678
-0.152,-0.678
-0.151,-0.678
-0.15,-0.678
-0.149,-0.678
-0.148,-0.678
-0.147,-0.678
-0.146,-0.678
-0.145,-0.678
-0.144,-0.678
-0.143,-0.678
-0.142,-0.678
-0.141,-0.678
-0.14,-0.678
-0.139,-0.678
-0.138,-0.678
-0.137,-0.678
-0.136,-0.678
-0.135,-0.678
-0.134,-0.678
-0.133,-0.678
-0.132,-0.678
-0.131,-0.678
-0.13,-0.678
-0.129,-0.678
-0.128,-0.678
-0.127,-0.678
-0.126,-0.678
-0.125,-0.678
-0.124,-0.678
-0.123,-0.678
-0.122,-0.678
-0.121,-0.678
-0.12,-0.678
-0.119,-0.678
-0.118,-0.678
-0.117,-0.678
-0.116,-0.678
-0.115,-0.678
-0.114,-0.678
-0.113,-0.678
-0.112,-0.678
-0.111,-0.678
-0.11,-0.678
-0.109,-0.678
-0.108,-0.678
-0.107,-0.678
-0.106,-0.678
-0.105,-0.678
-0.104,-0.678
-0.103,-0.678
-0.102,-0.678
-0.101,-0.678
-0.1,-0.678
-0.099,-0.678
-0.098,-0.678
-0.097,-0.678
-0.096,-0.678
-0.095,-0.678
-0.094,-0.678
-0.093,-0.678
-0.092,-0.678
-0.091,-0.678
-0.09,-0.678
-0.089,-0.678
-0.088,-0.678
-0.087,-0.678
-0.086,-0.678
-0.085,-0.678
-0.084,-0.678
-0.083,-0.678
-0.082,-0.678
-0.081,-0.678
-0.08,-0.678
-0.079,-0.678
-0.078,-0.678
-0.077,-0.678
-0.076,-0.678
-0.075,-0.678
-0.074,-0.678
-0.073,-0.678
-0.072,-0.678
-0.071,-0.678
-0.07,-0.678
-0.069,-0.678
-0.068,-0.678
-0.067,-0.678
-0.066,-0.678
-0.065,-0.678
-0.064,-0.678
-0.063,-0.678
-0.062,-0.678
-0.061,-0.678
-0.06,-0.678
-0.059,-0.678
-0.058,-0.678
-0.057,-0.678
-0.054,-0.678
-0.362,-0.677
-0.204,-0.677
-0.203,-0.677
-0.199,-0.677
-0.197,-0.677
-0.196,-0.677
-0.195,-0.677
-0.194,-0.677
-0.192,-0.677
-0.191,-0.677
-0.19,-0.677
-0.189,-0.677
-0.188,-0.677
-0.187,-0.677
-0.186,-0.677
-0.185,-0.677
-0.184,-0.677
-0.183,-0.677
-0.182,-0.677
-0.181,-0.677
-0.18,-0.677
-0.179,-0.677
-0.178,-0.677
-0.177,-0.677
-0.176,-0.677
-0.175,-0.677
-0.174,-0.677
-0.173,-0.677
-0.172,-0.677
-0.171,-0.677
-0.17,-0.677
-0.169,-0.677
-0.168,-0.677
-0.167,-0.677
-0.166,-0.677
-0.165,-0.677
-0.164,-0.677
-0.163,-0.677
-0.162,-0.677
-0.161,-0.677
-0.16,-0.677
-0.159,-0.677
-0.158,-0.677
-0.157,-0.677
-0.156,-0.677
-0.155,-0.677
-0.154,-0.677
-0.153,-0.677
-0.152,-0.677
-0.151,-0.677
-0.15,-0.677
-0.149,-0.677
-0.148,-0.677
-0.147,-0.677
-0.146,-0.677
-0.145,-0.677
-0.144,-0.677
-0.143,-0.677
-0.142,-0.677
-0.141,-0.677
-0.14,-0.677
-0.139,-0.677
-0.138,-0.677
-0.137,-0.677
-0.136,-0.677
-0.135,-0.677
-0.134,-0.677
-0.133,-0.677
-0.132,-0.677
-0.131,-0.677
-0.13,-0.677
-0.129,-0.677
-0.128,-0.677
-0.127,-0.677
-0.126,-0.677
-0.125,-0.677
-0.124,-0.677
-0.123,-0.677
-0.122,-0.677
-0.121,-0.677
-0.12,-0.677
-0.119,-0.677
-0.118,-0.677
-0.117,-0.677
-0.116,-0.677
-0.115,-0.677
-0.114,-0.677
-0.113,-0.677
-0.112,-0.677
-0.111,-0.677
-0.11,-0.677
-0.109,-0.677
-0.108,-0.677
-0.107,-0.677
-0.106,-0.677
-0.105,-0.677
-0.104,-0.677
-0.103,-0.677
-0.102,-0.677
-0.101,-0.677
-0.1,-0.677
-0.099,-0.677
-0.098,-0.677
-0.097,-0.677
-0.096,-0.677
-0.095,-0.677
-0.094,-0.677
-0.093,-0.677
-0.092,-0.677
-0.091,-0.677
-0.09,-0.677
-0.089,-0.677
-0.088,-0.677
-0.087,-0.677
-0.086,-0.677
-0.085,-0.677
-0.084,-0.677
-0.083,-0.677
-0.082,-0.677
-0.081,-0.677
-0.08,-0.677
-0.079,-0.677
-0.078,-0.677
-0.077,-0.677
-0.076,-0.677
-0.075,-0.677
-0.074,-0.677
-0.073,-0.677
-0.072,-0.677
-0.071,-0.677
-0.07,-0.677
-0.069,-0.677
-0.068,-0.677
-0.067,-0.677
-0.066,-0.677
-0.065,-0.677
-0.064,-0.677
-0.063,-0.677
-0.062,-0.677
-0.061,-0.677
-0.06,-0.677
-0.059,-0.677
-0.058,-0.677
-0.057,-0.677
-0.056,-0.677
-0.055,-0.677
-0.054,-0.677
-0.05,-0.677
-0.199,-0.676
-0.196,-0.676
-0.195,-0.676
-0.194,-0.676
-0.191,-0.676
-0.19,-0.676
-0.189,-0.676
-0.188,-0.676
-0.187,-0.676
-0.186,-0.676
-0.185,-0.676
-0.184,-0.676
-0.183,-0.676
-0.182,-0.676
-0.181,-0.676
-0.18,-0.676
-0.179,-0.676
-0.178,-0.676
-0.177,-0.676
-0.176,-0.676
-0.175,-0.676
-0.174,-0.676
-0.173,-0.676
-0.172,-0.676
-0.171,-0.676
-0.17,-0.676
-0.169,-0.676
-0.168,-0.676
-0.167,-0.676
-0.166,-0.676
-0.165,-0.676
-0.164,-0.676
-0.163,-0.676
-0.162,-0.676
-0.161,-0.676
-0.16,-0.676
-0.159,-0.676
-0.158,-0.676
-0.157,-0.676
-0.156,-0.676
-0.155,-0.676
-0.154,-0.676
-0.153,-0.676
-0.152,-0.676
-0.151,-0.676
-0.15,-0.676
-0.149,-0.676
-0.148,-0.676
-0.147,-0.676
-0.146,-0.676
-0.145,-0.676
-0.144,-0.676
-0.143,-0.676
-0.142,-0.676
-0.141,-0.676
-0.14,-0.676
-0.139,-0.676
-0.138,-0.676
-0.137,-0.676
-0.136,-0.676
-0.135,-0.676
-0.134,-0.676
-0.133,-0.676
-0.132,-0.676
-0.131,-0.676
-0.13,-0.676
-0.129,-0.676
-0.128,-0.676
-0.127,-0.676
-0.126,-0.676
-0.125,-0.676
-0.124,-0.676
-0.123,-0.676
-0.122,-0.676
-0.121,-0.676
-0.12,-0.676
-0.119,-0.676
-0.118,-0.676
-0.117,-0.676
-0.116,-0.676
-0.115,-0.676
-0.114,-0.676
-0.113,-0.676
-0.112,-0.676
-0.111,-0.676
-0.11,-0.676
-0.109,-0.676
-0.108,-0.676
-0.107,-0.676
-0.106,-0.676
-0.105,-0.676
-0.104,-0.676
-0.103,-0.676
-0.102,-0.676
-0.101,-0.676
-0.1,-0.676
-0.099,-0.676
-0.098,-0.676
-0.097,-0.676
-0.096,-0.676
-0.095,-0.676
-0.094,-0.676
-0.093,-0.676
-0.092,-0.676
-0.091,-0.676
-0.09,-0.676
-0.089,-0.676
-0.088,-0.676
-0.087,-0.676
-0.086,-0.676
-0.085,-0.676
-0.084,-0.676
-0.083,-0.676
-0.082,-0.676
-0.081,-0.676
-0.08,-0.676
-0.079,-0.676
-0.078,-0.676
-0.077,-0.676
-0.076,-0.676
-0.075,-0.676
-0.074,-0.676
-0.073,-0.676
-0.072,-0.676
-0.071,-0.676
-0.07,-0.676
-0.069,-0.676
-0.068,-0.676
-0.067,-0.676
-0.066,-0.676
-0.065,-0.676
-0.064,-0.676
-0.063,-0.676
-0.062,-0.676
-0.061,-0.676
-0.06,-0.676
-0.059,-0.676
-0.058,-0.676
-0.057,-0.676
-0.056,-0.676
-0.055,-0.676
-0.201,-0.675
-0.2,-0.675
-0.197,-0.675
-0.193,-0.675
-0.192,-0.675
-0.191,-0.675
-0.19,-0.675
-0.189,-0.675
-0.188,-0.675
-0.187,-0.675
-0.186,-0.675
-0.185,-0.675
-0.184,-0.675
-0.183,-0.675
-0.182,-0.675
-0.181,-0.675
-0.18,-0.675
-0.179,-0.675
-0.178,-0.675
-0.177,-0.675
-0.176,-0.675
-0.175,-0.675
-0.174,-0.675
-0.173,-0.675
-0.172,-0.675
-0.171,-0.675
-0.17,-0.675
-0.169,-0.675
-0.168,-0.675
-0.167,-0.675
-0.166,-0.675
-0.165,-0.675
-0.164,-0.675
-0.163,-0.675
-0.162,-0.675
-0.161,-0.675
-0.16,-0.675
-0.159,-0.675
-0.158,-0.675
-0.157,-0.675
-0.156,-0.675
-0.155,-0.675
-0.154,-0.675
-0.153,-0.675
-0.152,-0.675
-0.151,-0.675
-0.15,-0.675
-0.149,-0.675
-0.148,-0.675
-0.147,-0.675
-0.146,-0.675
-0.145,-0.675
-0.144,-0.675
-0.143,-0.675
-0.142,-0.675
-0.141,-0.675
-0.14,-0.675
-0.139,-0.675
-0.138,-0.675
-0.137,-0.675
-0.136,-0.675
-0.135,-0.675
-0.134,-0.675
-0.133,-0.675
-0.132,-0.675
-0.131,-0.675
-0.13,-0.675
-0.129,-0.675
-0.128,-0.675
-0.127,-0.675
-0.126,-0.675
-0.125,-0.675
-0.124,-0.675
-0.123,-0.675
-0.122,-0.675
-0.121,-0.675
-0.12,-0.675
-0.119,-0.675
-0.118,-0.675
-0.117,-0.675
-0.116,-0.675
-0.115,-0.675
-0.114,-0.675
-0.113,-0.675
-0.112,-0.675
-0.111,-0.675
-0.11,-0.675
-0.109,-0.675
-0.108,-0.675
-0.107,-0.675
-0.106,-0.675
-0.105,-0.675
-0.104,-0.675
-0.103,-0.675
-0.102,-0.675
-0.101,-0.675
-0.1,-0.675
-0.099,-0.675
-0.098,-0.675
-0.097,-0.675
-0.096,-0.675
-0.095,-0.675
-0.094,-0.675
-0.093,-0.675
-0.092,-0.675
-0.091,-0.675
-0.09,-0.675
-0.089,-0.675
-0.088,-0.675
-0.087,-0.675
-0.086,-0.675
-0.085,-0.675
-0.084,-0.675
-0.083,-0.675
-0.082,-0.675
-0.081,-0.675
-0.08,-0.675
-0.079,-0.675
-0.078,-0.675
-0.077,-0.675
-0.076,-0.675
-0.075,-0.675
-0.074,-0.675
-0.073,-0.675
-0.072,-0.675
-0.071,-0.675
-0.07,-0.675
-0.069,-0.675
-0.068,-0.675
-0.067,-0.675
-0.066,-0.675
-0.065,-0.675
-0.064,-0.675
-0.063,-0.675
-0.062,-0.675
-0.061,-0.675
-0.06,-0.675
-0.058,-0.675
-0.057,-0.675
-0.056,-0.675
-0.055,-0.675
-0.053,-0.675
-0.05,-0.675
-0.197,-0.674
-0.196,-0.674
-0.19,-0.674
-0.189,-0.674
-0.188,-0.674
-0.187,-0.674
-0.186,-0.674
-0.185,-0.674
-0.184,-0.674
-0.183,-0.674
-0.182,-0.674
-0.181,-0.674
-0.18,-0.674
-0.179,-0.674
-0.178,-0.674
-0.177,-0.674
-0.176,-0.674
-0.175,-0.674
-0.174,-0.674
-0.173,-0.674
-0.172,-0.674
-0.171,-0.674
-0.17,-0.674
-0.169,-0.674
-0.168,-0.674
-0.167,-0.674
-0.166,-0.674
-0.165,-0.674
-0.164,-0.674
-0.163,-0.674
-0.162,-0.674
-0.161,-0.674
-0.16,-0.674
-0.159,-0.674
-0.158,-0.674
-0.157,-0.674
-0.156,-0.674
-0.155,-0.674
-0.154,-0.674
-0.153,-0.674
-0.152,-0.674
-0.151,-0.674
-0.15,-0.674
-0.149,-0.674
-0.148,-0.674
-0.147,-0.674
-0.146,-0.674
-0.145,-0.674
-0.144,-0.674
-0.143,-0.674
-0.142,-0.674
-0.141,-0.674
-0.14,-0.674
-0.139,-0.674
-0.138,-0.674
-0.137,-0.674
-0.136,-0.674
-0.135,-0.674
-0.134,-0.674
-0.133,-0.674
-0.132,-0.674
-0.131,-0.674
-0.13,-0.674
-0.129,-0.674
-0.128,-0.674
-0.127,-0.674
-0.126,-0.674
-0.125,-0.674
-0.124,-0.674
-0.123,-0.674
-0.122,-0.674
-0.121,-0.674
-0.12,-0.674
-0.119,-0.674
-0.118,-0.674
-0.117,-0.674
-0.116,-0.674
-0.115,-0.674
-0.114,-0.674
-0.113,-0.674
-0.112,-0.674
-0.111,-0.674
-0.11,-0.674
-0.109,-0.674
-0.108,-0.674
-0.107,-0.674
-0.106,-0.674
-0.105,-0.674
-0.104,-0.674
-0.103,-0.674
-0.102,-0.674
-0.101,-0.674
-0.1,-0.674
-0.099,-0.674
-0.098,-0.674
-0.097,-0.674
-0.096,-0.674
-0.095,-0.674
-0.094,-0.674
-0.093,-0.674
-0.092,-0.674
-0.091,-0.674
-0.09,-0.674
-0.089,-0.674
-0.088,-0.674
-0.087,-0.674
-0.086,-0.674
-0.085,-0.674
-0.084,-0.674
-0.083,-0.674
-0.082,-0.674
-0.081,-0.674
-0.08,-0.674
-0.079,-0.674
-0.078,-0.674
-0.077,-0.674
-0.076,-0.674
-0.075,-0.674
-0.074,-0.674
-0.073,-0.674
-0.072,-0.674
-0.071,-0.674
-0.07,-0.674
-0.069,-0.674
-0.068,-0.674
-0.067,-0.674
-0.066,-0.674
-0.065,-0.674
-0.064,-0.674
-0.063,-0.674
-0.062,-0.674
-0.061,-0.674
-0.06,-0.674
-0.058,-0.674
-0.057,-0.674
-0.056,-0.674
-0.055,-0.674
-0.054,-0.674
-0.05,-0.674
-0.049,-0.674
-0.192,-0.673
-0.19,-0.673
-0.189,-0.673
-0.188,-0.673
-0.187,-0.673
-0.186,-0.673
-0.185,-0.673
-0.184,-0.673
-0.183,-0.673
-0.182,-0.673
-0.181,-0.673
-0.18,-0.673
-0.179,-0.673
-0.178,-0.673
-0.177,-0.673
-0.176,-0.673
-0.175,-0.673
-0.174,-0.673
-0.173,-0.673
-0.172,-0.673
-0.171,-0.673
-0.17,-0.673
-0.169,-0.673
-0.168,-0.673
-0.167,-0.673
-0.166,-0.673
-0.165,-0.673
-0.164,-0.673
-0.163,-0.673
-0.162,-0.673
-0.161,-0.673
-0.16,-0.673
-0.159,-0.673
-0.158,-0.673
-0.157,-0.673
-0.156,-0.673
-0.155,-0.673
-0.154,-0.673
-0.153,-0.673
-0.152,-0.673
-0.151,-0.673
-0.15,-0.673
-0.149,-0.673
-0.148,-0.673
-0.147,-0.673
-0.146,-0.673
-0.145,-0.673
-0.144,-0.673
-0.143,-0.673
-0.142,-0.673
-0.141,-0.673
-0.14,-0.673
-0.139,-0.673
-0.138,-0.673
-0.137,-0.673
-0.136,-0.673
-0.135,-0.673
-0.134,-0.673
-0.133,-0.673
-0.132,-0.673
-0.131,-0.673
-0.13,-0.673
-0.129,-0.673
-0.128,-0.673
-0.127,-0.673
-0.126,-0.673
-0.125,-0.673
-0.124,-0.673
-0.123,-0.673
-0.122,-0.673
-0.121,-0.673
-0.12,-0.673
-0.119,-0.673
-0.118,-0.673
-0.117,-0.673
-0.116,-0.673
-0.115,-0.673
-0.114,-0.673
-0.113,-0.673
-0.112,-0.673
-0.111,-0.673
-0.11,-0.673
-0.109,-0.673
-0.108,-0.673
-0.107,-0.673
-0.106,-0.673
-0.105,-0.673
-0.104,-0.673
-0.103,-0.673
-0.102,-0.673
-0.101,-0.673
-0.1,-0.673
-0.099,-0.673
-0.098,-0.673
-0.097,-0.673
-0.096,-0.673
-0.095,-0.673
-0.094,-0.673
-0.093,-0.673
-0.092,-0.673
-0.091,-0.673
-0.09,-0.673
-0.089,-0.673
-0.088,-0.673
-0.087,-0.673
-0.086,-0.673
-0.085,-0.673
-0.084,-0.673
-0.083,-0.673
-0.082,-0.673
-0.081,-0.673
-0.08,-0.673
-0.079,-0.673
-0.078,-0.673
-0.077,-0.673
-0.076,-0.673
-0.075,-0.673
-0.074,-0.673
-0.073,-0.673
-0.072,-0.673
-0.071,-0.673
-0.07,-0.673
-0.069,-0.673
-0.068,-0.673
-0.067,-0.673
-0.066,-0.673
-0.065,-0.673
-0.064,-0.673
-0.063,-0.673
-0.062,-0.673
-0.061,-0.673
-0.06,-0.673
-0.059,-0.673
-0.056,-0.673
-0.055,-0.673
-0.054,-0.673
-0.053,-0.673
-0.194,-0.672
-0.191,-0.672
-0.19,-0.672
-0.189,-0.672
-0.188,-0.672
-0.187,-0.672
-0.186,-0.672
-0.185,-0.672
-0.184,-0.672
-0.183,-0.672
-0.182,-0.672
-0.181,-0.672
-0.18,-0.672
-0.179,-0.672
-0.178,-0.672
-0.177,-0.672
-0.176,-0.672
-0.175,-0.672
-0.174,-0.672
-0.173,-0.672
-0.172,-0.672
-0.171,-0.672
-0.17,-0.672
-0.169,-0.672
-0.168,-0.672
-0.167,-0.672
-0.166,-0.672
-0.165,-0.672
-0.164,-0.672
-0.163,-0.672
-0.162,-0.672
-0.161,-0.672
-0.16,-0.672
-0.159,-0.672
-0.158,-0.672
-0.157,-0.672
-0.156,-0.672
-0.155,-0.672
-0.154,-0.672
-0.153,-0.672
-0.152,-0.672
-0.151,-0.672
-0.15,-0.672
-0.149,-0.672
-0.148,-0.672
-0.147,-0.672
-0.146,-0.672
-0.145,-0.672
-0.144,-0.672
-0.143,-0.672
-0.142,-0.672
-0.141,-0.672
-0.14,-0.672
-0.139,-0.672
-0.138,-0.672
-0.137,-0.672
-0.136,-0.672
-0.135,-0.672
-0.134,-0.672
-0.133,-0.672
-0.132,-0.672
-0.131,-0.672
-0.13,-0.672
-0.129,-0.672
-0.128,-0.672
-0.127,-0.672
-0.126,-0.672
-0.125,-0.672
-0.124,-0.672
-0.123,-0.672
-0.122,-0.672
-0.121,-0.672
-0.12,-0.672
-0.119,-0.672
-0.118,-0.672
-0.117,-0.672
-0.116,-0.672
-0.115,-0.672
-0.114,-0.672
-0.113,-0.672
-0.112,-0.672
-0.111,-0.672
-0.11,-0.672
-0.109,-0.672
-0.108,-0.672
-0.107,-0.672
-0.106,-0.672
-0.105,-0.672
-0.104,-0.672
-0.103,-0.672
-0.102,-0.672
-0.101,-0.672
-0.1,-0.672
-0.099,-0.672
-0.098,-0.672
-0.097,-0.672
-0.096,-0.672
-0.095,-0.672
-0.094,-0.672
-0.093,-0.672
-0.092,-0.672
-0.091,-0.672
-0.09,-0.672
-0.089,-0.672
-0.088,-0.672
-0.087,-0.672
-0.086,-0.672
-0.085,-0.672
-0.084,-0.672
-0.083,-0.672
-0.082,-0.672
-0.081,-0.672
-0.08,-0.672
-0.079,-0.672
-0.078,-0.672
-0.077,-0.672
-0.076,-0.672
-0.075,-0.672
-0.074,-0.672
-0.073,-0.672
-0.072,-0.672
-0.071,-0.672
-0.07,-0.672
-0.069,-0.672
-0.068,-0.672
-0.067,-0.672
-0.066,-0.672
-0.065,-0.672
-0.064,-0.672
-0.063,-0.672
-0.062,-0.672
-0.061,-0.672
-0.055,-0.672
-0.387,-0.671
-0.197,-0.671
-0.196,-0.671
-0.195,-0.671
-0.194,-0.671
-0.191,-0.671
-0.19,-0.671
-0.189,-0.671
-0.188,-0.671
-0.187,-0.671
-0.186,-0.671
-0.185,-0.671
-0.184,-0.671
-0.183,-0.671
-0.182,-0.671
-0.181,-0.671
-0.18,-0.671
-0.179,-0.671
-0.178,-0.671
-0.177,-0.671
-0.176,-0.671
-0.175,-0.671
-0.174,-0.671
-0.173,-0.671
-0.172,-0.671
-0.171,-0.671
-0.17,-0.671
-0.169,-0.671
-0.168,-0.671
-0.167,-0.671
-0.166,-0.671
-0.165,-0.671
-0.164,-0.671
-0.163,-0.671
-0.162,-0.671
-0.161,-0.671
-0.16,-0.671
-0.159,-0.671
-0.158,-0.671
-0.157,-0.671
-0.156,-0.671
-0.155,-0.671
-0.154,-0.671
-0.153,-0.671
-0.152,-0.671
-0.151,-0.671
-0.15,-0.671
-0.149,-0.671
-0.148,-0.671
-0.147,-0.671
-0.146,-0.671
-0.145,-0.671
-0.144,-0.671
-0.143,-0.671
-0.142,-0.671
-0.141,-0.671
-0.14,-0.671
-0.139,-0.671
-0.138,-0.671
-0.137,-0.671
-0.136,-0.671
-0.135,-0.671
-0.134,-0.671
-0.133,-0.671
-0.132,-0.671
-0.131,-0.671
-0.13,-0.671
-0.129,-0.671
-0.128,-0.671
-0.127,-0.671
-0.126,-0.671
-0.125,-0.671
-0.124,-0.671
-0.123,-0.671
-0.122,-0.671
-0.121,-0.671
-0.12,-0.671
-0.119,-0.671
-0.118,-0.671
-0.117,-0.671
-0.116,-0.671
-0.115,-0.671
-0.114,-0.671
-0.113,-0.671
-0.112,-0.671
-0.111,-0.671
-0.11,-0.671
-0.109,-0.671
-0.108,-0.671
-0.107,-0.671
-0.106,-0.671
-0.105,-0.671
-0.104,-0.671
-0.103,-0.671
-0.102,-0.671
-0.101,-0.671
-0.1,-0.671
-0.099,-0.671
-0.098,-0.671
-0.097,-0.671
-0.096,-0.671
-0.095,-0.671
-0.094,-0.671
-0.093,-0.671
-0.092,-0.671
-0.091,-0.671
-0.09,-0.671
-0.089,-0.671
-0.088,-0.671
-0.087,-0.671
-0.086,-0.671
-0.085,-0.671
-0.084,-0.671
-0.083,-0.671
-0.082,-0.671
-0.081,-0.671
-0.08,-0.671
-0.079,-0.671
-0.078,-0.671
-0.077,-0.671
-0.076,-0.671
-0.075,-0.671
-0.074,-0.671
-0.073,-0.671
-0.072,-0.671
-0.071,-0.671
-0.07,-0.671
-0.069,-0.671
-0.068,-0.671
-0.067,-0.671
-0.066,-0.671
-0.065,-0.671
-0.064,-0.671
-0.063,-0.671
-0.062,-0.671
-0.061,-0.671
-0.057,-0.671
0.052,-0.671
0.135,-0.671
0.136,-0.671
-0.362,-0.67
-0.361,-0.67
-0.196,-0.67
-0.192,-0.67
-0.191,-0.67
-0.19,-0.67
-0.189,-0.67
-0.188,-0.67
-0.186,-0.67
-0.185,-0.67
-0.184,-0.67
-0.183,-0.67
-0.182,-0.67
-0.181,-0.67
-0.18,-0.67
-0.179,-0.67
-0.178,-0.67
-0.177,-0.67
-0.176,-0.67
-0.175,-0.67
-0.174,-0.67
-0.173,-0.67
-0.172,-0.67
-0.171,-0.67
-0.17,-0.67
-0.169,-0.67
-0.168,-0.67
-0.167,-0.67
-0.166,-0.67
-0.165,-0.67
-0.164,-0.67
-0.163,-0.67
-0.162,-0.67
-0.161,-0.67
-0.16,-0.67
-0.159,-0.67
-0.158,-0.67
-0.157,-0.67
-0.156,-0.67
-0.155,-0.67
-0.154,-0.67
-0.153,-0.67
-0.152,-0.67
-0.151,-0.67
-0.15,-0.67
-0.149,-0.67
-0.148,-0.67
-0.147,-0.67
-0.146,-0.67
-0.145,-0.67
-0.144,-0.67
-0.143,-0.67
-0.142,-0.67
-0.141,-0.67
-0.14,-0.67
-0.139,-0.67
-0.138,-0.67
-0.137,-0.67
-0.136,-0.67
-0.135,-0.67
-0.134,-0.67
-0.133,-0.67
-0.132,-0.67
-0.131,-0.67
-0.13,-0.67
-0.129,-0.67
-0.128,-0.67
-0.127,-0.67
-0.126,-0.67
-0.125,-0.67
-0.124,-0.67
-0.123,-0.67
-0.122,-0.67
-0.121,-0.67
-0.12,-0.67
-0.119,-0.67
-0.118,-0.67
-0.117,-0.67
-0.116,-0.67
-0.115,-0.67
-0.114,-0.67
-0.113,-0.67
-0.112,-0.67
-0.111,-0.67
-0.11,-0.67
-0.109,-0.67
-0.108,-0.67
-0.107,-0.67
-0.106,-0.67
-0.105,-0.67
-0.104,-0.67
-0.103,-0.67
-0.102,-0.67
-0.101,-0.67
-0.1,-0.67
-0.099,-0.67
-0.098,-0.67
-0.097,-0.67
-0.096,-0.67
-0.095,-0.67
-0.094,-0.67
-0.093,-0.67
-0.092,-0.67
-0.091,-0.67
-0.09,-0.67
-0.089,-0.67
-0.088,-0.67
-0.087,-0.67
-0.086,-0.67
-0.085,-0.67
-0.084,-0.67
-0.083,-0.67
-0.082,-0.67
-0.081,-0.67
-0.08,-0.67
-0.079,-0.67
-0.078,-0.67
-0.077,-0.67
-0.076,-0.67
-0.075,-0.67
-0.074,-0.67
-0.073,-0.67
-0.072,-0.67
-0.071,-0.67
-0.07,-0.67
-0.069,-0.67
-0.068,-0.67
-0.067,-0.67
-0.066,-0.67
-0.065,-0.67
-0.064,-0.67
-0.063,-0.67
-0.062,-0.67
-0.061,-0.67
-0.057,-0.67
-0.531,-0.669
-0.53,-0.669
-0.529,-0.669
-0.528,-0.669
-0.193,-0.669
-0.19,-0.669
-0.189,-0.669
-0.185,-0.669
-0.184,-0.669
-0.183,-0.669
-0.182,-0.669
-0.181,-0.669
-0.18,-0.669
-0.179,-0.669
-0.178,-0.669
-0.177,-0.669
-0.176,-0.669
-0.175,-0.669
-0.174,-0.669
-0.173,-0.669
-0.172,-0.669
-0.171,-0.669
-0.17,-0.669
-0.169,-0.669
-0.168,-0.669
-0.167,-0.669
-0.166,-0.669
-0.165,-0.669
-0.164,-0.669
-0.163,-0.669
-0.162,-0.669
-0.161,-0.669
-0.16,-0.669
-0.159,-0.669
-0.158,-0.669
-0.157,-0.669
-0.156,-0.669
-0.155,-0.669
-0.154,-0.669
-0.153,-0.669
-0.152,-0.669
-0.151,-0.669
-0.15,-0.669
-0.149,-0.669
-0.148,-0.669
-0.147,-0.669
-0.146,-0.669
-0.145,-0.669
-0.144,-0.669
-0.143,-0.669
-0.142,-0.669
-0.141,-0.669
-0.14,-0.669
-0.139,-0.669
-0.138,-0.669
-0.137,-0.669
-0.136,-0.669
-0.135,-0.669
-0.134,-0.669
-0.133,-0.669
-0.132,-0.669
-0.131,-0.669
-0.13,-0.669
-0.129,-0.669
-0.128,-0.669
-0.127,-0.669
-0.126,-0.669
-0.125,-0.669
-0.124,-0.669
-0.123,-0.669
-0.122,-0.669
-0.121,-0.669
-0.12,-0.669
-0.119,-0.669
-0.118,-0.669
-0.117,-0.669
-0.116,-0.669
-0.115,-0.669
-0.114,-0.669
-0.113,-0.669
-0.112,-0.669
-0.111,-0.669
-0.11,-0.669
-0.109,-0.669
-0.108,-0.669
-0.107,-0.669
-0.106,-0.669
-0.105,-0.669
-0.104,-0.669
-0.103,-0.669
-0.102,-0.669
-0.101,-0.669
-0.1,-0.669
-0.099,-0.669
-0.098,-0.669
-0.097,-0.669
-0.096,-0.669
-0.095,-0.669
-0.094,-0.669
-0.093,-0.669
-0.092,-0.669
-0.091,-0.669
-0.09,-0.669
-0.089,-0.669
-0.088,-0.669
-0.087,-0.669
-0.086,-0.669
-0.085,-0.669
-0.084,-0.669
-0.083,-0.669
-0.082,-0.669
-0.081,-0.669
-0.08,-0.669
-0.079,-0.669
-0.078,-0.669
-0.077,-0.669
-0.076,-0.669
-0.075,-0.669
-0.074,-0.669
-0.073,-0.669
-0.072,-0.669
-0.071,-0.669
-0.07,-0.669
-0.069,-0.669
-0.068,-0.669
-0.067,-0.669
-0.066,-0.669
-0.064,-0.669
-0.063,-0.669
-0.062,-0.669
-0.531,-0.668
-0.53,-0.668
-0.529,-0.668
-0.528,-0.668
-0.194,-0.668
-0.188,-0.668
-0.185,-0.668
-0.184,-0.668
-0.183,-0.668
-0.182,-0.668
-0.181,-0.668
-0.18,-0.668
-0.179,-0.668
-0.178,-0.668
-0.177,-0.668
-0.176,-0.668
-0.175,-0.668
-0.174,-0.668
-0.173,-0.668
-0.172,-0.668
-0.171,-0.668
-0.17,-0.668
-0.169,-0.668
-0.168,-0.668
-0.167,-0.668
-0.166,-0.668
-0.165,-0.668
-0.164,-0.668
-0.163,-0.668
-0.162,-0.668
-0.161,-0.668
-0.16,-0.668
-0.159,-0.668
-0.158,-0.668
-0.157,-0.668
-0.156,-0.668
-0.155,-0.668
-0.154,-0.668
-0.153,-0.668
-0.152,-0.668
-0.151,-0.668
-0.15,-0.668
-0.149,-0.668
-0.148,-0.668
-0.147,-0.668
-0.146,-0.668
-0.145,-0.668
-0.144,-0.668
-0.143,-0.668
-0.142,-0.668
-0.141,-0.668
-0.14,-0.668
-0.139,-0.668
-0.138,-0.668
-0.137,-0.668
-0.136,-0.668
-0.135,-0.668
-0.134,-0.668
-0.133,-0.668
-0.132,-0.668
-0.131,-0.668
-0.13,-0.668
-0.129,-0.668
-0.128,-0.668
-0.127,-0.668
-0.126,-0.668
-0.125,-0.668
-0.124,-0.668
-0.123,-0.668
-0.122,-0.668
-0.121,-0.668
-0.12,-0.668
-0.119,-0.668
-0.118,-0.668
-0.117,-0.668
-0.116,-0.668
-0.115,-0.668
-0.114,-0.668
-0.113,-0.668
-0.112,-0.668
-0.111,-0.668
-0.11,-0.668
-0.109,-0.668
-0.108,-0.668
-0.107,-0.668
-0.106,-0.668
-0.105,-0.668
-0.104,-0.668
-0.103,-0.668
-0.102,-0.668
-0.101,-0.668
-0.1,-0.668
-0.099,-0.668
-0.098,-0.668
-0.097,-0.668
-0.096,-0.668
-0.095,-0.668
-0.094,-0.668
-0.093,-0.668
-0.092,-0.668
-0.091,-0.668
-0.09,-0.668
-0.089,-0.668
-0.088,-0.668
-0.087,-0.668
-0.086,-0.668
-0.085,-0.668
-0.084,-0.668
-0.083,-0.668
-0.082,-0.668
-0.081,-0.668
-0.08,-0.668
-0.079,-0.668
-0.078,-0.668
-0.077,-0.668
-0.076,-0.668
-0.075,-0.668
-0.074,-0.668
-0.073,-0.668
-0.072,-0.668
-0.071,-0.668
-0.07,-0.668
-0.069,-0.668
-0.068,-0.668
-0.063,-0.668
-0.062,-0.668
-0.061,-0.668
-0.06,-0.668
-0.059,-0.668
-0.564,-0.667
-0.531,-0.667
-0.53,-0.667
-0.294,-0.667
-0.291,-0.667
-0.196,-0.667
-0.19,-0.667
-0.188,-0.667
-0.185,-0.667
-0.184,-0.667
-0.183,-0.667
-0.182,-0.667
-0.18,-0.667
-0.179,-0.667
-0.178,-0.667
-0.177,-0.667
-0.176,-0.667
-0.175,-0.667
-0.174,-0.667
-0.173,-0.667
-0.172,-0.667
-0.171,-0.667
-0.17,-0.667
-0.169,-0.667
-0.168,-0.667
-0.167,-0.667
-0.166,-0.667
-0.165,-0.667
-0.164,-0.667
-0.163,-0.667
-0.162,-0.667
-0.161,-0.667
-0.16,-0.667
-0.159,-0.667
-0.158,-0.667
-0.157,-0.667
-0.156,-0.667
-0.155,-0.667
-0.154,-0.667
-0.153,-0.667
-0.152,-0.667
-0.151,-0.667
-0.15,-0.667
-0.149,-0.667
-0.148,-0.667
-0.147,-0.667
-0.146,-0.667
-0.145,-0.667
-0.144,-0.667
-0.143,-0.667
-0.142,-0.667
-0.141,-0.667
-0.14,-0.667
-0.139,-0.667
-0.138,-0.667
-0.137,-0.667
-0.136,-0.667
-0.135,-0.667
-0.134,-0.667
-0.133,-0.667
-0.132,-0.667
-0.131,-0.667
-0.13,-0.667
-0.129,-0.667
-0.128,-0.667
-0.127,-0.667
-0.126,-0.667
-0.125,-0.667
-0.124,-0.667
-0.123,-0.667
-0.122,-0.667
-0.121,-0.667
-0.12,-0.667
-0.119,-0.667
-0.118,-0.667
-0.117,-0.667
-0.116,-0.667
-0.115,-0.667
-0.114,-0.667
-0.113,-0.667
-0.112,-0.667
-0.111,-0.667
-0.11,-0.667
-0.109,-0.667
-0.108,-0.667
-0.107,-0.667
-0.106,-0.667
-0.105,-0.667
-0.104,-0.667
-0.103,-0.667
-0.102,-0.667
-0.101,-0.667
-0.1,-0.667
-0.099,-0.667
-0.098,-0.667
-0.097,-0.667
-0.096,-0.667
-0.095,-0.667
-0.094,-0.667
-0.093,-0.667
-0.092,-0.667
-0.091,-0.667
-0.09,-0.667
-0.089,-0.667
-0.088,-0.667
-0.087,-0.667
-0.086,-0.667
-0.085,-0.667
-0.084,-0.667
-0.083,-0.667
-0.082,-0.667
-0.081,-0.667
-0.08,-0.667
-0.079,-0.667
-0.078,-0.667
-0.077,-0.667
-0.076,-0.667
-0.075,-0.667
-0.074,-0.667
-0.073,-0.667
-0.072,-0.667
-0.071,-0.667
-0.07,-0.667
-0.069,-0.667
-0.068,-0.667
-0.067,-0.667
-0.382,-0.666
-0.188,-0.666
-0.186,-0.666
-0.185,-0.666
-0.184,-0.666
-0.183,-0.666
-0.18,-0.666
-0.179,-0.666
-0.178,-0.666
-0.177,-0.666
-0.176,-0.666
-0.175,-0.666
-0.174,-0.666
-0.173,-0.666
-0.172,-0.666
-0.171,-0.666
-0.17,-0.666
-0.169,-0.666
-0.168,-0.666
-0.167,-0.666
-0.166,-0.666
-0.165,-0.666
-0.164,-0.666
-0.163,-0.666
-0.162,-0.666
-0.161,-0.666
-0.16,-0.666
-0.159,-0.666
-0.158,-0.666
-0.157,-0.666
-0.156,-0.666
-0.155,-0.666
-0.154,-0.666
-0.153,-0.666
-0.152,-0.666
-0.151,-0.666
-0.15,-0.666
-0.149,-0.666
-0.148,-0.666
-0.147,-0.666
-0.146,-0.666
-0.145,-0.666
-0.144,-0.666
-0.143,-0.666
-0.142,-0.666
-0.141,-0.666
-0.14,-0.666
-0.139,-0.666
-0.138,-0.666
-0.137,-0.666
-0.136,-0.666
-0.135,-0.666
-0.134,-0.666
-0.133,-0.666
-0.132,-0.666
-0.131,-0.666
-0.13,-0.666
-0.129,-0.666
-0.128,-0.666
-0.127,-0.666
-0.126,-0.666
-0.125,-0.666
-0.124,-0.666
-0.123,-0.666
-0.122,-0.666
-0.121,-0.666
-0.12,-0.666
-0.119,-0.666
-0.118,-0.666
-0.117,-0.666
-0.116,-0.666
-0.115,-0.666
-0.114,-0.666
-0.113,-0.666
-0.112,-0.666
-0.111,-0.666
-0.11,-0.666
-0.109,-0.666
-0.108,-0.666
-0.107,-0.666
-0.106,-0.666
-0.105,-0.666
-0.104,-0.666
-0.103,-0.666
-0.102,-0.666
-0.101,-0.666
-0.1,-0.666
-0.099,-0.666
-0.098,-0.666
-0.097,-0.666
-0.096,-0.666
-0.095,-0.666
-0.094,-0.666
-0.093,-0.666
-0.092,-0.666
-0.091,-0.666
-0.09,-0.666
-0.089,-0.666
-0.088,-0.666
-0.087,-0.666
-0.086,-0.666
-0.085,-0.666
-0.084,-0.666
-0.083,-0.666
-0.082,-0.666
-0.081,-0.666
-0.08,-0.666
-0.079,-0.666
-0.078,-0.666
-0.077,-0.666
-0.076,-0.666
-0.075,-0.666
-0.074,-0.666
-0.073,-0.666
-0.072,-0.666
-0.071,-0.666
-0.069,-0.666
-0.068,-0.666
-0.067,-0.666
-0.065,-0.666
0.053,-0.666
-0.375,-0.665
-0.305,-0.665
-0.189,-0.665
-0.184,-0.665
-0.18,-0.665
-0.179,-0.665
-0.178,-0.665
-0.177,-0.665
-0.176,-0.665
-0.175,-0.665
-0.174,-0.665
-0.173,-0.665
-0.172,-0.665
-0.171,-0.665
-0.17,-0.665
-0.169,-0.665
-0.168,-0.665
-0.167,-0.665
-0.166,-0.665
-0.165,-0.665
-0.164,-0.665
-0.163,-0.665
-0.162,-0.665
-0.161,-0.665
-0.16,-0.665
-0.159,-0.665
-0.158,-0.665
-0.157,-0.665
-0.156,-0.665
-0.155,-0.665
-0.154,-0.665
-0.153,-0.665
-0.152,-0.665
-0.151,-0.665
-0.15,-0.665
-0.149,-0.665
-0.148,-0.665
-0.147,-0.665
-0.146,-0.665
-0.145,-0.665
-0.144,-0.665
-0.143,-0.665
-0.142,-0.665
-0.141,-0.665
-0.14,-0.665
-0.139,-0.665
-0.138,-0.665
-0.137,-0.665
-0.136,-0.665
-0.135,-0.665
-0.134,-0.665
-0.133,-0.665
-0.132,-0.665
-0.131,-0.665
-0.13,-0.665
-0.129,-0.665
-0.128,-0.665
-0.127,-0.665
-0.126,-0.665
-0.125,-0.665
-0.124,-0.665
-0.123,-0.665
-0.122,-0.665
-0.121,-0.665
-0.12,-0.665
-0.119,-0.665
-0.118,-0.665
-0.117,-0.665
-0.116,-0.665
-0.115,-0.665
-0.114,-0.665
-0.113,-0.665
-0.112,-0.665
-0.111,-0.665
-0.11,-0.665
-0.109,-0.665
-0.108,-0.665
-0.107,-0.665
-0.106,-0.665
-0.105,-0.665
-0.104,-0.665
-0.103,-0.665
-0.102,-0.665
-0.101,-0.665
-0.1,-0.665
-0.099,-0.665
-0.098,-0.665
-0.097,-0.665
-0.096,-0.665
-0.095,-0.665
-0.094,-0.665
-0.093,-0.665
-0.092,-0.665
-0.091,-0.665
-0.09,-0.665
-0.089,-0.665
-0.088,-0.665
-0.087,-0.665
-0.086,-0.665
-0.085,-0.665
-0.084,-0.665
-0.083,-0.665
-0.082,-0.665
-0.081,-0.665
-0.08,-0.665
-0.079,-0.665
-0.078,-0.665
-0.077,-0.665
-0.076,-0.665
-0.075,-0.665
-0.074,-0.665
-0.073,-0.665
-0.072,-0.665
-0.071,-0.665
-0.068,-0.665
-0.067,-0.665
-0.066,-0.665
-0.064,-0.665
-0.063,-0.665
-0.062,-0.665
0.011,-0.665
-0.599,-0.664
-0.598,-0.664
-0.597,-0.664
-0.372,-0.664
-0.304,-0.664
-0.301,-0.664
-0.295,-0.664
-0.292,-0.664
-0.189,-0.664
-0.18,-0.664
-0.179,-0.664
-0.178,-0.664
-0.177,-0.664
-0.176,-0.664
-0.175,-0.664
-0.174,-0.664
-0.173,-0.664
-0.172,-0.664
-0.171,-0.664
-0.17,-0.664
-0.169,-0.664
-0.168,-0.664
-0.167,-0.664
-0.166,-0.664
-0.165,-0.664
-0.164,-0.664
-0.163,-0.664
-0.162,-0.664
-0.161,-0.664
-0.16,-0.664
-0.159,-0.664
-0.158,-0.664
-0.157,-0.664
-0.156,-0.664
-0.155,-0.664
-0.154,-0.664
-0.153,-0.664
-0.152,-0.664
-0.151,-0.664
-0.15,-0.664
-0.149,-0.664
-0.148,-0.664
-0.147,-0.664
-0.146,-0.664
-0.145,-0.664
-0.144,-0.664
-0.143,-0.664
-0.142,-0.664
-0.141,-0.664
-0.14,-0.664
-0.139,-0.664
-0.138,-0.664
-0.137,-0.664
-0.136,-0.664
-0.135,-0.664
-0.134,-0.664
-0.133,-0.664
-0.132,-0.664
-0.131,-0.664
-0.13,-0.664
-0.129,-0.664
-0.128,-0.664
-0.127,-0.664
-0.126,-0.664
-0.125,-0.664
-0.124,-0.664
-0.123,-0.664
-0.122,-0.664
-0.121,-0.664
-0.12,-0.664
-0.119,-0.664
-0.118,-0.664
-0.117,-0.664
-0.116,-0.664
-0.115,-0.664
-0.114,-0.664
-0.113,-0.664
-0.112,-0.664
-0.111,-0.664
-0.11,-0.664
-0.109,-0.664
-0.108,-0.664
-0.107,-0.664
-0.106,-0.664
-0.105,-0.664
-0.104,-0.664
-0.103,-0.664
-0.102,-0.664
-0.101,-0.664
-0.1,-0.664
-0.099,-0.664
-0.098,-0.664
-0.097,-0.664
-0.096,-0.664
-0.095,-0.664
-0.094,-0.664
-0.093,-0.664
-0.092,-0.664
-0.091,-0.664
-0.09,-0.664
-0.089,-0.664
-0.088,-0.664
-0.087,-0.664
-0.086,-0.664
-0.085,-0.664
-0.084,-0.664
-0.083,-0.664
-0.082,-0.664
-0.081,-0.664
-0.08,-0.664
-0.079,-0.664
-0.078,-0.664
-0.077,-0.664
-0.076,-0.664
-0.075,-0.664
-0.074,-0.664
-0.073,-0.664
-0.072,-0.664
-0.067,-0.664
0.01,-0.664
-0.598,-0.663
-0.597,-0.663
-0.596,-0.663
-0.303,-0.663
-0.298,-0.663
-0.296,-0.663
-0.287,-0.663
-0.182,-0.663
-0.18,-0.663
-0.179,-0.663
-0.178,-0.663
-0.175,-0.663
-0.174,-0.663
-0.173,-0.663
-0.172,-0.663
-0.171,-0.663
-0.17,-0.663
-0.169,-0.663
-0.168,-0.663
-0.167,-0.663
-0.166,-0.663
-0.165,-0.663
-0.164,-0.663
-0.163,-0.663
-0.162,-0.663
-0.161,-0.663
-0.16,-0.663
-0.159,-0.663
-0.158,-0.663
-0.157,-0.663
-0.156,-0.663
-0.155,-0.663
-0.154,-0.663
-0.153,-0.663
-0.152,-0.663
-0.151,-0.663
-0.15,-0.663
-0.149,-0.663
-0.148,-0.663
-0.147,-0.663
-0.146,-0.663
-0.145,-0.663
-0.144,-0.663
-0.143,-0.663
-0.142,-0.663
-0.141,-0.663
-0.14,-0.663
-0.139,-0.663
-0.138,-0.663
-0.137,-0.663
-0.136,-0.663
-0.135,-0.663
-0.134,-0.663
-0.133,-0.663
-0.132,-0.663
-0.131,-0.663
-0.13,-0.663
-0.129,-0.663
-0.128,-0.663
-0.127,-0.663
-0.126,-0.663
-0.125,-0.663
-0.124,-0.663
-0.123,-0.663
-0.122,-0.663
-0.121,-0.663
-0.12,-0.663
-0.119,-0.663
-0.118,-0.663
-0.117,-0.663
-0.116,-0.663
-0.115,-0.663
-0.114,-0.663
-0.113,-0.663
-0.112,-0.663
-0.111,-0.663
-0.11,-0.663
-0.109,-0.663
-0.108,-0.663
-0.107,-0.663
-0.106,-0.663
-0.105,-0.663
-0.104,-0.663
-0.103,-0.663
-0.102,-0.663
-0.101,-0.663
-0.1,-0.663
-0.099,-0.663
-0.098,-0.663
-0.097,-0.663
-0.096,-0.663
-0.095,-0.663
-0.094,-0.663
-0.093,-0.663
-0.092,-0.663
-0.091,-0.663
-0.09,-0.663
-0.089,-0.663
-0.088,-0.663
-0.087,-0.663
-0.086,-0.663
-0.085,-0.663
-0.084,-0.663
-0.083,-0.663
-0.082,-0.663
-0.081,-0.663
-0.08,-0.663
-0.079,-0.663
-0.078,-0.663
-0.077,-0.663
-0.076,-0.663
-0.075,-0.663
-0.074,-0.663
-0.073,-0.663
-0.07,-0.663
-0.069,-0.663
-0.068,-0.663
0.043,-0.663
-0.598,-0.662
-0.597,-0.662
-0.392,-0.662
-0.373,-0.662
-0.306,-0.662
-0.303,-0.662
-0.302,-0.662
-0.296,-0.662
-0.294,-0.662
-0.293,-0.662
-0.264,-0.662
-0.255,-0.662
-0.253,-0.662
-0.183,-0.662
-0.182,-0.662
-0.178,-0.662
-0.177,-0.662
-0.175,-0.662
-0.174,-0.662
-0.173,-0.662
-0.172,-0.662
-0.171,-0.662
-0.17,-0.662
-0.169,-0.662
-0.168,-0.662
-0.167,-0.662
-0.166,-0.662
-0.165,-0.662
-0.164,-0.662
-0.163,-0.662
-0.162,-0.662
-0.161,-0.662
-0.16,-0.662
-0.159,-0.662
-0.158,-0.662
-0.157,-0.662
-0.156,-0.662
-0.155,-0.662
-0.154,-0.662
-0.153,-0.662
-0.152,-0.662
-0.151,-0.662
-0.15,-0.662
-0.149,-0.662
-0.148,-0.662
-0.147,-0.662
-0.146,-0.662
-0.145,-0.662
-0.144,-0.662
-0.143,-0.662
-0.142,-0.662
-0.141,-0.662
-0.14,-0.662
-0.139,-0.662
-0.138,-0.662
-0.137,-0.662
-0.136,-0.662
-0.135,-0.662
-0.134,-0.662
-0.133,-0.662
-0.132,-0.662
-0.131,-0.662
-0.13,-0.662
-0.129,-0.662
-0.128,-0.662
-0.127,-0.662
-0.126,-0.662
-0.125,-0.662
-0.124,-0.662
-0.123,-0.662
-0.122,-0.662
-0.121,-0.662
-0.12,-0.662
-0.119,-0.662
-0.118,-0.662
-0.117,-0.662
-0.116,-0.662
-0.115,-0.662
-0.114,-0.662
-0.113,-0.662
-0.112,-0.662
-0.111,-0.662
-0.11,-0.662
-0.109,-0.662
-0.108,-0.662
-0.107,-0.662
-0.106,-0.662
-0.105,-0.662
-0.104,-0.662
-0.103,-0.662
-0.102,-0.662
-0.101,-0.662
-0.1,-0.662
-0.099,-0.662
-0.098,-0.662
-0.097,-0.662
-0.096,-0.662
-0.095,-0.662
-0.094,-0.662
-0.093,-0.662
-0.092,-0.662
-0.091,-0.662
-0.09,-0.662
-0.089,-0.662
-0.088,-0.662
-0.087,-0.662
-0.086,-0.662
-0.085,-0.662
-0.084,-0.662
-0.083,-0.662
-0.082,-0.662
-0.081,-0.662
-0.08,-0.662
-0.079,-0.662
-0.078,-0.662
-0.077,-0.662
-0.076,-0.662
-0.073,-0.662
-0.072,-0.662
-0.071,-0.662
-0.069,-0.662
0.01,-0.662
0.045,-0.662
0.05,-0.662
0.054,-0.662
0.06,-0.662
0.065,-0.662
0.138,-0.662
-0.381,-0.661
-0.376,-0.661
-0.301,-0.661
-0.297,-0.661
-0.178,-0.661
-0.177,-0.661
-0.176,-0.661
-0.175,-0.661
-0.174,-0.661
-0.172,-0.661
-0.171,-0.661
-0.17,-0.661
-0.169,-0.661
-0.168,-0.661
-0.167,-0.661
-0.166,-0.661
-0.165,-0.661
-0.164,-0.661
-0.163,-0.661
-0.162,-0.661
-0.161,-0.661
-0.16,-0.661
-0.159,-0.661
-0.158,-0.661
-0.157,-0.661
-0.156,-0.661
-0.155,-0.661
-0.154,-0.661
-0.153,-0.661
-0.152,-0.661
-0.151,-0.661
-0.15,-0.661
-0.149,-0.661
-0.148,-0.661
-0.147,-0.661
-0.146,-0.661
-0.145,-0.661
-0.144,-0.661
-0.143,-0.661
-0.142,-0.661
-0.141,-0.661
-0.14,-0.661
-0.139,-0.661
-0.138,-0.661
-0.137,-0.661
-0.136,-0.661
-0.135,-0.661
-0.134,-0.661
-0.133,-0.661
-0.132,-0.661
-0.131,-0.661
-0.13,-0.661
-0.129,-0.661
-0.128,-0.661
-0.127,-0.661
-0.126,-0.661
-0.125,-0.661
-0.124,-0.661
-0.123,-0.661
-0.122,-0.661
-0.121,-0.661
-0.12,-0.661
-0.119,-0.661
-0.118,-0.661
-0.117,-0.661
-0.116,-0.661
-0.115,-0.661
-0.114,-0.661
-0.113,-0.661
-0.112,-0.661
-0.111,-0.661
-0.11,-0.661
-0.109,-0.661
-0.108,-0.661
-0.107,-0.661
-0.106,-0.661
-0.105,-0.661
-0.104,-0.661
-0.103,-0.661
-0.102,-0.661
-0.101,-0.661
-0.1,-0.661
-0.099,-0.661
-0.098,-0.661
-0.097,-0.661
-0.096,-0.661
-0.095,-0.661
-0.094,-0.661
-0.093,-0.661
-0.092,-0.661
-0.091,-0.661
-0.09,-0.661
-0.089,-0.661
-0.088,-0.661
-0.087,-0.661
-0.086,-0.661
-0.085,-0.661
-0.084,-0.661
-0.083,-0.661
-0.082,-0.661
-0.081,-0.661
-0.08,-0.661
-0.079,-0.661
-0.078,-0.661
-0.077,-0.661
-0.076,-0.661
-0.073,-0.661
-0.07,-0.661
0.045,-0.661
0.063,-0.661
-0.387,-0.66
-0.378,-0.66
-0.363,-0.66
-0.298,-0.66
-0.296,-0.66
-0.261,-0.66
-0.236,-0.66
-0.177,-0.66
-0.174,-0.66
-0.173,-0.66
-0.171,-0.66
-0.17,-0.66
-0.169,-0.66
-0.168,-0.66
-0.167,-0.66
-0.166,-0.66
-0.165,-0.66
-0.164,-0.66
-0.163,-0.66
-0.162,-0.66
-0.161,-0.66
-0.16,-0.66
-0.159,-0.66
-0.158,-0.66
-0.157,-0.66
-0.156,-0.66
-0.155,-0.66
-0.154,-0.66
-0.153,-0.66
-0.152,-0.66
-0.151,-0.66
-0.15,-0.66
-0.149,-0.66
-0.148,-0.66
-0.147,-0.66
-0.146,-0.66
-0.145,-0.66
-0.144,-0.66
-0.143,-0.66
-0.142,-0.66
-0.141,-0.66
-0.14,-0.66
-0.139,-0.66
-0.138,-0.66
-0.137,-0.66
-0.136,-0.66
-0.135,-0.66
-0.134,-0.66
-0.133,-0.66
-0.132,-0.66
-0.131,-0.66
-0.13,-0.66
-0.129,-0.66
-0.128,-0.66
-0.127,-0.66
-0.126,-0.66
-0.125,-0.66
-0.124,-0.66
-0.123,-0.66
-0.122,-0.66
-0.121,-0.66
-0.12,-0.66
-0.119,-0.66
-0.118,-0.66
-0.117,-0.66
-0.116,-0.66
-0.115,-0.66
-0.114,-0.66
-0.113,-0.66
-0.112,-0.66
-0.111,-0.66
-0.11,-0.66
-0.109,-0.66
-0.108,-0.66
-0.107,-0.66
-0.106,-0.66
-0.105,-0.66
-0.104,-0.66
-0.103,-0.66
-0.102,-0.66
-0.101,-0.66
-0.1,-0.66
-0.099,-0.66
-0.098,-0.66
-0.097,-0.66
-0.096,-0.66
-0.095,-0.66
-0.094,-0.66
-0.093,-0.66
-0.092,-0.66
-0.091,-0.66
-0.09,-0.66
-0.089,-0.66
-0.088,-0.66
-0.087,-0.66
-0.086,-0.66
-0.085,-0.66
-0.084,-0.66
-0.083,-0.66
-0.082,-0.66
-0.081,-0.66
-0.08,-0.66
-0.079,-0.66
-0.077,-0.66
-0.076,-0.66
-0.075,-0.66
-0.074,-0.66
0.005,-0.66
0.01,-0.66
0.018,-0.66
0.049,-0.66
0.06,-0.66
0.062,-0.66
0.156,-0.66
-0.377,-0.659
-0.372,-0.659
-0.37,-0.659
-0.368,-0.659
-0.344,-0.659
-0.303,-0.659
-0.302,-0.659
-0.3,-0.659
-0.294,-0.659
-0.293,-0.659
-0.292,-0.659
-0.29,-0.659
-0.288,-0.659
-0.261,-0.659
-0.256,-0.659
-0.23,-0.659
-0.229,-0.659
-0.172,-0.659
-0.171,-0.659
-0.168,-0.659
-0.167,-0.659
-0.166,-0.659
-0.165,-0.659
-0.164,-0.659
-0.163,-0.659
-0.162,-0.659
-0.161,-0.659
-0.16,-0.659
-0.159,-0.659
-0.158,-0.659
-0.157,-0.659
-0.156,-0.659
-0.155,-0.659
-0.154,-0.659
-0.153,-0.659
-0.152,-0.659
-0.151,-0.659
-0.15,-0.659
-0.149,-0.659
-0.148,-0.659
-0.147,-0.659
-0.146,-0.659
-0.145,-0.659
-0.144,-0.659
-0.143,-0.659
-0.142,-0.659
-0.141,-0.659
-0.14,-0.659
-0.139,-0.659
-0.138,-0.659
-0.137,-0.659
-0.136,-0.659
-0.135,-0.659
-0.134,-0.659
-0.133,-0.659
-0.132,-0.659
-0.131,-0.659
-0.13,-0.659
-0.129,-0.659
-0.128,-0.659
-0.127,-0.659
-0.126,-0.659
-0.125,-0.659
-0.124,-0.659
-0.123,-0.659
-0.122,-0.659
-0.121,-0.659
-0.12,-0.659
-0.119,-0.659
-0.118,-0.659
-0.117,-0.659
-0.116,-0.659
-0.115,-0.659
-0.114,-0.659
-0.113,-0.659
-0.112,-0.659
-0.111,-0.659
-0.11,-0.659
-0.109,-0.659
-0.108,-0.659
-0.107,-0.659
-0.106,-0.659
-0.105,-0.659
-0.104,-0.659
-0.103,-0.659
-0.102,-0.659
-0.101,-0.659
-0.1,-0.659
-0.099,-0.659
-0.098,-0.659
-0.097,-0.659
-0.096,-0.659
-0.095,-0.659
-0.094,-0.659
-0.093,-0.659
-0.092,-0.659
-0.091,-0.659
-0.09,-0.659
-0.089,-0.659
-0.088,-0.659
-0.087,-0.659
-0.086,-0.659
-0.085,-0.659
-0.084,-0.659
-0.083,-0.659
-0.082,-0.659
-0.081,-0.659
-0.08,-0.659
-0.078,-0.659
-0.074,-0.659
-0.014,-0.659
0.011,-0.659
0.02,-0.659
0.056,-0.659
0.06,-0.659
0.061,-0.659
0.119,-0.659
-0.375,-0.658
-0.373,-0.658
-0.37,-0.658
-0.368,-0.658
-0.363,-0.658
-0.357,-0.658
-0.356,-0.658
-0.299,-0.658
-0.298,-0.658
-0.288,-0.658
-0.26,-0.658
-0.258,-0.658
-0.257,-0.658
-0.251,-0.658
-0.25,-0.658
-0.234,-0.658
-0.232,-0.658
-0.17,-0.658
-0.168,-0.658
-0.167,-0.658
-0.166,-0.658
-0.165,-0.658
-0.164,-0.658
-0.163,-0.658
-0.162,-0.658
-0.161,-0.658
-0.16,-0.658
-0.159,-0.658
-0.158,-0.658
-0.157,-0.658
-0.156,-0.658
-0.155,-0.658
-0.154,-0.658
-0.153,-0.658
-0.152,-0.658
-0.151,-0.658
-0.15,-0.658
-0.149,-0.658
-0.148,-0.658
-0.147,-0.658
-0.146,-0.658
-0.145,-0.658
-0.144,-0.658
-0.143,-0.658
-0.142,-0.658
-0.141,-0.658
-0.14,-0.658
-0.139,-0.658
-0.138,-0.658
-0.137,-0.658
-0.136,-0.658
-0.135,-0.658
-0.134,-0.658
-0.133,-0.658
-0.132,-0.658
-0.131,-0.658
-0.13,-0.658
-0.129,-0.658
-0.128,-0.658
-0.127,-0.658
-0.126,-0.658
-0.125,-0.658
-0.124,-0.658
-0.123,-0.658
-0.122,-0.658
-0.121,-0.658
-0.12,-0.658
-0.119,-0.658
-0.118,-0.658
-0.117,-0.658
-0.116,-0.658
-0.115,-0.658
-0.114,-0.658
-0.113,-0.658
-0.112,-0.658
-0.111,-0.658
-0.11,-0.658
-0.109,-0.658
-0.108,-0.658
-0.107,-0.658
-0.106,-0.658
-0.105,-0.658
-0.104,-0.658
-0.103,-0.658
-0.102,-0.658
-0.101,-0.658
-0.1,-0.658
-0.099,-0.658
-0.098,-0.658
-0.097,-0.658
-0.096,-0.658
-0.095,-0.658
-0.094,-0.658
-0.093,-0.658
-0.092,-0.658
-0.091,-0.658
-0.09,-0.658
-0.089,-0.658
-0.088,-0.658
-0.087,-0.658
-0.086,-0.658
-0.085,-0.658
-0.084,-0.658
-0.083,-0.658
-0.081,-0.658
-0.077,-0.658
-0.034,-0.658
-0.019,-0.658
0.015,-0.658
0.016,-0.658
0.017,-0.658
0.054,-0.658
0.126,-0.658
-0.373,-0.657
-0.362,-0.657
-0.351,-0.657
-0.348,-0.657
-0.316,-0.657
-0.308,-0.657
-0.303,-0.657
-0.302,-0.657
-0.299,-0.657
-0.298,-0.657
-0.297,-0.657
-0.296,-0.657
-0.295,-0.657
-0.259,-0.657
-0.258,-0.657
-0.257,-0.657
-0.254,-0.657
-0.253,-0.657
-0.229,-0.657
-0.214,-0.657
-0.17,-0.657
-0.167,-0.657
-0.165,-0.657
-0.164,-0.657
-0.163,-0.657
-0.162,-0.657
-0.161,-0.657
-0.16,-0.657
-0.159,-0.657
-0.158,-0.657
-0.157,-0.657
-0.156,-0.657
-0.155,-0.657
-0.154,-0.657
-0.153,-0.657
-0.152,-0.657
-0.151,-0.657
-0.15,-0.657
-0.149,-0.657
-0.148,-0.657
-0.147,-0.657
-0.146,-0.657
-0.145,-0.657
-0.144,-0.657
-0.143,-0.657
-0.142,-0.657
-0.141,-0.657
-0.14,-0.657
-0.139,-0.657
-0.138,-0.657
-0.137,-0.657
-0.136,-0.657
-0.135,-0.657
-0.134,-0.657
-0.133,-0.657
-0.132,-0.657
-0.131,-0.657
-0.13,-0.657
-0.129,-0.657
-0.128,-0.657
-0.127,-0.657
-0.126,-0.657
-0.125,-0.657
-0.124,-0.657
-0.123,-0.657
-0.122,-0.657
-0.121,-0.657
-0.12,-0.657
-0.119,-0.657
-0.118,-0.657
-0.117,-0.657
-0.116,-0.657
-0.115,-0.657
-0.114,-0.657
-0.113,-0.657
-0.112,-0.657
-0.111,-0.657
-0.11,-0.657
-0.109,-0.657
-0.108,-0.657
-0.107,-0.657
-0.106,-0.657
-0.105,-0.657
-0.104,-0.657
-0.103,-0.657
-0.102,-0.657
-0.101,-0.657
-0.1,-0.657
-0.099,-0.657
-0.098,-0.657
-0.097,-0.657
-0.096,-0.657
-0.095,-0.657
-0.094,-0.657
-0.093,-0.657
-0.092,-0.657
-0.091,-0.657
-0.09,-0.657
-0.089,-0.657
-0.088,-0.657
-0.087,-0.657
-0.086,-0.657
-0.084,-0.657
-0.081,-0.657
-0.08,-0.657
-0.033,-0.657
-0.017,-0.657
0.01,-0.657
0.011,-0.657
0.013,-0.657
0.049,-0.657
0.056,-0.657
0.058,-0.657
0.061,-0.657
0.123,-0.657
0.124,-0.657
-0.379,-0.656
-0.377,-0.656
-0.373,-0.656
-0.372,-0.656
-0.351,-0.656
-0.298,-0.656
-0.295,-0.656
-0.294,-0.656
-0.293,-0.656
-0.265,-0.656
-0.261,-0.656
-0.26,-0.656
-0.259,-0.656
-0.258,-0.656
-0.257,-0.656
-0.253,-0.656
-0.236,-0.656
-0.231,-0.656
-0.23,-0.656
-0.228,-0.656
-0.214,-0.656
-0.167,-0.656
-0.164,-0.656
-0.163,-0.656
-0.162,-0.656
-0.161,-0.656
-0.16,-0.656
-0.159,-0.656
-0.158,-0.656
-0.157,-0.656
-0.156,-0.656
-0.155,-0.656
-0.154,-0.656
-0.153,-0.656
-0.152,-0.656
-0.151,-0.656
-0.15,-0.656
-0.149,-0.656
-0.148,-0.656
-0.147,-0.656
-0.146,-0.656
-0.145,-0.656
-0.144,-0.656
-0.143,-0.656
-0.142,-0.656
-0.141,-0.656
-0.14,-0.656
-0.139,-0.656
-0.138,-0.656
-0.137,-0.656
-0.136,-0.656
-0.135,-0.656
-0.134,-0.656
-0.133,-0.656
-0.132,-0.656
-0.131,-0.656
-0.13,-0.656
-0.129,-0.656
-0.128,-0.656
-0.127,-0.656
-0.126,-0.656
-0.125,-0.656
-0.124,-0.656
-0.123,-0.656
-0.122,-0.656
-0.121,-0.656
-0.12,-0.656
-0.119,-0.656
-0.118,-0.656
-0.117,-0.656
-0.116,-0.656
-0.115,-0.656
-0.114,-0.656
-0.113,-0.656
-0.112,-0.656
-0.111,-0.656
-0.11,-0.656
-0.109,-0.656
-0.108,-0.656
-0.107,-0.656
-0.106,-0.656
-0.105,-0.656
-0.104,-0.656
-0.103,-0.656
-0.102,-0.656
-0.101,-0.656
-0.1,-0.656
-0.099,-0.656
-0.098,-0.656
-0.097,-0.656
-0.096,-0.656
-0.095,-0.656
-0.094,-0.656
-0.093,-0.656
-0.092,-0.656
-0.091,-0.656
-0.09,-0.656
-0.089,-0.656
-0.088,-0.656
-0.087,-0.656
-0.086,-0.656
-0.084,-0.656
-0.014,-0.656
-0.012,-0.656
-0.011,-0.656
0.008,-0.656
0.013,-0.656
0.014,-0.656
0.015,-0.656
0.018,-0.656
0.043,-0.656
0.049,-0.656
0.056,-0.656
0.057,-0.656
0.058,-0.656
0.059,-0.656
0.121,-0.656
0.123,-0.656
0.15,-0.656
-0.544,-0.655
-0.401,-0.655
-0.379,-0.655
-0.378,-0.655
-0.301,-0.655
-0.3,-0.655
-0.297,-0.655
-0.295,-0.655
-0.294,-0.655
-0.292,-0.655
-0.272,-0.655
-0.262,-0.655
-0.261,-0.655
-0.26,-0.655
-0.259,-0.655
-0.258,-0.655
-0.257,-0.655
-0.255,-0.655
-0.254,-0.655
-0.251,-0.655
-0.234,-0.655
-0.233,-0.655
-0.232,-0.655
-0.218,-0.655
-0.206,-0.655
-0.164,-0.655
-0.162,-0.655
-0.161,-0.655
-0.16,-0.655
-0.159,-0.655
-0.158,-0.655
-0.157,-0.655
-0.156,-0.655
-0.155,-0.655
-0.154,-0.655
-0.153,-0.655
-0.152,-0.655
-0.151,-0.655
-0.15,-0.655
-0.149,-0.655
-0.148,-0.655
-0.147,-0.655
-0.146,-0.655
-0.145,-0.655
-0.144,-0.655
-0.143,-0.655
-0.142,-0.655
-0.141,-0.655
-0.14,-0.655
-0.139,-0.655
-0.138,-0.655
-0.137,-0.655
-0.136,-0.655
-0.135,-0.655
-0.134,-0.655
-0.133,-0.655
-0.132,-0.655
-0.131,-0.655
-0.13,-0.655
-0.129,-0.655
-0.128,-0.655
-0.127,-0.655
-0.126,-0.655
-0.125,-0.655
-0.124,-0.655
-0.123,-0.655
-0.122,-0.655
-0.121,-0.655
-0.12,-0.655
-0.119,-0.655
-0.118,-0.655
-0.117,-0.655
-0.116,-0.655
-0.115,-0.655
-0.114,-0.655
-0.113,-0.655
-0.112,-0.655
-0.111,-0.655
-0.11,-0.655
-0.109,-0.655
-0.108,-0.655
-0.107,-0.655
-0.106,-0.655
-0.105,-0.655
-0.104,-0.655
-0.103,-0.655
-0.102,-0.655
-0.101,-0.655
-0.1,-0.655
-0.099,-0.655
-0.098,-0.655
-0.097,-0.655
-0.096,-0.655
-0.095,-0.655
-0.094,-0.655
-0.093,-0.655
-0.092,-0.655
-0.091,-0.655
-0.09,-0.655
-0.089,-0.655
-0.087,-0.655
-0.045,-0.655
-0.032,-0.655
-0.017,-0.655
-0.016,-0.655
-0.014,-0.655
-0.013,-0.655
0.004,-0.655
0.005,-0.655
0.009,-0.655
0.013,-0.655
0.014,-0.655
0.042,-0.655
0.051,-0.655
0.052,-0.655
0.053,-0.655
0.057,-0.655
0.062,-0.655
0.12,-0.655
0.125,-0.655
-0.379,-0.654
-0.374,-0.654
-0.372,-0.654
-0.307,-0.654
-0.304,-0.654
-0.302,-0.654
-0.298,-0.654
-0.297,-0.654
-0.286,-0.654
-0.271,-0.654
-0.27,-0.654
-0.269,-0.654
-0.26,-0.654
-0.259,-0.654
-0.258,-0.654
-0.256,-0.654
-0.235,-0.654
-0.234,-0.654
-0.233,-0.654
-0.232,-0.654
-0.23,-0.654
-0.219,-0.654
-0.217,-0.654
-0.216,-0.654
-0.215,-0.654
-0.204,-0.654
-0.158,-0.654
-0.157,-0.654
-0.156,-0.654
-0.155,-0.654
-0.154,-0.654
-0.153,-0.654
-0.152,-0.654
-0.151,-0.654
-0.15,-0.654
-0.149,-0.654
-0.148,-0.654
-0.147,-0.654
-0.146,-0.654
-0.145,-0.654
-0.144,-0.654
-0.143,-0.654
-0.142,-0.654
-0.141,-0.654
-0.14,-0.654
-0.139,-0.654
-0.138,-0.654
-0.137,-0.654
-0.136,-0.654
-0.135,-0.654
-0.134,-0.654
-0.133,-0.654
-0.132,-0.654
-0.131,-0.654
-0.13,-0.654
-0.129,-0.654
-0.128,-0.654
-0.127,-0.654
-0.126,-0.654
-0.125,-0.654
-0.124,-0.654
-0.123,-0.654
-0.122,-0.654
-0.121,-0.654
-0.12,-0.654
-0.119,-0.654
-0.118,-0.654
-0.117,-0.654
-0.116,-0.654
-0.115,-0.654
-0.114,-0.654
-0.113,-0.654
-0.112,-0.654
-0.111,-0.654
-0.11,-0.654
-0.109,-0.654
-0.108,-0.654
-0.107,-0.654
-0.106,-0.654
-0.105,-0.654
-0.104,-0.654
-0.103,-0.654
-0.102,-0.654
-0.101,-0.654
-0.1,-0.654
-0.099,-0.654
-0.098,-0.654
-0.097,-0.654
-0.096,-0.654
-0.095,-0.654
-0.094,-0.654
-0.093,-0.654
-0.092,-0.654
-0.055,-0.654
-0.046,-0.654
-0.034,-0.654
-0.032,-0.654
-0.031,-0.654
-0.03,-0.654
-0.014,-0.654
-0.013,-0.654
-0.012,-0.654
-0.011,-0.654
-0.005,-0.654
0.006,-0.654
0.011,-0.654
0.012,-0.654
0.013,-0.654
0.014,-0.654
0.017,-0.654
0.018,-0.654
0.02,-0.654
0.021,-0.654
0.042,-0.654
0.051,-0.654
0.054,-0.654
0.057,-0.654
0.059,-0.654
0.132,-0.654
-0.389,-0.653
-0.378,-0.653
-0.316,-0.653
-0.314,-0.653
-0.308,-0.653
-0.302,-0.653
-0.298,-0.653
-0.289,-0.653
-0.285,-0.653
-0.27,-0.653
-0.269,-0.653
-0.264,-0.653
-0.262,-0.653
-0.261,-0.653
-0.258,-0.653
-0.24,-0.653
-0.234,-0.653
-0.233,-0.653
-0.232,-0.653
-0.222,-0.653
-0.22,-0.653
-0.219,-0.653
-0.218,-0.653
-0.217,-0.653
-0.216,-0.653
-0.215,-0.653
-0.213,-0.653
-0.205,-0.653
-0.204,-0.653
-0.203,-0.653
-0.156,-0.653
-0.155,-0.653
-0.154,-0.653
-0.153,-0.653
-0.152,-0.653
-0.151,-0.653
-0.15,-0.653
-0.149,-0.653
-0.148,-0.653
-0.147,-0.653
-0.146,-0.653
-0.145,-0.653
-0.144,-0.653
-0.143,-0.653
-0.142,-0.653
-0.141,-0.653
-0.14,-0.653
-0.139,-0.653
-0.138,-0.653
-0.137,-0.653
-0.136,-0.653
-0.135,-0.653
-0.134,-0.653
-0.133,-0.653
-0.132,-0.653
-0.131,-0.653
-0.13,-0.653
-0.129,-0.653
-0.128,-0.653
-0.127,-0.653
-0.126,-0.653
-0.125,-0.653
-0.124,-0.653
-0.123,-0.653
-0.122,-0.653
-0.121,-0.653
-0.12,-0.653
-0.119,-0.653
-0.118,-0.653
-0.117,-0.653
-0.116,-0.653
-0.115,-0.653
-0.114,-0.653
-0.113,-0.653
-0.112,-0.653
-0.111,-0.653
-0.11,-0.653
-0.109,-0.653
-0.108,-0.653
-0.107,-0.653
-0.106,-0.653
-0.105,-0.653
-0.104,-0.653
-0.103,-0.653
-0.102,-0.653
-0.101,-0.653
-0.1,-0.653
-0.099,-0.653
-0.098,-0.653
-0.097,-0.653
-0.096,-0.653
-0.094,-0.653
-0.068,-0.653
-0.063,-0.653
-0.062,-0.653
-0.055,-0.653
-0.046,-0.653
-0.045,-0.653
-0.044,-0.653
-0.043,-0.653
-0.033,-0.653
-0.032,-0.653
-0.031,-0.653
-0.03,-0.653
-0.029,-0.653
-0.028,-0.653
-0.026,-0.653
-0.017,-0.653
-0.014,-0.653
-0.013,-0.653
-0.012,-0.653
-0.011,-0.653
0.005,-0.653
0.01,-0.653
0.012,-0.653
0.013,-0.653
0.014,-0.653
0.015,-0.653
0.016,-0.653
0.025,-0.653
0.027,-0.653
0.05,-0.653
0.056,-0.653
0.057,-0.653
0.059,-0.653
0.06,-0.653
0.153,-0.653
-0.368,-0.652
-0.311,-0.652
-0.305,-0.652
-0.299,-0.652
-0.298,-0.652
-0.29,-0.652
-0.286,-0.652
-0.264,-0.652
-0.263,-0.652
-0.261,-0.652
-0.258,-0.652
-0.242,-0.652
-0.235,-0.652
-0.233,-0.652
-0.232,-0.652
-0.231,-0.652
-0.229,-0.652
-0.222,-0.652
-0.218,-0.652
-0.217,-0.652
-0.216,-0.652
-0.215,-0.652
-0.213,-0.652
-0.209,-0.652
-0.208,-0.652
-0.207,-0.652
-0.205,-0.652
-0.204,-0.652
-0.203,-0.652
-0.202,-0.652
-0.195,-0.652
-0.194,-0.652
-0.188,-0.652
-0.187,-0.652
-0.186,-0.652
-0.176,-0.652
-0.152,-0.652
-0.151,-0.652
-0.15,-0.652
-0.149,-0.652
-0.148,-0.652
-0.147,-0.652
-0.146,-0.652
-0.145,-0.652
-0.144,-0.652
-0.143,-0.652
-0.142,-0.652
-0.141,-0.652
-0.14,-0.652
-0.139,-0.652
-0.138,-0.652
-0.137,-0.652
-0.136,-0.652
-0.135,-0.652
-0.134,-0.652
-0.133,-0.652
-0.132,-0.652
-0.131,-0.652
-0.13,-0.652
-0.129,-0.652
-0.128,-0.652
-0.127,-0.652
-0.126,-0.652
-0.125,-0.652
-0.124,-0.652
-0.123,-0.652
-0.122,-0.652
-0.121,-0.652
-0.12,-0.652
-0.119,-0.652
-0.118,-0.652
-0.117,-0.652
-0.116,-0.652
-0.115,-0.652
-0.114,-0.652
-0.113,-0.652
-0.112,-0.652
-0.111,-0.652
-0.11,-0.652
-0.109,-0.652
-0.108,-0.652
-0.107,-0.652
-0.106,-0.652
-0.105,-0.652
-0.104,-0.652
-0.103,-0.652
-0.102,-0.652
-0.101,-0.652
-0.073,-0.652
-0.069,-0.652
-0.063,-0.652
-0.062,-0.652
-0.061,-0.652
-0.055,-0.652
-0.054,-0.652
-0.053,-0.652
-0.047,-0.652
-0.046,-0.652
-0.045,-0.652
-0.044,-0.652
-0.043,-0.652
-0.042,-0.652
-0.041,-0.652
-0.04,-0.652
-0.035,-0.652
-0.033,-0.652
-0.032,-0.652
-0.031,-0.652
-0.03,-0.652
-0.029,-0.652
-0.025,-0.652
-0.018,-0.652
-0.016,-0.652
-0.015,-0.652
-0.014,-0.652
-0.012,-0.652
-0.006,-0.652
0.008,-0.652
0.009,-0.652
0.012,-0.652
0.013,-0.652
0.015,-0.652
0.016,-0.652
0.026,-0.652
0.044,-0.652
0.045,-0.652
0.056,-0.652
0.057,-0.652
0.06,-0.652
0.061,-0.652
0.14,-0.652
0.141,-0.652
0.142,-0.652
0.143,-0.652
-0.383,-0.651
-0.369,-0.651
-0.314,-0.651
-0.31,-0.651
-0.306,-0.651
-0.3,-0.651
-0.299,-0.651
-0.298,-0.651
-0.297,-0.651
-0.296,-0.651
-0.295,-0.651
-0.266,-0.651
-0.264,-0.651
-0.263,-0.651
-0.262,-0.651
-0.259,-0.651
-0.258,-0.651
-0.257,-0.651
-0.253,-0.651
-0.252,-0.651
-0.251,-0.651
-0.244,-0.651
-0.239,-0.651
-0.238,-0.651
-0.237,-0.651
-0.234,-0.651
-0.233,-0.651
-0.231,-0.651
-0.23,-0.651
-0.229,-0.651
-0.22,-0.651
-0.219,-0.651
-0.218,-0.651
-0.217,-0.651
-0.216,-0.651
-0.215,-0.651
-0.214,-0.651
-0.213,-0.651
-0.21,-0.651
-0.208,-0.651
-0.207,-0.651
-0.206,-0.651
-0.205,-0.651
-0.204,-0.651
-0.203,-0.651
-0.202,-0.651
-0.199,-0.651
-0.198,-0.651
-0.196,-0.651
-0.195,-0.651
-0.194,-0.651
-0.191,-0.651
-0.189,-0.651
-0.188,-0.651
-0.187,-0.651
-0.184,-0.651
-0.183,-0.651
-0.182,-0.651
-0.181,-0.651
-0.177,-0.651
-0.176,-0.651
-0.173,-0.651
-0.172,-0.651
-0.169,-0.651
-0.145,-0.651
-0.144,-0.651
-0.143,-0.651
-0.142,-0.651
-0.141,-0.651
-0.14,-0.651
-0.139,-0.651
-0.138,-0.651
-0.137,-0.651
-0.136,-0.651
-0.135,-0.651
-0.134,-0.651
-0.133,-0.651
-0.132,-0.651
-0.131,-0.651
-0.13,-0.651
-0.129,-0.651
-0.128,-0.651
-0.127,-0.651
-0.126,-0.651
-0.125,-0.651
-0.124,-0.651
-0.123,-0.651
-0.122,-0.651
-0.121,-0.651
-0.12,-0.651
-0.119,-0.651
-0.118,-0.651
-0.117,-0.651
-0.116,-0.651
-0.115,-0.651
-0.114,-0.651
-0.113,-0.651
-0.112,-0.651
-0.111,-0.651
-0.11,-0.651
-0.109,-0.651
-0.108,-0.651
-0.107,-0.651
-0.106,-0.651
-0.081,-0.651
-0.08,-0.651
-0.078,-0.651
-0.077,-0.651
-0.074,-0.651
-0.073,-0.651
-0.068,-0.651
-0.067,-0.651
-0.066,-0.651
-0.062,-0.651
-0.061,-0.651
-0.06,-0.651
-0.056,-0.651
-0.055,-0.651
-0.054,-0.651
-0.053,-0.651
-0.049,-0.651
-0.047,-0.651
-0.045,-0.651
-0.044,-0.651
-0.043,-0.651
-0.039,-0.651
-0.038,-0.651
-0.035,-0.651
-0.033,-0.651
-0.031,-0.651
-0.03,-0.651
-0.029,-0.651
-0.017,-0.651
-0.016,-0.651
-0.012,-0.651
-0.01,-0.651
-0.009,-0.651
-0.006,-0.651
-0.003,-0.651
0.005,-0.651
0.006,-0.651
0.007,-0.651
0.008,-0.651
0.013,-0.651
0.018,-0.651
0.019,-0.651
0.056,-0.651
0.06,-0.651
0.063,-0.651
0.151,-0.651
-0.373,-0.65
-0.367,-0.65
-0.31,-0.65
-0.309,-0.65
-0.305,-0.65
-0.3,-0.65
-0.299,-0.65
-0.297,-0.65
-0.273,-0.65
-0.272,-0.65
-0.267,-0.65
-0.259,-0.65
-0.258,-0.65
-0.257,-0.65
-0.253,-0.65
-0.252,-0.65
-0.25,-0.65
-0.241,-0.65
-0.239,-0.65
-0.234,-0.65
-0.233,-0.65
-0.23,-0.65
-0.229,-0.65
-0.222,-0.65
-0.221,-0.65
-0.217,-0.65
-0.216,-0.65
-0.214,-0.65
-0.206,-0.65
-0.205,-0.65
-0.204,-0.65
-0.203,-0.65
-0.197,-0.65
-0.196,-0.65
-0.195,-0.65
-0.194,-0.65
-0.192,-0.65
-0.19,-0.65
-0.189,-0.65
-0.188,-0.65
-0.187,-0.65
-0.184,-0.65
-0.183,-0.65
-0.182,-0.65
-0.181,-0.65
-0.18,-0.65
-0.179,-0.65
-0.178,-0.65
-0.177,-0.65
-0.176,-0.65
-0.174,-0.65
-0.173,-0.65
-0.172,-0.65
-0.171,-0.65
-0.17,-0.65
-0.169,-0.65
-0.168,-0.65
-0.167,-0.65
-0.166,-0.65
-0.165,-0.65
-0.164,-0.65
-0.163,-0.65
-0.161,-0.65
-0.16,-0.65
-0.159,-0.65
-0.158,-0.65
-0.157,-0.65
-0.154,-0.65
-0.153,-0.65
-0.142,-0.65
-0.141,-0.65
-0.14,-0.65
-0.139,-0.65
-0.138,-0.65
-0.137,-0.65
-0.136,-0.65
-0.135,-0.65
-0.134,-0.65
-0.133,-0.65
-0.132,-0.65
-0.131,-0.65
-0.13,-0.65
-0.129,-0.65
-0.128,-0.65
-0.127,-0.65
-0.126,-0.65
-0.125,-0.65
-0.124,-0.65
-0.123,-0.65
-0.122,-0.65
-0.121,-0.65
-0.12,-0.65
-0.119,-0.65
-0.118,-0.65
-0.117,-0.65
-0.116,-0.65
-0.115,-0.65
-0.114,-0.65
-0.113,-0.65
-0.112,-0.65
-0.111,-0.65
-0.11,-0.65
-0.109,-0.65
-0.108,-0.65
-0.104,-0.65
-0.097,-0.65
-0.096,-0.65
-0.094,-0.65
-0.093,-0.65
-0.092,-0.65
-0.091,-0.65
-0.09,-0.65
-0.089,-0.65
-0.088,-0.65
-0.087,-0.65
-0.086,-0.65
-0.085,-0.65
-0.084,-0.65
-0.083,-0.65
-0.082,-0.65
-0.081,-0.65
-0.08,-0.65
-0.079,-0.65
-0.078,-0.65
-0.077,-0.65
-0.076,-0.65
-0.075,-0.65
-0.074,-0.65
-0.073,-0.65
-0.072,-0.65
-0.071,-0.65
-0.068,-0.65
-0.067,-0.65
-0.066,-0.65
-0.065,-0.65
-0.062,-0.65
-0.061,-0.65
-0.06,-0.65
-0.059,-0.65
-0.057,-0.65
-0.055,-0.65
-0.054,-0.65
-0.053,-0.65
-0.052,-0.65
-0.051,-0.65
-0.05,-0.65
-0.046,-0.65
-0.045,-0.65
-0.044,-0.65
-0.04,-0.65
-0.032,-0.65
-0.031,-0.65
-0.029,-0.65
-0.028,-0.65
-0.027,-0.65
-0.026,-0.65
-0.025,-0.65
-0.024,-0.65
-0.023,-0.65
-0.019,-0.65
-0.017,-0.65
-0.014,-0.65
-0.013,-0.65
-0.008,-0.65
-0.006,-0.65
-0.004,-0.65
0.005,-0.65
0.006,-0.65
0.007,-0.65
0.011,-0.65
0.012,-0.65
0.013,-0.65
0.014,-0.65
0.016,-0.65
0.018,-0.65
0.02,-0.65
0.021,-0.65
0.054,-0.65
0.055,-0.65
0.056,-0.65
0.057,-0.65
0.063,-0.65
0.066,-0.65
0.073,-0.65
0.157,-0.65
-0.554,-0.649
-0.384,-0.649
-0.371,-0.649
-0.37,-0.649
-0.361,-0.649
-0.317,-0.649
-0.311,-0.649
-0.31,-0.649
-0.299,-0.649
-0.297,-0.649
-0.292,-0.649
-0.273,-0.649
-0.268,-0.649
-0.262,-0.649
-0.259,-0.649
-0.258,-0.649
-0.257,-0.649
-0.255,-0.649
-0.236,-0.649
-0.235,-0.649
-0.234,-0.649
-0.233,-0.649
-0.232,-0.649
-0.225,-0.649
-0.219,-0.649
-0.218,-0.649
-0.217,-0.649
-0.216,-0.649
-0.211,-0.649
-0.206,-0.649
-0.205,-0.649
-0.204,-0.649
-0.198,-0.649
-0.196,-0.649
-0.195,-0.649
-0.19,-0.649
-0.189,-0.649
-0.188,-0.649
-0.183,-0.649
-0.182,-0.649
-0.181,-0.649
-0.178,-0.649
-0.177,-0.649
-0.174,-0.649
-0.173,-0.649
-0.17,-0.649
-0.169,-0.649
-0.167,-0.649
-0.166,-0.649
-0.165,-0.649
-0.164,-0.649
-0.163,-0.649
-0.162,-0.649
-0.161,-0.649
-0.16,-0.649
-0.159,-0.649
-0.158,-0.649
-0.157,-0.649
-0.156,-0.649
-0.155,-0.649
-0.154,-0.649
-0.153,-0.649
-0.152,-0.649
-0.151,-0.649
-0.15,-0.649
-0.149,-0.649
-0.148,-0.649
-0.147,-0.649
-0.146,-0.649
-0.145,-0.649
-0.144,-0.649
-0.143,-0.649
-0.142,-0.649
-0.141,-0.649
-0.14,-0.649
-0.139,-0.649
-0.138,-0.649
-0.137,-0.649
-0.136,-0.649
-0.135,-0.649
-0.134,-0.649
-0.133,-0.649
-0.132,-0.649
-0.131,-0.649
-0.13,-0.649
-0.129,-0.649
-0.128,-0.649
-0.127,-0.649
-0.126,-0.649
-0.125,-0.649
-0.124,-0.649
-0.123,-0.649
-0.122,-0.649
-0.121,-0.649
-0.12,-0.649
-0.119,-0.649
-0.118,-0.649
-0.117,-0.649
-0.116,-0.649
-0.115,-0.649
-0.114,-0.649
-0.113,-0.649
-0.112,-0.649
-0.111,-0.649
-0.11,-0.649
-0.109,-0.649
-0.108,-0.649
-0.107,-0.649
-0.106,-0.649
-0.105,-0.649
-0.104,-0.649
-0.103,-0.649
-0.102,-0.649
-0.101,-0.649
-0.1,-0.649
-0.099,-0.649
-0.098,-0.649
-0.097,-0.649
-0.096,-0.649
-0.095,-0.649
-0.094,-0.649
-0.093,-0.649
-0.092,-0.649
-0.091,-0.649
-0.09,-0.649
-0.089,-0.649
-0.088,-0.649
-0.086,-0.649
-0.085,-0.649
-0.084,-0.649
-0.083,-0.649
-0.081,-0.649
-0.08,-0.649
-0.079,-0.649
-0.077,-0.649
-0.076,-0.649
-0.073,-0.649
-0.072,-0.649
-0.071,-0.649
-0.068,-0.649
-0.067,-0.649
-0.065,-0.649
-0.062,-0.649
-0.061,-0.649
-0.054,-0.649
-0.053,-0.649
-0.049,-0.649
-0.045,-0.649
-0.044,-0.649
-0.043,-0.649
-0.041,-0.649
-0.038,-0.649
-0.035,-0.649
-0.031,-0.649
-0.03,-0.649
-0.029,-0.649
-0.027,-0.649
-0.016,-0.649
-0.014,-0.649
-0.006,-0.649
-0.003,-0.649
0.009,-0.649
0.01,-0.649
0.012,-0.649
0.013,-0.649
0.02,-0.649
0.021,-0.649
0.023,-0.649
0.028,-0.649
0.055,-0.649
0.056,-0.649
0.063,-0.649
0.064,-0.649
-0.552,-0.648
-0.401,-0.648
-0.393,-0.648
-0.392,-0.648
-0.386,-0.648
-0.384,-0.648
-0.373,-0.648
-0.37,-0.648
-0.361,-0.648
-0.319,-0.648
-0.309,-0.648
-0.307,-0.648
-0.301,-0.648
-0.298,-0.648
-0.297,-0.648
-0.295,-0.648
-0.292,-0.648
-0.261,-0.648
-0.259,-0.648
-0.258,-0.648
-0.257,-0.648
-0.255,-0.648
-0.251,-0.648
-0.244,-0.648
-0.236,-0.648
-0.235,-0.648
-0.234,-0.648
-0.233,-0.648
-0.232,-0.648
-0.229,-0.648
-0.222,-0.648
-0.22,-0.648
-0.219,-0.648
-0.218,-0.648
-0.217,-0.648
-0.216,-0.648
-0.214,-0.648
-0.208,-0.648
-0.207,-0.648
-0.206,-0.648
-0.205,-0.648
-0.204,-0.648
-0.203,-0.648
-0.202,-0.648
-0.198,-0.648
-0.197,-0.648
-0.196,-0.648
-0.195,-0.648
-0.194,-0.648
-0.193,-0.648
-0.19,-0.648
-0.189,-0.648
-0.188,-0.648
-0.187,-0.648
-0.185,-0.648
-0.184,-0.648
-0.183,-0.648
-0.182,-0.648
-0.181,-0.648
-0.18,-0.648
-0.179,-0.648
-0.178,-0.648
-0.177,-0.648
-0.176,-0.648
-0.175,-0.648
-0.174,-0.648
-0.173,-0.648
-0.172,-0.648
-0.171,-0.648
-0.17,-0.648
-0.169,-0.648
-0.168,-0.648
-0.167,-0.648
-0.166,-0.648
-0.165,-0.648
-0.164,-0.648
-0.163,-0.648
-0.162,-0.648
-0.161,-0.648
-0.16,-0.648
-0.159,-0.648
-0.158,-0.648
-0.157,-0.648
-0.156,-0.648
-0.155,-0.648
-0.154,-0.648
-0.153,-0.648
-0.152,-0.648
-0.151,-0.648
-0.15,-0.648
-0.149,-0.648
-0.148,-0.648
-0.147,-0.648
-0.146,-0.648
-0.145,-0.648
-0.144,-0.648
-0.143,-0.648
-0.142,-0.648
-0.141,-0.648
-0.14,-0.648
-0.139,-0.648
-0.138,-0.648
-0.137,-0.648
-0.136,-0.648
-0.135,-0.648
-0.134,-0.648
-0.133,-0.648
-0.132,-0.648
-0.131,-0.648
-0.13,-0.648
-0.129,-0.648
-0.128,-0.648
-0.127,-0.648
-0.126,-0.648
-0.125,-0.648
-0.124,-0.648
-0.123,-0.648
-0.122,-0.648
-0.121,-0.648
-0.12,-0.648
-0.119,-0.648
-0.118,-0.648
-0.117,-0.648
-0.116,-0.648
-0.115,-0.648
-0.114,-0.648
-0.113,-0.648
-0.112,-0.648
-0.111,-0.648
-0.11,-0.648
-0.109,-0.648
-0.108,-0.648
-0.107,-0.648
-0.106,-0.648
-0.105,-0.648
-0.104,-0.648
-0.103,-0.648
-0.102,-0.648
-0.101,-0.648
-0.1,-0.648
-0.099,-0.648
-0.098,-0.648
-0.097,-0.648
-0.096,-0.648
-0.095,-0.648
-0.094,-0.648
-0.093,-0.648
-0.092,-0.648
-0.091,-0.648
-0.09,-0.648
-0.089,-0.648
-0.088,-0.648
-0.087,-0.648
-0.086,-0.648
-0.085,-0.648
-0.084,-0.648
-0.083,-0.648
-0.082,-0.648
-0.081,-0.648
-0.08,-0.648
-0.079,-0.648
-0.078,-0.648
-0.077,-0.648
-0.076,-0.648
-0.075,-0.648
-0.074,-0.648
-0.073,-0.648
-0.072,-0.648
-0.071,-0.648
-0.07,-0.648
-0.069,-0.648
-0.068,-0.648
-0.067,-0.648
-0.066,-0.648
-0.065,-0.648
-0.064,-0.648
-0.063,-0.648
-0.062,-0.648
-0.061,-0.648
-0.06,-0.648
-0.059,-0.648
-0.056,-0.648
-0.055,-0.648
-0.054,-0.648
-0.053,-0.648
-0.052,-0.648
-0.051,-0.648
-0.046,-0.648
-0.045,-0.648
-0.044,-0.648
-0.043,-0.648
-0.041,-0.648
-0.04,-0.648
-0.033,-0.648
-0.032,-0.648
-0.031,-0.648
-0.03,-0.648
-0.028,-0.648
-0.027,-0.648
-0.026,-0.648
-0.018,-0.648
-0.016,-0.648
-0.015,-0.648
-0.014,-0.648
-0.013,-0.648
-0.012,-0.648
-0.011,-0.648
-0.004,-0.648
0.009,-0.648
0.01,-0.648
0.011,-0.648
0.012,-0.648
0.013,-0.648
0.015,-0.648
0.016,-0.648
0.019,-0.648
0.021,-0.648
0.027,-0.648
0.055,-0.648
0.063,-0.648
0.067,-0.648
0.068,-0.648
0.148,-0.648
0.357,-0.648
-0.392,-0.647
-0.391,-0.647
-0.39,-0.647
-0.37,-0.647
-0.368,-0.647
-0.321,-0.647
-0.317,-0.647
-0.312,-0.647
-0.302,-0.647
-0.301,-0.647
-0.298,-0.647
-0.297,-0.647
-0.296,-0.647
-0.295,-0.647
-0.291,-0.647
-0.285,-0.647
-0.272,-0.647
-0.26,-0.647
-0.259,-0.647
-0.258,-0.647
-0.257,-0.647
-0.256,-0.647
-0.254,-0.647
-0.251,-0.647
-0.24,-0.647
-0.239,-0.647
-0.238,-0.647
-0.235,-0.647
-0.234,-0.647
-0.233,-0.647
-0.232,-0.647
-0.23,-0.647
-0.229,-0.647
-0.228,-0.647
-0.221,-0.647
-0.22,-0.647
-0.219,-0.647
-0.218,-0.647
-0.217,-0.647
-0.216,-0.647
-0.215,-0.647
-0.214,-0.647
-0.213,-0.647
-0.21,-0.647
-0.208,-0.647
-0.207,-0.647
-0.206,-0.647
-0.205,-0.647
-0.204,-0.647
-0.203,-0.647
-0.202,-0.647
-0.2,-0.647
-0.198,-0.647
-0.197,-0.647
-0.196,-0.647
-0.195,-0.647
-0.194,-0.647
-0.192,-0.647
-0.189,-0.647
-0.188,-0.647
-0.187,-0.647
-0.186,-0.647
-0.185,-0.647
-0.184,-0.647
-0.183,-0.647
-0.182,-0.647
-0.181,-0.647
-0.18,-0.647
-0.179,-0.647
-0.178,-0.647
-0.177,-0.647
-0.176,-0.647
-0.175,-0.647
-0.174,-0.647
-0.173,-0.647
-0.172,-0.647
-0.171,-0.647
-0.17,-0.647
-0.169,-0.647
-0.168,-0.647
-0.167,-0.647
-0.166,-0.647
-0.165,-0.647
-0.164,-0.647
-0.163,-0.647
-0.162,-0.647
-0.161,-0.647
-0.16,-0.647
-0.159,-0.647
-0.158,-0.647
-0.157,-0.647
-0.156,-0.647
-0.155,-0.647
-0.154,-0.647
-0.153,-0.647
-0.152,-0.647
-0.151,-0.647
-0.15,-0.647
-0.149,-0.647
-0.148,-0.647
-0.147,-0.647
-0.146,-0.647
-0.145,-0.647
-0.144,-0.647
-0.143,-0.647
-0.142,-0.647
-0.141,-0.647
-0.14,-0.647
-0.139,-0.647
-0.138,-0.647
-0.137,-0.647
-0.136,-0.647
-0.135,-0.647
-0.134,-0.647
-0.133,-0.647
-0.132,-0.647
-0.131,-0.647
-0.13,-0.647
-0.129,-0.647
-0.128,-0.647
-0.127,-0.647
-0.126,-0.647
-0.125,-0.647
-0.124,-0.647
-0.123,-0.647
-0.122,-0.647
-0.121,-0.647
-0.12,-0.647
-0.119,-0.647
-0.118,-0.647
-0.117,-0.647
-0.116,-0.647
-0.115,-0.647
-0.114,-0.647
-0.113,-0.647
-0.112,-0.647
-0.111,-0.647
-0.11,-0.647
-0.109,-0.647
-0.108,-0.647
-0.107,-0.647
-0.106,-0.647
-0.105,-0.647
-0.104,-0.647
-0.103,-0.647
-0.102,-0.647
-0.101,-0.647
-0.1,-0.647
-0.099,-0.647
-0.098,-0.647
-0.097,-0.647
-0.096,-0.647
-0.095,-0.647
-0.094,-0.647
-0.093,-0.647
-0.092,-0.647
-0.091,-0.647
-0.09,-0.647
-0.089,-0.647
-0.088,-0.647
-0.087,-0.647
-0.086,-0.647
-0.085,-0.647
-0.084,-0.647
-0.083,-0.647
-0.082,-0.647
-0.081,-0.647
-0.08,-0.647
-0.079,-0.647
-0.078,-0.647
-0.077,-0.647
-0.076,-0.647
-0.075,-0.647
-0.074,-0.647
-0.073,-0.647
-0.072,-0.647
-0.071,-0.647
-0.07,-0.647
-0.069,-0.647
-0.068,-0.647
-0.067,-0.647
-0.066,-0.647
-0.065,-0.647
-0.064,-0.647
-0.062,-0.647
-0.061,-0.647
-0.06,-0.647
-0.059,-0.647
-0.058,-0.647
-0.057,-0.647
-0.055,-0.647
-0.054,-0.647
-0.053,-0.647
-0.052,-0.647
-0.051,-0.647
-0.049,-0.647
-0.047,-0.647
-0.046,-0.647
-0.045,-0.647
-0.044,-0.647
-0.043,-0.647
-0.042,-0.647
-0.041,-0.647
-0.04,-0.647
-0.036,-0.647
-0.035,-0.647
-0.034,-0.647
-0.033,-0.647
-0.032,-0.647
-0.031,-0.647
-0.03,-0.647
-0.029,-0.647
-0.028,-0.647
-0.027,-0.647
-0.026,-0.647
-0.018,-0.647
-0.016,-0.647
-0.015,-0.647
-0.014,-0.647
-0.013,-0.647
-0.012,-0.647
-0.011,-0.647
-0.008,-0.647
0.005,-0.647
0.009,-0.647
0.01,-0.647
0.011,-0.647
0.012,-0.647
0.013,-0.647
0.016,-0.647
0.05,-0.647
0.054,-0.647
0.055,-0.647
0.057,-0.647
0.068,-0.647
0.356,-0.647
0.357,-0.647
0.358,-0.647
-0.391,-0.646
-0.369,-0.646
-0.349,-0.646
-0.302,-0.646
-0.301,-0.646
-0.3,-0.646
-0.298,-0.646
-0.297,-0.646
-0.296,-0.646
-0.295,-0.646
-0.293,-0.646
-0.291,-0.646
-0.288,-0.646
-0.287,-0.646
-0.286,-0.646
-0.283,-0.646
-0.264,-0.646
-0.262,-0.646
-0.26,-0.646
-0.259,-0.646
-0.258,-0.646
-0.257,-0.646
-0.256,-0.646
-0.252,-0.646
-0.251,-0.646
-0.25,-0.646
-0.24,-0.646
-0.239,-0.646
-0.238,-0.646
-0.237,-0.646
-0.236,-0.646
-0.235,-0.646
-0.234,-0.646
-0.233,-0.646
-0.232,-0.646
-0.231,-0.646
-0.229,-0.646
-0.228,-0.646
-0.224,-0.646
-0.222,-0.646
-0.221,-0.646
-0.22,-0.646
-0.219,-0.646
-0.218,-0.646
-0.217,-0.646
-0.216,-0.646
-0.215,-0.646
-0.214,-0.646
-0.212,-0.646
-0.211,-0.646
-0.21,-0.646
-0.207,-0.646
-0.206,-0.646
-0.205,-0.646
-0.204,-0.646
-0.203,-0.646
-0.202,-0.646
-0.201,-0.646
-0.2,-0.646
-0.199,-0.646
-0.198,-0.646
-0.197,-0.646
-0.196,-0.646
-0.195,-0.646
-0.194,-0.646
-0.193,-0.646
-0.192,-0.646
-0.191,-0.646
-0.19,-0.646
-0.189,-0.646
-0.188,-0.646
-0.187,-0.646
-0.186,-0.646
-0.185,-0.646
-0.184,-0.646
-0.183,-0.646
-0.182,-0.646
-0.181,-0.646
-0.18,-0.646
-0.179,-0.646
-0.178,-0.646
-0.177,-0.646
-0.176,-0.646
-0.175,-0.646
-0.174,-0.646
-0.173,-0.646
-0.172,-0.646
-0.171,-0.646
-0.17,-0.646
-0.169,-0.646
-0.168,-0.646
-0.167,-0.646
-0.166,-0.646
-0.165,-0.646
-0.164,-0.646
-0.163,-0.646
-0.162,-0.646
-0.161,-0.646
-0.16,-0.646
-0.159,-0.646
-0.158,-0.646
-0.157,-0.646
-0.156,-0.646
-0.155,-0.646
-0.154,-0.646
-0.153,-0.646
-0.152,-0.646
-0.151,-0.646
-0.15,-0.646
-0.149,-0.646
-0.148,-0.646
-0.147,-0.646
-0.146,-0.646
-0.145,-0.646
-0.144,-0.646
-0.143,-0.646
-0.142,-0.646
-0.141,-0.646
-0.14,-0.646
-0.139,-0.646
-0.138,-0.646
-0.137,-0.646
-0.136,-0.646
-0.135,-0.646
-0.134,-0.646
-0.133,-0.646
-0.132,-0.646
-0.131,-0.646
-0.13,-0.646
-0.129,-0.646
-0.128,-0.646
-0.127,-0.646
-0.126,-0.646
-0.125,-0.646
-0.124,-0.646
-0.123,-0.646
-0.122,-0.646
-0.121,-0.646
-0.12,-0.646
-0.119,-0.646
-0.118,-0.646
-0.117,-0.646
-0.116,-0.646
-0.115,-0.646
-0.114,-0.646
-0.113,-0.646
-0.112,-0.646
-0.111,-0.646
-0.11,-0.646
-0.109,-0.646
-0.108,-0.646
-0.107,-0.646
-0.106,-0.646
-0.105,-0.646
-0.104,-0.646
-0.103,-0.646
-0.102,-0.646
-0.101,-0.646
-0.1,-0.646
-0.099,-0.646
-0.098,-0.646
-0.097,-0.646
-0.096,-0.646
-0.095,-0.646
-0.094,-0.646
-0.093,-0.646
-0.092,-0.646
-0.091,-0.646
-0.09,-0.646
-0.089,-0.646
-0.088,-0.646
-0.087,-0.646
-0.086,-0.646
-0.085,-0.646
-0.084,-0.646
-0.083,-0.646
-0.082,-0.646
-0.081,-0.646
-0.08,-0.646
-0.079,-0.646
-0.078,-0.646
-0.077,-0.646
-0.076,-0.646
-0.075,-0.646
-0.074,-0.646
-0.073,-0.646
-0.072,-0.646
-0.071,-0.646
-0.07,-0.646
-0.069,-0.646
-0.068,-0.646
-0.067,-0.646
-0.066,-0.646
-0.065,-0.646
-0.064,-0.646
-0.063,-0.646
-0.062,-0.646
-0.061,-0.646
-0.06,-0.646
-0.059,-0.646
-0.058,-0.646
-0.057,-0.646
-0.056,-0.646
-0.055,-0.646
-0.054,-0.646
-0.053,-0.646
-0.052,-0.646
-0.05,-0.646
-0.049,-0.646
-0.048,-0.646
-0.046,-0.646
-0.045,-0.646
-0.044,-0.646
-0.043,-0.646
-0.042,-0.646
-0.041,-0.646
-0.04,-0.646
-0.038,-0.646
-0.035,-0.646
-0.034,-0.646
-0.033,-0.646
-0.032,-0.646
-0.031,-0.646
-0.03,-0.646
-0.029,-0.646
-0.028,-0.646
-0.027,-0.646
-0.02,-0.646
-0.019,-0.646
-0.018,-0.646
-0.016,-0.646
-0.015,-0.646
-0.014,-0.646
-0.013,-0.646
-0.012,-0.646
-0.011,-0.646
-0.009,-0.646
-0.008,-0.646
-0.007,-0.646
-0.006,-0.646
0.004,-0.646
0.005,-0.646
0.006,-0.646
0.01,-0.646
0.011,-0.646
0.012,-0.646
0.013,-0.646
0.014,-0.646
0.015,-0.646
0.043,-0.646
0.049,-0.646
0.052,-0.646
0.053,-0.646
0.054,-0.646
0.055,-0.646
0.057,-0.646
0.067,-0.646
0.137,-0.646
0.147,-0.646
0.357,-0.646
0.358,-0.646
0.359,-0.646
-0.374,-0.645
-0.369,-0.645
-0.368,-0.645
-0.357,-0.645
-0.303,-0.645
-0.302,-0.645
-0.3,-0.645
-0.299,-0.645
-0.298,-0.645
-0.297,-0.645
-0.296,-0.645
-0.295,-0.645
-0.294,-0.645
-0.293,-0.645
-0.291,-0.645
-0.286,-0.645
-0.285,-0.645
-0.283,-0.645
-0.282,-0.645
-0.267,-0.645
-0.266,-0.645
-0.265,-0.645
-0.264,-0.645
-0.262,-0.645
-0.261,-0.645
-0.259,-0.645
-0.258,-0.645
-0.257,-0.645
-0.256,-0.645
-0.255,-0.645
-0.254,-0.645
-0.252,-0.645
-0.251,-0.645
-0.25,-0.645
-0.249,-0.645
-0.24,-0.645
-0.239,-0.645
-0.238,-0.645
-0.237,-0.645
-0.236,-0.645
-0.235,-0.645
-0.234,-0.645
-0.233,-0.645
-0.232,-0.645
-0.231,-0.645
-0.23,-0.645
-0.225,-0.645
-0.224,-0.645
-0.222,-0.645
-0.22,-0.645
-0.219,-0.645
-0.218,-0.645
-0.217,-0.645
-0.216,-0.645
-0.215,-0.645
-0.214,-0.645
-0.211,-0.645
-0.21,-0.645
-0.209,-0.645
-0.207,-0.645
-0.206,-0.645
-0.205,-0.645
-0.204,-0.645
-0.203,-0.645
-0.202,-0.645
-0.201,-0.645
-0.2,-0.645
-0.199,-0.645
-0.198,-0.645
-0.197,-0.645
-0.196,-0.645
-0.195,-0.645
-0.194,-0.645
-0.193,-0.645
-0.192,-0.645
-0.191,-0.645
-0.19,-0.645
-0.189,-0.645
-0.188,-0.645
-0.187,-0.645
-0.186,-0.645
-0.185,-0.645
-0.184,-0.645
-0.183,-0.645
-0.182,-0.645
-0.181,-0.645
-0.18,-0.645
-0.179,-0.645
-0.178,-0.645
-0.177,-0.645
-0.176,-0.645
-0.175,-0.645
-0.174,-0.645
-0.173,-0.645
-0.172,-0.645
-0.171,-0.645
-0.17,-0.645
-0.169,-0.645
-0.168,-0.645
-0.167,-0.645
-0.166,-0.645
-0.165,-0.645
-0.164,-0.645
-0.163,-0.645
-0.162,-0.645
-0.161,-0.645
-0.16,-0.645
-0.159,-0.645
-0.158,-0.645
-0.157,-0.645
-0.156,-0.645
-0.155,-0.645
-0.154,-0.645
-0.153,-0.645
-0.152,-0.645
-0.151,-0.645
-0.15,-0.645
-0.149,-0.645
-0.148,-0.645
-0.147,-0.645
-0.146,-0.645
-0.145,-0.645
-0.144,-0.645
-0.143,-0.645
-0.142,-0.645
-0.141,-0.645
-0.14,-0.645
-0.139,-0.645
-0.138,-0.645
-0.137,-0.645
-0.136,-0.645
-0.135,-0.645
-0.134,-0.645
-0.133,-0.645
-0.132,-0.645
-0.131,-0.645
-0.13,-0.645
-0.129,-0.645
-0.128,-0.645
-0.127,-0.645
-0.126,-0.645
-0.125,-0.645
-0.124,-0.645
-0.123,-0.645
-0.122,-0.645
-0.121,-0.645
-0.12,-0.645
-0.119,-0.645
-0.118,-0.645
-0.117,-0.645
-0.116,-0.645
-0.115,-0.645
-0.114,-0.645
-0.113,-0.645
-0.112,-0.645
-0.111,-0.645
-0.11,-0.645
-0.109,-0.645
-0.108,-0.645
-0.107,-0.645
-0.106,-0.645
-0.105,-0.645
-0.104,-0.645
-0.103,-0.645
-0.102,-0.645
-0.101,-0.645
-0.1,-0.645
-0.099,-0.645
-0.098,-0.645
-0.097,-0.645
-0.096,-0.645
-0.095,-0.645
-0.094,-0.645
-0.093,-0.645
-0.092,-0.645
-0.091,-0.645
-0.09,-0.645
-0.089,-0.645
-0.088,-0.645
-0.087,-0.645
-0.086,-0.645
-0.085,-0.645
-0.084,-0.645
-0.083,-0.645
-0.082,-0.645
-0.081,-0.645
-0.08,-0.645
-0.079,-0.645
-0.078,-0.645
-0.077,-0.645
-0.076,-0.645
-0.075,-0.645
-0.074,-0.645
-0.073,-0.645
-0.072,-0.645
-0.071,-0.645
-0.07,-0.645
-0.069,-0.645
-0.068,-0.645
-0.067,-0.645
-0.066,-0.645
-0.065,-0.645
-0.064,-0.645
-0.063,-0.645
-0.062,-0.645
-0.061,-0.645
-0.06,-0.645
-0.059,-0.645
-0.058,-0.645
-0.057,-0.645
-0.056,-0.645
-0.055,-0.645
-0.054,-0.645
-0.053,-0.645
-0.052,-0.645
-0.051,-0.645
-0.05,-0.645
-0.049,-0.645
-0.048,-0.645
-0.047,-0.645
-0.046,-0.645
-0.045,-0.645
-0.044,-0.645
-0.043,-0.645
-0.042,-0.645
-0.041,-0.645
-0.039,-0.645
-0.038,-0.645
-0.037,-0.645
-0.036,-0.645
-0.034,-0.645
-0.033,-0.645
-0.032,-0.645
-0.031,-0.645
-0.03,-0.645
-0.029,-0.645
-0.028,-0.645
-0.026,-0.645
-0.024,-0.645
-0.018,-0.645
-0.017,-0.645
-0.016,-0.645
-0.015,-0.645
-0.014,-0.645
-0.013,-0.645
-0.012,-0.645
-0.011,-0.645
-0.01,-0.645
-0.008,-0.645
-0.007,-0.645
0.003,-0.645
0.004,-0.645
0.005,-0.645
0.006,-0.645
0.01,-0.645
0.011,-0.645
0.012,-0.645
0.013,-0.645
0.014,-0.645
0.015,-0.645
0.016,-0.645
0.017,-0.645
0.041,-0.645
0.043,-0.645
0.05,-0.645
0.052,-0.645
0.053,-0.645
0.054,-0.645
0.055,-0.645
0.056,-0.645
0.059,-0.645
0.06,-0.645
0.067,-0.645
0.139,-0.645
0.14,-0.645
0.149,-0.645
0.152,-0.645
0.357,-0.645
0.358,-0.645
0.359,-0.645
0.36,-0.645
0.361,-0.645
0.362,-0.645
-0.402,-0.644
-0.377,-0.644
-0.368,-0.644
-0.365,-0.644
-0.364,-0.644
-0.302,-0.644
-0.299,-0.644
-0.298,-0.644
-0.297,-0.644
-0.296,-0.644
-0.295,-0.644
-0.294,-0.644
-0.293,-0.644
-0.292,-0.644
-0.287,-0.644
-0.285,-0.644
-0.284,-0.644
-0.283,-0.644
-0.267,-0.644
-0.266,-0.644
-0.265,-0.644
-0.264,-0.644
-0.263,-0.644
-0.262,-0.644
-0.261,-0.644
-0.26,-0.644
-0.259,-0.644
-0.258,-0.644
-0.257,-0.644
-0.256,-0.644
-0.255,-0.644
-0.254,-0.644
-0.253,-0.644
-0.251,-0.644
-0.245,-0.644
-0.24,-0.644
-0.238,-0.644
-0.237,-0.644
-0.236,-0.644
-0.235,-0.644
-0.234,-0.644
-0.233,-0.644
-0.232,-0.644
-0.231,-0.644
-0.23,-0.644
-0.229,-0.644
-0.226,-0.644
-0.225,-0.644
-0.224,-0.644
-0.22,-0.644
-0.219,-0.644
-0.218,-0.644
-0.217,-0.644
-0.216,-0.644
-0.215,-0.644
-0.214,-0.644
-0.213,-0.644
-0.212,-0.644
-0.211,-0.644
-0.21,-0.644
-0.209,-0.644
-0.208,-0.644
-0.207,-0.644
-0.206,-0.644
-0.205,-0.644
-0.204,-0.644
-0.203,-0.644
-0.202,-0.644
-0.201,-0.644
-0.2,-0.644
-0.199,-0.644
-0.198,-0.644
-0.197,-0.644
-0.196,-0.644
-0.195,-0.644
-0.194,-0.644
-0.193,-0.644
-0.192,-0.644
-0.191,-0.644
-0.19,-0.644
-0.189,-0.644
-0.188,-0.644
-0.187,-0.644
-0.186,-0.644
-0.185,-0.644
-0.184,-0.644
-0.183,-0.644
-0.182,-0.644
-0.181,-0.644
-0.18,-0.644
-0.179,-0.644
-0.178,-0.644
-0.177,-0.644
-0.176,-0.644
-0.175,-0.644
-0.174,-0.644
-0.173,-0.644
-0.172,-0.644
-0.171,-0.644
-0.17,-0.644
-0.169,-0.644
-0.168,-0.644
-0.167,-0.644
-0.166,-0.644
-0.165,-0.644
-0.164,-0.644
-0.163,-0.644
-0.162,-0.644
-0.161,-0.644
-0.16,-0.644
-0.159,-0.644
-0.158,-0.644
-0.157,-0.644
-0.156,-0.644
-0.155,-0.644
-0.154,-0.644
-0.153,-0.644
-0.152,-0.644
-0.151,-0.644
-0.15,-0.644
-0.149,-0.644
-0.148,-0.644
-0.147,-0.644
-0.146,-0.644
-0.145,-0.644
-0.144,-0.644
-0.143,-0.644
-0.142,-0.644
-0.141,-0.644
-0.14,-0.644
-0.139,-0.644
-0.138,-0.644
-0.137,-0.644
-0.136,-0.644
-0.135,-0.644
-0.134,-0.644
-0.133,-0.644
-0.132,-0.644
-0.131,-0.644
-0.13,-0.644
-0.129,-0.644
-0.128,-0.644
-0.127,-0.644
-0.126,-0.644
-0.125,-0.644
-0.124,-0.644
-0.123,-0.644
-0.122,-0.644
-0.121,-0.644
-0.12,-0.644
-0.119,-0.644
-0.118,-0.644
-0.117,-0.644
-0.116,-0.644
-0.115,-0.644
-0.114,-0.644
-0.113,-0.644
-0.112,-0.644
-0.111,-0.644
-0.11,-0.644
-0.109,-0.644
-0.108,-0.644
-0.107,-0.644
-0.106,-0.644
-0.105,-0.644
-0.104,-0.644
-0.103,-0.644
-0.102,-0.644
-0.101,-0.644
-0.1,-0.644
-0.099,-0.644
-0.098,-0.644
-0.097,-0.644
-0.096,-0.644
-0.095,-0.644
-0.094,-0.644
-0.093,-0.644
-0.092,-0.644
-0.091,-0.644
-0.09,-0.644
-0.089,-0.644
-0.088,-0.644
-0.087,-0.644
-0.086,-0.644
-0.085,-0.644
-0.084,-0.644
-0.083,-0.644
-0.082,-0.644
-0.081,-0.644
-0.08,-0.644
-0.079,-0.644
-0.078,-0.644
-0.077,-0.644
-0.076,-0.644
-0.075,-0.644
-0.074,-0.644
-0.073,-0.644
-0.072,-0.644
-0.071,-0.644
-0.07,-0.644
-0.069,-0.644
-0.068,-0.644
-0.067,-0.644
-0.066,-0.644
-0.065,-0.644
-0.064,-0.644
-0.063,-0.644
-0.062,-0.644
-0.061,-0.644
-0.06,-0.644
-0.059,-0.644
-0.058,-0.644
-0.057,-0.644
-0.056,-0.644
-0.055,-0.644
-0.054,-0.644
-0.053,-0.644
-0.052,-0.644
-0.051,-0.644
-0.05,-0.644
-0.049,-0.644
-0.048,-0.644
-0.047,-0.644
-0.046,-0.644
-0.045,-0.644
-0.044,-0.644
-0.043,-0.644
-0.042,-0.644
-0.041,-0.644
-0.04,-0.644
-0.039,-0.644
-0.038,-0.644
-0.037,-0.644
-0.036,-0.644
-0.034,-0.644
-0.033,-0.644
-0.032,-0.644
-0.031,-0.644
-0.03,-0.644
-0.029,-0.644
-0.028,-0.644
-0.026,-0.644
-0.024,-0.644
-0.023,-0.644
-0.022,-0.644
-0.021,-0.644
-0.018,-0.644
-0.017,-0.644
-0.016,-0.644
-0.015,-0.644
-0.014,-0.644
-0.013,-0.644
-0.012,-0.644
-0.011,-0.644
-0.01,-0.644
-0.009,-0.644
-0.007,-0.644
-0.003,-0.644
0.003,-0.644
0.004,-0.644
0.005,-0.644
0.008,-0.644
0.009,-0.644
0.01,-0.644
0.011,-0.644
0.012,-0.644
0.013,-0.644
0.014,-0.644
0.015,-0.644
0.016,-0.644
0.018,-0.644
0.02,-0.644
0.037,-0.644
0.047,-0.644
0.048,-0.644
0.051,-0.644
0.052,-0.644
0.053,-0.644
0.054,-0.644
0.055,-0.644
0.056,-0.644
0.059,-0.644
0.061,-0.644
0.139,-0.644
0.356,-0.644
0.357,-0.644
0.358,-0.644
0.359,-0.644
0.36,-0.644
0.361,-0.644
-0.39,-0.643
-0.369,-0.643
-0.368,-0.643
-0.366,-0.643
-0.36,-0.643
-0.358,-0.643
-0.357,-0.643
-0.35,-0.643
-0.303,-0.643
-0.3,-0.643
-0.299,-0.643
-0.298,-0.643
-0.297,-0.643
-0.296,-0.643
-0.295,-0.643
-0.294,-0.643
-0.293,-0.643
-0.29,-0.643
-0.286,-0.643
-0.284,-0.643
-0.283,-0.643
-0.267,-0.643
-0.266,-0.643
-0.265,-0.643
-0.263,-0.643
-0.261,-0.643
-0.26,-0.643
-0.259,-0.643
-0.258,-0.643
-0.257,-0.643
-0.256,-0.643
-0.255,-0.643
-0.254,-0.643
-0.253,-0.643
-0.252,-0.643
-0.251,-0.643
-0.25,-0.643
-0.245,-0.643
-0.244,-0.643
-0.238,-0.643
-0.237,-0.643
-0.236,-0.643
-0.235,-0.643
-0.234,-0.643
-0.233,-0.643
-0.232,-0.643
-0.231,-0.643
-0.23,-0.643
-0.229,-0.643
-0.226,-0.643
-0.225,-0.643
-0.224,-0.643
-0.222,-0.643
-0.219,-0.643
-0.218,-0.643
-0.217,-0.643
-0.216,-0.643
-0.215,-0.643
-0.214,-0.643
-0.213,-0.643
-0.212,-0.643
-0.211,-0.643
-0.21,-0.643
-0.209,-0.643
-0.208,-0.643
-0.207,-0.643
-0.206,-0.643
-0.205,-0.643
-0.204,-0.643
-0.203,-0.643
-0.202,-0.643
-0.201,-0.643
-0.2,-0.643
-0.199,-0.643
-0.198,-0.643
-0.197,-0.643
-0.196,-0.643
-0.195,-0.643
-0.194,-0.643
-0.193,-0.643
-0.192,-0.643
-0.191,-0.643
-0.19,-0.643
-0.189,-0.643
-0.188,-0.643
-0.187,-0.643
-0.186,-0.643
-0.185,-0.643
-0.184,-0.643
-0.183,-0.643
-0.182,-0.643
-0.181,-0.643
-0.18,-0.643
-0.179,-0.643
-0.178,-0.643
-0.177,-0.643
-0.176,-0.643
-0.175,-0.643
-0.174,-0.643
-0.173,-0.643
-0.172,-0.643
-0.171,-0.643
-0.17,-0.643
-0.169,-0.643
-0.168,-0.643
-0.167,-0.643
-0.166,-0.643
-0.165,-0.643
-0.164,-0.643
-0.163,-0.643
-0.162,-0.643
-0.161,-0.643
-0.16,-0.643
-0.159,-0.643
-0.158,-0.643
-0.157,-0.643
-0.156,-0.643
-0.155,-0.643
-0.154,-0.643
-0.153,-0.643
-0.152,-0.643
-0.151,-0.643
-0.15,-0.643
-0.149,-0.643
-0.148,-0.643
-0.147,-0.643
-0.146,-0.643
-0.145,-0.643
-0.144,-0.643
-0.143,-0.643
-0.142,-0.643
-0.141,-0.643
-0.14,-0.643
-0.139,-0.643
-0.138,-0.643
-0.137,-0.643
-0.136,-0.643
-0.135,-0.643
-0.134,-0.643
-0.133,-0.643
-0.132,-0.643
-0.131,-0.643
-0.13,-0.643
-0.129,-0.643
-0.128,-0.643
-0.127,-0.643
-0.126,-0.643
-0.125,-0.643
-0.124,-0.643
-0.123,-0.643
-0.122,-0.643
-0.121,-0.643
-0.12,-0.643
-0.119,-0.643
-0.118,-0.643
-0.117,-0.643
-0.116,-0.643
-0.115,-0.643
-0.114,-0.643
-0.113,-0.643
-0.112,-0.643
-0.111,-0.643
-0.11,-0.643
-0.109,-0.643
-0.108,-0.643
-0.107,-0.643
-0.106,-0.643
-0.105,-0.643
-0.104,-0.643
-0.103,-0.643
-0.102,-0.643
-0.101,-0.643
-0.1,-0.643
-0.099,-0.643
-0.098,-0.643
-0.097,-0.643
-0.096,-0.643
-0.095,-0.643
-0.094,-0.643
-0.093,-0.643
-0.092,-0.643
-0.091,-0.643
-0.09,-0.643
-0.089,-0.643
-0.088,-0.643
-0.087,-0.643
-0.086,-0.643
-0.085,-0.643
-0.084,-0.643
-0.083,-0.643
-0.082,-0.643
-0.081,-0.643
-0.08,-0.643
-0.079,-0.643
-0.078,-0.643
-0.077,-0.643
-0.076,-0.643
-0.075,-0.643
-0.074,-0.643
-0.073,-0.643
-0.072,-0.643
-0.071,-0.643
-0.07,-0.643
-0.069,-0.643
-0.068,-0.643
-0.067,-0.643
-0.066,-0.643
-0.065,-0.643
-0.064,-0.643
-0.063,-0.643
-0.062,-0.643
-0.061,-0.643
-0.06,-0.643
-0.059,-0.643
-0.058,-0.643
-0.057,-0.643
-0.056,-0.643
-0.055,-0.643
-0.054,-0.643
-0.053,-0.643
-0.052,-0.643
-0.051,-0.643
-0.05,-0.643
-0.049,-0.643
-0.048,-0.643
-0.047,-0.643
-0.046,-0.643
-0.045,-0.643
-0.044,-0.643
-0.043,-0.643
-0.042,-0.643
-0.041,-0.643
-0.04,-0.643
-0.039,-0.643
-0.038,-0.643
-0.037,-0.643
-0.036,-0.643
-0.035,-0.643
-0.033,-0.643
-0.032,-0.643
-0.031,-0.643
-0.03,-0.643
-0.029,-0.643
-0.028,-0.643
-0.025,-0.643
-0.024,-0.643
-0.023,-0.643
-0.022,-0.643
-0.019,-0.643
-0.018,-0.643
-0.017,-0.643
-0.016,-0.643
-0.015,-0.643
-0.014,-0.643
-0.013,-0.643
-0.012,-0.643
-0.011,-0.643
-0.01,-0.643
-0.007,-0.643
-0.003,-0.643
0.002,-0.643
0.003,-0.643
0.004,-0.643
0.005,-0.643
0.006,-0.643
0.007,-0.643
0.008,-0.643
0.009,-0.643
0.01,-0.643
0.011,-0.643
0.012,-0.643
0.013,-0.643
0.014,-0.643
0.015,-0.643
0.016,-0.643
0.017,-0.643
0.019,-0.643
0.021,-0.643
0.037,-0.643
0.04,-0.643
0.043,-0.643
0.044,-0.643
0.051,-0.643
0.052,-0.643
0.053,-0.643
0.054,-0.643
0.055,-0.643
0.056,-0.643
0.057,-0.643
0.058,-0.643
0.059,-0.643
0.06,-0.643
0.138,-0.643
0.151,-0.643
0.356,-0.643
0.357,-0.643
0.358,-0.643
0.359,-0.643
0.36,-0.643
0.361,-0.643
0.362,-0.643
-0.376,-0.642
-0.371,-0.642
-0.37,-0.642
-0.369,-0.642
-0.368,-0.642
-0.367,-0.642
-0.366,-0.642
-0.364,-0.642
-0.362,-0.642
-0.361,-0.642
-0.357,-0.642
-0.356,-0.642
-0.35,-0.642
-0.345,-0.642
-0.309,-0.642
-0.3,-0.642
-0.299,-0.642
-0.298,-0.642
-0.297,-0.642
-0.296,-0.642
-0.295,-0.642
-0.294,-0.642
-0.293,-0.642
-0.292,-0.642
-0.29,-0.642
-0.286,-0.642
-0.284,-0.642
-0.281,-0.642
-0.265,-0.642
-0.264,-0.642
-0.263,-0.642
-0.262,-0.642
-0.261,-0.642
-0.26,-0.642
-0.259,-0.642
-0.258,-0.642
-0.257,-0.642
-0.256,-0.642
-0.255,-0.642
-0.254,-0.642
-0.253,-0.642
-0.252,-0.642
-0.245,-0.642
-0.244,-0.642
-0.243,-0.642
-0.242,-0.642
-0.239,-0.642
-0.238,-0.642
-0.237,-0.642
-0.236,-0.642
-0.235,-0.642
-0.234,-0.642
-0.233,-0.642
-0.232,-0.642
-0.231,-0.642
-0.23,-0.642
-0.227,-0.642
-0.225,-0.642
-0.224,-0.642
-0.223,-0.642
-0.222,-0.642
-0.221,-0.642
-0.22,-0.642
-0.219,-0.642
-0.218,-0.642
-0.217,-0.642
-0.216,-0.642
-0.215,-0.642
-0.214,-0.642
-0.213,-0.642
-0.212,-0.642
-0.211,-0.642
-0.21,-0.642
-0.209,-0.642
-0.208,-0.642
-0.207,-0.642
-0.206,-0.642
-0.205,-0.642
-0.204,-0.642
-0.203,-0.642
-0.202,-0.642
-0.201,-0.642
-0.2,-0.642
-0.199,-0.642
-0.198,-0.642
-0.197,-0.642
-0.196,-0.642
-0.195,-0.642
-0.194,-0.642
-0.193,-0.642
-0.192,-0.642
-0.191,-0.642
-0.19,-0.642
-0.189,-0.642
-0.188,-0.642
-0.187,-0.642
-0.186,-0.642
-0.185,-0.642
-0.184,-0.642
-0.183,-0.642
-0.182,-0.642
-0.181,-0.642
-0.18,-0.642
-0.179,-0.642
-0.178,-0.642
-0.177,-0.642
-0.176,-0.642
-0.175,-0.642
-0.174,-0.642
-0.173,-0.642
-0.172,-0.642
-0.171,-0.642
-0.17,-0.642
-0.169,-0.642
-0.168,-0.642
-0.167,-0.642
-0.166,-0.642
-0.165,-0.642
-0.164,-0.642
-0.163,-0.642
-0.162,-0.642
-0.161,-0.642
-0.16,-0.642
-0.159,-0.642
-0.158,-0.642
-0.157,-0.642
-0.156,-0.642
-0.155,-0.642
-0.154,-0.642
-0.153,-0.642
-0.152,-0.642
-0.151,-0.642
-0.15,-0.642
-0.149,-0.642
-0.148,-0.642
-0.147,-0.642
-0.146,-0.642
-0.145,-0.642
-0.144,-0.642
-0.143,-0.642
-0.142,-0.642
-0.141,-0.642
-0.14,-0.642
-0.139,-0.642
-0.138,-0.642
-0.137,-0.642
-0.136,-0.642
-0.135,-0.642
-0.134,-0.642
-0.133,-0.642
-0.132,-0.642
-0.131,-0.642
-0.13,-0.642
-0.129,-0.642
-0.128,-0.642
-0.127,-0.642
-0.126,-0.642
-0.125,-0.642
-0.124,-0.642
-0.123,-0.642
-0.122,-0.642
-0.121,-0.642
-0.12,-0.642
-0.119,-0.642
-0.118,-0.642
-0.117,-0.642
-0.116,-0.642
-0.115,-0.642
-0.114,-0.642
-0.113,-0.642
-0.112,-0.642
-0.111,-0.642
-0.11,-0.642
-0.109,-0.642
-0.108,-0.642
-0.107,-0.642
-0.106,-0.642
-0.105,-0.642
-0.104,-0.642
-0.103,-0.642
-0.102,-0.642
-0.101,-0.642
-0.1,-0.642
-0.099,-0.642
-0.098,-0.642
-0.097,-0.642
-0.096,-0.642
-0.095,-0.642
-0.094,-0.642
-0.093,-0.642
-0.092,-0.642
-0.091,-0.642
-0.09,-0.642
-0.089,-0.642
-0.088,-0.642
-0.087,-0.642
-0.086,-0.642
-0.085,-0.642
-0.084,-0.642
-0.083,-0.642
-0.082,-0.642
-0.081,-0.642
-0.08,-0.642
-0.079,-0.642
-0.078,-0.642
-0.077,-0.642
-0.076,-0.642
-0.075,-0.642
-0.074,-0.642
-0.073,-0.642
-0.072,-0.642
-0.071,-0.642
-0.07,-0.642
-0.069,-0.642
-0.068,-0.642
-0.067,-0.642
-0.066,-0.642
-0.065,-0.642
-0.064,-0.642
-0.063,-0.642
-0.062,-0.642
-0.061,-0.642
-0.06,-0.642
-0.059,-0.642
-0.058,-0.642
-0.057,-0.642
-0.056,-0.642
-0.055,-0.642
-0.054,-0.642
-0.053,-0.642
-0.052,-0.642
-0.051,-0.642
-0.05,-0.642
-0.049,-0.642
-0.048,-0.642
-0.047,-0.642
-0.046,-0.642
-0.045,-0.642
-0.044,-0.642
-0.043,-0.642
-0.042,-0.642
-0.041,-0.642
-0.04,-0.642
-0.039,-0.642
-0.038,-0.642
-0.037,-0.642
-0.036,-0.642
-0.035,-0.642
-0.034,-0.642
-0.033,-0.642
-0.032,-0.642
-0.031,-0.642
-0.03,-0.642
-0.029,-0.642
-0.028,-0.642
-0.027,-0.642
-0.026,-0.642
-0.025,-0.642
-0.024,-0.642
-0.023,-0.642
-0.021,-0.642
-0.018,-0.642
-0.017,-0.642
-0.016,-0.642
-0.015,-0.642
-0.014,-0.642
-0.013,-0.642
-0.012,-0.642
-0.011,-0.642
-0.01,-0.642
-0.009,-0.642
-0.004,-0.642
-0.003,-0.642
-0.002,-0.642
0.003,-0.642
0.005,-0.642
0.006,-0.642
0.007,-0.642
0.008,-0.642
0.009,-0.642
0.01,-0.642
0.011,-0.642
0.012,-0.642
0.013,-0.642
0.014,-0.642
0.015,-0.642
0.016,-0.642
0.017,-0.642
0.019,-0.642
0.02,-0.642
0.021,-0.642
0.038,-0.642
0.039,-0.642
0.04,-0.642
0.041,-0.642
0.042,-0.642
0.043,-0.642
0.044,-0.642
0.046,-0.642
0.047,-0.642
0.051,-0.642
0.052,-0.642
0.053,-0.642
0.054,-0.642
0.055,-0.642
0.056,-0.642
0.057,-0.642
0.058,-0.642
0.125,-0.642
0.129,-0.642
0.138,-0.642
0.139,-0.642
0.356,-0.642
0.357,-0.642
0.358,-0.642
0.359,-0.642
0.36,-0.642
0.361,-0.642
-0.561,-0.641
-0.376,-0.641
-0.375,-0.641
-0.37,-0.641
-0.369,-0.641
-0.368,-0.641
-0.367,-0.641
-0.366,-0.641
-0.365,-0.641
-0.364,-0.641
-0.362,-0.641
-0.36,-0.641
-0.357,-0.641
-0.348,-0.641
-0.346,-0.641
-0.342,-0.641
-0.34,-0.641
-0.311,-0.641
-0.308,-0.641
-0.305,-0.641
-0.302,-0.641
-0.301,-0.641
-0.3,-0.641
-0.298,-0.641
-0.297,-0.641
-0.296,-0.641
-0.295,-0.641
-0.294,-0.641
-0.293,-0.641
-0.292,-0.641
-0.291,-0.641
-0.29,-0.641
-0.288,-0.641
-0.286,-0.641
-0.285,-0.641
-0.282,-0.641
-0.281,-0.641
-0.267,-0.641
-0.266,-0.641
-0.265,-0.641
-0.264,-0.641
-0.263,-0.641
-0.262,-0.641
-0.261,-0.641
-0.26,-0.641
-0.259,-0.641
-0.258,-0.641
-0.257,-0.641
-0.256,-0.641
-0.255,-0.641
-0.254,-0.641
-0.253,-0.641
-0.252,-0.641
-0.251,-0.641
-0.25,-0.641
-0.246,-0.641
-0.245,-0.641
-0.244,-0.641
-0.243,-0.641
-0.242,-0.641
-0.237,-0.641
-0.236,-0.641
-0.235,-0.641
-0.234,-0.641
-0.233,-0.641
-0.232,-0.641
-0.231,-0.641
-0.23,-0.641
-0.229,-0.641
-0.228,-0.641
-0.227,-0.641
-0.226,-0.641
-0.225,-0.641
-0.224,-0.641
-0.223,-0.641
-0.222,-0.641
-0.221,-0.641
-0.22,-0.641
-0.219,-0.641
-0.218,-0.641
-0.217,-0.641
-0.216,-0.641
-0.215,-0.641
-0.214,-0.641
-0.213,-0.641
-0.212,-0.641
-0.211,-0.641
-0.21,-0.641
-0.209,-0.641
-0.208,-0.641
-0.207,-0.641
-0.206,-0.641
-0.205,-0.641
-0.204,-0.641
-0.203,-0.641
-0.202,-0.641
-0.201,-0.641
-0.2,-0.641
-0.199,-0.641
-0.198,-0.641
-0.197,-0.641
-0.196,-0.641
-0.195,-0.641
-0.194,-0.641
-0.193,-0.641
-0.192,-0.641
-0.191,-0.641
-0.19,-0.641
-0.189,-0.641
-0.188,-0.641
-0.187,-0.641
-0.186,-0.641
-0.185,-0.641
-0.184,-0.641
-0.183,-0.641
-0.182,-0.641
-0.181,-0.641
-0.18,-0.641
-0.179,-0.641
-0.178,-0.641
-0.177,-0.641
-0.176,-0.641
-0.175,-0.641
-0.174,-0.641
-0.173,-0.641
-0.172,-0.641
-0.171,-0.641
-0.17,-0.641
-0.169,-0.641
-0.168,-0.641
-0.167,-0.641
-0.166,-0.641
-0.165,-0.641
-0.164,-0.641
-0.163,-0.641
-0.162,-0.641
-0.161,-0.641
-0.16,-0.641
-0.159,-0.641
-0.158,-0.641
-0.157,-0.641
-0.156,-0.641
-0.155,-0.641
-0.154,-0.641
-0.153,-0.641
-0.152,-0.641
-0.151,-0.641
-0.15,-0.641
-0.149,-0.641
-0.148,-0.641
-0.147,-0.641
-0.146,-0.641
-0.145,-0.641
-0.144,-0.641
-0.143,-0.641
-0.142,-0.641
-0.141,-0.641
-0.14,-0.641
-0.139,-0.641
-0.138,-0.641
-0.137,-0.641
-0.136,-0.641
-0.135,-0.641
-0.134,-0.641
-0.133,-0.641
-0.132,-0.641
-0.131,-0.641
-0.13,-0.641
-0.129,-0.641
-0.128,-0.641
-0.127,-0.641
-0.126,-0.641
-0.125,-0.641
-0.124,-0.641
-0.123,-0.641
-0.122,-0.641
-0.121,-0.641
-0.12,-0.641
-0.119,-0.641
-0.118,-0.641
-0.117,-0.641
-0.116,-0.641
-0.115,-0.641
-0.114,-0.641
-0.113,-0.641
-0.112,-0.641
-0.111,-0.641
-0.11,-0.641
-0.109,-0.641
-0.108,-0.641
-0.107,-0.641
-0.106,-0.641
-0.105,-0.641
-0.104,-0.641
-0.103,-0.641
-0.102,-0.641
-0.101,-0.641
-0.1,-0.641
-0.099,-0.641
-0.098,-0.641
-0.097,-0.641
-0.096,-0.641
-0.095,-0.641
-0.094,-0.641
-0.093,-0.641
-0.092,-0.641
-0.091,-0.641
-0.09,-0.641
-0.089,-0.641
-0.088,-0.641
-0.087,-0.641
-0.086,-0.641
-0.085,-0.641
-0.084,-0.641
-0.083,-0.641
-0.082,-0.641
-0.081,-0.641
-0.08,-0.641
-0.079,-0.641
-0.078,-0.641
-0.077,-0.641
-0.076,-0.641
-0.075,-0.641
-0.074,-0.641
-0.073,-0.641
-0.072,-0.641
-0.071,-0.641
-0.07,-0.641
-0.069,-0.641
-0.068,-0.641
-0.067,-0.641
-0.066,-0.641
-0.065,-0.641
-0.064,-0.641
-0.063,-0.641
-0.062,-0.641
-0.061,-0.641
-0.06,-0.641
-0.059,-0.641
-0.058,-0.641
-0.057,-0.641
-0.056,-0.641
-0.055,-0.641
-0.054,-0.641
-0.053,-0.641
-0.052,-0.641
-0.051,-0.641
-0.05,-0.641
-0.049,-0.641
-0.048,-0.641
-0.047,-0.641
-0.046,-0.641
-0.045,-0.641
-0.044,-0.641
-0.043,-0.641
-0.042,-0.641
-0.041,-0.641
-0.04,-0.641
-0.039,-0.641
-0.038,-0.641
-0.037,-0.641
-0.036,-0.641
-0.035,-0.641
-0.034,-0.641
-0.033,-0.641
-0.032,-0.641
-0.031,-0.641
-0.03,-0.641
-0.029,-0.641
-0.028,-0.641
-0.027,-0.641
-0.026,-0.641
-0.025,-0.641
-0.024,-0.641
-0.023,-0.641
-0.022,-0.641
-0.021,-0.641
-0.02,-0.641
-0.017,-0.641
-0.016,-0.641
-0.015,-0.641
-0.014,-0.641
-0.013,-0.641
-0.012,-0.641
-0.011,-0.641
-0.01,-0.641
-0.009,-0.641
-0.005,-0.641
-0.004,-0.641
-0.003,-0.641
-0.002,-0.641
-0.001,-0.641
0.0,-0.641
0.004,-0.641
0.006,-0.641
0.007,-0.641
0.008,-0.641
0.009,-0.641
0.01,-0.641
0.011,-0.641
0.012,-0.641
0.013,-0.641
0.014,-0.641
0.015,-0.641
0.016,-0.641
0.017,-0.641
0.018,-0.641
0.019,-0.641
0.02,-0.641
0.04,-0.641
0.046,-0.641
0.049,-0.641
0.05,-0.641
0.051,-0.641
0.052,-0.641
0.053,-0.641
0.054,-0.641
0.055,-0.641
0.056,-0.641
0.057,-0.641
0.06,-0.641
0.111,-0.641
0.112,-0.641
0.122,-0.641
0.126,-0.641
0.355,-0.641
0.356,-0.641
0.357,-0.641
0.358,-0.641
0.359,-0.641
0.36,-0.641
-0.559,-0.64
-0.377,-0.64
-0.371,-0.64
-0.369,-0.64
-0.368,-0.64
-0.367,-0.64
-0.366,-0.64
-0.365,-0.64
-0.364,-0.64
-0.363,-0.64
-0.362,-0.64
-0.345,-0.64
-0.344,-0.64
-0.343,-0.64
-0.338,-0.64
-0.306,-0.64
-0.302,-0.64
-0.301,-0.64
-0.3,-0.64
-0.299,-0.64
-0.298,-0.64
-0.297,-0.64
-0.296,-0.64
-0.295,-0.64
-0.294,-0.64
-0.293,-0.64
-0.292,-0.64
-0.291,-0.64
-0.29,-0.64
-0.289,-0.64
-0.288,-0.64
-0.287,-0.64
-0.286,-0.64
-0.283,-0.64
-0.282,-0.64
-0.273,-0.64
-0.272,-0.64
-0.271,-0.64
-0.267,-0.64
-0.263,-0.64
-0.262,-0.64
-0.261,-0.64
-0.26,-0.64
-0.259,-0.64
-0.258,-0.64
-0.257,-0.64
-0.256,-0.64
-0.255,-0.64
-0.254,-0.64
-0.253,-0.64
-0.252,-0.64
-0.251,-0.64
-0.25,-0.64
-0.246,-0.64
-0.244,-0.64
-0.243,-0.64
-0.242,-0.64
-0.24,-0.64
-0.239,-0.64
-0.238,-0.64
-0.236,-0.64
-0.235,-0.64
-0.234,-0.64
-0.233,-0.64
-0.232,-0.64
-0.231,-0.64
-0.23,-0.64
-0.229,-0.64
-0.228,-0.64
-0.227,-0.64
-0.226,-0.64
-0.225,-0.64
-0.224,-0.64
-0.223,-0.64
-0.222,-0.64
-0.221,-0.64
-0.22,-0.64
-0.219,-0.64
-0.218,-0.64
-0.217,-0.64
-0.216,-0.64
-0.215,-0.64
-0.214,-0.64
-0.213,-0.64
-0.212,-0.64
-0.211,-0.64
-0.21,-0.64
-0.209,-0.64
-0.208,-0.64
-0.207,-0.64
-0.206,-0.64
-0.205,-0.64
-0.204,-0.64
-0.203,-0.64
-0.202,-0.64
-0.201,-0.64
-0.2,-0.64
-0.199,-0.64
-0.198,-0.64
-0.197,-0.64
-0.196,-0.64
-0.195,-0.64
-0.194,-0.64
-0.193,-0.64
-0.192,-0.64
-0.191,-0.64
-0.19,-0.64
-0.189,-0.64
-0.188,-0.64
-0.187,-0.64
-0.186,-0.64
-0.185,-0.64
-0.184,-0.64
-0.183,-0.64
-0.182,-0.64
-0.181,-0.64
-0.18,-0.64
-0.179,-0.64
-0.178,-0.64
-0.177,-0.64
-0.176,-0.64
-0.175,-0.64
-0.174,-0.64
-0.173,-0.64
-0.172,-0.64
-0.171,-0.64
-0.17,-0.64
-0.169,-0.64
-0.168,-0.64
-0.167,-0.64
-0.166,-0.64
-0.165,-0.64
-0.164,-0.64
-0.163,-0.64
-0.162,-0.64
-0.161,-0.64
-0.16,-0.64
-0.159,-0.64
-0.158,-0.64
-0.157,-0.64
-0.156,-0.64
-0.155,-0.64
-0.154,-0.64
-0.153,-0.64
-0.152,-0.64
-0.151,-0.64
-0.15,-0.64
-0.149,-0.64
-0.148,-0.64
-0.147,-0.64
-0.146,-0.64
-0.145,-0.64
-0.144,-0.64
-0.143,-0.64
-0.142,-0.64
-0.141,-0.64
-0.14,-0.64
-0.139,-0.64
-0.138,-0.64
-0.137,-0.64
-0.136,-0.64
-0.135,-0.64
-0.134,-0.64
-0.133,-0.64
-0.132,-0.64
-0.131,-0.64
-0.13,-0.64
-0.129,-0.64
-0.128,-0.64
-0.127,-0.64
-0.126,-0.64
-0.125,-0.64
-0.124,-0.64
-0.123,-0.64
-0.122,-0.64
-0.121,-0.64
-0.12,-0.64
-0.119,-0.64
-0.118,-0.64
-0.117,-0.64
-0.116,-0.64
-0.115,-0.64
-0.114,-0.64
-0.113,-0.64
-0.112,-0.64
-0.111,-0.64
-0.11,-0.64
-0.109,-0.64
-0.108,-0.64
-0.107,-0.64
-0.106,-0.64
-0.105,-0.64
-0.104,-0.64
-0.103,-0.64
-0.102,-0.64
-0.101,-0.64
-0.1,-0.64
-0.099,-0.64
-0.098,-0.64
-0.097,-0.64
-0.096,-0.64
-0.095,-0.64
-0.094,-0.64
-0.093,-0.64
-0.092,-0.64
-0.091,-0.64
-0.09,-0.64
-0.089,-0.64
-0.088,-0.64
-0.087,-0.64
-0.086,-0.64
-0.085,-0.64
-0.084,-0.64
-0.083,-0.64
-0.082,-0.64
-0.081,-0.64
-0.08,-0.64
-0.079,-0.64
-0.078,-0.64
-0.077,-0.64
-0.076,-0.64
-0.075,-0.64
-0.074,-0.64
-0.073,-0.64
-0.072,-0.64
-0.071,-0.64
-0.07,-0.64
-0.069,-0.64
-0.068,-0.64
-0.067,-0.64
-0.066,-0.64
-0.065,-0.64
-0.064,-0.64
-0.063,-0.64
-0.062,-0.64
-0.061,-0.64
-0.06,-0.64
-0.059,-0.64
-0.058,-0.64
-0.057,-0.64
-0.056,-0.64
-0.055,-0.64
-0.054,-0.64
-0.053,-0.64
-0.052,-0.64
-0.051,-0.64
-0.05,-0.64
-0.049,-0.64
-0.048,-0.64
-0.047,-0.64
-0.046,-0.64
-0.045,-0.64
-0.044,-0.64
-0.043,-0.64
-0.042,-0.64
-0.041,-0.64
-0.04,-0.64
-0.039,-0.64
-0.038,-0.64
-0.037,-0.64
-0.036,-0.64
-0.035,-0.64
-0.034,-0.64
-0.033,-0.64
-0.032,-0.64
-0.031,-0.64
-0.03,-0.64
-0.029,-0.64
-0.028,-0.64
-0.027,-0.64
-0.026,-0.64
-0.025,-0.64
-0.024,-0.64
-0.023,-0.64
-0.022,-0.64
-0.021,-0.64
-0.02,-0.64
-0.019,-0.64
-0.018,-0.64
-0.017,-0.64
-0.016,-0.64
-0.015,-0.64
-0.014,-0.64
-0.013,-0.64
-0.012,-0.64
-0.011,-0.64
-0.01,-0.64
-0.009,-0.64
-0.007,-0.64
-0.005,-0.64
-0.003,-0.64
-0.002,-0.64
-0.001,-0.64
0.004,-0.64
0.006,-0.64
0.007,-0.64
0.008,-0.64
0.009,-0.64
0.01,-0.64
0.011,-0.64
0.012,-0.64
0.013,-0.64
0.014,-0.64
0.015,-0.64
0.016,-0.64
0.017,-0.64
0.018,-0.64
0.038,-0.64
0.041,-0.64
0.042,-0.64
0.043,-0.64
0.044,-0.64
0.046,-0.64
0.047,-0.64
0.048,-0.64
0.049,-0.64
0.05,-0.64
0.051,-0.64
0.052,-0.64
0.053,-0.64
0.054,-0.64
0.055,-0.64
0.056,-0.64
0.114,-0.64
0.126,-0.64
0.131,-0.64
0.151,-0.64
0.358,-0.64
0.359,-0.64
-0.566,-0.639
-0.378,-0.639
-0.37,-0.639
-0.369,-0.639
-0.368,-0.639
-0.367,-0.639
-0.366,-0.639
-0.365,-0.639
-0.364,-0.639
-0.363,-0.639
-0.362,-0.639
-0.359,-0.639
-0.343,-0.639
-0.311,-0.639
-0.309,-0.639
-0.308,-0.639
-0.307,-0.639
-0.306,-0.639
-0.303,-0.639
-0.301,-0.639
-0.3,-0.639
-0.299,-0.639
-0.298,-0.639
-0.297,-0.639
-0.296,-0.639
-0.295,-0.639
-0.294,-0.639
-0.293,-0.639
-0.292,-0.639
-0.291,-0.639
-0.29,-0.639
-0.289,-0.639
-0.288,-0.639
-0.287,-0.639
-0.286,-0.639
-0.285,-0.639
-0.284,-0.639
-0.275,-0.639
-0.274,-0.639
-0.273,-0.639
-0.272,-0.639
-0.265,-0.639
-0.264,-0.639
-0.263,-0.639
-0.262,-0.639
-0.261,-0.639
-0.26,-0.639
-0.259,-0.639
-0.258,-0.639
-0.257,-0.639
-0.256,-0.639
-0.255,-0.639
-0.254,-0.639
-0.253,-0.639
-0.252,-0.639
-0.251,-0.639
-0.249,-0.639
-0.248,-0.639
-0.247,-0.639
-0.245,-0.639
-0.244,-0.639
-0.243,-0.639
-0.242,-0.639
-0.241,-0.639
-0.24,-0.639
-0.239,-0.639
-0.238,-0.639
-0.237,-0.639
-0.236,-0.639
-0.235,-0.639
-0.234,-0.639
-0.233,-0.639
-0.232,-0.639
-0.231,-0.639
-0.23,-0.639
-0.229,-0.639
-0.228,-0.639
-0.227,-0.639
-0.226,-0.639
-0.225,-0.639
-0.224,-0.639
-0.223,-0.639
-0.222,-0.639
-0.221,-0.639
-0.22,-0.639
-0.219,-0.639
-0.218,-0.639
-0.217,-0.639
-0.216,-0.639
-0.215,-0.639
-0.214,-0.639
-0.213,-0.639
-0.212,-0.639
-0.211,-0.639
-0.21,-0.639
-0.209,-0.639
-0.208,-0.639
-0.207,-0.639
-0.206,-0.639
-0.205,-0.639
-0.204,-0.639
-0.203,-0.639
-0.202,-0.639
-0.201,-0.639
-0.2,-0.639
-0.199,-0.639
-0.198,-0.639
-0.197,-0.639
-0.196,-0.639
-0.195,-0.639
-0.194,-0.639
-0.193,-0.639
-0.192,-0.639
-0.191,-0.639
-0.19,-0.639
-0.189,-0.639
-0.188,-0.639
-0.187,-0.639
-0.186,-0.639
-0.185,-0.639
-0.184,-0.639
-0.183,-0.639
-0.182,-0.639
-0.181,-0.639
-0.18,-0.639
-0.179,-0.639
-0.178,-0.639
-0.177,-0.639
-0.176,-0.639
-0.175,-0.639
-0.174,-0.639
-0.173,-0.639
-0.172,-0.639
-0.171,-0.639
-0.17,-0.639
-0.169,-0.639
-0.168,-0.639
-0.167,-0.639
-0.166,-0.639
-0.165,-0.639
-0.164,-0.639
-0.163,-0.639
-0.162,-0.639
-0.161,-0.639
-0.16,-0.639
-0.159,-0.639
-0.158,-0.639
-0.157,-0.639
-0.156,-0.639
-0.155,-0.639
-0.154,-0.639
-0.153,-0.639
-0.152,-0.639
-0.151,-0.639
-0.15,-0.639
-0.149,-0.639
-0.148,-0.639
-0.147,-0.639
-0.146,-0.639
-0.145,-0.639
-0.144,-0.639
-0.143,-0.639
-0.142,-0.639
-0.141,-0.639
-0.14,-0.639
-0.139,-0.639
-0.138,-0.639
-0.137,-0.639
-0.136,-0.639
-0.135,-0.639
-0.134,-0.639
-0.133,-0.639
-0.132,-0.639
-0.131,-0.639
-0.13,-0.639
-0.129,-0.639
-0.128,-0.639
-0.127,-0.639
-0.126,-0.639
-0.125,-0.639
-0.124,-0.639
-0.123,-0.639
-0.122,-0.639
-0.121,-0.639
-0.12,-0.639
-0.119,-0.639
-0.118,-0.639
-0.117,-0.639
-0.116,-0.639
-0.115,-0.639
-0.114,-0.639
-0.113,-0.639
-0.112,-0.639
-0.111,-0.639
-0.11,-0.639
-0.109,-0.639
-0.108,-0.639
-0.107,-0.639
-0.106,-0.639
-0.105,-0.639
-0.104,-0.639
-0.103,-0.639
-0.102,-0.639
-0.101,-0.639
-0.1,-0.639
-0.099,-0.639
-0.098,-0.639
-0.097,-0.639
-0.096,-0.639
-0.095,-0.639
-0.094,-0.639
-0.093,-0.639
-0.092,-0.639
-0.091,-0.639
-0.09,-0.639
-0.089,-0.639
-0.088,-0.639
-0.087,-0.639
-0.086,-0.639
-0.085,-0.639
-0.084,-0.639
-0.083,-0.639
-0.082,-0.639
-0.081,-0.639
-0.08,-0.639
-0.079,-0.639
-0.078,-0.639
-0.077,-0.639
-0.076,-0.639
-0.075,-0.639
-0.074,-0.639
-0.073,-0.639
-0.072,-0.639
-0.071,-0.639
-0.07,-0.639
-0.069,-0.639
-0.068,-0.639
-0.067,-0.639
-0.066,-0.639
-0.065,-0.639
-0.064,-0.639
-0.063,-0.639
-0.062,-0.639
-0.061,-0.639
-0.06,-0.639
-0.059,-0.639
-0.058,-0.639
-0.057,-0.639
-0.056,-0.639
-0.055,-0.639
-0.054,-0.639
-0.053,-0.639
-0.052,-0.639
-0.051,-0.639
-0.05,-0.639
-0.049,-0.639
-0.048,-0.639
-0.047,-0.639
-0.046,-0.639
-0.045,-0.639
-0.044,-0.639
-0.043,-0.639
-0.042,-0.639
-0.041,-0.639
-0.04,-0.639
-0.039,-0.639
-0.038,-0.639
-0.037,-0.639
-0.036,-0.639
-0.035,-0.639
-0.034,-0.639
-0.033,-0.639
-0.032,-0.639
-0.031,-0.639
-0.03,-0.639
-0.029,-0.639
-0.028,-0.639
-0.027,-0.639
-0.026,-0.639
-0.025,-0.639
-0.024,-0.639
-0.023,-0.639
-0.022,-0.639
-0.021,-0.639
-0.02,-0.639
-0.019,-0.639
-0.018,-0.639
-0.017,-0.639
-0.016,-0.639
-0.015,-0.639
-0.014,-0.639
-0.013,-0.639
-0.012,-0.639
-0.009,-0.639
-0.008,-0.639
-0.007,-0.639
-0.006,-0.639
-0.005,-0.639
-0.004,-0.639
-0.003,-0.639
-0.002,-0.639
0.004,-0.639
0.005,-0.639
0.006,-0.639
0.007,-0.639
0.008,-0.639
0.009,-0.639
0.01,-0.639
0.011,-0.639
0.012,-0.639
0.013,-0.639
0.014,-0.639
0.015,-0.639
0.016,-0.639
0.017,-0.639
0.018,-0.639
0.02,-0.639
0.021,-0.639
0.022,-0.639
0.028,-0.639
0.037,-0.639
0.041,-0.639
0.043,-0.639
0.044,-0.639
0.045,-0.639
0.046,-0.639
0.047,-0.639
0.048,-0.639
0.049,-0.639
0.05,-0.639
0.051,-0.639
0.052,-0.639
0.053,-0.639
0.054,-0.639
0.055,-0.639
0.057,-0.639
0.064,-0.639
0.065,-0.639
0.124,-0.639
0.132,-0.639
0.136,-0.639
0.138,-0.639
-0.379,-0.638
-0.377,-0.638
-0.376,-0.638
-0.374,-0.638
-0.373,-0.638
-0.371,-0.638
-0.37,-0.638
-0.369,-0.638
-0.368,-0.638
-0.367,-0.638
-0.366,-0.638
-0.365,-0.638
-0.364,-0.638
-0.363,-0.638
-0.362,-0.638
-0.361,-0.638
-0.36,-0.638
-0.359,-0.638
-0.356,-0.638
-0.349,-0.638
-0.345,-0.638
-0.338,-0.638
-0.311,-0.638
-0.309,-0.638
-0.308,-0.638
-0.307,-0.638
-0.306,-0.638
-0.304,-0.638
-0.303,-0.638
-0.302,-0.638
-0.301,-0.638
-0.3,-0.638
-0.299,-0.638
-0.298,-0.638
-0.297,-0.638
-0.296,-0.638
-0.295,-0.638
-0.294,-0.638
-0.293,-0.638
-0.292,-0.638
-0.291,-0.638
-0.29,-0.638
-0.289,-0.638
-0.288,-0.638
-0.287,-0.638
-0.286,-0.638
-0.285,-0.638
-0.283,-0.638
-0.277,-0.638
-0.275,-0.638
-0.274,-0.638
-0.273,-0.638
-0.272,-0.638
-0.271,-0.638
-0.265,-0.638
-0.264,-0.638
-0.263,-0.638
-0.262,-0.638
-0.261,-0.638
-0.26,-0.638
-0.259,-0.638
-0.258,-0.638
-0.257,-0.638
-0.256,-0.638
-0.255,-0.638
-0.254,-0.638
-0.253,-0.638
-0.252,-0.638
-0.25,-0.638
-0.249,-0.638
-0.248,-0.638
-0.247,-0.638
-0.246,-0.638
-0.245,-0.638
-0.244,-0.638
-0.243,-0.638
-0.242,-0.638
-0.241,-0.638
-0.24,-0.638
-0.239,-0.638
-0.238,-0.638
-0.237,-0.638
-0.236,-0.638
-0.235,-0.638
-0.234,-0.638
-0.233,-0.638
-0.232,-0.638
-0.231,-0.638
-0.23,-0.638
-0.229,-0.638
-0.228,-0.638
-0.227,-0.638
-0.226,-0.638
-0.225,-0.638
-0.224,-0.638
-0.223,-0.638
-0.222,-0.638
-0.221,-0.638
-0.22,-0.638
-0.219,-0.638
-0.218,-0.638
-0.217,-0.638
-0.216,-0.638
-0.215,-0.638
-0.214,-0.638
-0.213,-0.638
-0.212,-0.638
-0.211,-0.638
-0.21,-0.638
-0.209,-0.638
-0.208,-0.638
-0.207,-0.638
-0.206,-0.638
-0.205,-0.638
-0.204,-0.638
-0.203,-0.638
-0.202,-0.638
-0.201,-0.638
-0.2,-0.638
-0.199,-0.638
-0.198,-0.638
-0.197,-0.638
-0.196,-0.638
-0.195,-0.638
-0.194,-0.638
-0.193,-0.638
-0.192,-0.638
-0.191,-0.638
-0.19,-0.638
-0.189,-0.638
-0.188,-0.638
-0.187,-0.638
-0.186,-0.638
-0.185,-0.638
-0.184,-0.638
-0.183,-0.638
-0.182,-0.638
-0.181,-0.638
-0.18,-0.638
-0.179,-0.638
-0.178,-0.638
-0.177,-0.638
-0.176,-0.638
-0.175,-0.638
-0.174,-0.638
-0.173,-0.638
-0.172,-0.638
-0.171,-0.638
-0.17,-0.638
-0.169,-0.638
-0.168,-0.638
-0.167,-0.638
-0.166,-0.638
-0.165,-0.638
-0.164,-0.638
-0.163,-0.638
-0.162,-0.638
-0.161,-0.638
-0.16,-0.638
-0.159,-0.638
-0.158,-0.638
-0.157,-0.638
-0.156,-0.638
-0.155,-0.638
-0.154,-0.638
-0.153,-0.638
-0.152,-0.638
-0.151,-0.638
-0.15,-0.638
-0.149,-0.638
-0.148,-0.638
-0.147,-0.638
-0.146,-0.638
-0.145,-0.638
-0.144,-0.638
-0.143,-0.638
-0.142,-0.638
-0.141,-0.638
-0.14,-0.638
-0.139,-0.638
-0.138,-0.638
-0.137,-0.638
-0.136,-0.638
-0.135,-0.638
-0.134,-0.638
-0.133,-0.638
-0.132,-0.638
-0.131,-0.638
-0.13,-0.638
-0.129,-0.638
-0.128,-0.638
-0.127,-0.638
-0.126,-0.638
-0.125,-0.638
-0.124,-0.638
-0.123,-0.638
-0.122,-0.638
-0.121,-0.638
-0.12,-0.638
-0.119,-0.638
-0.118,-0.638
-0.117,-0.638
-0.116,-0.638
-0.115,-0.638
-0.114,-0.638
-0.113,-0.638
-0.112,-0.638
-0.111,-0.638
-0.11,-0.638
-0.109,-0.638
-0.108,-0.638
-0.107,-0.638
-0.106,-0.638
-0.105,-0.638
-0.104,-0.638
-0.103,-0.638
-0.102,-0.638
-0.101,-0.638
-0.1,-0.638
-0.099,-0.638
-0.098,-0.638
-0.097,-0.638
-0.096,-0.638
-0.095,-0.638
-0.094,-0.638
-0.093,-0.638
-0.092,-0.638
-0.091,-0.638
-0.09,-0.638
-0.089,-0.638
-0.088,-0.638
-0.087,-0.638
-0.086,-0.638
-0.085,-0.638
-0.084,-0.638
-0.083,-0.638
-0.082,-0.638
-0.081,-0.638
-0.08,-0.638
-0.079,-0.638
-0.078,-0.638
-0.077,-0.638
-0.076,-0.638
-0.075,-0.638
-0.074,-0.638
-0.073,-0.638
-0.072,-0.638
-0.071,-0.638
-0.07,-0.638
-0.069,-0.638
-0.068,-0.638
-0.067,-0.638
-0.066,-0.638
-0.065,-0.638
-0.064,-0.638
-0.063,-0.638
-0.062,-0.638
-0.061,-0.638
-0.06,-0.638
-0.059,-0.638
-0.058,-0.638
-0.057,-0.638
-0.056,-0.638
-0.055,-0.638
-0.054,-0.638
-0.053,-0.638
-0.052,-0.638
-0.051,-0.638
-0.05,-0.638
-0.049,-0.638
-0.048,-0.638
-0.047,-0.638
-0.046,-0.638
-0.045,-0.638
-0.044,-0.638
-0.043,-0.638
-0.042,-0.638
-0.041,-0.638
-0.04,-0.638
-0.039,-0.638
-0.038,-0.638
-0.037,-0.638
-0.036,-0.638
-0.035,-0.638
-0.034,-0.638
-0.033,-0.638
-0.032,-0.638
-0.031,-0.638
-0.03,-0.638
-0.029,-0.638
-0.028,-0.638
-0.027,-0.638
-0.026,-0.638
-0.025,-0.638
-0.024,-0.638
-0.023,-0.638
-0.022,-0.638
-0.021,-0.638
-0.02,-0.638
-0.019,-0.638
-0.018,-0.638
-0.017,-0.638
-0.016,-0.638
-0.015,-0.638
-0.014,-0.638
-0.013,-0.638
-0.012,-0.638
-0.011,-0.638
-0.01,-0.638
-0.009,-0.638
-0.008,-0.638
-0.007,-0.638
-0.005,-0.638
-0.004,-0.638
-0.003,-0.638
-0.002,-0.638
0.001,-0.638
0.005,-0.638
0.006,-0.638
0.007,-0.638
0.008,-0.638
0.009,-0.638
0.01,-0.638
0.011,-0.638
0.012,-0.638
0.013,-0.638
0.014,-0.638
0.015,-0.638
0.016,-0.638
0.017,-0.638
0.018,-0.638
0.022,-0.638
0.027,-0.638
0.029,-0.638
0.04,-0.638
0.041,-0.638
0.042,-0.638
0.043,-0.638
0.044,-0.638
0.045,-0.638
0.046,-0.638
0.047,-0.638
0.048,-0.638
0.049,-0.638
0.05,-0.638
0.051,-0.638
0.052,-0.638
0.053,-0.638
0.054,-0.638
0.055,-0.638
0.056,-0.638
0.057,-0.638
0.059,-0.638
0.06,-0.638
0.066,-0.638
0.101,-0.638
0.107,-0.638
0.112,-0.638
0.122,-0.638
0.123,-0.638
0.127,-0.638
0.129,-0.638
0.134,-0.638
0.157,-0.638
0.158,-0.638
-0.482,-0.637
-0.377,-0.637
-0.375,-0.637
-0.372,-0.637
-0.371,-0.637
-0.37,-0.637
-0.369,-0.637
-0.368,-0.637
-0.367,-0.637
-0.366,-0.637
-0.365,-0.637
-0.364,-0.637
-0.363,-0.637
-0.362,-0.637
-0.361,-0.637
-0.36,-0.637
-0.356,-0.637
-0.354,-0.637
-0.353,-0.637
-0.352,-0.637
-0.347,-0.637
-0.345,-0.637
-0.343,-0.637
-0.342,-0.637
-0.31,-0.637
-0.309,-0.637
-0.308,-0.637
-0.307,-0.637
-0.306,-0.637
-0.304,-0.637
-0.303,-0.637
-0.302,-0.637
-0.301,-0.637
-0.3,-0.637
-0.299,-0.637
-0.298,-0.637
-0.297,-0.637
-0.296,-0.637
-0.295,-0.637
-0.294,-0.637
-0.293,-0.637
-0.292,-0.637
-0.291,-0.637
-0.29,-0.637
-0.289,-0.637
-0.288,-0.637
-0.287,-0.637
-0.286,-0.637
-0.284,-0.637
-0.282,-0.637
-0.276,-0.637
-0.274,-0.637
-0.273,-0.637
-0.272,-0.637
-0.271,-0.637
-0.27,-0.637
-0.269,-0.637
-0.264,-0.637
-0.263,-0.637
-0.262,-0.637
-0.261,-0.637
-0.26,-0.637
-0.259,-0.637
-0.258,-0.637
-0.257,-0.637
-0.256,-0.637
-0.255,-0.637
-0.254,-0.637
-0.253,-0.637
-0.251,-0.637
-0.25,-0.637
-0.249,-0.637
-0.248,-0.637
-0.247,-0.637
-0.246,-0.637
-0.245,-0.637
-0.244,-0.637
-0.243,-0.637
-0.242,-0.637
-0.241,-0.637
-0.24,-0.637
-0.239,-0.637
-0.238,-0.637
-0.237,-0.637
-0.236,-0.637
-0.235,-0.637
-0.234,-0.637
-0.233,-0.637
-0.232,-0.637
-0.231,-0.637
-0.23,-0.637
-0.229,-0.637
-0.228,-0.637
-0.227,-0.637
-0.226,-0.637
-0.225,-0.637
-0.224,-0.637
-0.223,-0.637
-0.222,-0.637
-0.221,-0.637
-0.22,-0.637
-0.219,-0.637
-0.218,-0.637
-0.217,-0.637
-0.216,-0.637
-0.215,-0.637
-0.214,-0.637
-0.213,-0.637
-0.212,-0.637
-0.211,-0.637
-0.21,-0.637
-0.209,-0.637
-0.208,-0.637
-0.207,-0.637
-0.206,-0.637
-0.205,-0.637
-0.204,-0.637
-0.203,-0.637
-0.202,-0.637
-0.201,-0.637
-0.2,-0.637
-0.199,-0.637
-0.198,-0.637
-0.197,-0.637
-0.196,-0.637
-0.195,-0.637
-0.194,-0.637
-0.193,-0.637
-0.192,-0.637
-0.191,-0.637
-0.19,-0.637
-0.189,-0.637
-0.188,-0.637
-0.187,-0.637
-0.186,-0.637
-0.185,-0.637
-0.184,-0.637
-0.183,-0.637
-0.182,-0.637
-0.181,-0.637
-0.18,-0.637
-0.179,-0.637
-0.178,-0.637
-0.177,-0.637
-0.176,-0.637
-0.175,-0.637
-0.174,-0.637
-0.173,-0.637
-0.172,-0.637
-0.171,-0.637
-0.17,-0.637
-0.169,-0.637
-0.168,-0.637
-0.167,-0.637
-0.166,-0.637
-0.165,-0.637
-0.164,-0.637
-0.163,-0.637
-0.162,-0.637
-0.161,-0.637
-0.16,-0.637
-0.159,-0.637
-0.158,-0.637
-0.157,-0.637
-0.156,-0.637
-0.155,-0.637
-0.154,-0.637
-0.153,-0.637
-0.152,-0.637
-0.151,-0.637
-0.15,-0.637
-0.149,-0.637
-0.148,-0.637
-0.147,-0.637
-0.146,-0.637
-0.145,-0.637
-0.144,-0.637
-0.143,-0.637
-0.142,-0.637
-0.141,-0.637
-0.14,-0.637
-0.139,-0.637
-0.138,-0.637
-0.137,-0.637
-0.136,-0.637
-0.135,-0.637
-0.134,-0.637
-0.133,-0.637
-0.132,-0.637
-0.131,-0.637
-0.13,-0.637
-0.129,-0.637
-0.128,-0.637
-0.127,-0.637
-0.126,-0.637
-0.125,-0.637
-0.124,-0.637
-0.123,-0.637
-0.122,-0.637
-0.121,-0.637
-0.12,-0.637
-0.119,-0.637
-0.118,-0.637
-0.117,-0.637
-0.116,-0.637
-0.115,-0.637
-0.114,-0.637
-0.113,-0.637
-0.112,-0.637
-0.111,-0.637
-0.11,-0.637
-0.109,-0.637
-0.108,-0.637
-0.107,-0.637
-0.106,-0.637
-0.105,-0.637
-0.104,-0.637
-0.103,-0.637
-0.102,-0.637
-0.101,-0.637
-0.1,-0.637
-0.099,-0.637
-0.098,-0.637
-0.097,-0.637
-0.096,-0.637
-0.095,-0.637
-0.094,-0.637
-0.093,-0.637
-0.092,-0.637
-0.091,-0.637
-0.09,-0.637
-0.089,-0.637
-0.088,-0.637
-0.087,-0.637
-0.086,-0.637
-0.085,-0.637
-0.084,-0.637
-0.083,-0.637
-0.082,-0.637
-0.081,-0.637
-0.08,-0.637
-0.079,-0.637
-0.078,-0.637
-0.077,-0.637
-0.076,-0.637
-0.075,-0.637
-0.074,-0.637
-0.073,-0.637
-0.072,-0.637
-0.071,-0.637
-0.07,-0.637
-0.069,-0.637
-0.068,-0.637
-0.067,-0.637
-0.066,-0.637
-0.065,-0.637
-0.064,-0.637
-0.063,-0.637
-0.062,-0.637
-0.061,-0.637
-0.06,-0.637
-0.059,-0.637
-0.058,-0.637
-0.057,-0.637
-0.056,-0.637
-0.055,-0.637
-0.054,-0.637
-0.053,-0.637
-0.052,-0.637
-0.051,-0.637
-0.05,-0.637
-0.049,-0.637
-0.048,-0.637
-0.047,-0.637
-0.046,-0.637
-0.045,-0.637
-0.044,-0.637
-0.043,-0.637
-0.042,-0.637
-0.041,-0.637
-0.04,-0.637
-0.039,-0.637
-0.038,-0.637
-0.037,-0.637
-0.036,-0.637
-0.035,-0.637
-0.034,-0.637
-0.033,-0.637
-0.032,-0.637
-0.031,-0.637
-0.03,-0.637
-0.029,-0.637
-0.028,-0.637
-0.027,-0.637
-0.026,-0.637
-0.025,-0.637
-0.024,-0.637
-0.023,-0.637
-0.022,-0.637
-0.021,-0.637
-0.02,-0.637
-0.019,-0.637
-0.018,-0.637
-0.017,-0.637
-0.016,-0.637
-0.015,-0.637
-0.014,-0.637
-0.013,-0.637
-0.012,-0.637
-0.011,-0.637
-0.01,-0.637
-0.009,-0.637
-0.008,-0.637
-0.007,-0.637
-0.006,-0.637
-0.005,-0.637
-0.004,-0.637
-0.003,-0.637
-0.002,-0.637
-0.001,-0.637
0.0,-0.637
0.001,-0.637
0.002,-0.637
0.006,-0.637
0.007,-0.637
0.008,-0.637
0.009,-0.637
0.01,-0.637
0.011,-0.637
0.012,-0.637
0.013,-0.637
0.014,-0.637
0.015,-0.637
0.016,-0.637
0.017,-0.637
0.018,-0.637
0.019,-0.637
0.027,-0.637
0.028,-0.637
0.029,-0.637
0.03,-0.637
0.031,-0.637
0.039,-0.637
0.041,-0.637
0.042,-0.637
0.043,-0.637
0.044,-0.637
0.045,-0.637
0.046,-0.637
0.047,-0.637
0.048,-0.637
0.049,-0.637
0.05,-0.637
0.051,-0.637
0.052,-0.637
0.053,-0.637
0.054,-0.637
0.055,-0.637
0.056,-0.637
0.057,-0.637
0.058,-0.637
0.059,-0.637
0.06,-0.637
0.064,-0.637
0.067,-0.637
0.068,-0.637
0.069,-0.637
0.107,-0.637
0.108,-0.637
0.125,-0.637
0.126,-0.637
0.127,-0.637
0.128,-0.637
0.131,-0.637
0.134,-0.637
0.135,-0.637
0.157,-0.637
-0.557,-0.636
-0.377,-0.636
-0.372,-0.636
-0.371,-0.636
-0.37,-0.636
-0.369,-0.636
-0.368,-0.636
-0.367,-0.636
-0.366,-0.636
-0.365,-0.636
-0.364,-0.636
-0.363,-0.636
-0.362,-0.636
-0.361,-0.636
-0.36,-0.636
-0.358,-0.636
-0.357,-0.636
-0.354,-0.636
-0.352,-0.636
-0.345,-0.636
-0.343,-0.636
-0.339,-0.636
-0.309,-0.636
-0.307,-0.636
-0.306,-0.636
-0.305,-0.636
-0.304,-0.636
-0.303,-0.636
-0.302,-0.636
-0.301,-0.636
-0.3,-0.636
-0.299,-0.636
-0.298,-0.636
-0.297,-0.636
-0.296,-0.636
-0.295,-0.636
-0.294,-0.636
-0.293,-0.636
-0.292,-0.636
-0.291,-0.636
-0.29,-0.636
-0.289,-0.636
-0.288,-0.636
-0.287,-0.636
-0.286,-0.636
-0.285,-0.636
-0.284,-0.636
-0.283,-0.636
-0.275,-0.636
-0.273,-0.636
-0.272,-0.636
-0.271,-0.636
-0.267,-0.636
-0.262,-0.636
-0.261,-0.636
-0.26,-0.636
-0.259,-0.636
-0.258,-0.636
-0.257,-0.636
-0.256,-0.636
-0.255,-0.636
-0.254,-0.636
-0.253,-0.636
-0.252,-0.636
-0.251,-0.636
-0.25,-0.636
-0.249,-0.636
-0.248,-0.636
-0.247,-0.636
-0.246,-0.636
-0.245,-0.636
-0.244,-0.636
-0.243,-0.636
-0.242,-0.636
-0.241,-0.636
-0.24,-0.636
-0.239,-0.636
-0.238,-0.636
-0.237,-0.636
-0.236,-0.636
-0.235,-0.636
-0.234,-0.636
-0.233,-0.636
-0.232,-0.636
-0.231,-0.636
-0.23,-0.636
-0.229,-0.636
-0.228,-0.636
-0.227,-0.636
-0.226,-0.636
-0.225,-0.636
-0.224,-0.636
-0.223,-0.636
-0.222,-0.636
-0.221,-0.636
-0.22,-0.636
-0.219,-0.636
-0.218,-0.636
-0.217,-0.636
-0.216,-0.636
-0.215,-0.636
-0.214,-0.636
-0.213,-0.636
-0.212,-0.636
-0.211,-0.636
-0.21,-0.636
-0.209,-0.636
-0.208,-0.636
-0.207,-0.636
-0.206,-0.636
-0.205,-0.636
-0.204,-0.636
-0.203,-0.636
-0.202,-0.636
-0.201,-0.636
-0.2,-0.636
-0.199,-0.636
-0.198,-0.636
-0.197,-0.636
-0.196,-0.636
-0.195,-0.636
-0.194,-0.636
-0.193,-0.636
-0.192,-0.636
-0.191,-0.636
-0.19,-0.636
-0.189,-0.636
-0.188,-0.636
-0.187,-0.636
-0.186,-0.636
-0.185,-0.636
-0.184,-0.636
-0.183,-0.636
-0.182,-0.636
-0.181,-0.636
-0.18,-0.636
-0.179,-0.636
-0.178,-0.636
-0.177,-0.636
-0.176,-0.636
-0.175,-0.636
-0.174,-0.636
-0.173,-0.636
-0.172,-0.636
-0.171,-0.636
-0.17,-0.636
-0.169,-0.636
-0.168,-0.636
-0.167,-0.636
-0.166,-0.636
-0.165,-0.636
-0.164,-0.636
-0.163,-0.636
-0.162,-0.636
-0.161,-0.636
-0.16,-0.636
-0.159,-0.636
-0.158,-0.636
-0.157,-0.636
-0.156,-0.636
-0.155,-0.636
-0.154,-0.636
-0.153,-0.636
-0.152,-0.636
-0.151,-0.636
-0.15,-0.636
-0.149,-0.636
-0.148,-0.636
-0.147,-0.636
-0.146,-0.636
-0.145,-0.636
-0.144,-0.636
-0.143,-0.636
-0.142,-0.636
-0.141,-0.636
-0.14,-0.636
-0.139,-0.636
-0.138,-0.636
-0.137,-0.636
-0.136,-0.636
-0.135,-0.636
-0.134,-0.636
-0.133,-0.636
-0.132,-0.636
-0.131,-0.636
-0.13,-0.636
-0.129,-0.636
-0.128,-0.636
-0.127,-0.636
-0.126,-0.636
-0.125,-0.636
-0.124,-0.636
-0.123,-0.636
-0.122,-0.636
-0.121,-0.636
-0.12,-0.636
-0.119,-0.636
-0.118,-0.636
-0.117,-0.636
-0.116,-0.636
-0.115,-0.636
-0.114,-0.636
-0.113,-0.636
-0.112,-0.636
-0.111,-0.636
-0.11,-0.636
-0.109,-0.636
-0.108,-0.636
-0.107,-0.636
-0.106,-0.636
-0.105,-0.636
-0.104,-0.636
-0.103,-0.636
-0.102,-0.636
-0.101,-0.636
-0.1,-0.636
-0.099,-0.636
-0.098,-0.636
-0.097,-0.636
-0.096,-0.636
-0.095,-0.636
-0.094,-0.636
-0.093,-0.636
-0.092,-0.636
-0.091,-0.636
-0.09,-0.636
-0.089,-0.636
-0.088,-0.636
-0.087,-0.636
-0.086,-0.636
-0.085,-0.636
-0.084,-0.636
-0.083,-0.636
-0.082,-0.636
-0.081,-0.636
-0.08,-0.636
-0.079,-0.636
-0.078,-0.636
-0.077,-0.636
-0.076,-0.636
-0.075,-0.636
-0.074,-0.636
-0.073,-0.636
-0.072,-0.636
-0.071,-0.636
-0.07,-0.636
-0.069,-0.636
-0.068,-0.636
-0.067,-0.636
-0.066,-0.636
-0.065,-0.636
-0.064,-0.636
-0.063,-0.636
-0.062,-0.636
-0.061,-0.636
-0.06,-0.636
-0.059,-0.636
-0.058,-0.636
-0.057,-0.636
-0.056,-0.636
-0.055,-0.636
-0.054,-0.636
-0.053,-0.636
-0.052,-0.636
-0.051,-0.636
-0.05,-0.636
-0.049,-0.636
-0.048,-0.636
-0.047,-0.636
-0.046,-0.636
-0.045,-0.636
-0.044,-0.636
-0.043,-0.636
-0.042,-0.636
-0.041,-0.636
-0.04,-0.636
-0.039,-0.636
-0.038,-0.636
-0.037,-0.636
-0.036,-0.636
-0.035,-0.636
-0.034,-0.636
-0.033,-0.636
-0.032,-0.636
-0.031,-0.636
-0.03,-0.636
-0.029,-0.636
-0.028,-0.636
-0.027,-0.636
-0.026,-0.636
-0.025,-0.636
-0.024,-0.636
-0.023,-0.636
-0.022,-0.636
-0.021,-0.636
-0.02,-0.636
-0.019,-0.636
-0.018,-0.636
-0.017,-0.636
-0.016,-0.636
-0.015,-0.636
-0.014,-0.636
-0.013,-0.636
-0.012,-0.636
-0.011,-0.636
-0.01,-0.636
-0.009,-0.636
-0.008,-0.636
-0.007,-0.636
-0.006,-0.636
-0.005,-0.636
-0.004,-0.636
-0.003,-0.636
-0.002,-0.636
-0.001,-0.636
0.0,-0.636
0.001,-0.636
0.003,-0.636
0.004,-0.636
0.006,-0.636
0.007,-0.636
0.008,-0.636
0.009,-0.636
0.01,-0.636
0.011,-0.636
0.012,-0.636
0.013,-0.636
0.014,-0.636
0.015,-0.636
0.016,-0.636
0.017,-0.636
0.024,-0.636
0.027,-0.636
0.028,-0.636
0.029,-0.636
0.032,-0.636
0.033,-0.636
0.04,-0.636
0.043,-0.636
0.044,-0.636
0.045,-0.636
0.046,-0.636
0.047,-0.636
0.048,-0.636
0.049,-0.636
0.05,-0.636
0.051,-0.636
0.052,-0.636
0.053,-0.636
0.054,-0.636
0.055,-0.636
0.056,-0.636
0.057,-0.636
0.058,-0.636
0.059,-0.636
0.063,-0.636
0.064,-0.636
0.068,-0.636
0.104,-0.636
0.109,-0.636
0.11,-0.636
0.113,-0.636
0.128,-0.636
0.13,-0.636
0.132,-0.636
0.133,-0.636
0.134,-0.636
0.135,-0.636
-0.57,-0.635
-0.376,-0.635
-0.371,-0.635
-0.37,-0.635
-0.369,-0.635
-0.368,-0.635
-0.367,-0.635
-0.366,-0.635
-0.365,-0.635
-0.364,-0.635
-0.363,-0.635
-0.362,-0.635
-0.361,-0.635
-0.356,-0.635
-0.355,-0.635
-0.354,-0.635
-0.351,-0.635
-0.349,-0.635
-0.348,-0.635
-0.346,-0.635
-0.345,-0.635
-0.344,-0.635
-0.342,-0.635
-0.336,-0.635
-0.307,-0.635
-0.306,-0.635
-0.305,-0.635
-0.304,-0.635
-0.303,-0.635
-0.302,-0.635
-0.301,-0.635
-0.3,-0.635
-0.299,-0.635
-0.298,-0.635
-0.297,-0.635
-0.296,-0.635
-0.295,-0.635
-0.294,-0.635
-0.293,-0.635
-0.292,-0.635
-0.291,-0.635
-0.29,-0.635
-0.289,-0.635
-0.288,-0.635
-0.287,-0.635
-0.286,-0.635
-0.285,-0.635
-0.284,-0.635
-0.283,-0.635
-0.282,-0.635
-0.274,-0.635
-0.273,-0.635
-0.272,-0.635
-0.27,-0.635
-0.267,-0.635
-0.266,-0.635
-0.264,-0.635
-0.26,-0.635
-0.259,-0.635
-0.258,-0.635
-0.257,-0.635
-0.256,-0.635
-0.255,-0.635
-0.254,-0.635
-0.253,-0.635
-0.252,-0.635
-0.251,-0.635
-0.25,-0.635
-0.249,-0.635
-0.248,-0.635
-0.247,-0.635
-0.246,-0.635
-0.245,-0.635
-0.244,-0.635
-0.243,-0.635
-0.242,-0.635
-0.241,-0.635
-0.24,-0.635
-0.239,-0.635
-0.238,-0.635
-0.237,-0.635
-0.236,-0.635
-0.235,-0.635
-0.234,-0.635
-0.233,-0.635
-0.232,-0.635
-0.231,-0.635
-0.23,-0.635
-0.229,-0.635
-0.228,-0.635
-0.227,-0.635
-0.226,-0.635
-0.225,-0.635
-0.224,-0.635
-0.223,-0.635
-0.222,-0.635
-0.221,-0.635
-0.22,-0.635
-0.219,-0.635
-0.218,-0.635
-0.217,-0.635
-0.216,-0.635
-0.215,-0.635
-0.214,-0.635
-0.213,-0.635
-0.212,-0.635
-0.211,-0.635
-0.21,-0.635
-0.209,-0.635
-0.208,-0.635
-0.207,-0.635
-0.206,-0.635
-0.205,-0.635
-0.204,-0.635
-0.203,-0.635
-0.202,-0.635
-0.201,-0.635
-0.2,-0.635
-0.199,-0.635
-0.198,-0.635
-0.197,-0.635
-0.196,-0.635
-0.195,-0.635
-0.194,-0.635
-0.193,-0.635
-0.192,-0.635
-0.191,-0.635
-0.19,-0.635
-0.189,-0.635
-0.188,-0.635
-0.187,-0.635
-0.186,-0.635
-0.185,-0.635
-0.184,-0.635
-0.183,-0.635
-0.182,-0.635
-0.181,-0.635
-0.18,-0.635
-0.179,-0.635
-0.178,-0.635
-0.177,-0.635
-0.176,-0.635
-0.175,-0.635
-0.174,-0.635
-0.173,-0.635
-0.172,-0.635
-0.171,-0.635
-0.17,-0.635
-0.169,-0.635
-0.168,-0.635
-0.167,-0.635
-0.166,-0.635
-0.165,-0.635
-0.164,-0.635
-0.163,-0.635
-0.162,-0.635
-0.161,-0.635
-0.16,-0.635
-0.159,-0.635
-0.158,-0.635
-0.157,-0.635
-0.156,-0.635
-0.155,-0.635
-0.154,-0.635
-0.153,-0.635
-0.152,-0.635
-0.151,-0.635
-0.15,-0.635
-0.149,-0.635
-0.148,-0.635
-0.147,-0.635
-0.146,-0.635
-0.145,-0.635
-0.144,-0.635
-0.143,-0.635
-0.142,-0.635
-0.141,-0.635
-0.14,-0.635
-0.139,-0.635
-0.138,-0.635
-0.137,-0.635
-0.136,-0.635
-0.135,-0.635
-0.134,-0.635
-0.133,-0.635
-0.132,-0.635
-0.131,-0.635
-0.13,-0.635
-0.129,-0.635
-0.128,-0.635
-0.127,-0.635
-0.126,-0.635
-0.125,-0.635
-0.124,-0.635
-0.123,-0.635
-0.122,-0.635
-0.121,-0.635
-0.12,-0.635
-0.119,-0.635
-0.118,-0.635
-0.117,-0.635
-0.116,-0.635
-0.115,-0.635
-0.114,-0.635
-0.113,-0.635
-0.112,-0.635
-0.111,-0.635
-0.11,-0.635
-0.109,-0.635
-0.108,-0.635
-0.107,-0.635
-0.106,-0.635
-0.105,-0.635
-0.104,-0.635
-0.103,-0.635
-0.102,-0.635
-0.101,-0.635
-0.1,-0.635
-0.099,-0.635
-0.098,-0.635
-0.097,-0.635
-0.096,-0.635
-0.095,-0.635
-0.094,-0.635
-0.093,-0.635
-0.092,-0.635
-0.091,-0.635
-0.09,-0.635
-0.089,-0.635
-0.088,-0.635
-0.087,-0.635
-0.086,-0.635
-0.085,-0.635
-0.084,-0.635
-0.083,-0.635
-0.082,-0.635
-0.081,-0.635
-0.08,-0.635
-0.079,-0.635
-0.078,-0.635
-0.077,-0.635
-0.076,-0.635
-0.075,-0.635
-0.074,-0.635
-0.073,-0.635
-0.072,-0.635
-0.071,-0.635
-0.07,-0.635
-0.069,-0.635
-0.068,-0.635
-0.067,-0.635
-0.066,-0.635
-0.065,-0.635
-0.064,-0.635
-0.063,-0.635
-0.062,-0.635
-0.061,-0.635
-0.06,-0.635
-0.059,-0.635
-0.058,-0.635
-0.057,-0.635
-0.056,-0.635
-0.055,-0.635
-0.054,-0.635
-0.053,-0.635
-0.052,-0.635
-0.051,-0.635
-0.05,-0.635
-0.049,-0.635
-0.048,-0.635
-0.047,-0.635
-0.046,-0.635
-0.045,-0.635
-0.044,-0.635
-0.043,-0.635
-0.042,-0.635
-0.041,-0.635
-0.04,-0.635
-0.039,-0.635
-0.038,-0.635
-0.037,-0.635
-0.036,-0.635
-0.035,-0.635
-0.034,-0.635
-0.033,-0.635
-0.032,-0.635
-0.031,-0.635
-0.03,-0.635
-0.029,-0.635
-0.028,-0.635
-0.027,-0.635
-0.026,-0.635
-0.025,-0.635
-0.024,-0.635
-0.023,-0.635
-0.022,-0.635
-0.021,-0.635
-0.02,-0.635
-0.019,-0.635
-0.018,-0.635
-0.017,-0.635
-0.016,-0.635
-0.015,-0.635
-0.014,-0.635
-0.013,-0.635
-0.012,-0.635
-0.011,-0.635
-0.01,-0.635
-0.009,-0.635
-0.008,-0.635
-0.007,-0.635
-0.006,-0.635
-0.005,-0.635
-0.004,-0.635
-0.003,-0.635
-0.002,-0.635
-0.001,-0.635
0.0,-0.635
0.001,-0.635
0.002,-0.635
0.003,-0.635
0.004,-0.635
0.005,-0.635
0.007,-0.635
0.008,-0.635
0.009,-0.635
0.01,-0.635
0.011,-0.635
0.012,-0.635
0.013,-0.635
0.014,-0.635
0.015,-0.635
0.016,-0.635
0.017,-0.635
0.021,-0.635
0.025,-0.635
0.027,-0.635
0.028,-0.635
0.029,-0.635
0.031,-0.635
0.032,-0.635
0.033,-0.635
0.038,-0.635
0.039,-0.635
0.04,-0.635
0.042,-0.635
0.043,-0.635
0.044,-0.635
0.045,-0.635
0.046,-0.635
0.047,-0.635
0.048,-0.635
0.049,-0.635
0.05,-0.635
0.051,-0.635
0.052,-0.635
0.053,-0.635
0.054,-0.635
0.055,-0.635
0.056,-0.635
0.057,-0.635
0.058,-0.635
0.059,-0.635
0.061,-0.635
0.062,-0.635
0.065,-0.635
0.066,-0.635
0.067,-0.635
0.106,-0.635
0.11,-0.635
0.125,-0.635
0.127,-0.635
0.128,-0.635
0.129,-0.635
0.13,-0.635
0.131,-0.635
0.132,-0.635
0.133,-0.635
0.134,-0.635
0.135,-0.635
0.137,-0.635
0.159,-0.635
-0.549,-0.634
-0.378,-0.634
-0.374,-0.634
-0.373,-0.634
-0.372,-0.634
-0.371,-0.634
-0.37,-0.634
-0.369,-0.634
-0.368,-0.634
-0.367,-0.634
-0.366,-0.634
-0.365,-0.634
-0.364,-0.634
-0.363,-0.634
-0.362,-0.634
-0.36,-0.634
-0.359,-0.634
-0.358,-0.634
-0.357,-0.634
-0.356,-0.634
-0.355,-0.634
-0.354,-0.634
-0.353,-0.634
-0.35,-0.634
-0.349,-0.634
-0.345,-0.634
-0.344,-0.634
-0.34,-0.634
-0.338,-0.634
-0.32,-0.634
-0.307,-0.634
-0.306,-0.634
-0.305,-0.634
-0.304,-0.634
-0.303,-0.634
-0.302,-0.634
-0.301,-0.634
-0.3,-0.634
-0.299,-0.634
-0.298,-0.634
-0.297,-0.634
-0.296,-0.634
-0.295,-0.634
-0.294,-0.634
-0.293,-0.634
-0.292,-0.634
-0.291,-0.634
-0.29,-0.634
-0.289,-0.634
-0.288,-0.634
-0.287,-0.634
-0.286,-0.634
-0.285,-0.634
-0.283,-0.634
-0.275,-0.634
-0.274,-0.634
-0.273,-0.634
-0.272,-0.634
-0.271,-0.634
-0.27,-0.634
-0.268,-0.634
-0.267,-0.634
-0.266,-0.634
-0.264,-0.634
-0.263,-0.634
-0.262,-0.634
-0.261,-0.634
-0.26,-0.634
-0.259,-0.634
-0.258,-0.634
-0.257,-0.634
-0.256,-0.634
-0.255,-0.634
-0.254,-0.634
-0.253,-0.634
-0.252,-0.634
-0.251,-0.634
-0.25,-0.634
-0.249,-0.634
-0.248,-0.634
-0.247,-0.634
-0.246,-0.634
-0.245,-0.634
-0.244,-0.634
-0.243,-0.634
-0.242,-0.634
-0.241,-0.634
-0.24,-0.634
-0.239,-0.634
-0.238,-0.634
-0.237,-0.634
-0.236,-0.634
-0.235,-0.634
-0.234,-0.634
-0.233,-0.634
-0.232,-0.634
-0.231,-0.634
-0.23,-0.634
-0.229,-0.634
-0.228,-0.634
-0.227,-0.634
-0.226,-0.634
-0.225,-0.634
-0.224,-0.634
-0.223,-0.634
-0.222,-0.634
-0.221,-0.634
-0.22,-0.634
-0.219,-0.634
-0.218,-0.634
-0.217,-0.634
-0.216,-0.634
-0.215,-0.634
-0.214,-0.634
-0.213,-0.634
-0.212,-0.634
-0.211,-0.634
-0.21,-0.634
-0.209,-0.634
-0.208,-0.634
-0.207,-0.634
-0.206,-0.634
-0.205,-0.634
-0.204,-0.634
-0.203,-0.634
-0.202,-0.634
-0.201,-0.634
-0.2,-0.634
-0.199,-0.634
-0.198,-0.634
-0.197,-0.634
-0.196,-0.634
-0.195,-0.634
-0.194,-0.634
-0.193,-0.634
-0.192,-0.634
-0.191,-0.634
-0.19,-0.634
-0.189,-0.634
-0.188,-0.634
-0.187,-0.634
-0.186,-0.634
-0.185,-0.634
-0.184,-0.634
-0.183,-0.634
-0.182,-0.634
-0.181,-0.634
-0.18,-0.634
-0.179,-0.634
-0.178,-0.634
-0.177,-0.634
-0.176,-0.634
-0.175,-0.634
-0.174,-0.634
-0.173,-0.634
-0.172,-0.634
-0.171,-0.634
-0.17,-0.634
-0.169,-0.634
-0.168,-0.634
-0.167,-0.634
-0.166,-0.634
-0.165,-0.634
-0.164,-0.634
-0.163,-0.634
-0.162,-0.634
-0.161,-0.634
-0.16,-0.634
-0.159,-0.634
-0.158,-0.634
-0.157,-0.634
-0.156,-0.634
-0.155,-0.634
-0.154,-0.634
-0.153,-0.634
-0.152,-0.634
-0.151,-0.634
-0.15,-0.634
-0.149,-0.634
-0.148,-0.634
-0.147,-0.634
-0.146,-0.634
-0.145,-0.634
-0.144,-0.634
-0.143,-0.634
-0.142,-0.634
-0.141,-0.634
-0.14,-0.634
-0.139,-0.634
-0.138,-0.634
-0.137,-0.634
-0.136,-0.634
-0.135,-0.634
-0.134,-0.634
-0.133,-0.634
-0.132,-0.634
-0.131,-0.634
-0.13,-0.634
-0.129,-0.634
-0.128,-0.634
-0.127,-0.634
-0.126,-0.634
-0.125,-0.634
-0.124,-0.634
-0.123,-0.634
-0.122,-0.634
-0.121,-0.634
-0.12,-0.634
-0.119,-0.634
-0.118,-0.634
-0.117,-0.634
-0.116,-0.634
-0.115,-0.634
-0.114,-0.634
-0.113,-0.634
-0.112,-0.634
-0.111,-0.634
-0.11,-0.634
-0.109,-0.634
-0.108,-0.634
-0.107,-0.634
-0.106,-0.634
-0.105,-0.634
-0.104,-0.634
-0.103,-0.634
-0.102,-0.634
-0.101,-0.634
-0.1,-0.634
-0.099,-0.634
-0.098,-0.634
-0.097,-0.634
-0.096,-0.634
-0.095,-0.634
-0.094,-0.634
-0.093,-0.634
-0.092,-0.634
-0.091,-0.634
-0.09,-0.634
-0.089,-0.634
-0.088,-0.634
-0.087,-0.634
-0.086,-0.634
-0.085,-0.634
-0.084,-0.634
-0.083,-0.634
-0.082,-0.634
-0.081,-0.634
-0.08,-0.634
-0.079,-0.634
-0.078,-0.634
-0.077,-0.634
-0.076,-0.634
-0.075,-0.634
-0.074,-0.634
-0.073,-0.634
-0.072,-0.634
-0.071,-0.634
-0.07,-0.634
-0.069,-0.634
-0.068,-0.634
-0.067,-0.634
-0.066,-0.634
-0.065,-0.634
-0.064,-0.634
-0.063,-0.634
-0.062,-0.634
-0.061,-0.634
-0.06,-0.634
-0.059,-0.634
-0.058,-0.634
-0.057,-0.634
-0.056,-0.634
-0.055,-0.634
-0.054,-0.634
-0.053,-0.634
-0.052,-0.634
-0.051,-0.634
-0.05,-0.634
-0.049,-0.634
-0.048,-0.634
-0.047,-0.634
-0.046,-0.634
-0.045,-0.634
-0.044,-0.634
-0.043,-0.634
-0.042,-0.634
-0.041,-0.634
-0.04,-0.634
-0.039,-0.634
-0.038,-0.634
-0.037,-0.634
-0.036,-0.634
-0.035,-0.634
-0.034,-0.634
-0.033,-0.634
-0.032,-0.634
-0.031,-0.634
-0.03,-0.634
-0.029,-0.634
-0.028,-0.634
-0.027,-0.634
-0.026,-0.634
-0.025,-0.634
-0.024,-0.634
-0.023,-0.634
-0.022,-0.634
-0.021,-0.634
-0.02,-0.634
-0.019,-0.634
-0.018,-0.634
-0.017,-0.634
-0.016,-0.634
-0.015,-0.634
-0.014,-0.634
-0.013,-0.634
-0.012,-0.634
-0.011,-0.634
-0.01,-0.634
-0.009,-0.634
-0.008,-0.634
-0.007,-0.634
-0.006,-0.634
-0.005,-0.634
-0.004,-0.634
-0.003,-0.634
-0.002,-0.634
-0.001,-0.634
0.0,-0.634
0.001,-0.634
0.002,-0.634
0.003,-0.634
0.004,-0.634
0.005,-0.634
0.006,-0.634
0.007,-0.634
0.008,-0.634
0.009,-0.634
0.01,-0.634
0.011,-0.634
0.012,-0.634
0.013,-0.634
0.014,-0.634
0.015,-0.634
0.016,-0.634
0.018,-0.634
0.021,-0.634
0.022,-0.634
0.023,-0.634
0.027,-0.634
0.028,-0.634
0.029,-0.634
0.03,-0.634
0.039,-0.634
0.041,-0.634
0.042,-0.634
0.043,-0.634
0.044,-0.634
0.045,-0.634
0.046,-0.634
0.047,-0.634
0.048,-0.634
0.049,-0.634
0.05,-0.634
0.051,-0.634
0.052,-0.634
0.053,-0.634
0.054,-0.634
0.055,-0.634
0.056,-0.634
0.057,-0.634
0.058,-0.634
0.059,-0.634
0.06,-0.634
0.061,-0.634
0.063,-0.634
0.065,-0.634
0.067,-0.634
0.107,-0.634
0.117,-0.634
0.121,-0.634
0.127,-0.634
0.128,-0.634
0.129,-0.634
0.13,-0.634
0.131,-0.634
0.132,-0.634
0.133,-0.634
0.134,-0.634
0.135,-0.634
0.136,-0.634
0.144,-0.634
-0.384,-0.633
-0.373,-0.633
-0.37,-0.633
-0.369,-0.633
-0.368,-0.633
-0.367,-0.633
-0.366,-0.633
-0.365,-0.633
-0.364,-0.633
-0.363,-0.633
-0.362,-0.633
-0.361,-0.633
-0.36,-0.633
-0.359,-0.633
-0.358,-0.633
-0.357,-0.633
-0.356,-0.633
-0.355,-0.633
-0.354,-0.633
-0.351,-0.633
-0.348,-0.633
-0.347,-0.633
-0.345,-0.633
-0.344,-0.633
-0.343,-0.633
-0.337,-0.633
-0.319,-0.633
-0.311,-0.633
-0.31,-0.633
-0.309,-0.633
-0.308,-0.633
-0.303,-0.633
-0.302,-0.633
-0.301,-0.633
-0.3,-0.633
-0.299,-0.633
-0.298,-0.633
-0.297,-0.633
-0.296,-0.633
-0.295,-0.633
-0.294,-0.633
-0.293,-0.633
-0.292,-0.633
-0.291,-0.633
-0.29,-0.633
-0.289,-0.633
-0.288,-0.633
-0.287,-0.633
-0.286,-0.633
-0.285,-0.633
-0.284,-0.633
-0.281,-0.633
-0.279,-0.633
-0.275,-0.633
-0.274,-0.633
-0.273,-0.633
-0.272,-0.633
-0.271,-0.633
-0.27,-0.633
-0.269,-0.633
-0.267,-0.633
-0.266,-0.633
-0.265,-0.633
-0.264,-0.633
-0.263,-0.633
-0.262,-0.633
-0.261,-0.633
-0.26,-0.633
-0.259,-0.633
-0.258,-0.633
-0.257,-0.633
-0.256,-0.633
-0.255,-0.633
-0.254,-0.633
-0.253,-0.633
-0.252,-0.633
-0.251,-0.633
-0.25,-0.633
-0.249,-0.633
-0.248,-0.633
-0.247,-0.633
-0.246,-0.633
-0.245,-0.633
-0.244,-0.633
-0.243,-0.633
-0.242,-0.633
-0.241,-0.633
-0.24,-0.633
-0.239,-0.633
-0.238,-0.633
-0.237,-0.633
-0.236,-0.633
-0.235,-0.633
-0.234,-0.633
-0.233,-0.633
-0.232,-0.633
-0.231,-0.633
-0.23,-0.633
-0.229,-0.633
-0.228,-0.633
-0.227,-0.633
-0.226,-0.633
-0.225,-0.633
-0.224,-0.633
-0.223,-0.633
-0.222,-0.633
-0.221,-0.633
-0.22,-0.633
-0.219,-0.633
-0.218,-0.633
-0.217,-0.633
-0.216,-0.633
-0.215,-0.633
-0.214,-0.633
-0.213,-0.633
-0.212,-0.633
-0.211,-0.633
-0.21,-0.633
-0.209,-0.633
-0.208,-0.633
-0.207,-0.633
-0.206,-0.633
-0.205,-0.633
-0.204,-0.633
-0.203,-0.633
-0.202,-0.633
-0.201,-0.633
-0.2,-0.633
-0.199,-0.633
-0.198,-0.633
-0.197,-0.633
-0.196,-0.633
-0.195,-0.633
-0.194,-0.633
-0.193,-0.633
-0.192,-0.633
-0.191,-0.633
-0.19,-0.633
-0.189,-0.633
-0.188,-0.633
-0.187,-0.633
-0.186,-0.633
-0.185,-0.633
-0.184,-0.633
-0.183,-0.633
-0.182,-0.633
-0.181,-0.633
-0.18,-0.633
-0.179,-0.633
-0.178,-0.633
-0.177,-0.633
-0.176,-0.633
-0.175,-0.633
-0.174,-0.633
-0.173,-0.633
-0.172,-0.633
-0.171,-0.633
-0.17,-0.633
-0.169,-0.633
-0.168,-0.633
-0.167,-0.633
-0.166,-0.633
-0.165,-0.633
-0.164,-0.633
-0.163,-0.633
-0.162,-0.633
-0.161,-0.633
-0.16,-0.633
-0.159,-0.633
-0.158,-0.633
-0.157,-0.633
-0.156,-0.633
-0.155,-0.633
-0.154,-0.633
-0.153,-0.633
-0.152,-0.633
-0.151,-0.633
-0.15,-0.633
-0.149,-0.633
-0.148,-0.633
-0.147,-0.633
-0.146,-0.633
-0.145,-0.633
-0.144,-0.633
-0.143,-0.633
-0.142,-0.633
-0.141,-0.633
-0.14,-0.633
-0.139,-0.633
-0.138,-0.633
-0.137,-0.633
-0.136,-0.633
-0.135,-0.633
-0.134,-0.633
-0.133,-0.633
-0.132,-0.633
-0.131,-0.633
-0.13,-0.633
-0.129,-0.633
-0.128,-0.633
-0.127,-0.633
-0.126,-0.633
-0.125,-0.633
-0.124,-0.633
-0.123,-0.633
-0.122,-0.633
-0.121,-0.633
-0.12,-0.633
-0.119,-0.633
-0.118,-0.633
-0.117,-0.633
-0.116,-0.633
-0.115,-0.633
-0.114,-0.633
-0.113,-0.633
-0.112,-0.633
-0.111,-0.633
-0.11,-0.633
-0.109,-0.633
-0.108,-0.633
-0.107,-0.633
-0.106,-0.633
-0.105,-0.633
-0.104,-0.633
-0.103,-0.633
-0.102,-0.633
-0.101,-0.633
-0.1,-0.633
-0.099,-0.633
-0.098,-0.633
-0.097,-0.633
-0.096,-0.633
-0.095,-0.633
-0.094,-0.633
-0.093,-0.633
-0.092,-0.633
-0.091,-0.633
-0.09,-0.633
-0.089,-0.633
-0.088,-0.633
-0.087,-0.633
-0.086,-0.633
-0.085,-0.633
-0.084,-0.633
-0.083,-0.633
-0.082,-0.633
-0.081,-0.633
-0.08,-0.633
-0.079,-0.633
-0.078,-0.633
-0.077,-0.633
-0.076,-0.633
-0.075,-0.633
-0.074,-0.633
-0.073,-0.633
-0.072,-0.633
-0.071,-0.633
-0.07,-0.633
-0.069,-0.633
-0.068,-0.633
-0.067,-0.633
-0.066,-0.633
-0.065,-0.633
-0.064,-0.633
-0.063,-0.633
-0.062,-0.633
-0.061,-0.633
-0.06,-0.633
-0.059,-0.633
-0.058,-0.633
-0.057,-0.633
-0.056,-0.633
-0.055,-0.633
-0.054,-0.633
-0.053,-0.633
-0.052,-0.633
-0.051,-0.633
-0.05,-0.633
-0.049,-0.633
-0.048,-0.633
-0.047,-0.633
-0.046,-0.633
-0.045,-0.633
-0.044,-0.633
-0.043,-0.633
-0.042,-0.633
-0.041,-0.633
-0.04,-0.633
-0.039,-0.633
-0.038,-0.633
-0.037,-0.633
-0.036,-0.633
-0.035,-0.633
-0.034,-0.633
-0.033,-0.633
-0.032,-0.633
-0.031,-0.633
-0.03,-0.633
-0.029,-0.633
-0.028,-0.633
-0.027,-0.633
-0.026,-0.633
-0.025,-0.633
-0.024,-0.633
-0.023,-0.633
-0.022,-0.633
-0.021,-0.633
-0.02,-0.633
-0.019,-0.633
-0.018,-0.633
-0.017,-0.633
-0.016,-0.633
-0.015,-0.633
-0.014,-0.633
-0.013,-0.633
-0.012,-0.633
-0.011,-0.633
-0.01,-0.633
-0.009,-0.633
-0.008,-0.633
-0.007,-0.633
-0.006,-0.633
-0.005,-0.633
-0.004,-0.633
-0.003,-0.633
-0.002,-0.633
-0.001,-0.633
0.0,-0.633
0.001,-0.633
0.002,-0.633
0.003,-0.633
0.004,-0.633
0.005,-0.633
0.006,-0.633
0.007,-0.633
0.008,-0.633
0.009,-0.633
0.01,-0.633
0.011,-0.633
0.012,-0.633
0.013,-0.633
0.015,-0.633
0.016,-0.633
0.018,-0.633
0.02,-0.633
0.021,-0.633
0.022,-0.633
0.023,-0.633
0.025,-0.633
0.027,-0.633
0.028,-0.633
0.029,-0.633
0.031,-0.633
0.04,-0.633
0.041,-0.633
0.042,-0.633
0.043,-0.633
0.044,-0.633
0.045,-0.633
0.046,-0.633
0.047,-0.633
0.048,-0.633
0.049,-0.633
0.05,-0.633
0.051,-0.633
0.052,-0.633
0.053,-0.633
0.054,-0.633
0.055,-0.633
0.056,-0.633
0.057,-0.633
0.058,-0.633
0.059,-0.633
0.06,-0.633
0.061,-0.633
0.063,-0.633
0.064,-0.633
0.066,-0.633
0.067,-0.633
0.107,-0.633
0.115,-0.633
0.116,-0.633
0.117,-0.633
0.12,-0.633
0.124,-0.633
0.125,-0.633
0.126,-0.633
0.127,-0.633
0.128,-0.633
0.129,-0.633
0.13,-0.633
0.131,-0.633
0.132,-0.633
0.133,-0.633
0.134,-0.633
0.135,-0.633
0.137,-0.633
0.141,-0.633
0.142,-0.633
0.146,-0.633
-0.549,-0.632
-0.386,-0.632
-0.37,-0.632
-0.369,-0.632
-0.368,-0.632
-0.367,-0.632
-0.366,-0.632
-0.365,-0.632
-0.364,-0.632
-0.363,-0.632
-0.362,-0.632
-0.361,-0.632
-0.36,-0.632
-0.359,-0.632
-0.358,-0.632
-0.357,-0.632
-0.356,-0.632
-0.355,-0.632
-0.354,-0.632
-0.353,-0.632
-0.352,-0.632
-0.35,-0.632
-0.349,-0.632
-0.348,-0.632
-0.347,-0.632
-0.346,-0.632
-0.345,-0.632
-0.344,-0.632
-0.326,-0.632
-0.325,-0.632
-0.306,-0.632
-0.305,-0.632
-0.303,-0.632
-0.302,-0.632
-0.301,-0.632
-0.3,-0.632
-0.299,-0.632
-0.298,-0.632
-0.297,-0.632
-0.296,-0.632
-0.295,-0.632
-0.294,-0.632
-0.293,-0.632
-0.292,-0.632
-0.291,-0.632
-0.29,-0.632
-0.289,-0.632
-0.288,-0.632
-0.287,-0.632
-0.286,-0.632
-0.285,-0.632
-0.284,-0.632
-0.28,-0.632
-0.279,-0.632
-0.278,-0.632
-0.277,-0.632
-0.275,-0.632
-0.274,-0.632
-0.273,-0.632
-0.272,-0.632
-0.271,-0.632
-0.27,-0.632
-0.269,-0.632
-0.268,-0.632
-0.267,-0.632
-0.266,-0.632
-0.265,-0.632
-0.264,-0.632
-0.263,-0.632
-0.262,-0.632
-0.261,-0.632
-0.26,-0.632
-0.259,-0.632
-0.258,-0.632
-0.257,-0.632
-0.256,-0.632
-0.255,-0.632
-0.254,-0.632
-0.253,-0.632
-0.252,-0.632
-0.251,-0.632
-0.25,-0.632
-0.249,-0.632
-0.248,-0.632
-0.247,-0.632
-0.246,-0.632
-0.245,-0.632
-0.244,-0.632
-0.243,-0.632
-0.242,-0.632
-0.241,-0.632
-0.24,-0.632
-0.239,-0.632
-0.238,-0.632
-0.237,-0.632
-0.236,-0.632
-0.235,-0.632
-0.234,-0.632
-0.233,-0.632
-0.232,-0.632
-0.231,-0.632
-0.23,-0.632
-0.229,-0.632
-0.228,-0.632
-0.227,-0.632
-0.226,-0.632
-0.225,-0.632
-0.224,-0.632
-0.223,-0.632
-0.222,-0.632
-0.221,-0.632
-0.22,-0.632
-0.219,-0.632
-0.218,-0.632
-0.217,-0.632
-0.216,-0.632
-0.215,-0.632
-0.214,-0.632
-0.213,-0.632
-0.212,-0.632
-0.211,-0.632
-0.21,-0.632
-0.209,-0.632
-0.208,-0.632
-0.207,-0.632
-0.206,-0.632
-0.205,-0.632
-0.204,-0.632
-0.203,-0.632
-0.202,-0.632
-0.201,-0.632
-0.2,-0.632
-0.199,-0.632
-0.198,-0.632
-0.197,-0.632
-0.196,-0.632
-0.195,-0.632
-0.194,-0.632
-0.193,-0.632
-0.192,-0.632
-0.191,-0.632
-0.19,-0.632
-0.189,-0.632
-0.188,-0.632
-0.187,-0.632
-0.186,-0.632
-0.185,-0.632
-0.184,-0.632
-0.183,-0.632
-0.182,-0.632
-0.181,-0.632
-0.18,-0.632
-0.179,-0.632
-0.178,-0.632
-0.177,-0.632
-0.176,-0.632
-0.175,-0.632
-0.174,-0.632
-0.173,-0.632
-0.172,-0.632
-0.171,-0.632
-0.17,-0.632
-0.169,-0.632
-0.168,-0.632
-0.167,-0.632
-0.166,-0.632
-0.165,-0.632
-0.164,-0.632
-0.163,-0.632
-0.162,-0.632
-0.161,-0.632
-0.16,-0.632
-0.159,-0.632
-0.158,-0.632
-0.157,-0.632
-0.156,-0.632
-0.155,-0.632
-0.154,-0.632
-0.153,-0.632
-0.152,-0.632
-0.151,-0.632
-0.15,-0.632
-0.149,-0.632
-0.148,-0.632
-0.147,-0.632
-0.146,-0.632
-0.145,-0.632
-0.144,-0.632
-0.143,-0.632
-0.142,-0.632
-0.141,-0.632
-0.14,-0.632
-0.139,-0.632
-0.138,-0.632
-0.137,-0.632
-0.136,-0.632
-0.135,-0.632
-0.134,-0.632
-0.133,-0.632
-0.132,-0.632
-0.131,-0.632
-0.13,-0.632
-0.129,-0.632
-0.128,-0.632
-0.127,-0.632
-0.126,-0.632
-0.125,-0.632
-0.124,-0.632
-0.123,-0.632
-0.122,-0.632
-0.121,-0.632
-0.12,-0.632
-0.119,-0.632
-0.118,-0.632
-0.117,-0.632
-0.116,-0.632
-0.115,-0.632
-0.114,-0.632
-0.113,-0.632
-0.112,-0.632
-0.111,-0.632
-0.11,-0.632
-0.109,-0.632
-0.108,-0.632
-0.107,-0.632
-0.106,-0.632
-0.105,-0.632
-0.104,-0.632
-0.103,-0.632
-0.102,-0.632
-0.101,-0.632
-0.1,-0.632
-0.099,-0.632
-0.098,-0.632
-0.097,-0.632
-0.096,-0.632
-0.095,-0.632
-0.094,-0.632
-0.093,-0.632
-0.092,-0.632
-0.091,-0.632
-0.09,-0.632
-0.089,-0.632
-0.088,-0.632
-0.087,-0.632
-0.086,-0.632
-0.085,-0.632
-0.084,-0.632
-0.083,-0.632
-0.082,-0.632
-0.081,-0.632
-0.08,-0.632
-0.079,-0.632
-0.078,-0.632
-0.077,-0.632
-0.076,-0.632
-0.075,-0.632
-0.074,-0.632
-0.073,-0.632
-0.072,-0.632
-0.071,-0.632
-0.07,-0.632
-0.069,-0.632
-0.068,-0.632
-0.067,-0.632
-0.066,-0.632
-0.065,-0.632
-0.064,-0.632
-0.063,-0.632
-0.062,-0.632
-0.061,-0.632
-0.06,-0.632
-0.059,-0.632
-0.058,-0.632
-0.057,-0.632
-0.056,-0.632
-0.055,-0.632
-0.054,-0.632
-0.053,-0.632
-0.052,-0.632
-0.051,-0.632
-0.05,-0.632
-0.049,-0.632
-0.048,-0.632
-0.047,-0.632
-0.046,-0.632
-0.045,-0.632
-0.044,-0.632
-0.043,-0.632
-0.042,-0.632
-0.041,-0.632
-0.04,-0.632
-0.039,-0.632
-0.038,-0.632
-0.037,-0.632
-0.036,-0.632
-0.035,-0.632
-0.034,-0.632
-0.033,-0.632
-0.032,-0.632
-0.031,-0.632
-0.03,-0.632
-0.029,-0.632
-0.028,-0.632
-0.027,-0.632
-0.026,-0.632
-0.025,-0.632
-0.024,-0.632
-0.023,-0.632
-0.022,-0.632
-0.021,-0.632
-0.02,-0.632
-0.019,-0.632
-0.018,-0.632
-0.017,-0.632
-0.016,-0.632
-0.015,-0.632
-0.014,-0.632
-0.013,-0.632
-0.012,-0.632
-0.011,-0.632
-0.01,-0.632
-0.009,-0.632
-0.008,-0.632
-0.007,-0.632
-0.006,-0.632
-0.005,-0.632
-0.004,-0.632
-0.003,-0.632
-0.002,-0.632
-0.001,-0.632
0.0,-0.632
0.001,-0.632
0.002,-0.632
0.003,-0.632
0.004,-0.632
0.005,-0.632
0.006,-0.632
0.007,-0.632
0.008,-0.632
0.009,-0.632
0.01,-0.632
0.011,-0.632
0.012,-0.632
0.013,-0.632
0.014,-0.632
0.015,-0.632
0.016,-0.632
0.017,-0.632
0.018,-0.632
0.02,-0.632
0.021,-0.632
0.022,-0.632
0.024,-0.632
0.025,-0.632
0.026,-0.632
0.027,-0.632
0.028,-0.632
0.03,-0.632
0.035,-0.632
0.041,-0.632
0.042,-0.632
0.043,-0.632
0.044,-0.632
0.045,-0.632
0.046,-0.632
0.047,-0.632
0.048,-0.632
0.049,-0.632
0.05,-0.632
0.051,-0.632
0.052,-0.632
0.053,-0.632
0.054,-0.632
0.055,-0.632
0.056,-0.632
0.057,-0.632
0.058,-0.632
0.059,-0.632
0.06,-0.632
0.061,-0.632
0.062,-0.632
0.063,-0.632
0.066,-0.632
0.1,-0.632
0.105,-0.632
0.107,-0.632
0.112,-0.632
0.118,-0.632
0.126,-0.632
0.127,-0.632
0.128,-0.632
0.129,-0.632
0.13,-0.632
0.131,-0.632
0.132,-0.632
0.133,-0.632
0.134,-0.632
0.135,-0.632
0.136,-0.632
0.139,-0.632
0.144,-0.632
-0.578,-0.631
-0.372,-0.631
-0.37,-0.631
-0.369,-0.631
-0.368,-0.631
-0.367,-0.631
-0.366,-0.631
-0.365,-0.631
-0.364,-0.631
-0.363,-0.631
-0.362,-0.631
-0.361,-0.631
-0.36,-0.631
-0.359,-0.631
-0.358,-0.631
-0.357,-0.631
-0.356,-0.631
-0.355,-0.631
-0.354,-0.631
-0.353,-0.631
-0.352,-0.631
-0.351,-0.631
-0.35,-0.631
-0.349,-0.631
-0.348,-0.631
-0.347,-0.631
-0.346,-0.631
-0.325,-0.631
-0.323,-0.631
-0.322,-0.631
-0.32,-0.631
-0.307,-0.631
-0.306,-0.631
-0.305,-0.631
-0.303,-0.631
-0.302,-0.631
-0.301,-0.631
-0.3,-0.631
-0.299,-0.631
-0.298,-0.631
-0.297,-0.631
-0.296,-0.631
-0.295,-0.631
-0.294,-0.631
-0.293,-0.631
-0.292,-0.631
-0.291,-0.631
-0.29,-0.631
-0.289,-0.631
-0.288,-0.631
-0.287,-0.631
-0.286,-0.631
-0.285,-0.631
-0.282,-0.631
-0.28,-0.631
-0.279,-0.631
-0.278,-0.631
-0.277,-0.631
-0.276,-0.631
-0.274,-0.631
-0.273,-0.631
-0.272,-0.631
-0.271,-0.631
-0.27,-0.631
-0.269,-0.631
-0.268,-0.631
-0.267,-0.631
-0.266,-0.631
-0.265,-0.631
-0.264,-0.631
-0.263,-0.631
-0.262,-0.631
-0.261,-0.631
-0.26,-0.631
-0.259,-0.631
-0.258,-0.631
-0.257,-0.631
-0.256,-0.631
-0.255,-0.631
-0.254,-0.631
-0.253,-0.631
-0.252,-0.631
-0.251,-0.631
-0.25,-0.631
-0.249,-0.631
-0.248,-0.631
-0.247,-0.631
-0.246,-0.631
-0.245,-0.631
-0.244,-0.631
-0.243,-0.631
-0.242,-0.631
-0.241,-0.631
-0.24,-0.631
-0.239,-0.631
-0.238,-0.631
-0.237,-0.631
-0.236,-0.631
-0.235,-0.631
-0.234,-0.631
-0.233,-0.631
-0.232,-0.631
-0.231,-0.631
-0.23,-0.631
-0.229,-0.631
-0.228,-0.631
-0.227,-0.631
-0.226,-0.631
-0.225,-0.631
-0.224,-0.631
-0.223,-0.631
-0.222,-0.631
-0.221,-0.631
-0.22,-0.631
-0.219,-0.631
-0.218,-0.631
-0.217,-0.631
-0.216,-0.631
-0.215,-0.631
-0.214,-0.631
-0.213,-0.631
-0.212,-0.631
-0.211,-0.631
-0.21,-0.631
-0.209,-0.631
-0.208,-0.631
-0.207,-0.631
-0.206,-0.631
-0.205,-0.631
-0.204,-0.631
-0.203,-0.631
-0.202,-0.631
-0.201,-0.631
-0.2,-0.631
-0.199,-0.631
-0.198,-0.631
-0.197,-0.631
-0.196,-0.631
-0.195,-0.631
-0.194,-0.631
-0.193,-0.631
-0.192,-0.631
-0.191,-0.631
-0.19,-0.631
-0.189,-0.631
-0.188,-0.631
-0.187,-0.631
-0.186,-0.631
-0.185,-0.631
-0.184,-0.631
-0.183,-0.631
-0.182,-0.631
-0.181,-0.631
-0.18,-0.631
-0.179,-0.631
-0.178,-0.631
-0.177,-0.631
-0.176,-0.631
-0.175,-0.631
-0.174,-0.631
-0.173,-0.631
-0.172,-0.631
-0.171,-0.631
-0.17,-0.631
-0.169,-0.631
-0.168,-0.631
-0.167,-0.631
-0.166,-0.631
-0.165,-0.631
-0.164,-0.631
-0.163,-0.631
-0.162,-0.631
-0.161,-0.631
-0.16,-0.631
-0.159,-0.631
-0.158,-0.631
-0.157,-0.631
-0.156,-0.631
-0.155,-0.631
-0.154,-0.631
-0.153,-0.631
-0.152,-0.631
-0.151,-0.631
-0.15,-0.631
-0.149,-0.631
-0.148,-0.631
-0.147,-0.631
-0.146,-0.631
-0.145,-0.631
-0.144,-0.631
-0.143,-0.631
-0.142,-0.631
-0.141,-0.631
-0.14,-0.631
-0.139,-0.631
-0.138,-0.631
-0.137,-0.631
-0.136,-0.631
-0.135,-0.631
-0.134,-0.631
-0.133,-0.631
-0.132,-0.631
-0.131,-0.631
-0.13,-0.631
-0.129,-0.631
-0.128,-0.631
-0.127,-0.631
-0.126,-0.631
-0.125,-0.631
-0.124,-0.631
-0.123,-0.631
-0.122,-0.631
-0.121,-0.631
-0.12,-0.631
-0.119,-0.631
-0.118,-0.631
-0.117,-0.631
-0.116,-0.631
-0.115,-0.631
-0.114,-0.631
-0.113,-0.631
-0.112,-0.631
-0.111,-0.631
-0.11,-0.631
-0.109,-0.631
-0.108,-0.631
-0.107,-0.631
-0.106,-0.631
-0.105,-0.631
-0.104,-0.631
-0.103,-0.631
-0.102,-0.631
-0.101,-0.631
-0.1,-0.631
-0.099,-0.631
-0.098,-0.631
-0.097,-0.631
-0.096,-0.631
-0.095,-0.631
-0.094,-0.631
-0.093,-0.631
-0.092,-0.631
-0.091,-0.631
-0.09,-0.631
-0.089,-0.631
-0.088,-0.631
-0.087,-0.631
-0.086,-0.631
-0.085,-0.631
-0.084,-0.631
-0.083,-0.631
-0.082,-0.631
-0.081,-0.631
-0.08,-0.631
-0.079,-0.631
-0.078,-0.631
-0.077,-0.631
-0.076,-0.631
-0.075,-0.631
-0.074,-0.631
-0.073,-0.631
-0.072,-0.631
-0.071,-0.631
-0.07,-0.631
-0.069,-0.631
-0.068,-0.631
-0.067,-0.631
-0.066,-0.631
-0.065,-0.631
-0.064,-0.631
-0.063,-0.631
-0.062,-0.631
-0.061,-0.631
-0.06,-0.631
-0.059,-0.631
-0.058,-0.631
-0.057,-0.631
-0.056,-0.631
-0.055,-0.631
-0.054,-0.631
-0.053,-0.631
-0.052,-0.631
-0.051,-0.631
-0.05,-0.631
-0.049,-0.631
-0.048,-0.631
-0.047,-0.631
-0.046,-0.631
-0.045,-0.631
-0.044,-0.631
-0.043,-0.631
-0.042,-0.631
-0.041,-0.631
-0.04,-0.631
-0.039,-0.631
-0.038,-0.631
-0.037,-0.631
-0.036,-0.631
-0.035,-0.631
-0.034,-0.631
-0.033,-0.631
-0.032,-0.631
-0.031,-0.631
-0.03,-0.631
-0.029,-0.631
-0.028,-0.631
-0.027,-0.631
-0.026,-0.631
-0.025,-0.631
-0.024,-0.631
-0.023,-0.631
-0.022,-0.631
-0.021,-0.631
-0.02,-0.631
-0.019,-0.631
-0.018,-0.631
-0.017,-0.631
-0.016,-0.631
-0.015,-0.631
-0.014,-0.631
-0.013,-0.631
-0.012,-0.631
-0.011,-0.631
-0.01,-0.631
-0.009,-0.631
-0.008,-0.631
-0.007,-0.631
-0.006,-0.631
-0.005,-0.631
-0.004,-0.631
-0.003,-0.631
-0.002,-0.631
-0.001,-0.631
0.0,-0.631
0.001,-0.631
0.002,-0.631
0.003,-0.631
0.004,-0.631
0.005,-0.631
0.006,-0.631
0.007,-0.631
0.008,-0.631
0.009,-0.631
0.01,-0.631
0.011,-0.631
0.012,-0.631
0.013,-0.631
0.014,-0.631
0.015,-0.631
0.016,-0.631
0.017,-0.631
0.018,-0.631
0.019,-0.631
0.02,-0.631
0.021,-0.631
0.022,-0.631
0.023,-0.631
0.025,-0.631
0.026,-0.631
0.027,-0.631
0.028,-0.631
0.029,-0.631
0.03,-0.631
0.032,-0.631
0.034,-0.631
0.035,-0.631
0.036,-0.631
0.04,-0.631
0.041,-0.631
0.042,-0.631
0.043,-0.631
0.044,-0.631
0.045,-0.631
0.046,-0.631
0.047,-0.631
0.048,-0.631
0.049,-0.631
0.05,-0.631
0.051,-0.631
0.052,-0.631
0.053,-0.631
0.054,-0.631
0.055,-0.631
0.056,-0.631
0.057,-0.631
0.058,-0.631
0.059,-0.631
0.06,-0.631
0.061,-0.631
0.062,-0.631
0.066,-0.631
0.08,-0.631
0.106,-0.631
0.108,-0.631
0.109,-0.631
0.113,-0.631
0.116,-0.631
0.118,-0.631
0.122,-0.631
0.123,-0.631
0.126,-0.631
0.127,-0.631
0.128,-0.631
0.129,-0.631
0.13,-0.631
0.131,-0.631
0.132,-0.631
0.133,-0.631
0.134,-0.631
0.135,-0.631
0.136,-0.631
0.137,-0.631
0.139,-0.631
0.143,-0.631
-0.556,-0.63
-0.384,-0.63
-0.377,-0.63
-0.376,-0.63
-0.375,-0.63
-0.372,-0.63
-0.37,-0.63
-0.369,-0.63
-0.368,-0.63
-0.367,-0.63
-0.366,-0.63
-0.365,-0.63
-0.364,-0.63
-0.363,-0.63
-0.362,-0.63
-0.361,-0.63
-0.36,-0.63
-0.359,-0.63
-0.358,-0.63
-0.357,-0.63
-0.356,-0.63
-0.355,-0.63
-0.354,-0.63
-0.353,-0.63
-0.352,-0.63
-0.351,-0.63
-0.35,-0.63
-0.349,-0.63
-0.348,-0.63
-0.347,-0.63
-0.346,-0.63
-0.345,-0.63
-0.344,-0.63
-0.324,-0.63
-0.323,-0.63
-0.322,-0.63
-0.321,-0.63
-0.32,-0.63
-0.306,-0.63
-0.305,-0.63
-0.304,-0.63
-0.303,-0.63
-0.302,-0.63
-0.301,-0.63
-0.3,-0.63
-0.299,-0.63
-0.298,-0.63
-0.297,-0.63
-0.296,-0.63
-0.295,-0.63
-0.294,-0.63
-0.293,-0.63
-0.292,-0.63
-0.291,-0.63
-0.29,-0.63
-0.289,-0.63
-0.288,-0.63
-0.287,-0.63
-0.286,-0.63
-0.285,-0.63
-0.283,-0.63
-0.282,-0.63
-0.281,-0.63
-0.28,-0.63
-0.279,-0.63
-0.278,-0.63
-0.277,-0.63
-0.276,-0.63
-0.275,-0.63
-0.274,-0.63
-0.273,-0.63
-0.272,-0.63
-0.271,-0.63
-0.27,-0.63
-0.269,-0.63
-0.268,-0.63
-0.267,-0.63
-0.266,-0.63
-0.265,-0.63
-0.264,-0.63
-0.263,-0.63
-0.262,-0.63
-0.261,-0.63
-0.26,-0.63
-0.259,-0.63
-0.258,-0.63
-0.257,-0.63
-0.256,-0.63
-0.255,-0.63
-0.254,-0.63
-0.253,-0.63
-0.252,-0.63
-0.251,-0.63
-0.25,-0.63
-0.249,-0.63
-0.248,-0.63
-0.247,-0.63
-0.246,-0.63
-0.245,-0.63
-0.244,-0.63
-0.243,-0.63
-0.242,-0.63
-0.241,-0.63
-0.24,-0.63
-0.239,-0.63
-0.238,-0.63
-0.237,-0.63
-0.236,-0.63
-0.235,-0.63
-0.234,-0.63
-0.233,-0.63
-0.232,-0.63
-0.231,-0.63
-0.23,-0.63
-0.229,-0.63
-0.228,-0.63
-0.227,-0.63
-0.226,-0.63
-0.225,-0.63
-0.224,-0.63
-0.223,-0.63
-0.222,-0.63
-0.221,-0.63
-0.22,-0.63
-0.219,-0.63
-0.218,-0.63
-0.217,-0.63
-0.216,-0.63
-0.215,-0.63
-0.214,-0.63
-0.213,-0.63
-0.212,-0.63
-0.211,-0.63
-0.21,-0.63
-0.209,-0.63
-0.208,-0.63
-0.207,-0.63
-0.206,-0.63
-0.205,-0.63
-0.204,-0.63
-0.203,-0.63
-0.202,-0.63
-0.201,-0.63
-0.2,-0.63
-0.199,-0.63
-0.198,-0.63
-0.197,-0.63
-0.196,-0.63
-0.195,-0.63
-0.194,-0.63
-0.193,-0.63
-0.192,-0.63
-0.191,-0.63
-0.19,-0.63
-0.189,-0.63
-0.188,-0.63
-0.187,-0.63
-0.186,-0.63
-0.185,-0.63
-0.184,-0.63
-0.183,-0.63
-0.182,-0.63
-0.181,-0.63
-0.18,-0.63
-0.179,-0.63
-0.178,-0.63
-0.177,-0.63
-0.176,-0.63
-0.175,-0.63
-0.174,-0.63
-0.173,-0.63
-0.172,-0.63
-0.171,-0.63
-0.17,-0.63
-0.169,-0.63
-0.168,-0.63
-0.167,-0.63
-0.166,-0.63
-0.165,-0.63
-0.164,-0.63
-0.163,-0.63
-0.162,-0.63
-0.161,-0.63
-0.16,-0.63
-0.159,-0.63
-0.158,-0.63
-0.157,-0.63
-0.156,-0.63
-0.155,-0.63
-0.154,-0.63
-0.153,-0.63
-0.152,-0.63
-0.151,-0.63
-0.15,-0.63
-0.149,-0.63
-0.148,-0.63
-0.147,-0.63
-0.146,-0.63
-0.145,-0.63
-0.144,-0.63
-0.143,-0.63
-0.142,-0.63
-0.141,-0.63
-0.14,-0.63
-0.139,-0.63
-0.138,-0.63
-0.137,-0.63
-0.136,-0.63
-0.135,-0.63
-0.134,-0.63
-0.133,-0.63
-0.132,-0.63
-0.131,-0.63
-0.13,-0.63
-0.129,-0.63
-0.128,-0.63
-0.127,-0.63
-0.126,-0.63
-0.125,-0.63
-0.124,-0.63
-0.123,-0.63
-0.122,-0.63
-0.121,-0.63
-0.12,-0.63
-0.119,-0.63
-0.118,-0.63
-0.117,-0.63
-0.116,-0.63
-0.115,-0.63
-0.114,-0.63
-0.113,-0.63
-0.112,-0.63
-0.111,-0.63
-0.11,-0.63
-0.109,-0.63
-0.108,-0.63
-0.107,-0.63
-0.106,-0.63
-0.105,-0.63
-0.104,-0.63
-0.103,-0.63
-0.102,-0.63
-0.101,-0.63
-0.1,-0.63
-0.099,-0.63
-0.098,-0.63
-0.097,-0.63
-0.096,-0.63
-0.095,-0.63
-0.094,-0.63
-0.093,-0.63
-0.092,-0.63
-0.091,-0.63
-0.09,-0.63
-0.089,-0.63
-0.088,-0.63
-0.087,-0.63
-0.086,-0.63
-0.085,-0.63
-0.084,-0.63
-0.083,-0.63
-0.082,-0.63
-0.081,-0.63
-0.08,-0.63
-0.079,-0.63
-0.078,-0.63
-0.077,-0.63
-0.076,-0.63
-0.075,-0.63
-0.074,-0.63
-0.073,-0.63
-0.072,-0.63
-0.071,-0.63
-0.07,-0.63
-0.069,-0.63
-0.068,-0.63
-0.067,-0.63
-0.066,-0.63
-0.065,-0.63
-0.064,-0.63
-0.063,-0.63
-0.062,-0.63
-0.061,-0.63
-0.06,-0.63
-0.059,-0.63
-0.058,-0.63
-0.057,-0.63
-0.056,-0.63
-0.055,-0.63
-0.054,-0.63
-0.053,-0.63
-0.052,-0.63
-0.051,-0.63
-0.05,-0.63
-0.049,-0.63
-0.048,-0.63
-0.047,-0.63
-0.046,-0.63
-0.045,-0.63
-0.044,-0.63
-0.043,-0.63
-0.042,-0.63
-0.041,-0.63
-0.04,-0.63
-0.039,-0.63
-0.038,-0.63
-0.037,-0.63
-0.036,-0.63
-0.035,-0.63
-0.034,-0.63
-0.033,-0.63
-0.032,-0.63
-0.031,-0.63
-0.03,-0.63
-0.029,-0.63
-0.028,-0.63
-0.027,-0.63
-0.026,-0.63
-0.025,-0.63
-0.024,-0.63
-0.023,-0.63
-0.022,-0.63
-0.021,-0.63
-0.02,-0.63
-0.019,-0.63
-0.018,-0.63
-0.017,-0.63
-0.016,-0.63
-0.015,-0.63
-0.014,-0.63
-0.013,-0.63
-0.012,-0.63
-0.011,-0.63
-0.01,-0.63
-0.009,-0.63
-0.008,-0.63
-0.007,-0.63
-0.006,-0.63
-0.005,-0.63
-0.004,-0.63
-0.003,-0.63
-0.002,-0.63
-0.001,-0.63
0.0,-0.63
0.001,-0.63
0.002,-0.63
0.003,-0.63
0.004,-0.63
0.005,-0.63
0.006,-0.63
0.007,-0.63
0.008,-0.63
0.009,-0.63
0.01,-0.63
0.011,-0.63
0.012,-0.63
0.013,-0.63
0.014,-0.63
0.015,-0.63
0.016,-0.63
0.017,-0.63
0.018,-0.63
0.019,-0.63
0.02,-0.63
0.021,-0.63
0.022,-0.63
0.023,-0.63
0.024,-0.63
0.025,-0.63
0.026,-0.63
0.027,-0.63
0.028,-0.63
0.029,-0.63
0.03,-0.63
0.033,-0.63
0.034,-0.63
0.035,-0.63
0.039,-0.63
0.04,-0.63
0.041,-0.63
0.042,-0.63
0.043,-0.63
0.044,-0.63
0.045,-0.63
0.046,-0.63
0.047,-0.63
0.048,-0.63
0.049,-0.63
0.05,-0.63
0.051,-0.63
0.052,-0.63
0.053,-0.63
0.054,-0.63
0.055,-0.63
0.056,-0.63
0.057,-0.63
0.058,-0.63
0.059,-0.63
0.06,-0.63
0.065,-0.63
0.107,-0.63
0.109,-0.63
0.112,-0.63
0.117,-0.63
0.118,-0.63
0.122,-0.63
0.125,-0.63
0.126,-0.63
0.127,-0.63
0.128,-0.63
0.129,-0.63
0.13,-0.63
0.131,-0.63
0.132,-0.63
0.133,-0.63
0.134,-0.63
0.135,-0.63
0.136,-0.63
0.137,-0.63
0.138,-0.63
-0.387,-0.629
-0.382,-0.629
-0.374,-0.629
-0.372,-0.629
-0.371,-0.629
-0.37,-0.629
-0.369,-0.629
-0.368,-0.629
-0.367,-0.629
-0.366,-0.629
-0.365,-0.629
-0.364,-0.629
-0.363,-0.629
-0.362,-0.629
-0.361,-0.629
-0.36,-0.629
-0.359,-0.629
-0.358,-0.629
-0.357,-0.629
-0.356,-0.629
-0.355,-0.629
-0.354,-0.629
-0.353,-0.629
-0.352,-0.629
-0.351,-0.629
-0.35,-0.629
-0.349,-0.629
-0.348,-0.629
-0.347,-0.629
-0.346,-0.629
-0.345,-0.629
-0.34,-0.629
-0.324,-0.629
-0.323,-0.629
-0.322,-0.629
-0.321,-0.629
-0.32,-0.629
-0.319,-0.629
-0.318,-0.629
-0.316,-0.629
-0.315,-0.629
-0.305,-0.629
-0.304,-0.629
-0.302,-0.629
-0.301,-0.629
-0.3,-0.629
-0.299,-0.629
-0.298,-0.629
-0.297,-0.629
-0.296,-0.629
-0.295,-0.629
-0.294,-0.629
-0.293,-0.629
-0.292,-0.629
-0.291,-0.629
-0.29,-0.629
-0.289,-0.629
-0.288,-0.629
-0.287,-0.629
-0.286,-0.629
-0.284,-0.629
-0.283,-0.629
-0.282,-0.629
-0.281,-0.629
-0.28,-0.629
-0.279,-0.629
-0.278,-0.629
-0.277,-0.629
-0.276,-0.629
-0.275,-0.629
-0.274,-0.629
-0.273,-0.629
-0.272,-0.629
-0.271,-0.629
-0.27,-0.629
-0.269,-0.629
-0.268,-0.629
-0.267,-0.629
-0.266,-0.629
-0.265,-0.629
-0.264,-0.629
-0.263,-0.629
-0.262,-0.629
-0.261,-0.629
-0.26,-0.629
-0.259,-0.629
-0.258,-0.629
-0.257,-0.629
-0.256,-0.629
-0.255,-0.629
-0.254,-0.629
-0.253,-0.629
-0.252,-0.629
-0.251,-0.629
-0.25,-0.629
-0.249,-0.629
-0.248,-0.629
-0.247,-0.629
-0.246,-0.629
-0.245,-0.629
-0.244,-0.629
-0.243,-0.629
-0.242,-0.629
-0.241,-0.629
-0.24,-0.629
-0.239,-0.629
-0.238,-0.629
-0.237,-0.629
-0.236,-0.629
-0.235,-0.629
-0.234,-0.629
-0.233,-0.629
-0.232,-0.629
-0.231,-0.629
-0.23,-0.629
-0.229,-0.629
-0.228,-0.629
-0.227,-0.629
-0.226,-0.629
-0.225,-0.629
-0.224,-0.629
-0.223,-0.629
-0.222,-0.629
-0.221,-0.629
-0.22,-0.629
-0.219,-0.629
-0.218,-0.629
-0.217,-0.629
-0.216,-0.629
-0.215,-0.629
-0.214,-0.629
-0.213,-0.629
-0.212,-0.629
-0.211,-0.629
-0.21,-0.629
-0.209,-0.629
-0.208,-0.629
-0.207,-0.629
-0.206,-0.629
-0.205,-0.629
-0.204,-0.629
-0.203,-0.629
-0.202,-0.629
-0.201,-0.629
-0.2,-0.629
-0.199,-0.629
-0.198,-0.629
-0.197,-0.629
-0.196,-0.629
-0.195,-0.629
-0.194,-0.629
-0.193,-0.629
-0.192,-0.629
-0.191,-0.629
-0.19,-0.629
-0.189,-0.629
-0.188,-0.629
-0.187,-0.629
-0.186,-0.629
-0.185,-0.629
-0.184,-0.629
-0.183,-0.629
-0.182,-0.629
-0.181,-0.629
-0.18,-0.629
-0.179,-0.629
-0.178,-0.629
-0.177,-0.629
-0.176,-0.629
-0.175,-0.629
-0.174,-0.629
-0.173,-0.629
-0.172,-0.629
-0.171,-0.629
-0.17,-0.629
-0.169,-0.629
-0.168,-0.629
-0.167,-0.629
-0.166,-0.629
-0.165,-0.629
-0.164,-0.629
-0.163,-0.629
-0.162,-0.629
-0.161,-0.629
-0.16,-0.629
-0.159,-0.629
-0.158,-0.629
-0.157,-0.629
-0.156,-0.629
-0.155,-0.629
-0.154,-0.629
-0.153,-0.629
-0.152,-0.629
-0.151,-0.629
-0.15,-0.629
-0.149,-0.629
-0.148,-0.629
-0.147,-0.629
-0.146,-0.629
-0.145,-0.629
-0.144,-0.629
-0.143,-0.629
-0.142,-0.629
-0.141,-0.629
-0.14,-0.629
-0.139,-0.629
-0.138,-0.629
-0.137,-0.629
-0.136,-0.629
-0.135,-0.629
-0.134,-0.629
-0.133,-0.629
-0.132,-0.629
-0.131,-0.629
-0.13,-0.629
-0.129,-0.629
-0.128,-0.629
-0.127,-0.629
-0.126,-0.629
-0.125,-0.629
-0.124,-0.629
-0.123,-0.629
-0.122,-0.629
-0.121,-0.629
-0.12,-0.629
-0.119,-0.629
-0.118,-0.629
-0.117,-0.629
-0.116,-0.629
-0.115,-0.629
-0.114,-0.629
-0.113,-0.629
-0.112,-0.629
-0.111,-0.629
-0.11,-0.629
-0.109,-0.629
-0.108,-0.629
-0.107,-0.629
-0.106,-0.629
-0.105,-0.629
-0.104,-0.629
-0.103,-0.629
-0.102,-0.629
-0.101,-0.629
-0.1,-0.629
-0.099,-0.629
-0.098,-0.629
-0.097,-0.629
-0.096,-0.629
-0.095,-0.629
-0.094,-0.629
-0.093,-0.629
-0.092,-0.629
-0.091,-0.629
-0.09,-0.629
-0.089,-0.629
-0.088,-0.629
-0.087,-0.629
-0.086,-0.629
-0.085,-0.629
-0.084,-0.629
-0.083,-0.629
-0.082,-0.629
-0.081,-0.629
-0.08,-0.629
-0.079,-0.629
-0.078,-0.629
-0.077,-0.629
-0.076,-0.629
-0.075,-0.629
-0.074,-0.629
-0.073,-0.629
-0.072,-0.629
-0.071,-0.629
-0.07,-0.629
-0.069,-0.629
-0.068,-0.629
-0.067,-0.629
-0.066,-0.629
-0.065,-0.629
-0.064,-0.629
-0.063,-0.629
-0.062,-0.629
-0.061,-0.629
-0.06,-0.629
-0.059,-0.629
-0.058,-0.629
-0.057,-0.629
-0.056,-0.629
-0.055,-0.629
-0.054,-0.629
-0.053,-0.629
-0.052,-0.629
-0.051,-0.629
-0.05,-0.629
-0.049,-0.629
-0.048,-0.629
-0.047,-0.629
-0.046,-0.629
-0.045,-0.629
-0.044,-0.629
-0.043,-0.629
-0.042,-0.629
-0.041,-0.629
-0.04,-0.629
-0.039,-0.629
-0.038,-0.629
-0.037,-0.629
-0.036,-0.629
-0.035,-0.629
-0.034,-0.629
-0.033,-0.629
-0.032,-0.629
-0.031,-0.629
-0.03,-0.629
-0.029,-0.629
-0.028,-0.629
-0.027,-0.629
-0.026,-0.629
-0.025,-0.629
-0.024,-0.629
-0.023,-0.629
-0.022,-0.629
-0.021,-0.629
-0.02,-0.629
-0.019,-0.629
-0.018,-0.629
-0.017,-0.629
-0.016,-0.629
-0.015,-0.629
-0.014,-0.629
-0.013,-0.629
-0.012,-0.629
-0.011,-0.629
-0.01,-0.629
-0.009,-0.629
-0.008,-0.629
-0.007,-0.629
-0.006,-0.629
-0.005,-0.629
-0.004,-0.629
-0.003,-0.629
-0.002,-0.629
-0.001,-0.629
0.0,-0.629
0.001,-0.629
0.002,-0.629
0.003,-0.629
0.004,-0.629
0.005,-0.629
0.006,-0.629
0.007,-0.629
0.008,-0.629
0.009,-0.629
0.01,-0.629
0.011,-0.629
0.012,-0.629
0.013,-0.629
0.014,-0.629
0.015,-0.629
0.016,-0.629
0.017,-0.629
0.018,-0.629
0.019,-0.629
0.02,-0.629
0.021,-0.629
0.022,-0.629
0.023,-0.629
0.024,-0.629
0.025,-0.629
0.026,-0.629
0.027,-0.629
0.028,-0.629
0.029,-0.629
0.03,-0.629
0.031,-0.629
0.032,-0.629
0.033,-0.629
0.034,-0.629
0.035,-0.629
0.041,-0.629
0.042,-0.629
0.043,-0.629
0.044,-0.629
0.045,-0.629
0.046,-0.629
0.047,-0.629
0.048,-0.629
0.049,-0.629
0.05,-0.629
0.051,-0.629
0.052,-0.629
0.053,-0.629
0.054,-0.629
0.055,-0.629
0.056,-0.629
0.057,-0.629
0.058,-0.629
0.059,-0.629
0.06,-0.629
0.062,-0.629
0.063,-0.629
0.105,-0.629
0.107,-0.629
0.108,-0.629
0.109,-0.629
0.11,-0.629
0.111,-0.629
0.117,-0.629
0.118,-0.629
0.119,-0.629
0.121,-0.629
0.122,-0.629
0.123,-0.629
0.126,-0.629
0.127,-0.629
0.128,-0.629
0.129,-0.629
0.13,-0.629
0.131,-0.629
0.132,-0.629
0.133,-0.629
0.134,-0.629
0.135,-0.629
0.136,-0.629
0.137,-0.629
-0.552,-0.628
-0.391,-0.628
-0.384,-0.628
-0.383,-0.628
-0.374,-0.628
-0.373,-0.628
-0.372,-0.628
-0.371,-0.628
-0.37,-0.628
-0.369,-0.628
-0.368,-0.628
-0.367,-0.628
-0.366,-0.628
-0.365,-0.628
-0.364,-0.628
-0.363,-0.628
-0.362,-0.628
-0.361,-0.628
-0.36,-0.628
-0.359,-0.628
-0.358,-0.628
-0.357,-0.628
-0.356,-0.628
-0.355,-0.628
-0.354,-0.628
-0.353,-0.628
-0.352,-0.628
-0.351,-0.628
-0.35,-0.628
-0.349,-0.628
-0.348,-0.628
-0.347,-0.628
-0.345,-0.628
-0.338,-0.628
-0.328,-0.628
-0.327,-0.628
-0.324,-0.628
-0.323,-0.628
-0.322,-0.628
-0.321,-0.628
-0.32,-0.628
-0.319,-0.628
-0.316,-0.628
-0.315,-0.628
-0.303,-0.628
-0.302,-0.628
-0.301,-0.628
-0.3,-0.628
-0.299,-0.628
-0.298,-0.628
-0.297,-0.628
-0.296,-0.628
-0.295,-0.628
-0.294,-0.628
-0.293,-0.628
-0.292,-0.628
-0.291,-0.628
-0.29,-0.628
-0.289,-0.628
-0.288,-0.628
-0.287,-0.628
-0.286,-0.628
-0.285,-0.628
-0.284,-0.628
-0.283,-0.628
-0.282,-0.628
-0.281,-0.628
-0.28,-0.628
-0.279,-0.628
-0.278,-0.628
-0.277,-0.628
-0.276,-0.628
-0.275,-0.628
-0.274,-0.628
-0.273,-0.628
-0.272,-0.628
-0.271,-0.628
-0.27,-0.628
-0.269,-0.628
-0.268,-0.628
-0.267,-0.628
-0.266,-0.628
-0.265,-0.628
-0.264,-0.628
-0.263,-0.628
-0.262,-0.628
-0.261,-0.628
-0.26,-0.628
-0.259,-0.628
-0.258,-0.628
-0.257,-0.628
-0.256,-0.628
-0.255,-0.628
-0.254,-0.628
-0.253,-0.628
-0.252,-0.628
-0.251,-0.628
-0.25,-0.628
-0.249,-0.628
-0.248,-0.628
-0.247,-0.628
-0.246,-0.628
-0.245,-0.628
-0.244,-0.628
-0.243,-0.628
-0.242,-0.628
-0.241,-0.628
-0.24,-0.628
-0.239,-0.628
-0.238,-0.628
-0.237,-0.628
-0.236,-0.628
-0.235,-0.628
-0.234,-0.628
-0.233,-0.628
-0.232,-0.628
-0.231,-0.628
-0.23,-0.628
-0.229,-0.628
-0.228,-0.628
-0.227,-0.628
-0.226,-0.628
-0.225,-0.628
-0.224,-0.628
-0.223,-0.628
-0.222,-0.628
-0.221,-0.628
-0.22,-0.628
-0.219,-0.628
-0.218,-0.628
-0.217,-0.628
-0.216,-0.628
-0.215,-0.628
-0.214,-0.628
-0.213,-0.628
-0.212,-0.628
-0.211,-0.628
-0.21,-0.628
-0.209,-0.628
-0.208,-0.628
-0.207,-0.628
-0.206,-0.628
-0.205,-0.628
-0.204,-0.628
-0.203,-0.628
-0.202,-0.628
-0.201,-0.628
-0.2,-0.628
-0.199,-0.628
-0.198,-0.628
-0.197,-0.628
-0.196,-0.628
-0.195,-0.628
-0.194,-0.628
-0.193,-0.628
-0.192,-0.628
-0.191,-0.628
-0.19,-0.628
-0.189,-0.628
-0.188,-0.628
-0.187,-0.628
-0.186,-0.628
-0.185,-0.628
-0.184,-0.628
-0.183,-0.628
-0.182,-0.628
-0.181,-0.628
-0.18,-0.628
-0.179,-0.628
-0.178,-0.628
-0.177,-0.628
-0.176,-0.628
-0.175,-0.628
-0.174,-0.628
-0.173,-0.628
-0.172,-0.628
-0.171,-0.628
-0.17,-0.628
-0.169,-0.628
-0.168,-0.628
-0.167,-0.628
-0.166,-0.628
-0.165,-0.628
-0.164,-0.628
-0.163,-0.628
-0.162,-0.628
-0.161,-0.628
-0.16,-0.628
-0.159,-0.628
-0.158,-0.628
-0.157,-0.628
-0.156,-0.628
-0.155,-0.628
-0.154,-0.628
-0.153,-0.628
-0.152,-0.628
-0.151,-0.628
-0.15,-0.628
-0.149,-0.628
-0.148,-0.628
-0.147,-0.628
-0.146,-0.628
-0.145,-0.628
-0.144,-0.628
-0.143,-0.628
-0.142,-0.628
-0.141,-0.628
-0.14,-0.628
-0.139,-0.628
-0.138,-0.628
-0.137,-0.628
-0.136,-0.628
-0.135,-0.628
-0.134,-0.628
-0.133,-0.628
-0.132,-0.628
-0.131,-0.628
-0.13,-0.628
-0.129,-0.628
-0.128,-0.628
-0.127,-0.628
-0.126,-0.628
-0.125,-0.628
-0.124,-0.628
-0.123,-0.628
-0.122,-0.628
-0.121,-0.628
-0.12,-0.628
-0.119,-0.628
-0.118,-0.628
-0.117,-0.628
-0.116,-0.628
-0.115,-0.628
-0.114,-0.628
-0.113,-0.628
-0.112,-0.628
-0.111,-0.628
-0.11,-0.628
-0.109,-0.628
-0.108,-0.628
-0.107,-0.628
-0.106,-0.628
-0.105,-0.628
-0.104,-0.628
-0.103,-0.628
-0.102,-0.628
-0.101,-0.628
-0.1,-0.628
-0.099,-0.628
-0.098,-0.628
-0.097,-0.628
-0.096,-0.628
-0.095,-0.628
-0.094,-0.628
-0.093,-0.628
-0.092,-0.628
-0.091,-0.628
-0.09,-0.628
-0.089,-0.628
-0.088,-0.628
-0.087,-0.628
-0.086,-0.628
-0.085,-0.628
-0.084,-0.628
-0.083,-0.628
-0.082,-0.628
-0.081,-0.628
-0.08,-0.628
-0.079,-0.628
-0.078,-0.628
-0.077,-0.628
-0.076,-0.628
-0.075,-0.628
-0.074,-0.628
-0.073,-0.628
-0.072,-0.628
-0.071,-0.628
-0.07,-0.628
-0.069,-0.628
-0.068,-0.628
-0.067,-0.628
-0.066,-0.628
-0.065,-0.628
-0.064,-0.628
-0.063,-0.628
-0.062,-0.628
-0.061,-0.628
-0.06,-0.628
-0.059,-0.628
-0.058,-0.628
-0.057,-0.628
-0.056,-0.628
-0.055,-0.628
-0.054,-0.628
-0.053,-0.628
-0.052,-0.628
-0.051,-0.628
-0.05,-0.628
-0.049,-0.628
-0.048,-0.628
-0.047,-0.628
-0.046,-0.628
-0.045,-0.628
-0.044,-0.628
-0.043,-0.628
-0.042,-0.628
-0.041,-0.628
-0.04,-0.628
-0.039,-0.628
-0.038,-0.628
-0.037,-0.628
-0.036,-0.628
-0.035,-0.628
-0.034,-0.628
-0.033,-0.628
-0.032,-0.628
-0.031,-0.628
-0.03,-0.628
-0.029,-0.628
-0.028,-0.628
-0.027,-0.628
-0.026,-0.628
-0.025,-0.628
-0.024,-0.628
-0.023,-0.628
-0.022,-0.628
-0.021,-0.628
-0.02,-0.628
-0.019,-0.628
-0.018,-0.628
-0.017,-0.628
-0.016,-0.628
-0.015,-0.628
-0.014,-0.628
-0.013,-0.628
-0.012,-0.628
-0.011,-0.628
-0.01,-0.628
-0.009,-0.628
-0.008,-0.628
-0.007,-0.628
-0.006,-0.628
-0.005,-0.628
-0.004,-0.628
-0.003,-0.628
-0.002,-0.628
-0.001,-0.628
0.0,-0.628
0.001,-0.628
0.002,-0.628
0.003,-0.628
0.004,-0.628
0.005,-0.628
0.006,-0.628
0.007,-0.628
0.008,-0.628
0.009,-0.628
0.01,-0.628
0.011,-0.628
0.012,-0.628
0.013,-0.628
0.014,-0.628
0.015,-0.628
0.016,-0.628
0.017,-0.628
0.018,-0.628
0.019,-0.628
0.02,-0.628
0.021,-0.628
0.022,-0.628
0.023,-0.628
0.024,-0.628
0.025,-0.628
0.026,-0.628
0.027,-0.628
0.028,-0.628
0.029,-0.628
0.03,-0.628
0.031,-0.628
0.032,-0.628
0.033,-0.628
0.034,-0.628
0.036,-0.628
0.037,-0.628
0.038,-0.628
0.041,-0.628
0.042,-0.628
0.043,-0.628
0.044,-0.628
0.045,-0.628
0.046,-0.628
0.047,-0.628
0.048,-0.628
0.049,-0.628
0.05,-0.628
0.051,-0.628
0.052,-0.628
0.053,-0.628
0.054,-0.628
0.055,-0.628
0.056,-0.628
0.057,-0.628
0.058,-0.628
0.059,-0.628
0.06,-0.628
0.062,-0.628
0.063,-0.628
0.079,-0.628
0.08,-0.628
0.084,-0.628
0.107,-0.628
0.108,-0.628
0.109,-0.628
0.11,-0.628
0.111,-0.628
0.112,-0.628
0.113,-0.628
0.115,-0.628
0.116,-0.628
0.117,-0.628
0.118,-0.628
0.119,-0.628
0.12,-0.628
0.121,-0.628
0.122,-0.628
0.123,-0.628
0.124,-0.628
0.125,-0.628
0.126,-0.628
0.127,-0.628
0.128,-0.628
0.129,-0.628
0.13,-0.628
0.131,-0.628
0.132,-0.628
0.133,-0.628
0.134,-0.628
0.135,-0.628
0.136,-0.628
0.137,-0.628
0.139,-0.628
-0.586,-0.627
-0.557,-0.627
-0.551,-0.627
-0.55,-0.627
-0.548,-0.627
-0.529,-0.627
-0.485,-0.627
-0.384,-0.627
-0.383,-0.627
-0.382,-0.627
-0.375,-0.627
-0.374,-0.627
-0.373,-0.627
-0.372,-0.627
-0.371,-0.627
-0.37,-0.627
-0.369,-0.627
-0.368,-0.627
-0.367,-0.627
-0.366,-0.627
-0.365,-0.627
-0.364,-0.627
-0.363,-0.627
-0.362,-0.627
-0.361,-0.627
-0.36,-0.627
-0.359,-0.627
-0.358,-0.627
-0.357,-0.627
-0.356,-0.627
-0.355,-0.627
-0.354,-0.627
-0.353,-0.627
-0.352,-0.627
-0.351,-0.627
-0.35,-0.627
-0.349,-0.627
-0.348,-0.627
-0.347,-0.627
-0.34,-0.627
-0.339,-0.627
-0.326,-0.627
-0.323,-0.627
-0.321,-0.627
-0.319,-0.627
-0.317,-0.627
-0.311,-0.627
-0.301,-0.627
-0.3,-0.627
-0.299,-0.627
-0.298,-0.627
-0.297,-0.627
-0.296,-0.627
-0.295,-0.627
-0.294,-0.627
-0.293,-0.627
-0.292,-0.627
-0.291,-0.627
-0.29,-0.627
-0.289,-0.627
-0.288,-0.627
-0.287,-0.627
-0.286,-0.627
-0.285,-0.627
-0.284,-0.627
-0.283,-0.627
-0.282,-0.627
-0.281,-0.627
-0.28,-0.627
-0.279,-0.627
-0.278,-0.627
-0.277,-0.627
-0.276,-0.627
-0.275,-0.627
-0.274,-0.627
-0.273,-0.627
-0.272,-0.627
-0.271,-0.627
-0.27,-0.627
-0.269,-0.627
-0.268,-0.627
-0.267,-0.627
-0.266,-0.627
-0.265,-0.627
-0.264,-0.627
-0.263,-0.627
-0.262,-0.627
-0.261,-0.627
-0.26,-0.627
-0.259,-0.627
-0.258,-0.627
-0.257,-0.627
-0.256,-0.627
-0.255,-0.627
-0.254,-0.627
-0.253,-0.627
-0.252,-0.627
-0.251,-0.627
-0.25,-0.627
-0.249,-0.627
-0.248,-0.627
-0.247,-0.627
-0.246,-0.627
-0.245,-0.627
-0.244,-0.627
-0.243,-0.627
-0.242,-0.627
-0.241,-0.627
-0.24,-0.627
-0.239,-0.627
-0.238,-0.627
-0.237,-0.627
-0.236,-0.627
-0.235,-0.627
-0.234,-0.627
-0.233,-0.627
-0.232,-0.627
-0.231,-0.627
-0.23,-0.627
-0.229,-0.627
-0.228,-0.627
-0.227,-0.627
-0.226,-0.627
-0.225,-0.627
-0.224,-0.627
-0.223,-0.627
-0.222,-0.627
-0.221,-0.627
-0.22,-0.627
-0.219,-0.627
-0.218,-0.627
-0.217,-0.627
-0.216,-0.627
-0.215,-0.627
-0.214,-0.627
-0.213,-0.627
-0.212,-0.627
-0.211,-0.627
-0.21,-0.627
-0.209,-0.627
-0.208,-0.627
-0.207,-0.627
-0.206,-0.627
-0.205,-0.627
-0.204,-0.627
-0.203,-0.627
-0.202,-0.627
-0.201,-0.627
-0.2,-0.627
-0.199,-0.627
-0.198,-0.627
-0.197,-0.627
-0.196,-0.627
-0.195,-0.627
-0.194,-0.627
-0.193,-0.627
-0.192,-0.627
-0.191,-0.627
-0.19,-0.627
-0.189,-0.627
-0.188,-0.627
-0.187,-0.627
-0.186,-0.627
-0.185,-0.627
-0.184,-0.627
-0.183,-0.627
-0.182,-0.627
-0.181,-0.627
-0.18,-0.627
-0.179,-0.627
-0.178,-0.627
-0.177,-0.627
-0.176,-0.627
-0.175,-0.627
-0.174,-0.627
-0.173,-0.627
-0.172,-0.627
-0.171,-0.627
-0.17,-0.627
-0.169,-0.627
-0.168,-0.627
-0.167,-0.627
-0.166,-0.627
-0.165,-0.627
-0.164,-0.627
-0.163,-0.627
-0.162,-0.627
-0.161,-0.627
-0.16,-0.627
-0.159,-0.627
-0.158,-0.627
-0.157,-0.627
-0.156,-0.627
-0.155,-0.627
-0.154,-0.627
-0.153,-0.627
-0.152,-0.627
-0.151,-0.627
-0.15,-0.627
-0.149,-0.627
-0.148,-0.627
-0.147,-0.627
-0.146,-0.627
-0.145,-0.627
-0.144,-0.627
-0.143,-0.627
-0.142,-0.627
-0.141,-0.627
-0.14,-0.627
-0.139,-0.627
-0.138,-0.627
-0.137,-0.627
-0.136,-0.627
-0.135,-0.627
-0.134,-0.627
-0.133,-0.627
-0.132,-0.627
-0.131,-0.627
-0.13,-0.627
-0.129,-0.627
-0.128,-0.627
-0.127,-0.627
-0.126,-0.627
-0.125,-0.627
-0.124,-0.627
-0.123,-0.627
-0.122,-0.627
-0.121,-0.627
-0.12,-0.627
-0.119,-0.627
-0.118,-0.627
-0.117,-0.627
-0.116,-0.627
-0.115,-0.627
-0.114,-0.627
-0.113,-0.627
-0.112,-0.627
-0.111,-0.627
-0.11,-0.627
-0.109,-0.627
-0.108,-0.627
-0.107,-0.627
-0.106,-0.627
-0.105,-0.627
-0.104,-0.627
-0.103,-0.627
-0.102,-0.627
-0.101,-0.627
-0.1,-0.627
-0.099,-0.627
-0.098,-0.627
-0.097,-0.627
-0.096,-0.627
-0.095,-0.627
-0.094,-0.627
-0.093,-0.627
-0.092,-0.627
-0.091,-0.627
-0.09,-0.627
-0.089,-0.627
-0.088,-0.627
-0.087,-0.627
-0.086,-0.627
-0.085,-0.627
-0.084,-0.627
-0.083,-0.627
-0.082,-0.627
-0.081,-0.627
-0.08,-0.627
-0.079,-0.627
-0.078,-0.627
-0.077,-0.627
-0.076,-0.627
-0.075,-0.627
-0.074,-0.627
-0.073,-0.627
-0.072,-0.627
-0.071,-0.627
-0.07,-0.627
-0.069,-0.627
-0.068,-0.627
-0.067,-0.627
-0.066,-0.627
-0.065,-0.627
-0.064,-0.627
-0.063,-0.627
-0.062,-0.627
-0.061,-0.627
-0.06,-0.627
-0.059,-0.627
-0.058,-0.627
-0.057,-0.627
-0.056,-0.627
-0.055,-0.627
-0.054,-0.627
-0.053,-0.627
-0.052,-0.627
-0.051,-0.627
-0.05,-0.627
-0.049,-0.627
-0.048,-0.627
-0.047,-0.627
-0.046,-0.627
-0.045,-0.627
-0.044,-0.627
-0.043,-0.627
-0.042,-0.627
-0.041,-0.627
-0.04,-0.627
-0.039,-0.627
-0.038,-0.627
-0.037,-0.627
-0.036,-0.627
-0.035,-0.627
-0.034,-0.627
-0.033,-0.627
-0.032,-0.627
-0.031,-0.627
-0.03,-0.627
-0.029,-0.627
-0.028,-0.627
-0.027,-0.627
-0.026,-0.627
-0.025,-0.627
-0.024,-0.627
-0.023,-0.627
-0.022,-0.627
-0.021,-0.627
-0.02,-0.627
-0.019,-0.627
-0.018,-0.627
-0.017,-0.627
-0.016,-0.627
-0.015,-0.627
-0.014,-0.627
-0.013,-0.627
-0.012,-0.627
-0.011,-0.627
-0.01,-0.627
-0.009,-0.627
-0.008,-0.627
-0.007,-0.627
-0.006,-0.627
-0.005,-0.627
-0.004,-0.627
-0.003,-0.627
-0.002,-0.627
-0.001,-0.627
0.0,-0.627
0.001,-0.627
0.002,-0.627
0.003,-0.627
0.004,-0.627
0.005,-0.627
0.006,-0.627
0.007,-0.627
0.008,-0.627
0.009,-0.627
0.01,-0.627
0.011,-0.627
0.012,-0.627
0.013,-0.627
0.014,-0.627
0.015,-0.627
0.016,-0.627
0.017,-0.627
0.018,-0.627
0.019,-0.627
0.02,-0.627
0.021,-0.627
0.022,-0.627
0.023,-0.627
0.024,-0.627
0.025,-0.627
0.026,-0.627
0.027,-0.627
0.028,-0.627
0.029,-0.627
0.03,-0.627
0.031,-0.627
0.032,-0.627
0.033,-0.627
0.034,-0.627
0.035,-0.627
0.036,-0.627
0.037,-0.627
0.039,-0.627
0.04,-0.627
0.042,-0.627
0.043,-0.627
0.044,-0.627
0.045,-0.627
0.046,-0.627
0.047,-0.627
0.048,-0.627
0.049,-0.627
0.05,-0.627
0.051,-0.627
0.052,-0.627
0.053,-0.627
0.054,-0.627
0.055,-0.627
0.056,-0.627
0.057,-0.627
0.058,-0.627
0.059,-0.627
0.06,-0.627
0.061,-0.627
0.062,-0.627
0.063,-0.627
0.078,-0.627
0.082,-0.627
0.083,-0.627
0.108,-0.627
0.109,-0.627
0.11,-0.627
0.111,-0.627
0.112,-0.627
0.113,-0.627
0.114,-0.627
0.115,-0.627
0.116,-0.627
0.117,-0.627
0.118,-0.627
0.119,-0.627
0.12,-0.627
0.121,-0.627
0.122,-0.627
0.123,-0.627
0.124,-0.627
0.125,-0.627
0.126,-0.627
0.127,-0.627
0.128,-0.627
0.129,-0.627
0.13,-0.627
0.131,-0.627
0.132,-0.627
0.133,-0.627
0.134,-0.627
0.135,-0.627
0.136,-0.627
0.137,-0.627
-0.551,-0.626
-0.55,-0.626
-0.491,-0.626
-0.386,-0.626
-0.385,-0.626
-0.382,-0.626
-0.375,-0.626
-0.374,-0.626
-0.373,-0.626
-0.372,-0.626
-0.371,-0.626
-0.37,-0.626
-0.369,-0.626
-0.368,-0.626
-0.367,-0.626
-0.366,-0.626
-0.365,-0.626
-0.364,-0.626
-0.363,-0.626
-0.362,-0.626
-0.361,-0.626
-0.36,-0.626
-0.359,-0.626
-0.358,-0.626
-0.357,-0.626
-0.356,-0.626
-0.355,-0.626
-0.354,-0.626
-0.353,-0.626
-0.352,-0.626
-0.351,-0.626
-0.35,-0.626
-0.349,-0.626
-0.348,-0.626
-0.347,-0.626
-0.346,-0.626
-0.345,-0.626
-0.342,-0.626
-0.341,-0.626
-0.34,-0.626
-0.339,-0.626
-0.328,-0.626
-0.325,-0.626
-0.324,-0.626
-0.322,-0.626
-0.321,-0.626
-0.32,-0.626
-0.319,-0.626
-0.312,-0.626
-0.31,-0.626
-0.309,-0.626
-0.308,-0.626
-0.301,-0.626
-0.299,-0.626
-0.298,-0.626
-0.297,-0.626
-0.296,-0.626
-0.295,-0.626
-0.294,-0.626
-0.293,-0.626
-0.292,-0.626
-0.291,-0.626
-0.29,-0.626
-0.289,-0.626
-0.288,-0.626
-0.287,-0.626
-0.286,-0.626
-0.285,-0.626
-0.284,-0.626
-0.283,-0.626
-0.282,-0.626
-0.281,-0.626
-0.28,-0.626
-0.279,-0.626
-0.278,-0.626
-0.277,-0.626
-0.276,-0.626
-0.275,-0.626
-0.274,-0.626
-0.273,-0.626
-0.272,-0.626
-0.271,-0.626
-0.27,-0.626
-0.269,-0.626
-0.268,-0.626
-0.267,-0.626
-0.266,-0.626
-0.265,-0.626
-0.264,-0.626
-0.263,-0.626
-0.262,-0.626
-0.261,-0.626
-0.26,-0.626
-0.259,-0.626
-0.258,-0.626
-0.257,-0.626
-0.256,-0.626
-0.255,-0.626
-0.254,-0.626
-0.253,-0.626
-0.252,-0.626
-0.251,-0.626
-0.25,-0.626
-0.249,-0.626
-0.248,-0.626
-0.247,-0.626
-0.246,-0.626
-0.245,-0.626
-0.244,-0.626
-0.243,-0.626
-0.242,-0.626
-0.241,-0.626
-0.24,-0.626
-0.239,-0.626
-0.238,-0.626
-0.237,-0.626
-0.236,-0.626
-0.235,-0.626
-0.234,-0.626
-0.233,-0.626
-0.232,-0.626
-0.231,-0.626
-0.23,-0.626
-0.229,-0.626
-0.228,-0.626
-0.227,-0.626
-0.226,-0.626
-0.225,-0.626
-0.224,-0.626
-0.223,-0.626
-0.222,-0.626
-0.221,-0.626
-0.22,-0.626
-0.219,-0.626
-0.218,-0.626
-0.217,-0.626
-0.216,-0.626
-0.215,-0.626
-0.214,-0.626
-0.213,-0.626
-0.212,-0.626
-0.211,-0.626
-0.21,-0.626
-0.209,-0.626
-0.208,-0.626
-0.207,-0.626
-0.206,-0.626
-0.205,-0.626
-0.204,-0.626
-0.203,-0.626
-0.202,-0.626
-0.201,-0.626
-0.2,-0.626
-0.199,-0.626
-0.198,-0.626
-0.197,-0.626
-0.196,-0.626
-0.195,-0.626
-0.194,-0.626
-0.193,-0.626
-0.192,-0.626
-0.191,-0.626
-0.19,-0.626
-0.189,-0.626
-0.188,-0.626
-0.187,-0.626
-0.186,-0.626
-0.185,-0.626
-0.184,-0.626
-0.183,-0.626
-0.182,-0.626
-0.181,-0.626
-0.18,-0.626
-0.179,-0.626
-0.178,-0.626
-0.177,-0.626
-0.176,-0.626
-0.175,-0.626
-0.174,-0.626
-0.173,-0.626
-0.172,-0.626
-0.171,-0.626
-0.17,-0.626
-0.169,-0.626
-0.168,-0.626
-0.167,-0.626
-0.166,-0.626
-0.165,-0.626
-0.164,-0.626
-0.163,-0.626
-0.162,-0.626
-0.161,-0.626
-0.16,-0.626
-0.159,-0.626
-0.158,-0.626
-0.157,-0.626
-0.156,-0.626
-0.155,-0.626
-0.154,-0.626
-0.153,-0.626
-0.152,-0.626
-0.151,-0.626
-0.15,-0.626
-0.149,-0.626
-0.148,-0.626
-0.147,-0.626
-0.146,-0.626
-0.145,-0.626
-0.144,-0.626
-0.143,-0.626
-0.142,-0.626
-0.141,-0.626
-0.14,-0.626
-0.139,-0.626
-0.138,-0.626
-0.137,-0.626
-0.136,-0.626
-0.135,-0.626
-0.134,-0.626
-0.133,-0.626
-0.132,-0.626
-0.131,-0.626
-0.13,-0.626
-0.129,-0.626
-0.128,-0.626
-0.127,-0.626
-0.126,-0.626
-0.125,-0.626
-0.124,-0.626
-0.123,-0.626
-0.122,-0.626
-0.121,-0.626
-0.12,-0.626
-0.119,-0.626
-0.118,-0.626
-0.117,-0.626
-0.116,-0.626
-0.115,-0.626
-0.114,-0.626
-0.113,-0.626
-0.112,-0.626
-0.111,-0.626
-0.11,-0.626
-0.109,-0.626
-0.108,-0.626
-0.107,-0.626
-0.106,-0.626
-0.105,-0.626
-0.104,-0.626
-0.103,-0.626
-0.102,-0.626
-0.101,-0.626
-0.1,-0.626
-0.099,-0.626
-0.098,-0.626
-0.097,-0.626
-0.096,-0.626
-0.095,-0.626
-0.094,-0.626
-0.093,-0.626
-0.092,-0.626
-0.091,-0.626
-0.09,-0.626
-0.089,-0.626
-0.088,-0.626
-0.087,-0.626
-0.086,-0.626
-0.085,-0.626
-0.084,-0.626
-0.083,-0.626
-0.082,-0.626
-0.081,-0.626
-0.08,-0.626
-0.079,-0.626
-0.078,-0.626
-0.077,-0.626
-0.076,-0.626
-0.075,-0.626
-0.074,-0.626
-0.073,-0.626
-0.072,-0.626
-0.071,-0.626
-0.07,-0.626
-0.069,-0.626
-0.068,-0.626
-0.067,-0.626
-0.066,-0.626
-0.065,-0.626
-0.064,-0.626
-0.063,-0.626
-0.062,-0.626
-0.061,-0.626
-0.06,-0.626
-0.059,-0.626
-0.058,-0.626
-0.057,-0.626
-0.056,-0.626
-0.055,-0.626
-0.054,-0.626
-0.053,-0.626
-0.052,-0.626
-0.051,-0.626
-0.05,-0.626
-0.049,-0.626
-0.048,-0.626
-0.047,-0.626
-0.046,-0.626
-0.045,-0.626
-0.044,-0.626
-0.043,-0.626
-0.042,-0.626
-0.041,-0.626
-0.04,-0.626
-0.039,-0.626
-0.038,-0.626
-0.037,-0.626
-0.036,-0.626
-0.035,-0.626
-0.034,-0.626
-0.033,-0.626
-0.032,-0.626
-0.031,-0.626
-0.03,-0.626
-0.029,-0.626
-0.028,-0.626
-0.027,-0.626
-0.026,-0.626
-0.025,-0.626
-0.024,-0.626
-0.023,-0.626
-0.022,-0.626
-0.021,-0.626
-0.02,-0.626
-0.019,-0.626
-0.018,-0.626
-0.017,-0.626
-0.016,-0.626
-0.015,-0.626
-0.014,-0.626
-0.013,-0.626
-0.012,-0.626
-0.011,-0.626
-0.01,-0.626
-0.009,-0.626
-0.008,-0.626
-0.007,-0.626
-0.006,-0.626
-0.005,-0.626
-0.004,-0.626
-0.003,-0.626
-0.002,-0.626
-0.001,-0.626
0.0,-0.626
0.001,-0.626
0.002,-0.626
0.003,-0.626
0.004,-0.626
0.005,-0.626
0.006,-0.626
0.007,-0.626
0.008,-0.626
0.009,-0.626
0.01,-0.626
0.011,-0.626
0.012,-0.626
0.013,-0.626
0.014,-0.626
0.015,-0.626
0.016,-0.626
0.017,-0.626
0.018,-0.626
0.019,-0.626
0.02,-0.626
0.021,-0.626
0.022,-0.626
0.023,-0.626
0.024,-0.626
0.025,-0.626
0.026,-0.626
0.027,-0.626
0.028,-0.626
0.029,-0.626
0.03,-0.626
0.031,-0.626
0.032,-0.626
0.033,-0.626
0.034,-0.626
0.035,-0.626
0.036,-0.626
0.037,-0.626
0.038,-0.626
0.039,-0.626
0.04,-0.626
0.041,-0.626
0.043,-0.626
0.044,-0.626
0.045,-0.626
0.046,-0.626
0.047,-0.626
0.048,-0.626
0.049,-0.626
0.05,-0.626
0.051,-0.626
0.052,-0.626
0.053,-0.626
0.054,-0.626
0.055,-0.626
0.056,-0.626
0.057,-0.626
0.058,-0.626
0.062,-0.626
0.073,-0.626
0.074,-0.626
0.076,-0.626
0.078,-0.626
0.08,-0.626
0.081,-0.626
0.082,-0.626
0.107,-0.626
0.108,-0.626
0.109,-0.626
0.11,-0.626
0.111,-0.626
0.112,-0.626
0.113,-0.626
0.114,-0.626
0.115,-0.626
0.116,-0.626
0.117,-0.626
0.118,-0.626
0.119,-0.626
0.12,-0.626
0.121,-0.626
0.122,-0.626
0.123,-0.626
0.124,-0.626
0.125,-0.626
0.126,-0.626
0.127,-0.626
0.128,-0.626
0.129,-0.626
0.13,-0.626
0.131,-0.626
0.132,-0.626
0.133,-0.626
0.134,-0.626
0.135,-0.626
0.144,-0.626
-0.483,-0.625
-0.383,-0.625
-0.378,-0.625
-0.375,-0.625
-0.373,-0.625
-0.372,-0.625
-0.371,-0.625
-0.37,-0.625
-0.369,-0.625
-0.368,-0.625
-0.367,-0.625
-0.366,-0.625
-0.365,-0.625
-0.364,-0.625
-0.363,-0.625
-0.362,-0.625
-0.361,-0.625
-0.36,-0.625
-0.359,-0.625
-0.358,-0.625
-0.357,-0.625
-0.356,-0.625
-0.355,-0.625
-0.354,-0.625
-0.353,-0.625
-0.352,-0.625
-0.351,-0.625
-0.35,-0.625
-0.349,-0.625
-0.348,-0.625
-0.347,-0.625
-0.346,-0.625
-0.345,-0.625
-0.344,-0.625
-0.343,-0.625
-0.337,-0.625
-0.326,-0.625
-0.325,-0.625
-0.321,-0.625
-0.32,-0.625
-0.319,-0.625
-0.318,-0.625
-0.317,-0.625
-0.316,-0.625
-0.311,-0.625
-0.31,-0.625
-0.309,-0.625
-0.308,-0.625
-0.307,-0.625
-0.305,-0.625
-0.304,-0.625
-0.303,-0.625
-0.297,-0.625
-0.296,-0.625
-0.295,-0.625
-0.294,-0.625
-0.293,-0.625
-0.292,-0.625
-0.291,-0.625
-0.29,-0.625
-0.289,-0.625
-0.288,-0.625
-0.287,-0.625
-0.286,-0.625
-0.285,-0.625
-0.284,-0.625
-0.283,-0.625
-0.282,-0.625
-0.281,-0.625
-0.28,-0.625
-0.279,-0.625
-0.278,-0.625
-0.277,-0.625
-0.276,-0.625
-0.275,-0.625
-0.274,-0.625
-0.273,-0.625
-0.272,-0.625
-0.271,-0.625
-0.27,-0.625
-0.269,-0.625
-0.268,-0.625
-0.267,-0.625
-0.266,-0.625
-0.265,-0.625
-0.264,-0.625
-0.263,-0.625
-0.262,-0.625
-0.261,-0.625
-0.26,-0.625
-0.259,-0.625
-0.258,-0.625
-0.257,-0.625
-0.256,-0.625
-0.255,-0.625
-0.254,-0.625
-0.253,-0.625
-0.252,-0.625
-0.251,-0.625
-0.25,-0.625
-0.249,-0.625
-0.248,-0.625
-0.247,-0.625
-0.246,-0.625
-0.245,-0.625
-0.244,-0.625
-0.243,-0.625
-0.242,-0.625
-0.241,-0.625
-0.24,-0.625
-0.239,-0.625
-0.238,-0.625
-0.237,-0.625
-0.236,-0.625
-0.235,-0.625
-0.234,-0.625
-0.233,-0.625
-0.232,-0.625
-0.231,-0.625
-0.23,-0.625
-0.229,-0.625
-0.228,-0.625
-0.227,-0.625
-0.226,-0.625
-0.225,-0.625
-0.224,-0.625
-0.223,-0.625
-0.222,-0.625
-0.221,-0.625
-0.22,-0.625
-0.219,-0.625
-0.218,-0.625
-0.217,-0.625
-0.216,-0.625
-0.215,-0.625
-0.214,-0.625
-0.213,-0.625
-0.212,-0.625
-0.211,-0.625
-0.21,-0.625
-0.209,-0.625
-0.208,-0.625
-0.207,-0.625
-0.206,-0.625
-0.205,-0.625
-0.204,-0.625
-0.203,-0.625
-0.202,-0.625
-0.201,-0.625
-0.2,-0.625
-0.199,-0.625
-0.198,-0.625
-0.197,-0.625
-0.196,-0.625
-0.195,-0.625
-0.194,-0.625
-0.193,-0.625
-0.192,-0.625
-0.191,-0.625
-0.19,-0.625
-0.189,-0.625
-0.188,-0.625
-0.187,-0.625
-0.186,-0.625
-0.185,-0.625
-0.184,-0.625
-0.183,-0.625
-0.182,-0.625
-0.181,-0.625
-0.18,-0.625
-0.179,-0.625
-0.178,-0.625
-0.177,-0.625
-0.176,-0.625
-0.175,-0.625
-0.174,-0.625
-0.173,-0.625
-0.172,-0.625
-0.171,-0.625
-0.17,-0.625
-0.169,-0.625
-0.168,-0.625
-0.167,-0.625
-0.166,-0.625
-0.165,-0.625
-0.164,-0.625
-0.163,-0.625
-0.162,-0.625
-0.161,-0.625
-0.16,-0.625
-0.159,-0.625
-0.158,-0.625
-0.157,-0.625
-0.156,-0.625
-0.155,-0.625
-0.154,-0.625
-0.153,-0.625
-0.152,-0.625
-0.151,-0.625
-0.15,-0.625
-0.149,-0.625
-0.148,-0.625
-0.147,-0.625
-0.146,-0.625
-0.145,-0.625
-0.144,-0.625
-0.143,-0.625
-0.142,-0.625
-0.141,-0.625
-0.14,-0.625
-0.139,-0.625
-0.138,-0.625
-0.137,-0.625
-0.136,-0.625
-0.135,-0.625
-0.134,-0.625
-0.133,-0.625
-0.132,-0.625
-0.131,-0.625
-0.13,-0.625
-0.129,-0.625
-0.128,-0.625
-0.127,-0.625
-0.126,-0.625
-0.125,-0.625
-0.124,-0.625
-0.123,-0.625
-0.122,-0.625
-0.121,-0.625
-0.12,-0.625
-0.119,-0.625
-0.118,-0.625
-0.117,-0.625
-0.116,-0.625
-0.115,-0.625
-0.114,-0.625
-0.113,-0.625
-0.112,-0.625
-0.111,-0.625
-0.11,-0.625
-0.109,-0.625
-0.108,-0.625
-0.107,-0.625
-0.106,-0.625
-0.105,-0.625
-0.104,-0.625
-0.103,-0.625
-0.102,-0.625
-0.101,-0.625
-0.1,-0.625
-0.099,-0.625
-0.098,-0.625
-0.097,-0.625
-0.096,-0.625
-0.095,-0.625
-0.094,-0.625
-0.093,-0.625
-0.092,-0.625
-0.091,-0.625
-0.09,-0.625
-0.089,-0.625
-0.088,-0.625
-0.087,-0.625
-0.086,-0.625
-0.085,-0.625
-0.084,-0.625
-0.083,-0.625
-0.082,-0.625
-0.081,-0.625
-0.08,-0.625
-0.079,-0.625
-0.078,-0.625
-0.077,-0.625
-0.076,-0.625
-0.075,-0.625
-0.074,-0.625
-0.073,-0.625
-0.072,-0.625
-0.071,-0.625
-0.07,-0.625
-0.069,-0.625
-0.068,-0.625
-0.067,-0.625
-0.066,-0.625
-0.065,-0.625
-0.064,-0.625
-0.063,-0.625
-0.062,-0.625
-0.061,-0.625
-0.06,-0.625
-0.059,-0.625
-0.058,-0.625
-0.057,-0.625
-0.056,-0.625
-0.055,-0.625
-0.054,-0.625
-0.053,-0.625
-0.052,-0.625
-0.051,-0.625
-0.05,-0.625
-0.049,-0.625
-0.048,-0.625
-0.047,-0.625
-0.046,-0.625
-0.045,-0.625
-0.044,-0.625
-0.043,-0.625
-0.042,-0.625
-0.041,-0.625
-0.04,-0.625
-0.039,-0.625
-0.038,-0.625
-0.037,-0.625
-0.036,-0.625
-0.035,-0.625
-0.034,-0.625
-0.033,-0.625
-0.032,-0.625
-0.031,-0.625
-0.03,-0.625
-0.029,-0.625
-0.028,-0.625
-0.027,-0.625
-0.026,-0.625
-0.025,-0.625
-0.024,-0.625
-0.023,-0.625
-0.022,-0.625
-0.021,-0.625
-0.02,-0.625
-0.019,-0.625
-0.018,-0.625
-0.017,-0.625
-0.016,-0.625
-0.015,-0.625
-0.014,-0.625
-0.013,-0.625
-0.012,-0.625
-0.011,-0.625
-0.01,-0.625
-0.009,-0.625
-0.008,-0.625
-0.007,-0.625
-0.006,-0.625
-0.005,-0.625
-0.004,-0.625
-0.003,-0.625
-0.002,-0.625
-0.001,-0.625
0.0,-0.625
0.001,-0.625
0.002,-0.625
0.003,-0.625
0.004,-0.625
0.005,-0.625
0.006,-0.625
0.007,-0.625
0.008,-0.625
0.009,-0.625
0.01,-0.625
0.011,-0.625
0.012,-0.625
0.013,-0.625
0.014,-0.625
0.015,-0.625
0.016,-0.625
0.017,-0.625
0.018,-0.625
0.019,-0.625
0.02,-0.625
0.021,-0.625
0.022,-0.625
0.023,-0.625
0.024,-0.625
0.025,-0.625
0.026,-0.625
0.027,-0.625
0.028,-0.625
0.029,-0.625
0.03,-0.625
0.031,-0.625
0.032,-0.625
0.033,-0.625
0.034,-0.625
0.035,-0.625
0.036,-0.625
0.037,-0.625
0.038,-0.625
0.039,-0.625
0.04,-0.625
0.041,-0.625
0.042,-0.625
0.043,-0.625
0.044,-0.625
0.045,-0.625
0.046,-0.625
0.047,-0.625
0.048,-0.625
0.049,-0.625
0.05,-0.625
0.051,-0.625
0.052,-0.625
0.053,-0.625
0.054,-0.625
0.055,-0.625
0.056,-0.625
0.057,-0.625
0.058,-0.625
0.059,-0.625
0.06,-0.625
0.08,-0.625
0.081,-0.625
0.082,-0.625
0.107,-0.625
0.108,-0.625
0.109,-0.625
0.11,-0.625
0.111,-0.625
0.112,-0.625
0.113,-0.625
0.114,-0.625
0.115,-0.625
0.116,-0.625
0.117,-0.625
0.118,-0.625
0.119,-0.625
0.12,-0.625
0.121,-0.625
0.122,-0.625
0.123,-0.625
0.124,-0.625
0.125,-0.625
0.126,-0.625
0.127,-0.625
0.128,-0.625
0.129,-0.625
0.13,-0.625
0.131,-0.625
0.132,-0.625
0.133,-0.625
-0.611,-0.624
-0.484,-0.624
-0.387,-0.624
-0.386,-0.624
-0.383,-0.624
-0.38,-0.624
-0.378,-0.624
-0.377,-0.624
-0.376,-0.624
-0.375,-0.624
-0.374,-0.624
-0.373,-0.624
-0.372,-0.624
-0.371,-0.624
-0.37,-0.624
-0.369,-0.624
-0.368,-0.624
-0.367,-0.624
-0.366,-0.624
-0.365,-0.624
-0.364,-0.624
-0.363,-0.624
-0.362,-0.624
-0.361,-0.624
-0.36,-0.624
-0.359,-0.624
-0.358,-0.624
-0.357,-0.624
-0.356,-0.624
-0.355,-0.624
-0.354,-0.624
-0.353,-0.624
-0.352,-0.624
-0.351,-0.624
-0.35,-0.624
-0.349,-0.624
-0.348,-0.624
-0.347,-0.624
-0.346,-0.624
-0.345,-0.624
-0.344,-0.624
-0.343,-0.624
-0.342,-0.624
-0.341,-0.624
-0.34,-0.624
-0.327,-0.624
-0.325,-0.624
-0.322,-0.624
-0.321,-0.624
-0.32,-0.624
-0.319,-0.624
-0.318,-0.624
-0.317,-0.624
-0.316,-0.624
-0.315,-0.624
-0.312,-0.624
-0.311,-0.624
-0.31,-0.624
-0.309,-0.624
-0.308,-0.624
-0.307,-0.624
-0.305,-0.624
-0.304,-0.624
-0.302,-0.624
-0.301,-0.624
-0.3,-0.624
-0.299,-0.624
-0.298,-0.624
-0.297,-0.624
-0.296,-0.624
-0.295,-0.624
-0.294,-0.624
-0.293,-0.624
-0.292,-0.624
-0.291,-0.624
-0.29,-0.624
-0.289,-0.624
-0.288,-0.624
-0.287,-0.624
-0.286,-0.624
-0.285,-0.624
-0.284,-0.624
-0.283,-0.624
-0.282,-0.624
-0.281,-0.624
-0.28,-0.624
-0.279,-0.624
-0.278,-0.624
-0.277,-0.624
-0.276,-0.624
-0.275,-0.624
-0.274,-0.624
-0.273,-0.624
-0.272,-0.624
-0.271,-0.624
-0.27,-0.624
-0.269,-0.624
-0.268,-0.624
-0.267,-0.624
-0.266,-0.624
-0.265,-0.624
-0.264,-0.624
-0.263,-0.624
-0.262,-0.624
-0.261,-0.624
-0.26,-0.624
-0.259,-0.624
-0.258,-0.624
-0.257,-0.624
-0.256,-0.624
-0.255,-0.624
-0.254,-0.624
-0.253,-0.624
-0.252,-0.624
-0.251,-0.624
-0.25,-0.624
-0.249,-0.624
-0.248,-0.624
-0.247,-0.624
-0.246,-0.624
-0.245,-0.624
-0.244,-0.624
-0.243,-0.624
-0.242,-0.624
-0.241,-0.624
-0.24,-0.624
-0.239,-0.624
-0.238,-0.624
-0.237,-0.624
-0.236,-0.624
-0.235,-0.624
-0.234,-0.624
-0.233,-0.624
-0.232,-0.624
-0.231,-0.624
-0.23,-0.624
-0.229,-0.624
-0.228,-0.624
-0.227,-0.624
-0.226,-0.624
-0.225,-0.624
-0.224,-0.624
-0.223,-0.624
-0.222,-0.624
-0.221,-0.624
-0.22,-0.624
-0.219,-0.624
-0.218,-0.624
-0.217,-0.624
-0.216,-0.624
-0.215,-0.624
-0.214,-0.624
-0.213,-0.624
-0.212,-0.624
-0.211,-0.624
-0.21,-0.624
-0.209,-0.624
-0.208,-0.624
-0.207,-0.624
-0.206,-0.624
-0.205,-0.624
-0.204,-0.624
-0.203,-0.624
-0.202,-0.624
-0.201,-0.624
-0.2,-0.624
-0.199,-0.624
-0.198,-0.624
-0.197,-0.624
-0.196,-0.624
-0.195,-0.624
-0.194,-0.624
-0.193,-0.624
-0.192,-0.624
-0.191,-0.624
-0.19,-0.624
-0.189,-0.624
-0.188,-0.624
-0.187,-0.624
-0.186,-0.624
-0.185,-0.624
-0.184,-0.624
-0.183,-0.624
-0.182,-0.624
-0.181,-0.624
-0.18,-0.624
-0.179,-0.624
-0.178,-0.624
-0.177,-0.624
-0.176,-0.624
-0.175,-0.624
-0.174,-0.624
-0.173,-0.624
-0.172,-0.624
-0.171,-0.624
-0.17,-0.624
-0.169,-0.624
-0.168,-0.624
-0.167,-0.624
-0.166,-0.624
-0.165,-0.624
-0.164,-0.624
-0.163,-0.624
-0.162,-0.624
-0.161,-0.624
-0.16,-0.624
-0.159,-0.624
-0.158,-0.624
-0.157,-0.624
-0.156,-0.624
-0.155,-0.624
-0.154,-0.624
-0.153,-0.624
-0.152,-0.624
-0.151,-0.624
-0.15,-0.624
-0.149,-0.624
-0.148,-0.624
-0.147,-0.624
-0.146,-0.624
-0.145,-0.624
-0.144,-0.624
-0.143,-0.624
-0.142,-0.624
-0.141,-0.624
-0.14,-0.624
-0.139,-0.624
-0.138,-0.624
-0.137,-0.624
-0.136,-0.624
-0.135,-0.624
-0.134,-0.624
-0.133,-0.624
-0.132,-0.624
-0.131,-0.624
-0.13,-0.624
-0.129,-0.624
-0.128,-0.624
-0.127,-0.624
-0.126,-0.624
-0.125,-0.624
-0.124,-0.624
-0.123,-0.624
-0.122,-0.624
-0.121,-0.624
-0.12,-0.624
-0.119,-0.624
-0.118,-0.624
-0.117,-0.624
-0.116,-0.624
-0.115,-0.624
-0.114,-0.624
-0.113,-0.624
-0.112,-0.624
-0.111,-0.624
-0.11,-0.624
-0.109,-0.624
-0.108,-0.624
-0.107,-0.624
-0.106,-0.624
-0.105,-0.624
-0.104,-0.624
-0.103,-0.624
-0.102,-0.624
-0.101,-0.624
-0.1,-0.624
-0.099,-0.624
-0.098,-0.624
-0.097,-0.624
-0.096,-0.624
-0.095,-0.624
-0.094,-0.624
-0.093,-0.624
-0.092,-0.624
-0.091,-0.624
-0.09,-0.624
-0.089,-0.624
-0.088,-0.624
-0.087,-0.624
-0.086,-0.624
-0.085,-0.624
-0.084,-0.624
-0.083,-0.624
-0.082,-0.624
-0.081,-0.624
-0.08,-0.624
-0.079,-0.624
-0.078,-0.624
-0.077,-0.624
-0.076,-0.624
-0.075,-0.624
-0.074,-0.624
-0.073,-0.624
-0.072,-0.624
-0.071,-0.624
-0.07,-0.624
-0.069,-0.624
-0.068,-0.624
-0.067,-0.624
-0.066,-0.624
-0.065,-0.624
-0.064,-0.624
-0.063,-0.624
-0.062,-0.624
-0.061,-0.624
-0.06,-0.624
-0.059,-0.624
-0.058,-0.624
-0.057,-0.624
-0.056,-0.624
-0.055,-0.624
-0.054,-0.624
-0.053,-0.624
-0.052,-0.624
-0.051,-0.624
-0.05,-0.624
-0.049,-0.624
-0.048,-0.624
-0.047,-0.624
-0.046,-0.624
-0.045,-0.624
-0.044,-0.624
-0.043,-0.624
-0.042,-0.624
-0.041,-0.624
-0.04,-0.624
-0.039,-0.624
-0.038,-0.624
-0.037,-0.624
-0.036,-0.624
-0.035,-0.624
-0.034,-0.624
-0.033,-0.624
-0.032,-0.624
-0.031,-0.624
-0.03,-0.624
-0.029,-0.624
-0.028,-0.624
-0.027,-0.624
-0.026,-0.624
-0.025,-0.624
-0.024,-0.624
-0.023,-0.624
-0.022,-0.624
-0.021,-0.624
-0.02,-0.624
-0.019,-0.624
-0.018,-0.624
-0.017,-0.624
-0.016,-0.624
-0.015,-0.624
-0.014,-0.624
-0.013,-0.624
-0.012,-0.624
-0.011,-0.624
-0.01,-0.624
-0.009,-0.624
-0.008,-0.624
-0.007,-0.624
-0.006,-0.624
-0.005,-0.624
-0.004,-0.624
-0.003,-0.624
-0.002,-0.624
-0.001,-0.624
0.0,-0.624
0.001,-0.624
0.002,-0.624
0.003,-0.624
0.004,-0.624
0.005,-0.624
0.006,-0.624
0.007,-0.624
0.008,-0.624
0.009,-0.624
0.01,-0.624
0.011,-0.624
0.012,-0.624
0.013,-0.624
0.014,-0.624
0.015,-0.624
0.016,-0.624
0.017,-0.624
0.018,-0.624
0.019,-0.624
0.02,-0.624
0.021,-0.624
0.022,-0.624
0.023,-0.624
0.024,-0.624
0.025,-0.624
0.026,-0.624
0.027,-0.624
0.028,-0.624
0.029,-0.624
0.03,-0.624
0.031,-0.624
0.032,-0.624
0.033,-0.624
0.034,-0.624
0.035,-0.624
0.036,-0.624
0.037,-0.624
0.038,-0.624
0.039,-0.624
0.04,-0.624
0.041,-0.624
0.042,-0.624
0.043,-0.624
0.044,-0.624
0.045,-0.624
0.046,-0.624
0.047,-0.624
0.048,-0.624
0.049,-0.624
0.05,-0.624
0.051,-0.624
0.052,-0.624
0.053,-0.624
0.054,-0.624
0.055,-0.624
0.056,-0.624
0.057,-0.624
0.067,-0.624
0.076,-0.624
0.078,-0.624
0.079,-0.624
0.08,-0.624
0.081,-0.624
0.082,-0.624
0.087,-0.624
0.088,-0.624
0.103,-0.624
0.11,-0.624
0.111,-0.624
0.112,-0.624
0.113,-0.624
0.114,-0.624
0.115,-0.624
0.116,-0.624
0.117,-0.624
0.118,-0.624
0.119,-0.624
0.12,-0.624
0.121,-0.624
0.122,-0.624
0.123,-0.624
0.124,-0.624
0.125,-0.624
0.126,-0.624
0.127,-0.624
0.128,-0.624
0.129,-0.624
0.13,-0.624
0.131,-0.624
0.132,-0.624
0.133,-0.624
-0.488,-0.623
-0.485,-0.623
-0.481,-0.623
-0.47,-0.623
-0.462,-0.623
-0.387,-0.623
-0.385,-0.623
-0.38,-0.623
-0.378,-0.623
-0.377,-0.623
-0.375,-0.623
-0.374,-0.623
-0.373,-0.623
-0.372,-0.623
-0.371,-0.623
-0.37,-0.623
-0.369,-0.623
-0.368,-0.623
-0.367,-0.623
-0.366,-0.623
-0.365,-0.623
-0.364,-0.623
-0.363,-0.623
-0.362,-0.623
-0.361,-0.623
-0.36,-0.623
-0.359,-0.623
-0.358,-0.623
-0.357,-0.623
-0.356,-0.623
-0.355,-0.623
-0.354,-0.623
-0.353,-0.623
-0.352,-0.623
-0.351,-0.623
-0.35,-0.623
-0.349,-0.623
-0.348,-0.623
-0.347,-0.623
-0.346,-0.623
-0.345,-0.623
-0.344,-0.623
-0.343,-0.623
-0.342,-0.623
-0.338,-0.623
-0.322,-0.623
-0.321,-0.623
-0.32,-0.623
-0.319,-0.623
-0.318,-0.623
-0.316,-0.623
-0.315,-0.623
-0.313,-0.623
-0.312,-0.623
-0.311,-0.623
-0.31,-0.623
-0.309,-0.623
-0.308,-0.623
-0.307,-0.623
-0.306,-0.623
-0.305,-0.623
-0.304,-0.623
-0.302,-0.623
-0.301,-0.623
-0.3,-0.623
-0.299,-0.623
-0.298,-0.623
-0.297,-0.623
-0.296,-0.623
-0.295,-0.623
-0.294,-0.623
-0.293,-0.623
-0.292,-0.623
-0.291,-0.623
-0.29,-0.623
-0.289,-0.623
-0.288,-0.623
-0.287,-0.623
-0.286,-0.623
-0.285,-0.623
-0.284,-0.623
-0.283,-0.623
-0.282,-0.623
-0.281,-0.623
-0.28,-0.623
-0.279,-0.623
-0.278,-0.623
-0.277,-0.623
-0.276,-0.623
-0.275,-0.623
-0.274,-0.623
-0.273,-0.623
-0.272,-0.623
-0.271,-0.623
-0.27,-0.623
-0.269,-0.623
-0.268,-0.623
-0.267,-0.623
-0.266,-0.623
-0.265,-0.623
-0.264,-0.623
-0.263,-0.623
-0.262,-0.623
-0.261,-0.623
-0.26,-0.623
-0.259,-0.623
-0.258,-0.623
-0.257,-0.623
-0.256,-0.623
-0.255,-0.623
-0.254,-0.623
-0.253,-0.623
-0.252,-0.623
-0.251,-0.623
-0.25,-0.623
-0.249,-0.623
-0.248,-0.623
-0.247,-0.623
-0.246,-0.623
-0.245,-0.623
-0.244,-0.623
-0.243,-0.623
-0.242,-0.623
-0.241,-0.623
-0.24,-0.623
-0.239,-0.623
-0.238,-0.623
-0.237,-0.623
-0.236,-0.623
-0.235,-0.623
-0.234,-0.623
-0.233,-0.623
-0.232,-0.623
-0.231,-0.623
-0.23,-0.623
-0.229,-0.623
-0.228,-0.623
-0.227,-0.623
-0.226,-0.623
-0.225,-0.623
-0.224,-0.623
-0.223,-0.623
-0.222,-0.623
-0.221,-0.623
-0.22,-0.623
-0.219,-0.623
-0.218,-0.623
-0.217,-0.623
-0.216,-0.623
-0.215,-0.623
-0.214,-0.623
-0.213,-0.623
-0.212,-0.623
-0.211,-0.623
-0.21,-0.623
-0.209,-0.623
-0.208,-0.623
-0.207,-0.623
-0.206,-0.623
-0.205,-0.623
-0.204,-0.623
-0.203,-0.623
-0.202,-0.623
-0.201,-0.623
-0.2,-0.623
-0.199,-0.623
-0.198,-0.623
-0.197,-0.623
-0.196,-0.623
-0.195,-0.623
-0.194,-0.623
-0.193,-0.623
-0.192,-0.623
-0.191,-0.623
-0.19,-0.623
-0.189,-0.623
-0.188,-0.623
-0.187,-0.623
-0.186,-0.623
-0.185,-0.623
-0.184,-0.623
-0.183,-0.623
-0.182,-0.623
-0.181,-0.623
-0.18,-0.623
-0.179,-0.623
-0.178,-0.623
-0.177,-0.623
-0.176,-0.623
-0.175,-0.623
-0.174,-0.623
-0.173,-0.623
-0.172,-0.623
-0.171,-0.623
-0.17,-0.623
-0.169,-0.623
-0.168,-0.623
-0.167,-0.623
-0.166,-0.623
-0.165,-0.623
-0.164,-0.623
-0.163,-0.623
-0.162,-0.623
-0.161,-0.623
-0.16,-0.623
-0.159,-0.623
-0.158,-0.623
-0.157,-0.623
-0.156,-0.623
-0.155,-0.623
-0.154,-0.623
-0.153,-0.623
-0.152,-0.623
-0.151,-0.623
-0.15,-0.623
-0.149,-0.623
-0.148,-0.623
-0.147,-0.623
-0.146,-0.623
-0.145,-0.623
-0.144,-0.623
-0.143,-0.623
-0.142,-0.623
-0.141,-0.623
-0.14,-0.623
-0.139,-0.623
-0.138,-0.623
-0.137,-0.623
-0.136,-0.623
-0.135,-0.623
-0.134,-0.623
-0.133,-0.623
-0.132,-0.623
-0.131,-0.623
-0.13,-0.623
-0.129,-0.623
-0.128,-0.623
-0.127,-0.623
-0.126,-0.623
-0.125,-0.623
-0.124,-0.623
-0.123,-0.623
-0.122,-0.623
-0.121,-0.623
-0.12,-0.623
-0.119,-0.623
-0.118,-0.623
-0.117,-0.623
-0.116,-0.623
-0.115,-0.623
-0.114,-0.623
-0.113,-0.623
-0.112,-0.623
-0.111,-0.623
-0.11,-0.623
-0.109,-0.623
-0.108,-0.623
-0.107,-0.623
-0.106,-0.623
-0.105,-0.623
-0.104,-0.623
-0.103,-0.623
-0.102,-0.623
-0.101,-0.623
-0.1,-0.623
-0.099,-0.623
-0.098,-0.623
-0.097,-0.623
-0.096,-0.623
-0.095,-0.623
-0.094,-0.623
-0.093,-0.623
-0.092,-0.623
-0.091,-0.623
-0.09,-0.623
-0.089,-0.623
-0.088,-0.623
-0.087,-0.623
-0.086,-0.623
-0.085,-0.623
-0.084,-0.623
-0.083,-0.623
-0.082,-0.623
-0.081,-0.623
-0.08,-0.623
-0.079,-0.623
-0.078,-0.623
-0.077,-0.623
-0.076,-0.623
-0.075,-0.623
-0.074,-0.623
-0.073,-0.623
-0.072,-0.623
-0.071,-0.623
-0.07,-0.623
-0.069,-0.623
-0.068,-0.623
-0.067,-0.623
-0.066,-0.623
-0.065,-0.623
-0.064,-0.623
-0.063,-0.623
-0.062,-0.623
-0.061,-0.623
-0.06,-0.623
-0.059,-0.623
-0.058,-0.623
-0.057,-0.623
-0.056,-0.623
-0.055,-0.623
-0.054,-0.623
-0.053,-0.623
-0.052,-0.623
-0.051,-0.623
-0.05,-0.623
-0.049,-0.623
-0.048,-0.623
-0.047,-0.623
-0.046,-0.623
-0.045,-0.623
-0.044,-0.623
-0.043,-0.623
-0.042,-0.623
-0.041,-0.623
-0.04,-0.623
-0.039,-0.623
-0.038,-0.623
-0.037,-0.623
-0.036,-0.623
-0.035,-0.623
-0.034,-0.623
-0.033,-0.623
-0.032,-0.623
-0.031,-0.623
-0.03,-0.623
-0.029,-0.623
-0.028,-0.623
-0.027,-0.623
-0.026,-0.623
-0.025,-0.623
-0.024,-0.623
-0.023,-0.623
-0.022,-0.623
-0.021,-0.623
-0.02,-0.623
-0.019,-0.623
-0.018,-0.623
-0.017,-0.623
-0.016,-0.623
-0.015,-0.623
-0.014,-0.623
-0.013,-0.623
-0.012,-0.623
-0.011,-0.623
-0.01,-0.623
-0.009,-0.623
-0.008,-0.623
-0.007,-0.623
-0.006,-0.623
-0.005,-0.623
-0.004,-0.623
-0.003,-0.623
-0.002,-0.623
-0.001,-0.623
0.0,-0.623
0.001,-0.623
0.002,-0.623
0.003,-0.623
0.004,-0.623
0.005,-0.623
0.006,-0.623
0.007,-0.623
0.008,-0.623
0.009,-0.623
0.01,-0.623
0.011,-0.623
0.012,-0.623
0.013,-0.623
0.014,-0.623
0.015,-0.623
0.016,-0.623
0.017,-0.623
0.018,-0.623
0.019,-0.623
0.02,-0.623
0.021,-0.623
0.022,-0.623
0.023,-0.623
0.024,-0.623
0.025,-0.623
0.026,-0.623
0.027,-0.623
0.028,-0.623
0.029,-0.623
0.03,-0.623
0.031,-0.623
0.032,-0.623
0.033,-0.623
0.034,-0.623
0.035,-0.623
0.036,-0.623
0.037,-0.623
0.038,-0.623
0.039,-0.623
0.04,-0.623
0.041,-0.623
0.042,-0.623
0.043,-0.623
0.044,-0.623
0.045,-0.623
0.046,-0.623
0.047,-0.623
0.048,-0.623
0.049,-0.623
0.05,-0.623
0.051,-0.623
0.052,-0.623
0.053,-0.623
0.054,-0.623
0.055,-0.623
0.056,-0.623
0.057,-0.623
0.058,-0.623
0.059,-0.623
0.067,-0.623
0.068,-0.623
0.073,-0.623
0.075,-0.623
0.08,-0.623
0.082,-0.623
0.086,-0.623
0.087,-0.623
0.088,-0.623
0.099,-0.623
0.1,-0.623
0.101,-0.623
0.108,-0.623
0.109,-0.623
0.11,-0.623
0.111,-0.623
0.112,-0.623
0.113,-0.623
0.114,-0.623
0.115,-0.623
0.116,-0.623
0.117,-0.623
0.118,-0.623
0.119,-0.623
0.12,-0.623
0.121,-0.623
0.122,-0.623
0.123,-0.623
0.124,-0.623
0.125,-0.623
0.126,-0.623
0.127,-0.623
0.128,-0.623
0.129,-0.623
0.13,-0.623
0.131,-0.623
0.132,-0.623
0.133,-0.623
0.134,-0.623
0.137,-0.623
0.14,-0.623
-0.593,-0.622
-0.592,-0.622
-0.537,-0.622
-0.526,-0.622
-0.489,-0.622
-0.47,-0.622
-0.393,-0.622
-0.388,-0.622
-0.386,-0.622
-0.385,-0.622
-0.381,-0.622
-0.379,-0.622
-0.378,-0.622
-0.377,-0.622
-0.376,-0.622
-0.375,-0.622
-0.374,-0.622
-0.373,-0.622
-0.372,-0.622
-0.371,-0.622
-0.37,-0.622
-0.369,-0.622
-0.368,-0.622
-0.367,-0.622
-0.366,-0.622
-0.365,-0.622
-0.364,-0.622
-0.363,-0.622
-0.362,-0.622
-0.361,-0.622
-0.36,-0.622
-0.359,-0.622
-0.358,-0.622
-0.357,-0.622
-0.356,-0.622
-0.355,-0.622
-0.354,-0.622
-0.353,-0.622
-0.352,-0.622
-0.351,-0.622
-0.35,-0.622
-0.349,-0.622
-0.348,-0.622
-0.347,-0.622
-0.346,-0.622
-0.345,-0.622
-0.344,-0.622
-0.343,-0.622
-0.342,-0.622
-0.323,-0.622
-0.322,-0.622
-0.321,-0.622
-0.32,-0.622
-0.319,-0.622
-0.318,-0.622
-0.317,-0.622
-0.316,-0.622
-0.315,-0.622
-0.314,-0.622
-0.311,-0.622
-0.31,-0.622
-0.309,-0.622
-0.308,-0.622
-0.307,-0.622
-0.306,-0.622
-0.305,-0.622
-0.304,-0.622
-0.303,-0.622
-0.302,-0.622
-0.301,-0.622
-0.3,-0.622
-0.299,-0.622
-0.298,-0.622
-0.297,-0.622
-0.296,-0.622
-0.295,-0.622
-0.294,-0.622
-0.293,-0.622
-0.292,-0.622
-0.291,-0.622
-0.29,-0.622
-0.289,-0.622
-0.288,-0.622
-0.287,-0.622
-0.286,-0.622
-0.285,-0.622
-0.284,-0.622
-0.283,-0.622
-0.282,-0.622
-0.281,-0.622
-0.28,-0.622
-0.279,-0.622
-0.278,-0.622
-0.277,-0.622
-0.276,-0.622
-0.275,-0.622
-0.274,-0.622
-0.273,-0.622
-0.272,-0.622
-0.271,-0.622
-0.27,-0.622
-0.269,-0.622
-0.268,-0.622
-0.267,-0.622
-0.266,-0.622
-0.265,-0.622
-0.264,-0.622
-0.263,-0.622
-0.262,-0.622
-0.261,-0.622
-0.26,-0.622
-0.259,-0.622
-0.258,-0.622
-0.257,-0.622
-0.256,-0.622
-0.255,-0.622
-0.254,-0.622
-0.253,-0.622
-0.252,-0.622
-0.251,-0.622
-0.25,-0.622
-0.249,-0.622
-0.248,-0.622
-0.247,-0.622
-0.246,-0.622
-0.245,-0.622
-0.244,-0.622
-0.243,-0.622
-0.242,-0.622
-0.241,-0.622
-0.24,-0.622
-0.239,-0.622
-0.238,-0.622
-0.237,-0.622
-0.236,-0.622
-0.235,-0.622
-0.234,-0.622
-0.233,-0.622
-0.232,-0.622
-0.231,-0.622
-0.23,-0.622
-0.229,-0.622
-0.228,-0.622
-0.227,-0.622
-0.226,-0.622
-0.225,-0.622
-0.224,-0.622
-0.223,-0.622
-0.222,-0.622
-0.221,-0.622
-0.22,-0.622
-0.219,-0.622
-0.218,-0.622
-0.217,-0.622
-0.216,-0.622
-0.215,-0.622
-0.214,-0.622
-0.213,-0.622
-0.212,-0.622
-0.211,-0.622
-0.21,-0.622
-0.209,-0.622
-0.208,-0.622
-0.207,-0.622
-0.206,-0.622
-0.205,-0.622
-0.204,-0.622
-0.203,-0.622
-0.202,-0.622
-0.201,-0.622
-0.2,-0.622
-0.199,-0.622
-0.198,-0.622
-0.197,-0.622
-0.196,-0.622
-0.195,-0.622
-0.194,-0.622
-0.193,-0.622
-0.192,-0.622
-0.191,-0.622
-0.19,-0.622
-0.189,-0.622
-0.188,-0.622
-0.187,-0.622
-0.186,-0.622
-0.185,-0.622
-0.184,-0.622
-0.183,-0.622
-0.182,-0.622
-0.181,-0.622
-0.18,-0.622
-0.179,-0.622
-0.178,-0.622
-0.177,-0.622
-0.176,-0.622
-0.175,-0.622
-0.174,-0.622
-0.173,-0.622
-0.172,-0.622
-0.171,-0.622
-0.17,-0.622
-0.169,-0.622
-0.168,-0.622
-0.167,-0.622
-0.166,-0.622
-0.165,-0.622
-0.164,-0.622
-0.163,-0.622
-0.162,-0.622
-0.161,-0.622
-0.16,-0.622
-0.159,-0.622
-0.158,-0.622
-0.157,-0.622
-0.156,-0.622
-0.155,-0.622
-0.154,-0.622
-0.153,-0.622
-0.152,-0.622
-0.151,-0.622
-0.15,-0.622
-0.149,-0.622
-0.148,-0.622
-0.147,-0.622
-0.146,-0.622
-0.145,-0.622
-0.144,-0.622
-0.143,-0.622
-0.142,-0.622
-0.141,-0.622
-0.14,-0.622
-0.139,-0.622
-0.138,-0.622
-0.137,-0.622
-0.136,-0.622
-0.135,-0.622
-0.134,-0.622
-0.133,-0.622
-0.132,-0.622
-0.131,-0.622
-0.13,-0.622
-0.129,-0.622
-0.128,-0.622
-0.127,-0.622
-0.126,-0.622
-0.125,-0.622
-0.124,-0.622
-0.123,-0.622
-0.122,-0.622
-0.121,-0.622
-0.12,-0.622
-0.119,-0.622
-0.118,-0.622
-0.117,-0.622
-0.116,-0.622
-0.115,-0.622
-0.114,-0.622
-0.113,-0.622
-0.112,-0.622
-0.111,-0.622
-0.11,-0.622
-0.109,-0.622
-0.108,-0.622
-0.107,-0.622
-0.106,-0.622
-0.105,-0.622
-0.104,-0.622
-0.103,-0.622
-0.102,-0.622
-0.101,-0.622
-0.1,-0.622
-0.099,-0.622
-0.098,-0.622
-0.097,-0.622
-0.096,-0.622
-0.095,-0.622
-0.094,-0.622
-0.093,-0.622
-0.092,-0.622
-0.091,-0.622
-0.09,-0.622
-0.089,-0.622
-0.088,-0.622
-0.087,-0.622
-0.086,-0.622
-0.085,-0.622
-0.084,-0.622
-0.083,-0.622
-0.082,-0.622
-0.081,-0.622
-0.08,-0.622
-0.079,-0.622
-0.078,-0.622
-0.077,-0.622
-0.076,-0.622
-0.075,-0.622
-0.074,-0.622
-0.073,-0.622
-0.072,-0.622
-0.071,-0.622
-0.07,-0.622
-0.069,-0.622
-0.068,-0.622
-0.067,-0.622
-0.066,-0.622
-0.065,-0.622
-0.064,-0.622
-0.063,-0.622
-0.062,-0.622
-0.061,-0.622
-0.06,-0.622
-0.059,-0.622
-0.058,-0.622
-0.057,-0.622
-0.056,-0.622
-0.055,-0.622
-0.054,-0.622
-0.053,-0.622
-0.052,-0.622
-0.051,-0.622
-0.05,-0.622
-0.049,-0.622
-0.048,-0.622
-0.047,-0.622
-0.046,-0.622
-0.045,-0.622
-0.044,-0.622
-0.043,-0.622
-0.042,-0.622
-0.041,-0.622
-0.04,-0.622
-0.039,-0.622
-0.038,-0.622
-0.037,-0.622
-0.036,-0.622
-0.035,-0.622
-0.034,-0.622
-0.033,-0.622
-0.032,-0.622
-0.031,-0.622
-0.03,-0.622
-0.029,-0.622
-0.028,-0.622
-0.027,-0.622
-0.026,-0.622
-0.025,-0.622
-0.024,-0.622
-0.023,-0.622
-0.022,-0.622
-0.021,-0.622
-0.02,-0.622
-0.019,-0.622
-0.018,-0.622
-0.017,-0.622
-0.016,-0.622
-0.015,-0.622
-0.014,-0.622
-0.013,-0.622
-0.012,-0.622
-0.011,-0.622
-0.01,-0.622
-0.009,-0.622
-0.008,-0.622
-0.007,-0.622
-0.006,-0.622
-0.005,-0.622
-0.004,-0.622
-0.003,-0.622
-0.002,-0.622
-0.001,-0.622
0.0,-0.622
0.001,-0.622
0.002,-0.622
0.003,-0.622
0.004,-0.622
0.005,-0.622
0.006,-0.622
0.007,-0.622
0.008,-0.622
0.009,-0.622
0.01,-0.622
0.011,-0.622
0.012,-0.622
0.013,-0.622
0.014,-0.622
0.015,-0.622
0.016,-0.622
0.017,-0.622
0.018,-0.622
0.019,-0.622
0.02,-0.622
0.021,-0.622
0.022,-0.622
0.023,-0.622
0.024,-0.622
0.025,-0.622
0.026,-0.622
0.027,-0.622
0.028,-0.622
0.029,-0.622
0.03,-0.622
0.031,-0.622
0.032,-0.622
0.033,-0.622
0.034,-0.622
0.035,-0.622
0.036,-0.622
0.037,-0.622
0.038,-0.622
0.039,-0.622
0.04,-0.622
0.041,-0.622
0.042,-0.622
0.043,-0.622
0.044,-0.622
0.045,-0.622
0.046,-0.622
0.047,-0.622
0.048,-0.622
0.049,-0.622
0.05,-0.622
0.051,-0.622
0.052,-0.622
0.053,-0.622
0.054,-0.622
0.064,-0.622
0.065,-0.622
0.066,-0.622
0.067,-0.622
0.068,-0.622
0.07,-0.622
0.077,-0.622
0.079,-0.622
0.08,-0.622
0.082,-0.622
0.087,-0.622
0.088,-0.622
0.1,-0.622
0.101,-0.622
0.102,-0.622
0.106,-0.622
0.107,-0.622
0.108,-0.622
0.109,-0.622
0.11,-0.622
0.111,-0.622
0.112,-0.622
0.113,-0.622
0.114,-0.622
0.115,-0.622
0.116,-0.622
0.117,-0.622
0.118,-0.622
0.119,-0.622
0.12,-0.622
0.121,-0.622
0.122,-0.622
0.123,-0.622
0.124,-0.622
0.125,-0.622
0.126,-0.622
0.127,-0.622
0.128,-0.622
0.129,-0.622
0.13,-0.622
0.131,-0.622
0.132,-0.622
0.133,-0.622
0.134,-0.622
0.135,-0.622
0.136,-0.622
0.14,-0.622
-0.594,-0.621
-0.593,-0.621
-0.592,-0.621
-0.591,-0.621
-0.388,-0.621
-0.387,-0.621
-0.386,-0.621
-0.384,-0.621
-0.382,-0.621
-0.38,-0.621
-0.378,-0.621
-0.377,-0.621
-0.376,-0.621
-0.375,-0.621
-0.374,-0.621
-0.373,-0.621
-0.372,-0.621
-0.371,-0.621
-0.37,-0.621
-0.369,-0.621
-0.368,-0.621
-0.367,-0.621
-0.366,-0.621
-0.365,-0.621
-0.364,-0.621
-0.363,-0.621
-0.362,-0.621
-0.361,-0.621
-0.36,-0.621
-0.359,-0.621
-0.358,-0.621
-0.357,-0.621
-0.356,-0.621
-0.355,-0.621
-0.354,-0.621
-0.353,-0.621
-0.352,-0.621
-0.351,-0.621
-0.35,-0.621
-0.349,-0.621
-0.348,-0.621
-0.347,-0.621
-0.346,-0.621
-0.345,-0.621
-0.344,-0.621
-0.343,-0.621
-0.341,-0.621
-0.333,-0.621
-0.331,-0.621
-0.324,-0.621
-0.323,-0.621
-0.322,-0.621
-0.321,-0.621
-0.32,-0.621
-0.319,-0.621
-0.318,-0.621
-0.317,-0.621
-0.316,-0.621
-0.315,-0.621
-0.313,-0.621
-0.312,-0.621
-0.311,-0.621
-0.31,-0.621
-0.309,-0.621
-0.308,-0.621
-0.307,-0.621
-0.306,-0.621
-0.305,-0.621
-0.304,-0.621
-0.303,-0.621
-0.302,-0.621
-0.301,-0.621
-0.3,-0.621
-0.299,-0.621
-0.298,-0.621
-0.297,-0.621
-0.296,-0.621
-0.295,-0.621
-0.294,-0.621
-0.293,-0.621
-0.292,-0.621
-0.291,-0.621
-0.29,-0.621
-0.289,-0.621
-0.288,-0.621
-0.287,-0.621
-0.286,-0.621
-0.285,-0.621
-0.284,-0.621
-0.283,-0.621
-0.282,-0.621
-0.281,-0.621
-0.28,-0.621
-0.279,-0.621
-0.278,-0.621
-0.277,-0.621
-0.276,-0.621
-0.275,-0.621
-0.274,-0.621
-0.273,-0.621
-0.272,-0.621
-0.271,-0.621
-0.27,-0.621
-0.269,-0.621
-0.268,-0.621
-0.267,-0.621
-0.266,-0.621
-0.265,-0.621
-0.264,-0.621
-0.263,-0.621
-0.262,-0.621
-0.261,-0.621
-0.26,-0.621
-0.259,-0.621
-0.258,-0.621
-0.257,-0.621
-0.256,-0.621
-0.255,-0.621
-0.254,-0.621
-0.253,-0.621
-0.252,-0.621
-0.251,-0.621
-0.25,-0.621
-0.249,-0.621
-0.248,-0.621
-0.247,-0.621
-0.246,-0.621
-0.245,-0.621
-0.244,-0.621
-0.243,-0.621
-0.242,-0.621
-0.241,-0.621
-0.24,-0.621
-0.239,-0.621
-0.238,-0.621
-0.237,-0.621
-0.236,-0.621
-0.235,-0.621
-0.234,-0.621
-0.233,-0.621
-0.232,-0.621
-0.231,-0.621
-0.23,-0.621
-0.229,-0.621
-0.228,-0.621
-0.227,-0.621
-0.226,-0.621
-0.225,-0.621
-0.224,-0.621
-0.223,-0.621
-0.222,-0.621
-0.221,-0.621
-0.22,-0.621
-0.219,-0.621
-0.218,-0.621
-0.217,-0.621
-0.216,-0.621
-0.215,-0.621
-0.214,-0.621
-0.213,-0.621
-0.212,-0.621
-0.211,-0.621
-0.21,-0.621
-0.209,-0.621
-0.208,-0.621
-0.207,-0.621
-0.206,-0.621
-0.205,-0.621
-0.204,-0.621
-0.203,-0.621
-0.202,-0.621
-0.201,-0.621
-0.2,-0.621
-0.199,-0.621
-0.198,-0.621
-0.197,-0.621
-0.196,-0.621
-0.195,-0.621
-0.194,-0.621
-0.193,-0.621
-0.192,-0.621
-0.191,-0.621
-0.19,-0.621
-0.189,-0.621
-0.188,-0.621
-0.187,-0.621
-0.186,-0.621
-0.185,-0.621
-0.184,-0.621
-0.183,-0.621
-0.182,-0.621
-0.181,-0.621
-0.18,-0.621
-0.179,-0.621
-0.178,-0.621
-0.177,-0.621
-0.176,-0.621
-0.175,-0.621
-0.174,-0.621
-0.173,-0.621
-0.172,-0.621
-0.171,-0.621
-0.17,-0.621
-0.169,-0.621
-0.168,-0.621
-0.167,-0.621
-0.166,-0.621
-0.165,-0.621
-0.164,-0.621
-0.163,-0.621
-0.162,-0.621
-0.161,-0.621
-0.16,-0.621
-0.159,-0.621
-0.158,-0.621
-0.157,-0.621
-0.156,-0.621
-0.155,-0.621
-0.154,-0.621
-0.153,-0.621
-0.152,-0.621
-0.151,-0.621
-0.15,-0.621
-0.149,-0.621
-0.148,-0.621
-0.147,-0.621
-0.146,-0.621
-0.145,-0.621
-0.144,-0.621
-0.143,-0.621
-0.142,-0.621
-0.141,-0.621
-0.14,-0.621
-0.139,-0.621
-0.138,-0.621
-0.137,-0.621
-0.136,-0.621
-0.135,-0.621
-0.134,-0.621
-0.133,-0.621
-0.132,-0.621
-0.131,-0.621
-0.13,-0.621
-0.129,-0.621
-0.128,-0.621
-0.127,-0.621
-0.126,-0.621
-0.125,-0.621
-0.124,-0.621
-0.123,-0.621
-0.122,-0.621
-0.121,-0.621
-0.12,-0.621
-0.119,-0.621
-0.118,-0.621
-0.117,-0.621
-0.116,-0.621
-0.115,-0.621
-0.114,-0.621
-0.113,-0.621
-0.112,-0.621
-0.111,-0.621
-0.11,-0.621
-0.109,-0.621
-0.108,-0.621
-0.107,-0.621
-0.106,-0.621
-0.105,-0.621
-0.104,-0.621
-0.103,-0.621
-0.102,-0.621
-0.101,-0.621
-0.1,-0.621
-0.099,-0.621
-0.098,-0.621
-0.097,-0.621
-0.096,-0.621
-0.095,-0.621
-0.094,-0.621
-0.093,-0.621
-0.092,-0.621
-0.091,-0.621
-0.09,-0.621
-0.089,-0.621
-0.088,-0.621
-0.087,-0.621
-0.086,-0.621
-0.085,-0.621
-0.084,-0.621
-0.083,-0.621
-0.082,-0.621
-0.081,-0.621
-0.08,-0.621
-0.079,-0.621
-0.078,-0.621
-0.077,-0.621
-0.076,-0.621
-0.075,-0.621
-0.074,-0.621
-0.073,-0.621
-0.072,-0.621
-0.071,-0.621
-0.07,-0.621
-0.069,-0.621
-0.068,-0.621
-0.067,-0.621
-0.066,-0.621
-0.065,-0.621
-0.064,-0.621
-0.063,-0.621
-0.062,-0.621
-0.061,-0.621
-0.06,-0.621
-0.059,-0.621
-0.058,-0.621
-0.057,-0.621
-0.056,-0.621
-0.055,-0.621
-0.054,-0.621
-0.053,-0.621
-0.052,-0.621
-0.051,-0.621
-0.05,-0.621
-0.049,-0.621
-0.048,-0.621
-0.047,-0.621
-0.046,-0.621
-0.045,-0.621
-0.044,-0.621
-0.043,-0.621
-0.042,-0.621
-0.041,-0.621
-0.04,-0.621
-0.039,-0.621
-0.038,-0.621
-0.037,-0.621
-0.036,-0.621
-0.035,-0.621
-0.034,-0.621
-0.033,-0.621
-0.032,-0.621
-0.031,-0.621
-0.03,-0.621
-0.029,-0.621
-0.028,-0.621
-0.027,-0.621
-0.026,-0.621
-0.025,-0.621
-0.024,-0.621
-0.023,-0.621
-0.022,-0.621
-0.021,-0.621
-0.02,-0.621
-0.019,-0.621
-0.018,-0.621
-0.017,-0.621
-0.016,-0.621
-0.015,-0.621
-0.014,-0.621
-0.013,-0.621
-0.012,-0.621
-0.011,-0.621
-0.01,-0.621
-0.009,-0.621
-0.008,-0.621
-0.007,-0.621
-0.006,-0.621
-0.005,-0.621
-0.004,-0.621
-0.003,-0.621
-0.002,-0.621
-0.001,-0.621
0.0,-0.621
0.001,-0.621
0.002,-0.621
0.003,-0.621
0.004,-0.621
0.005,-0.621
0.006,-0.621
0.007,-0.621
0.008,-0.621
0.009,-0.621
0.01,-0.621
0.011,-0.621
0.012,-0.621
0.013,-0.621
0.014,-0.621
0.015,-0.621
0.016,-0.621
0.017,-0.621
0.018,-0.621
0.019,-0.621
0.02,-0.621
0.021,-0.621
0.022,-0.621
0.023,-0.621
0.024,-0.621
0.025,-0.621
0.026,-0.621
0.027,-0.621
0.028,-0.621
0.029,-0.621
0.03,-0.621
0.031,-0.621
0.032,-0.621
0.033,-0.621
0.034,-0.621
0.035,-0.621
0.036,-0.621
0.037,-0.621
0.038,-0.621
0.039,-0.621
0.04,-0.621
0.041,-0.621
0.042,-0.621
0.043,-0.621
0.044,-0.621
0.045,-0.621
0.046,-0.621
0.047,-0.621
0.048,-0.621
0.049,-0.621
0.05,-0.621
0.051,-0.621
0.052,-0.621
0.053,-0.621
0.054,-0.621
0.055,-0.621
0.056,-0.621
0.057,-0.621
0.058,-0.621
0.059,-0.621
0.06,-0.621
0.061,-0.621
0.062,-0.621
0.063,-0.621
0.065,-0.621
0.066,-0.621
0.067,-0.621
0.068,-0.621
0.074,-0.621
0.075,-0.621
0.077,-0.621
0.078,-0.621
0.079,-0.621
0.08,-0.621
0.081,-0.621
0.084,-0.621
0.104,-0.621
0.105,-0.621
0.107,-0.621
0.108,-0.621
0.109,-0.621
0.11,-0.621
0.111,-0.621
0.112,-0.621
0.113,-0.621
0.114,-0.621
0.115,-0.621
0.116,-0.621
0.117,-0.621
0.118,-0.621
0.119,-0.621
0.12,-0.621
0.121,-0.621
0.122,-0.621
0.123,-0.621
0.124,-0.621
0.125,-0.621
0.126,-0.621
0.127,-0.621
0.128,-0.621
0.129,-0.621
0.13,-0.621
0.131,-0.621
0.132,-0.621
0.133,-0.621
0.134,-0.621
0.135,-0.621
0.136,-0.621
0.137,-0.621
0.141,-0.621
0.147,-0.621
0.151,-0.621
-0.593,-0.62
-0.592,-0.62
-0.546,-0.62
-0.529,-0.62
-0.527,-0.62
-0.526,-0.62
-0.525,-0.62
-0.481,-0.62
-0.389,-0.62
-0.388,-0.62
-0.382,-0.62
-0.381,-0.62
-0.379,-0.62
-0.378,-0.62
-0.377,-0.62
-0.376,-0.62
-0.375,-0.62
-0.374,-0.62
-0.373,-0.62
-0.372,-0.62
-0.371,-0.62
-0.37,-0.62
-0.369,-0.62
-0.368,-0.62
-0.367,-0.62
-0.366,-0.62
-0.365,-0.62
-0.364,-0.62
-0.363,-0.62
-0.362,-0.62
-0.361,-0.62
-0.36,-0.62
-0.359,-0.62
-0.358,-0.62
-0.357,-0.62
-0.356,-0.62
-0.355,-0.62
-0.354,-0.62
-0.353,-0.62
-0.352,-0.62
-0.351,-0.62
-0.35,-0.62
-0.349,-0.62
-0.348,-0.62
-0.347,-0.62
-0.346,-0.62
-0.345,-0.62
-0.344,-0.62
-0.341,-0.62
-0.34,-0.62
-0.339,-0.62
-0.333,-0.62
-0.332,-0.62
-0.331,-0.62
-0.33,-0.62
-0.327,-0.62
-0.324,-0.62
-0.323,-0.62
-0.322,-0.62
-0.321,-0.62
-0.32,-0.62
-0.319,-0.62
-0.318,-0.62
-0.317,-0.62
-0.316,-0.62
-0.315,-0.62
-0.313,-0.62
-0.312,-0.62
-0.311,-0.62
-0.31,-0.62
-0.309,-0.62
-0.308,-0.62
-0.307,-0.62
-0.306,-0.62
-0.305,-0.62
-0.304,-0.62
-0.303,-0.62
-0.302,-0.62
-0.301,-0.62
-0.3,-0.62
-0.299,-0.62
-0.298,-0.62
-0.297,-0.62
-0.296,-0.62
-0.295,-0.62
-0.294,-0.62
-0.293,-0.62
-0.292,-0.62
-0.291,-0.62
-0.29,-0.62
-0.289,-0.62
-0.288,-0.62
-0.287,-0.62
-0.286,-0.62
-0.285,-0.62
-0.284,-0.62
-0.283,-0.62
-0.282,-0.62
-0.281,-0.62
-0.28,-0.62
-0.279,-0.62
-0.278,-0.62
-0.277,-0.62
-0.276,-0.62
-0.275,-0.62
-0.274,-0.62
-0.273,-0.62
-0.272,-0.62
-0.271,-0.62
-0.27,-0.62
-0.269,-0.62
-0.268,-0.62
-0.267,-0.62
-0.266,-0.62
-0.265,-0.62
-0.264,-0.62
-0.263,-0.62
-0.262,-0.62
-0.261,-0.62
-0.26,-0.62
-0.259,-0.62
-0.258,-0.62
-0.257,-0.62
-0.256,-0.62
-0.255,-0.62
-0.254,-0.62
-0.253,-0.62
-0.252,-0.62
-0.251,-0.62
-0.25,-0.62
-0.249,-0.62
-0.248,-0.62
-0.247,-0.62
-0.246,-0.62
-0.245,-0.62
-0.244,-0.62
-0.243,-0.62
-0.242,-0.62
-0.241,-0.62
-0.24,-0.62
-0.239,-0.62
-0.238,-0.62
-0.237,-0.62
-0.236,-0.62
-0.235,-0.62
-0.234,-0.62
-0.233,-0.62
-0.232,-0.62
-0.231,-0.62
-0.23,-0.62
-0.229,-0.62
-0.228,-0.62
-0.227,-0.62
-0.226,-0.62
-0.225,-0.62
-0.224,-0.62
-0.223,-0.62
-0.222,-0.62
-0.221,-0.62
-0.22,-0.62
-0.219,-0.62
-0.218,-0.62
-0.217,-0.62
-0.216,-0.62
-0.215,-0.62
-0.214,-0.62
-0.213,-0.62
-0.212,-0.62
-0.211,-0.62
-0.21,-0.62
-0.209,-0.62
-0.208,-0.62
-0.207,-0.62
-0.206,-0.62
-0.205,-0.62
-0.204,-0.62
-0.203,-0.62
-0.202,-0.62
-0.201,-0.62
-0.2,-0.62
-0.199,-0.62
-0.198,-0.62
-0.197,-0.62
-0.196,-0.62
-0.195,-0.62
-0.194,-0.62
-0.193,-0.62
-0.192,-0.62
-0.191,-0.62
-0.19,-0.62
-0.189,-0.62
-0.188,-0.62
-0.187,-0.62
-0.186,-0.62
-0.185,-0.62
-0.184,-0.62
-0.183,-0.62
-0.182,-0.62
-0.181,-0.62
-0.18,-0.62
-0.179,-0.62
-0.178,-0.62
-0.177,-0.62
-0.176,-0.62
-0.175,-0.62
-0.174,-0.62
-0.173,-0.62
-0.172,-0.62
-0.171,-0.62
-0.17,-0.62
-0.169,-0.62
-0.168,-0.62
-0.167,-0.62
-0.166,-0.62
-0.165,-0.62
-0.164,-0.62
-0.163,-0.62
-0.162,-0.62
-0.161,-0.62
-0.16,-0.62
-0.159,-0.62
-0.158,-0.62
-0.157,-0.62
-0.156,-0.62
-0.155,-0.62
-0.154,-0.62
-0.153,-0.62
-0.152,-0.62
-0.151,-0.62
-0.15,-0.62
-0.149,-0.62
-0.148,-0.62
-0.147,-0.62
-0.146,-0.62
-0.145,-0.62
-0.144,-0.62
-0.143,-0.62
-0.142,-0.62
-0.141,-0.62
-0.14,-0.62
-0.139,-0.62
-0.138,-0.62
-0.137,-0.62
-0.136,-0.62
-0.135,-0.62
-0.134,-0.62
-0.133,-0.62
-0.132,-0.62
-0.131,-0.62
-0.13,-0.62
-0.129,-0.62
-0.128,-0.62
-0.127,-0.62
-0.126,-0.62
-0.125,-0.62
-0.124,-0.62
-0.123,-0.62
-0.122,-0.62
-0.121,-0.62
-0.12,-0.62
-0.119,-0.62
-0.118,-0.62
-0.117,-0.62
-0.116,-0.62
-0.115,-0.62
-0.114,-0.62
-0.113,-0.62
-0.112,-0.62
-0.111,-0.62
-0.11,-0.62
-0.109,-0.62
-0.108,-0.62
-0.107,-0.62
-0.106,-0.62
-0.105,-0.62
-0.104,-0.62
-0.103,-0.62
-0.102,-0.62
-0.101,-0.62
-0.1,-0.62
-0.099,-0.62
-0.098,-0.62
-0.097,-0.62
-0.096,-0.62
-0.095,-0.62
-0.094,-0.62
-0.093,-0.62
-0.092,-0.62
-0.091,-0.62
-0.09,-0.62
-0.089,-0.62
-0.088,-0.62
-0.087,-0.62
-0.086,-0.62
-0.085,-0.62
-0.084,-0.62
-0.083,-0.62
-0.082,-0.62
-0.081,-0.62
-0.08,-0.62
-0.079,-0.62
-0.078,-0.62
-0.077,-0.62
-0.076,-0.62
-0.075,-0.62
-0.074,-0.62
-0.073,-0.62
-0.072,-0.62
-0.071,-0.62
-0.07,-0.62
-0.069,-0.62
-0.068,-0.62
-0.067,-0.62
-0.066,-0.62
-0.065,-0.62
-0.064,-0.62
-0.063,-0.62
-0.062,-0.62
-0.061,-0.62
-0.06,-0.62
-0.059,-0.62
-0.058,-0.62
-0.057,-0.62
-0.056,-0.62
-0.055,-0.62
-0.054,-0.62
-0.053,-0.62
-0.052,-0.62
-0.051,-0.62
-0.05,-0.62
-0.049,-0.62
-0.048,-0.62
-0.047,-0.62
-0.046,-0.62
-0.045,-0.62
-0.044,-0.62
-0.043,-0.62
-0.042,-0.62
-0.041,-0.62
-0.04,-0.62
-0.039,-0.62
-0.038,-0.62
-0.037,-0.62
-0.036,-0.62
-0.035,-0.62
-0.034,-0.62
-0.033,-0.62
-0.032,-0.62
-0.031,-0.62
-0.03,-0.62
-0.029,-0.62
-0.028,-0.62
-0.027,-0.62
-0.026,-0.62
-0.025,-0.62
-0.024,-0.62
-0.023,-0.62
-0.022,-0.62
-0.021,-0.62
-0.02,-0.62
-0.019,-0.62
-0.018,-0.62
-0.017,-0.62
-0.016,-0.62
-0.015,-0.62
-0.014,-0.62
-0.013,-0.62
-0.012,-0.62
-0.011,-0.62
-0.01,-0.62
-0.009,-0.62
-0.008,-0.62
-0.007,-0.62
-0.006,-0.62
-0.005,-0.62
-0.004,-0.62
-0.003,-0.62
-0.002,-0.62
-0.001,-0.62
0.0,-0.62
0.001,-0.62
0.002,-0.62
0.003,-0.62
0.004,-0.62
0.005,-0.62
0.006,-0.62
0.007,-0.62
0.008,-0.62
0.009,-0.62
0.01,-0.62
0.011,-0.62
0.012,-0.62
0.013,-0.62
0.014,-0.62
0.015,-0.62
0.016,-0.62
0.017,-0.62
0.018,-0.62
0.019,-0.62
0.02,-0.62
0.021,-0.62
0.022,-0.62
0.023,-0.62
0.024,-0.62
0.025,-0.62
0.026,-0.62
0.027,-0.62
0.028,-0.62
0.029,-0.62
0.03,-0.62
0.031,-0.62
0.032,-0.62
0.033,-0.62
0.034,-0.62
0.035,-0.62
0.036,-0.62
0.037,-0.62
0.038,-0.62
0.039,-0.62
0.04,-0.62
0.041,-0.62
0.042,-0.62
0.043,-0.62
0.044,-0.62
0.045,-0.62
0.046,-0.62
0.047,-0.62
0.048,-0.62
0.049,-0.62
0.05,-0.62
0.051,-0.62
0.052,-0.62
0.053,-0.62
0.054,-0.62
0.055,-0.62
0.056,-0.62
0.057,-0.62
0.058,-0.62
0.059,-0.62
0.061,-0.62
0.062,-0.62
0.063,-0.62
0.066,-0.62
0.067,-0.62
0.068,-0.62
0.069,-0.62
0.07,-0.62
0.073,-0.62
0.074,-0.62
0.075,-0.62
0.077,-0.62
0.078,-0.62
0.079,-0.62
0.08,-0.62
0.081,-0.62
0.083,-0.62
0.084,-0.62
0.085,-0.62
0.102,-0.62
0.103,-0.62
0.104,-0.62
0.106,-0.62
0.107,-0.62
0.108,-0.62
0.109,-0.62
0.11,-0.62
0.111,-0.62
0.112,-0.62
0.113,-0.62
0.114,-0.62
0.115,-0.62
0.116,-0.62
0.117,-0.62
0.118,-0.62
0.119,-0.62
0.12,-0.62
0.121,-0.62
0.122,-0.62
0.123,-0.62
0.124,-0.62
0.125,-0.62
0.126,-0.62
0.127,-0.62
0.128,-0.62
0.129,-0.62
0.13,-0.62
0.131,-0.62
0.132,-0.62
0.133,-0.62
0.134,-0.62
0.135,-0.62
0.136,-0.62
0.139,-0.62
0.14,-0.62
0.141,-0.62
0.15,-0.62
-0.593,-0.619
-0.592,-0.619
-0.55,-0.619
-0.543,-0.619
-0.537,-0.619
-0.527,-0.619
-0.482,-0.619
-0.381,-0.619
-0.38,-0.619
-0.379,-0.619
-0.378,-0.619
-0.377,-0.619
-0.376,-0.619
-0.375,-0.619
-0.374,-0.619
-0.373,-0.619
-0.372,-0.619
-0.371,-0.619
-0.37,-0.619
-0.369,-0.619
-0.368,-0.619
-0.367,-0.619
-0.366,-0.619
-0.365,-0.619
-0.364,-0.619
-0.363,-0.619
-0.362,-0.619
-0.361,-0.619
-0.36,-0.619
-0.359,-0.619
-0.358,-0.619
-0.357,-0.619
-0.356,-0.619
-0.355,-0.619
-0.354,-0.619
-0.353,-0.619
-0.352,-0.619
-0.351,-0.619
-0.35,-0.619
-0.349,-0.619
-0.348,-0.619
-0.347,-0.619
-0.346,-0.619
-0.345,-0.619
-0.344,-0.619
-0.343,-0.619
-0.341,-0.619
-0.34,-0.619
-0.334,-0.619
-0.332,-0.619
-0.331,-0.619
-0.33,-0.619
-0.329,-0.619
-0.328,-0.619
-0.327,-0.619
-0.324,-0.619
-0.323,-0.619
-0.322,-0.619
-0.321,-0.619
-0.32,-0.619
-0.319,-0.619
-0.318,-0.619
-0.317,-0.619
-0.316,-0.619
-0.314,-0.619
-0.313,-0.619
-0.312,-0.619
-0.311,-0.619
-0.31,-0.619
-0.309,-0.619
-0.308,-0.619
-0.307,-0.619
-0.306,-0.619
-0.305,-0.619
-0.304,-0.619
-0.303,-0.619
-0.302,-0.619
-0.301,-0.619
-0.3,-0.619
-0.299,-0.619
-0.298,-0.619
-0.297,-0.619
-0.296,-0.619
-0.295,-0.619
-0.294,-0.619
-0.293,-0.619
-0.292,-0.619
-0.291,-0.619
-0.29,-0.619
-0.289,-0.619
-0.288,-0.619
-0.287,-0.619
-0.286,-0.619
-0.285,-0.619
-0.284,-0.619
-0.283,-0.619
-0.282,-0.619
-0.281,-0.619
-0.28,-0.619
-0.279,-0.619
-0.278,-0.619
-0.277,-0.619
-0.276,-0.619
-0.275,-0.619
-0.274,-0.619
-0.273,-0.619
-0.272,-0.619
-0.271,-0.619
-0.27,-0.619
-0.269,-0.619
-0.268,-0.619
-0.267,-0.619
-0.266,-0.619
-0.265,-0.619
-0.264,-0.619
-0.263,-0.619
-0.262,-0.619
-0.261,-0.619
-0.26,-0.619
-0.259,-0.619
-0.258,-0.619
-0.257,-0.619
-0.256,-0.619
-0.255,-0.619
-0.254,-0.619
-0.253,-0.619
-0.252,-0.619
-0.251,-0.619
-0.25,-0.619
-0.249,-0.619
-0.248,-0.619
-0.247,-0.619
-0.246,-0.619
-0.245,-0.619
-0.244,-0.619
-0.243,-0.619
-0.242,-0.619
-0.241,-0.619
-0.24,-0.619
-0.239,-0.619
-0.238,-0.619
-0.237,-0.619
-0.236,-0.619
-0.235,-0.619
-0.234,-0.619
-0.233,-0.619
-0.232,-0.619
-0.231,-0.619
-0.23,-0.619
-0.229,-0.619
-0.228,-0.619
-0.227,-0.619
-0.226,-0.619
-0.225,-0.619
-0.224,-0.619
-0.223,-0.619
-0.222,-0.619
-0.221,-0.619
-0.22,-0.619
-0.219,-0.619
-0.218,-0.619
-0.217,-0.619
-0.216,-0.619
-0.215,-0.619
-0.214,-0.619
-0.213,-0.619
-0.212,-0.619
-0.211,-0.619
-0.21,-0.619
-0.209,-0.619
-0.208,-0.619
-0.207,-0.619
-0.206,-0.619
-0.205,-0.619
-0.204,-0.619
-0.203,-0.619
-0.202,-0.619
-0.201,-0.619
-0.2,-0.619
-0.199,-0.619
-0.198,-0.619
-0.197,-0.619
-0.196,-0.619
-0.195,-0.619
-0.194,-0.619
-0.193,-0.619
-0.192,-0.619
-0.191,-0.619
-0.19,-0.619
-0.189,-0.619
-0.188,-0.619
-0.187,-0.619
-0.186,-0.619
-0.185,-0.619
-0.184,-0.619
-0.183,-0.619
-0.182,-0.619
-0.181,-0.619
-0.18,-0.619
-0.179,-0.619
-0.178,-0.619
-0.177,-0.619
-0.176,-0.619
-0.175,-0.619
-0.174,-0.619
-0.173,-0.619
-0.172,-0.619
-0.171,-0.619
-0.17,-0.619
-0.169,-0.619
-0.168,-0.619
-0.167,-0.619
-0.166,-0.619
-0.165,-0.619
-0.164,-0.619
-0.163,-0.619
-0.162,-0.619
-0.161,-0.619
-0.16,-0.619
-0.159,-0.619
-0.158,-0.619
-0.157,-0.619
-0.156,-0.619
-0.155,-0.619
-0.154,-0.619
-0.153,-0.619
-0.152,-0.619
-0.151,-0.619
-0.15,-0.619
-0.149,-0.619
-0.148,-0.619
-0.147,-0.619
-0.146,-0.619
-0.145,-0.619
-0.144,-0.619
-0.143,-0.619
-0.142,-0.619
-0.141,-0.619
-0.14,-0.619
-0.139,-0.619
-0.138,-0.619
-0.137,-0.619
-0.136,-0.619
-0.135,-0.619
-0.134,-0.619
-0.133,-0.619
-0.132,-0.619
-0.131,-0.619
-0.13,-0.619
-0.129,-0.619
-0.128,-0.619
-0.127,-0.619
-0.126,-0.619
-0.125,-0.619
-0.124,-0.619
-0.123,-0.619
-0.122,-0.619
-0.121,-0.619
-0.12,-0.619
-0.119,-0.619
-0.118,-0.619
-0.117,-0.619
-0.116,-0.619
-0.115,-0.619
-0.114,-0.619
-0.113,-0.619
-0.112,-0.619
-0.111,-0.619
-0.11,-0.619
-0.109,-0.619
-0.108,-0.619
-0.107,-0.619
-0.106,-0.619
-0.105,-0.619
-0.104,-0.619
-0.103,-0.619
-0.102,-0.619
-0.101,-0.619
-0.1,-0.619
-0.099,-0.619
-0.098,-0.619
-0.097,-0.619
-0.096,-0.619
-0.095,-0.619
-0.094,-0.619
-0.093,-0.619
-0.092,-0.619
-0.091,-0.619
-0.09,-0.619
-0.089,-0.619
-0.088,-0.619
-0.087,-0.619
-0.086,-0.619
-0.085,-0.619
-0.084,-0.619
-0.083,-0.619
-0.082,-0.619
-0.081,-0.619
-0.08,-0.619
-0.079,-0.619
-0.078,-0.619
-0.077,-0.619
-0.076,-0.619
-0.075,-0.619
-0.074,-0.619
-0.073,-0.619
-0.072,-0.619
-0.071,-0.619
-0.07,-0.619
-0.069,-0.619
-0.068,-0.619
-0.067,-0.619
-0.066,-0.619
-0.065,-0.619
-0.064,-0.619
-0.063,-0.619
-0.062,-0.619
-0.061,-0.619
-0.06,-0.619
-0.059,-0.619
-0.058,-0.619
-0.057,-0.619
-0.056,-0.619
-0.055,-0.619
-0.054,-0.619
-0.053,-0.619
-0.052,-0.619
-0.051,-0.619
-0.05,-0.619
-0.049,-0.619
-0.048,-0.619
-0.047,-0.619
-0.046,-0.619
-0.045,-0.619
-0.044,-0.619
-0.043,-0.619
-0.042,-0.619
-0.041,-0.619
-0.04,-0.619
-0.039,-0.619
-0.038,-0.619
-0.037,-0.619
-0.036,-0.619
-0.035,-0.619
-0.034,-0.619
-0.033,-0.619
-0.032,-0.619
-0.031,-0.619
-0.03,-0.619
-0.029,-0.619
-0.028,-0.619
-0.027,-0.619
-0.026,-0.619
-0.025,-0.619
-0.024,-0.619
-0.023,-0.619
-0.022,-0.619
-0.021,-0.619
-0.02,-0.619
-0.019,-0.619
-0.018,-0.619
-0.017,-0.619
-0.016,-0.619
-0.015,-0.619
-0.014,-0.619
-0.013,-0.619
-0.012,-0.619
-0.011,-0.619
-0.01,-0.619
-0.009,-0.619
-0.008,-0.619
-0.007,-0.619
-0.006,-0.619
-0.005,-0.619
-0.004,-0.619
-0.003,-0.619
-0.002,-0.619
-0.001,-0.619
0.0,-0.619
0.001,-0.619
0.002,-0.619
0.003,-0.619
0.004,-0.619
0.005,-0.619
0.006,-0.619
0.007,-0.619
0.008,-0.619
0.009,-0.619
0.01,-0.619
0.011,-0.619
0.012,-0.619
0.013,-0.619
0.014,-0.619
0.015,-0.619
0.016,-0.619
0.017,-0.619
0.018,-0.619
0.019,-0.619
0.02,-0.619
0.021,-0.619
0.022,-0.619
0.023,-0.619
0.024,-0.619
0.025,-0.619
0.026,-0.619
0.027,-0.619
0.028,-0.619
0.029,-0.619
0.03,-0.619
0.031,-0.619
0.032,-0.619
0.033,-0.619
0.034,-0.619
0.035,-0.619
0.036,-0.619
0.037,-0.619
0.038,-0.619
0.039,-0.619
0.04,-0.619
0.041,-0.619
0.042,-0.619
0.043,-0.619
0.044,-0.619
0.045,-0.619
0.046,-0.619
0.047,-0.619
0.048,-0.619
0.049,-0.619
0.05,-0.619
0.051,-0.619
0.052,-0.619
0.053,-0.619
0.054,-0.619
0.055,-0.619
0.056,-0.619
0.057,-0.619
0.058,-0.619
0.059,-0.619
0.06,-0.619
0.061,-0.619
0.062,-0.619
0.064,-0.619
0.065,-0.619
0.066,-0.619
0.067,-0.619
0.07,-0.619
0.072,-0.619
0.073,-0.619
0.074,-0.619
0.075,-0.619
0.076,-0.619
0.077,-0.619
0.078,-0.619
0.079,-0.619
0.08,-0.619
0.081,-0.619
0.086,-0.619
0.102,-0.619
0.103,-0.619
0.104,-0.619
0.105,-0.619
0.106,-0.619
0.107,-0.619
0.108,-0.619
0.109,-0.619
0.11,-0.619
0.111,-0.619
0.112,-0.619
0.113,-0.619
0.114,-0.619
0.115,-0.619
0.116,-0.619
0.117,-0.619
0.118,-0.619
0.119,-0.619
0.12,-0.619
0.121,-0.619
0.122,-0.619
0.123,-0.619
0.124,-0.619
0.125,-0.619
0.126,-0.619
0.127,-0.619
0.128,-0.619
0.129,-0.619
0.13,-0.619
0.131,-0.619
0.132,-0.619
0.133,-0.619
0.134,-0.619
0.135,-0.619
0.136,-0.619
0.137,-0.619
0.138,-0.619
0.139,-0.619
0.147,-0.619
0.148,-0.619
-0.544,-0.618
-0.528,-0.618
-0.387,-0.618
-0.383,-0.618
-0.381,-0.618
-0.378,-0.618
-0.377,-0.618
-0.376,-0.618
-0.375,-0.618
-0.374,-0.618
-0.373,-0.618
-0.372,-0.618
-0.371,-0.618
-0.37,-0.618
-0.369,-0.618
-0.368,-0.618
-0.367,-0.618
-0.366,-0.618
-0.365,-0.618
-0.364,-0.618
-0.363,-0.618
-0.362,-0.618
-0.361,-0.618
-0.36,-0.618
-0.359,-0.618
-0.358,-0.618
-0.357,-0.618
-0.356,-0.618
-0.355,-0.618
-0.354,-0.618
-0.353,-0.618
-0.352,-0.618
-0.351,-0.618
-0.35,-0.618
-0.349,-0.618
-0.348,-0.618
-0.347,-0.618
-0.346,-0.618
-0.345,-0.618
-0.344,-0.618
-0.343,-0.618
-0.342,-0.618
-0.341,-0.618
-0.34,-0.618
-0.333,-0.618
-0.332,-0.618
-0.331,-0.618
-0.33,-0.618
-0.323,-0.618
-0.322,-0.618
-0.321,-0.618
-0.32,-0.618
-0.319,-0.618
-0.318,-0.618
-0.317,-0.618
-0.316,-0.618
-0.315,-0.618
-0.314,-0.618
-0.313,-0.618
-0.312,-0.618
-0.311,-0.618
-0.31,-0.618
-0.309,-0.618
-0.308,-0.618
-0.307,-0.618
-0.306,-0.618
-0.305,-0.618
-0.304,-0.618
-0.303,-0.618
-0.302,-0.618
-0.301,-0.618
-0.3,-0.618
-0.299,-0.618
-0.298,-0.618
-0.297,-0.618
-0.296,-0.618
-0.295,-0.618
-0.294,-0.618
-0.293,-0.618
-0.292,-0.618
-0.291,-0.618
-0.29,-0.618
-0.289,-0.618
-0.288,-0.618
-0.287,-0.618
-0.286,-0.618
-0.285,-0.618
-0.284,-0.618
-0.283,-0.618
-0.282,-0.618
-0.281,-0.618
-0.28,-0.618
-0.279,-0.618
-0.278,-0.618
-0.277,-0.618
-0.276,-0.618
-0.275,-0.618
-0.274,-0.618
-0.273,-0.618
-0.272,-0.618
-0.271,-0.618
-0.27,-0.618
-0.269,-0.618
-0.268,-0.618
-0.267,-0.618
-0.266,-0.618
-0.265,-0.618
-0.264,-0.618
-0.263,-0.618
-0.262,-0.618
-0.261,-0.618
-0.26,-0.618
-0.259,-0.618
-0.258,-0.618
-0.257,-0.618
-0.256,-0.618
-0.255,-0.618
-0.254,-0.618
-0.253,-0.618
-0.252,-0.618
-0.251,-0.618
-0.25,-0.618
-0.249,-0.618
-0.248,-0.618
-0.247,-0.618
-0.246,-0.618
-0.245,-0.618
-0.244,-0.618
-0.243,-0.618
-0.242,-0.618
-0.241,-0.618
-0.24,-0.618
-0.239,-0.618
-0.238,-0.618
-0.237,-0.618
-0.236,-0.618
-0.235,-0.618
-0.234,-0.618
-0.233,-0.618
-0.232,-0.618
-0.231,-0.618
-0.23,-0.618
-0.229,-0.618
-0.228,-0.618
-0.227,-0.618
-0.226,-0.618
-0.225,-0.618
-0.224,-0.618
-0.223,-0.618
-0.222,-0.618
-0.221,-0.618
-0.22,-0.618
-0.219,-0.618
-0.218,-0.618
-0.217,-0.618
-0.216,-0.618
-0.215,-0.618
-0.214,-0.618
-0.213,-0.618
-0.212,-0.618
-0.211,-0.618
-0.21,-0.618
-0.209,-0.618
-0.208,-0.618
-0.207,-0.618
-0.206,-0.618
-0.205,-0.618
-0.204,-0.618
-0.203,-0.618
-0.202,-0.618
-0.201,-0.618
-0.2,-0.618
-0.199,-0.618
-0.198,-0.618
-0.197,-0.618
-0.196,-0.618
-0.195,-0.618
-0.194,-0.618
-0.193,-0.618
-0.192,-0.618
-0.191,-0.618
-0.19,-0.618
-0.189,-0.618
-0.188,-0.618
-0.187,-0.618
-0.186,-0.618
-0.185,-0.618
-0.184,-0.618
-0.183,-0.618
-0.182,-0.618
-0.181,-0.618
-0.18,-0.618
-0.179,-0.618
-0.178,-0.618
-0.177,-0.618
-0.176,-0.618
-0.175,-0.618
-0.174,-0.618
-0.173,-0.618
-0.172,-0.618
-0.171,-0.618
-0.17,-0.618
-0.169,-0.618
-0.168,-0.618
-0.167,-0.618
-0.166,-0.618
-0.165,-0.618
-0.164,-0.618
-0.163,-0.618
-0.162,-0.618
-0.161,-0.618
-0.16,-0.618
-0.159,-0.618
-0.158,-0.618
-0.157,-0.618
-0.156,-0.618
-0.155,-0.618
-0.154,-0.618
-0.153,-0.618
-0.152,-0.618
-0.151,-0.618
-0.15,-0.618
-0.149,-0.618
-0.148,-0.618
-0.147,-0.618
-0.146,-0.618
-0.145,-0.618
-0.144,-0.618
-0.143,-0.618
-0.142,-0.618
-0.141,-0.618
-0.14,-0.618
-0.139,-0.618
-0.138,-0.618
-0.137,-0.618
-0.136,-0.618
-0.135,-0.618
-0.134,-0.618
-0.133,-0.618
-0.132,-0.618
-0.131,-0.618
-0.13,-0.618
-0.129,-0.618
-0.128,-0.618
-0.127,-0.618
-0.126,-0.618
-0.125,-0.618
-0.124,-0.618
-0.123,-0.618
-0.122,-0.618
-0.121,-0.618
-0.12,-0.618
-0.119,-0.618
-0.118,-0.618
-0.117,-0.618
-0.116,-0.618
-0.115,-0.618
-0.114,-0.618
-0.113,-0.618
-0.112,-0.618
-0.111,-0.618
-0.11,-0.618
-0.109,-0.618
-0.108,-0.618
-0.107,-0.618
-0.106,-0.618
-0.105,-0.618
-0.104,-0.618
-0.103,-0.618
-0.102,-0.618
-0.101,-0.618
-0.1,-0.618
-0.099,-0.618
-0.098,-0.618
-0.097,-0.618
-0.096,-0.618
-0.095,-0.618
-0.094,-0.618
-0.093,-0.618
-0.092,-0.618
-0.091,-0.618
-0.09,-0.618
-0.089,-0.618
-0.088,-0.618
-0.087,-0.618
-0.086,-0.618
-0.085,-0.618
-0.084,-0.618
-0.083,-0.618
-0.082,-0.618
-0.081,-0.618
-0.08,-0.618
-0.079,-0.618
-0.078,-0.618
-0.077,-0.618
-0.076,-0.618
-0.075,-0.618
-0.074,-0.618
-0.073,-0.618
-0.072,-0.618
-0.071,-0.618
-0.07,-0.618
-0.069,-0.618
-0.068,-0.618
-0.067,-0.618
-0.066,-0.618
-0.065,-0.618
-0.064,-0.618
-0.063,-0.618
-0.062,-0.618
-0.061,-0.618
-0.06,-0.618
-0.059,-0.618
-0.058,-0.618
-0.057,-0.618
-0.056,-0.618
-0.055,-0.618
-0.054,-0.618
-0.053,-0.618
-0.052,-0.618
-0.051,-0.618
-0.05,-0.618
-0.049,-0.618
-0.048,-0.618
-0.047,-0.618
-0.046,-0.618
-0.045,-0.618
-0.044,-0.618
-0.043,-0.618
-0.042,-0.618
-0.041,-0.618
-0.04,-0.618
-0.039,-0.618
-0.038,-0.618
-0.037,-0.618
-0.036,-0.618
-0.035,-0.618
-0.034,-0.618
-0.033,-0.618
-0.032,-0.618
-0.031,-0.618
-0.03,-0.618
-0.029,-0.618
-0.028,-0.618
-0.027,-0.618
-0.026,-0.618
-0.025,-0.618
-0.024,-0.618
-0.023,-0.618
-0.022,-0.618
-0.021,-0.618
-0.02,-0.618
-0.019,-0.618
-0.018,-0.618
-0.017,-0.618
-0.016,-0.618
-0.015,-0.618
-0.014,-0.618
-0.013,-0.618
-0.012,-0.618
-0.011,-0.618
-0.01,-0.618
-0.009,-0.618
-0.008,-0.618
-0.007,-0.618
-0.006,-0.618
-0.005,-0.618
-0.004,-0.618
-0.003,-0.618
-0.002,-0.618
-0.001,-0.618
0.0,-0.618
0.001,-0.618
0.002,-0.618
0.003,-0.618
0.004,-0.618
0.005,-0.618
0.006,-0.618
0.007,-0.618
0.008,-0.618
0.009,-0.618
0.01,-0.618
0.011,-0.618
0.012,-0.618
0.013,-0.618
0.014,-0.618
0.015,-0.618
0.016,-0.618
0.017,-0.618
0.018,-0.618
0.019,-0.618
0.02,-0.618
0.021,-0.618
0.022,-0.618
0.023,-0.618
0.024,-0.618
0.025,-0.618
0.026,-0.618
0.027,-0.618
0.028,-0.618
0.029,-0.618
0.03,-0.618
0.031,-0.618
0.032,-0.618
0.033,-0.618
0.034,-0.618
0.035,-0.618
0.036,-0.618
0.037,-0.618
0.038,-0.618
0.039,-0.618
0.04,-0.618
0.041,-0.618
0.042,-0.618
0.043,-0.618
0.044,-0.618
0.045,-0.618
0.046,-0.618
0.047,-0.618
0.048,-0.618
0.049,-0.618
0.05,-0.618
0.051,-0.618
0.052,-0.618
0.053,-0.618
0.054,-0.618
0.055,-0.618
0.056,-0.618
0.057,-0.618
0.058,-0.618
0.059,-0.618
0.06,-0.618
0.061,-0.618
0.062,-0.618
0.063,-0.618
0.064,-0.618
0.065,-0.618
0.066,-0.618
0.067,-0.618
0.068,-0.618
0.072,-0.618
0.074,-0.618
0.075,-0.618
0.076,-0.618
0.077,-0.618
0.078,-0.618
0.079,-0.618
0.102,-0.618
0.103,-0.618
0.104,-0.618
0.105,-0.618
0.106,-0.618
0.107,-0.618
0.108,-0.618
0.109,-0.618
0.11,-0.618
0.111,-0.618
0.112,-0.618
0.113,-0.618
0.114,-0.618
0.115,-0.618
0.116,-0.618
0.117,-0.618
0.118,-0.618
0.119,-0.618
0.12,-0.618
0.121,-0.618
0.122,-0.618
0.123,-0.618
0.124,-0.618
0.125,-0.618
0.126,-0.618
0.127,-0.618
0.128,-0.618
0.129,-0.618
0.13,-0.618
0.131,-0.618
0.132,-0.618
0.133,-0.618
0.134,-0.618
0.135,-0.618
0.136,-0.618
0.137,-0.618
0.138,-0.618
0.147,-0.618
0.153,-0.618
-0.545,-0.617
-0.544,-0.617
-0.543,-0.617
-0.539,-0.617
-0.534,-0.617
-0.529,-0.617
-0.481,-0.617
-0.477,-0.617
-0.386,-0.617
-0.382,-0.617
-0.38,-0.617
-0.379,-0.617
-0.378,-0.617
-0.377,-0.617
-0.375,-0.617
-0.374,-0.617
-0.373,-0.617
-0.372,-0.617
-0.371,-0.617
-0.37,-0.617
-0.369,-0.617
-0.368,-0.617
-0.367,-0.617
-0.366,-0.617
-0.365,-0.617
-0.364,-0.617
-0.363,-0.617
-0.362,-0.617
-0.361,-0.617
-0.36,-0.617
-0.359,-0.617
-0.358,-0.617
-0.357,-0.617
-0.356,-0.617
-0.355,-0.617
-0.354,-0.617
-0.353,-0.617
-0.352,-0.617
-0.351,-0.617
-0.35,-0.617
-0.349,-0.617
-0.348,-0.617
-0.347,-0.617
-0.346,-0.617
-0.345,-0.617
-0.344,-0.617
-0.343,-0.617
-0.332,-0.617
-0.331,-0.617
-0.33,-0.617
-0.329,-0.617
-0.328,-0.617
-0.325,-0.617
-0.324,-0.617
-0.321,-0.617
-0.32,-0.617
-0.319,-0.617
-0.318,-0.617
-0.317,-0.617
-0.316,-0.617
-0.315,-0.617
-0.314,-0.617
-0.313,-0.617
-0.312,-0.617
-0.311,-0.617
-0.31,-0.617
-0.309,-0.617
-0.308,-0.617
-0.307,-0.617
-0.306,-0.617
-0.305,-0.617
-0.304,-0.617
-0.303,-0.617
-0.302,-0.617
-0.301,-0.617
-0.3,-0.617
-0.299,-0.617
-0.298,-0.617
-0.297,-0.617
-0.296,-0.617
-0.295,-0.617
-0.294,-0.617
-0.293,-0.617
-0.292,-0.617
-0.291,-0.617
-0.29,-0.617
-0.289,-0.617
-0.288,-0.617
-0.287,-0.617
-0.286,-0.617
-0.285,-0.617
-0.284,-0.617
-0.283,-0.617
-0.282,-0.617
-0.281,-0.617
-0.28,-0.617
-0.279,-0.617
-0.278,-0.617
-0.277,-0.617
-0.276,-0.617
-0.275,-0.617
-0.274,-0.617
-0.273,-0.617
-0.272,-0.617
-0.271,-0.617
-0.27,-0.617
-0.269,-0.617
-0.268,-0.617
-0.267,-0.617
-0.266,-0.617
-0.265,-0.617
-0.264,-0.617
-0.263,-0.617
-0.262,-0.617
-0.261,-0.617
-0.26,-0.617
-0.259,-0.617
-0.258,-0.617
-0.257,-0.617
-0.256,-0.617
-0.255,-0.617
-0.254,-0.617
-0.253,-0.617
-0.252,-0.617
-0.251,-0.617
-0.25,-0.617
-0.249,-0.617
-0.248,-0.617
-0.247,-0.617
-0.246,-0.617
-0.245,-0.617
-0.244,-0.617
-0.243,-0.617
-0.242,-0.617
-0.241,-0.617
-0.24,-0.617
-0.239,-0.617
-0.238,-0.617
-0.237,-0.617
-0.236,-0.617
-0.235,-0.617
-0.234,-0.617
-0.233,-0.617
-0.232,-0.617
-0.231,-0.617
-0.23,-0.617
-0.229,-0.617
-0.228,-0.617
-0.227,-0.617
-0.226,-0.617
-0.225,-0.617
-0.224,-0.617
-0.223,-0.617
-0.222,-0.617
-0.221,-0.617
-0.22,-0.617
-0.219,-0.617
-0.218,-0.617
-0.217,-0.617
-0.216,-0.617
-0.215,-0.617
-0.214,-0.617
-0.213,-0.617
-0.212,-0.617
-0.211,-0.617
-0.21,-0.617
-0.209,-0.617
-0.208,-0.617
-0.207,-0.617
-0.206,-0.617
-0.205,-0.617
-0.204,-0.617
-0.203,-0.617
-0.202,-0.617
-0.201,-0.617
-0.2,-0.617
-0.199,-0.617
-0.198,-0.617
-0.197,-0.617
-0.196,-0.617
-0.195,-0.617
-0.194,-0.617
-0.193,-0.617
-0.192,-0.617
-0.191,-0.617
-0.19,-0.617
-0.189,-0.617
-0.188,-0.617
-0.187,-0.617
-0.186,-0.617
-0.185,-0.617
-0.184,-0.617
-0.183,-0.617
-0.182,-0.617
-0.181,-0.617
-0.18,-0.617
-0.179,-0.617
-0.178,-0.617
-0.177,-0.617
-0.176,-0.617
-0.175,-0.617
-0.174,-0.617
-0.173,-0.617
-0.172,-0.617
-0.171,-0.617
-0.17,-0.617
-0.169,-0.617
-0.168,-0.617
-0.167,-0.617
-0.166,-0.617
-0.165,-0.617
-0.164,-0.617
-0.163,-0.617
-0.162,-0.617
-0.161,-0.617
-0.16,-0.617
-0.159,-0.617
-0.158,-0.617
-0.157,-0.617
-0.156,-0.617
-0.155,-0.617
-0.154,-0.617
-0.153,-0.617
-0.152,-0.617
-0.151,-0.617
-0.15,-0.617
-0.149,-0.617
-0.148,-0.617
-0.147,-0.617
-0.146,-0.617
-0.145,-0.617
-0.144,-0.617
-0.143,-0.617
-0.142,-0.617
-0.141,-0.617
-0.14,-0.617
-0.139,-0.617
-0.138,-0.617
-0.137,-0.617
-0.136,-0.617
-0.135,-0.617
-0.134,-0.617
-0.133,-0.617
-0.132,-0.617
-0.131,-0.617
-0.13,-0.617
-0.129,-0.617
-0.128,-0.617
-0.127,-0.617
-0.126,-0.617
-0.125,-0.617
-0.124,-0.617
-0.123,-0.617
-0.122,-0.617
-0.121,-0.617
-0.12,-0.617
-0.119,-0.617
-0.118,-0.617
-0.117,-0.617
-0.116,-0.617
-0.115,-0.617
-0.114,-0.617
-0.113,-0.617
-0.112,-0.617
-0.111,-0.617
-0.11,-0.617
-0.109,-0.617
-0.108,-0.617
-0.107,-0.617
-0.106,-0.617
-0.105,-0.617
-0.104,-0.617
-0.103,-0.617
-0.102,-0.617
-0.101,-0.617
-0.1,-0.617
-0.099,-0.617
-0.098,-0.617
-0.097,-0.617
-0.096,-0.617
-0.095,-0.617
-0.094,-0.617
-0.093,-0.617
-0.092,-0.617
-0.091,-0.617
-0.09,-0.617
-0.089,-0.617
-0.088,-0.617
-0.087,-0.617
-0.086,-0.617
-0.085,-0.617
-0.084,-0.617
-0.083,-0.617
-0.082,-0.617
-0.081,-0.617
-0.08,-0.617
-0.079,-0.617
-0.078,-0.617
-0.077,-0.617
-0.076,-0.617
-0.075,-0.617
-0.074,-0.617
-0.073,-0.617
-0.072,-0.617
-0.071,-0.617
-0.07,-0.617
-0.069,-0.617
-0.068,-0.617
-0.067,-0.617
-0.066,-0.617
-0.065,-0.617
-0.064,-0.617
-0.063,-0.617
-0.062,-0.617
-0.061,-0.617
-0.06,-0.617
-0.059,-0.617
-0.058,-0.617
-0.057,-0.617
-0.056,-0.617
-0.055,-0.617
-0.054,-0.617
-0.053,-0.617
-0.052,-0.617
-0.051,-0.617
-0.05,-0.617
-0.049,-0.617
-0.048,-0.617
-0.047,-0.617
-0.046,-0.617
-0.045,-0.617
-0.044,-0.617
-0.043,-0.617
-0.042,-0.617
-0.041,-0.617
-0.04,-0.617
-0.039,-0.617
-0.038,-0.617
-0.037,-0.617
-0.036,-0.617
-0.035,-0.617
-0.034,-0.617
-0.033,-0.617
-0.032,-0.617
-0.031,-0.617
-0.03,-0.617
-0.029,-0.617
-0.028,-0.617
-0.027,-0.617
-0.026,-0.617
-0.025,-0.617
-0.024,-0.617
-0.023,-0.617
-0.022,-0.617
-0.021,-0.617
-0.02,-0.617
-0.019,-0.617
-0.018,-0.617
-0.017,-0.617
-0.016,-0.617
-0.015,-0.617
-0.014,-0.617
-0.013,-0.617
-0.012,-0.617
-0.011,-0.617
-0.01,-0.617
-0.009,-0.617
-0.008,-0.617
-0.007,-0.617
-0.006,-0.617
-0.005,-0.617
-0.004,-0.617
-0.003,-0.617
-0.002,-0.617
-0.001,-0.617
0.0,-0.617
0.001,-0.617
0.002,-0.617
0.003,-0.617
0.004,-0.617
0.005,-0.617
0.006,-0.617
0.007,-0.617
0.008,-0.617
0.009,-0.617
0.01,-0.617
0.011,-0.617
0.012,-0.617
0.013,-0.617
0.014,-0.617
0.015,-0.617
0.016,-0.617
0.017,-0.617
0.018,-0.617
0.019,-0.617
0.02,-0.617
0.021,-0.617
0.022,-0.617
0.023,-0.617
0.024,-0.617
0.025,-0.617
0.026,-0.617
0.027,-0.617
0.028,-0.617
0.029,-0.617
0.03,-0.617
0.031,-0.617
0.032,-0.617
0.033,-0.617
0.034,-0.617
0.035,-0.617
0.036,-0.617
0.037,-0.617
0.038,-0.617
0.039,-0.617
0.04,-0.617
0.041,-0.617
0.042,-0.617
0.043,-0.617
0.044,-0.617
0.045,-0.617
0.046,-0.617
0.047,-0.617
0.048,-0.617
0.049,-0.617
0.05,-0.617
0.051,-0.617
0.052,-0.617
0.053,-0.617
0.054,-0.617
0.055,-0.617
0.056,-0.617
0.057,-0.617
0.058,-0.617
0.059,-0.617
0.06,-0.617
0.061,-0.617
0.062,-0.617
0.063,-0.617
0.064,-0.617
0.065,-0.617
0.066,-0.617
0.067,-0.617
0.068,-0.617
0.069,-0.617
0.07,-0.617
0.071,-0.617
0.073,-0.617
0.074,-0.617
0.075,-0.617
0.076,-0.617
0.077,-0.617
0.078,-0.617
0.079,-0.617
0.08,-0.617
0.09,-0.617
0.1,-0.617
0.101,-0.617
0.104,-0.617
0.105,-0.617
0.106,-0.617
0.107,-0.617
0.108,-0.617
0.109,-0.617
0.11,-0.617
0.111,-0.617
0.112,-0.617
0.113,-0.617
0.114,-0.617
0.115,-0.617
0.116,-0.617
0.117,-0.617
0.118,-0.617
0.119,-0.617
0.12,-0.617
0.121,-0.617
0.122,-0.617
0.123,-0.617
0.124,-0.617
0.125,-0.617
0.126,-0.617
0.127,-0.617
0.128,-0.617
0.129,-0.617
0.13,-0.617
0.131,-0.617
0.132,-0.617
0.133,-0.617
0.134,-0.617
0.135,-0.617
0.136,-0.617
0.137,-0.617
0.28,-0.617
-0.543,-0.616
-0.539,-0.616
-0.51,-0.616
-0.505,-0.616
-0.502,-0.616
-0.387,-0.616
-0.386,-0.616
-0.381,-0.616
-0.379,-0.616
-0.376,-0.616
-0.375,-0.616
-0.374,-0.616
-0.373,-0.616
-0.372,-0.616
-0.371,-0.616
-0.37,-0.616
-0.369,-0.616
-0.368,-0.616
-0.367,-0.616
-0.366,-0.616
-0.365,-0.616
-0.364,-0.616
-0.363,-0.616
-0.362,-0.616
-0.361,-0.616
-0.36,-0.616
-0.359,-0.616
-0.358,-0.616
-0.357,-0.616
-0.356,-0.616
-0.355,-0.616
-0.354,-0.616
-0.353,-0.616
-0.352,-0.616
-0.351,-0.616
-0.35,-0.616
-0.349,-0.616
-0.348,-0.616
-0.347,-0.616
-0.346,-0.616
-0.345,-0.616
-0.344,-0.616
-0.342,-0.616
-0.341,-0.616
-0.333,-0.616
-0.332,-0.616
-0.331,-0.616
-0.33,-0.616
-0.329,-0.616
-0.328,-0.616
-0.327,-0.616
-0.326,-0.616
-0.325,-0.616
-0.324,-0.616
-0.323,-0.616
-0.322,-0.616
-0.321,-0.616
-0.32,-0.616
-0.319,-0.616
-0.318,-0.616
-0.317,-0.616
-0.316,-0.616
-0.315,-0.616
-0.314,-0.616
-0.313,-0.616
-0.312,-0.616
-0.311,-0.616
-0.31,-0.616
-0.309,-0.616
-0.308,-0.616
-0.307,-0.616
-0.306,-0.616
-0.305,-0.616
-0.304,-0.616
-0.303,-0.616
-0.302,-0.616
-0.301,-0.616
-0.3,-0.616
-0.299,-0.616
-0.298,-0.616
-0.297,-0.616
-0.296,-0.616
-0.295,-0.616
-0.294,-0.616
-0.293,-0.616
-0.292,-0.616
-0.291,-0.616
-0.29,-0.616
-0.289,-0.616
-0.288,-0.616
-0.287,-0.616
-0.286,-0.616
-0.285,-0.616
-0.284,-0.616
-0.283,-0.616
-0.282,-0.616
-0.281,-0.616
-0.28,-0.616
-0.279,-0.616
-0.278,-0.616
-0.277,-0.616
-0.276,-0.616
-0.275,-0.616
-0.274,-0.616
-0.273,-0.616
-0.272,-0.616
-0.271,-0.616
-0.27,-0.616
-0.269,-0.616
-0.268,-0.616
-0.267,-0.616
-0.266,-0.616
-0.265,-0.616
-0.264,-0.616
-0.263,-0.616
-0.262,-0.616
-0.261,-0.616
-0.26,-0.616
-0.259,-0.616
-0.258,-0.616
-0.257,-0.616
-0.256,-0.616
-0.255,-0.616
-0.254,-0.616
-0.253,-0.616
-0.252,-0.616
-0.251,-0.616
-0.25,-0.616
-0.249,-0.616
-0.248,-0.616
-0.247,-0.616
-0.246,-0.616
-0.245,-0.616
-0.244,-0.616
-0.243,-0.616
-0.242,-0.616
-0.241,-0.616
-0.24,-0.616
-0.239,-0.616
-0.238,-0.616
-0.237,-0.616
-0.236,-0.616
-0.235,-0.616
-0.234,-0.616
-0.233,-0.616
-0.232,-0.616
-0.231,-0.616
-0.23,-0.616
-0.229,-0.616
-0.228,-0.616
-0.227,-0.616
-0.226,-0.616
-0.225,-0.616
-0.224,-0.616
-0.223,-0.616
-0.222,-0.616
-0.221,-0.616
-0.22,-0.616
-0.219,-0.616
-0.218,-0.616
-0.217,-0.616
-0.216,-0.616
-0.215,-0.616
-0.214,-0.616
-0.213,-0.616
-0.212,-0.616
-0.211,-0.616
-0.21,-0.616
-0.209,-0.616
-0.208,-0.616
-0.207,-0.616
-0.206,-0.616
-0.205,-0.616
-0.204,-0.616
-0.203,-0.616
-0.202,-0.616
-0.201,-0.616
-0.2,-0.616
-0.199,-0.616
-0.198,-0.616
-0.197,-0.616
-0.196,-0.616
-0.195,-0.616
-0.194,-0.616
-0.193,-0.616
-0.192,-0.616
-0.191,-0.616
-0.19,-0.616
-0.189,-0.616
-0.188,-0.616
-0.187,-0.616
-0.186,-0.616
-0.185,-0.616
-0.184,-0.616
-0.183,-0.616
-0.182,-0.616
-0.181,-0.616
-0.18,-0.616
-0.179,-0.616
-0.178,-0.616
-0.177,-0.616
-0.176,-0.616
-0.175,-0.616
-0.174,-0.616
-0.173,-0.616
-0.172,-0.616
-0.171,-0.616
-0.17,-0.616
-0.169,-0.616
-0.168,-0.616
-0.167,-0.616
-0.166,-0.616
-0.165,-0.616
-0.164,-0.616
-0.163,-0.616
-0.162,-0.616
-0.161,-0.616
-0.16,-0.616
-0.159,-0.616
-0.158,-0.616
-0.157,-0.616
-0.156,-0.616
-0.155,-0.616
-0.154,-0.616
-0.153,-0.616
-0.152,-0.616
-0.151,-0.616
-0.15,-0.616
-0.149,-0.616
-0.148,-0.616
-0.147,-0.616
-0.146,-0.616
-0.145,-0.616
-0.144,-0.616
-0.143,-0.616
-0.142,-0.616
-0.141,-0.616
-0.14,-0.616
-0.139,-0.616
-0.138,-0.616
-0.137,-0.616
-0.136,-0.616
-0.135,-0.616
-0.134,-0.616
-0.133,-0.616
-0.132,-0.616
-0.131,-0.616
-0.13,-0.616
-0.129,-0.616
-0.128,-0.616
-0.127,-0.616
-0.126,-0.616
-0.125,-0.616
-0.124,-0.616
-0.123,-0.616
-0.122,-0.616
-0.121,-0.616
-0.12,-0.616
-0.119,-0.616
-0.118,-0.616
-0.117,-0.616
-0.116,-0.616
-0.115,-0.616
-0.114,-0.616
-0.113,-0.616
-0.112,-0.616
-0.111,-0.616
-0.11,-0.616
-0.109,-0.616
-0.108,-0.616
-0.107,-0.616
-0.106,-0.616
-0.105,-0.616
-0.104,-0.616
-0.103,-0.616
-0.102,-0.616
-0.101,-0.616
-0.1,-0.616
-0.099,-0.616
-0.098,-0.616
-0.097,-0.616
-0.096,-0.616
-0.095,-0.616
-0.094,-0.616
-0.093,-0.616
-0.092,-0.616
-0.091,-0.616
-0.09,-0.616
-0.089,-0.616
-0.088,-0.616
-0.087,-0.616
-0.086,-0.616
-0.085,-0.616
-0.084,-0.616
-0.083,-0.616
-0.082,-0.616
-0.081,-0.616
-0.08,-0.616
-0.079,-0.616
-0.078,-0.616
-0.077,-0.616
-0.076,-0.616
-0.075,-0.616
-0.074,-0.616
-0.073,-0.616
-0.072,-0.616
-0.071,-0.616
-0.07,-0.616
-0.069,-0.616
-0.068,-0.616
-0.067,-0.616
-0.066,-0.616
-0.065,-0.616
-0.064,-0.616
-0.063,-0.616
-0.062,-0.616
-0.061,-0.616
-0.06,-0.616
-0.059,-0.616
-0.058,-0.616
-0.057,-0.616
-0.056,-0.616
-0.055,-0.616
-0.054,-0.616
-0.053,-0.616
-0.052,-0.616
-0.051,-0.616
-0.05,-0.616
-0.049,-0.616
-0.048,-0.616
-0.047,-0.616
-0.046,-0.616
-0.045,-0.616
-0.044,-0.616
-0.043,-0.616
-0.042,-0.616
-0.041,-0.616
-0.04,-0.616
-0.039,-0.616
-0.038,-0.616
-0.037,-0.616
-0.036,-0.616
-0.035,-0.616
-0.034,-0.616
-0.033,-0.616
-0.032,-0.616
-0.031,-0.616
-0.03,-0.616
-0.029,-0.616
-0.028,-0.616
-0.027,-0.616
-0.026,-0.616
-0.025,-0.616
-0.024,-0.616
-0.023,-0.616
-0.022,-0.616
-0.021,-0.616
-0.02,-0.616
-0.019,-0.616
-0.018,-0.616
-0.017,-0.616
-0.016,-0.616
-0.015,-0.616
-0.014,-0.616
-0.013,-0.616
-0.012,-0.616
-0.011,-0.616
-0.01,-0.616
-0.009,-0.616
-0.008,-0.616
-0.007,-0.616
-0.006,-0.616
-0.005,-0.616
-0.004,-0.616
-0.003,-0.616
-0.002,-0.616
-0.001,-0.616
0.0,-0.616
0.001,-0.616
0.002,-0.616
0.003,-0.616
0.004,-0.616
0.005,-0.616
0.006,-0.616
0.007,-0.616
0.008,-0.616
0.009,-0.616
0.01,-0.616
0.011,-0.616
0.012,-0.616
0.013,-0.616
0.014,-0.616
0.015,-0.616
0.016,-0.616
0.017,-0.616
0.018,-0.616
0.019,-0.616
0.02,-0.616
0.021,-0.616
0.022,-0.616
0.023,-0.616
0.024,-0.616
0.025,-0.616
0.026,-0.616
0.027,-0.616
0.028,-0.616
0.029,-0.616
0.03,-0.616
0.031,-0.616
0.032,-0.616
0.033,-0.616
0.034,-0.616
0.035,-0.616
0.036,-0.616
0.037,-0.616
0.038,-0.616
0.039,-0.616
0.04,-0.616
0.041,-0.616
0.042,-0.616
0.043,-0.616
0.044,-0.616
0.045,-0.616
0.046,-0.616
0.047,-0.616
0.048,-0.616
0.049,-0.616
0.05,-0.616
0.051,-0.616
0.052,-0.616
0.053,-0.616
0.054,-0.616
0.055,-0.616
0.056,-0.616
0.057,-0.616
0.058,-0.616
0.059,-0.616
0.06,-0.616
0.061,-0.616
0.062,-0.616
0.063,-0.616
0.064,-0.616
0.065,-0.616
0.066,-0.616
0.067,-0.616
0.068,-0.616
0.069,-0.616
0.07,-0.616
0.071,-0.616
0.073,-0.616
0.074,-0.616
0.075,-0.616
0.076,-0.616
0.077,-0.616
0.078,-0.616
0.079,-0.616
0.08,-0.616
0.081,-0.616
0.082,-0.616
0.083,-0.616
0.088,-0.616
0.089,-0.616
0.091,-0.616
0.092,-0.616
0.102,-0.616
0.104,-0.616
0.105,-0.616
0.106,-0.616
0.107,-0.616
0.108,-0.616
0.109,-0.616
0.11,-0.616
0.111,-0.616
0.112,-0.616
0.113,-0.616
0.114,-0.616
0.115,-0.616
0.116,-0.616
0.117,-0.616
0.118,-0.616
0.119,-0.616
0.12,-0.616
0.121,-0.616
0.122,-0.616
0.123,-0.616
0.124,-0.616
0.125,-0.616
0.126,-0.616
0.127,-0.616
0.128,-0.616
0.129,-0.616
0.13,-0.616
0.131,-0.616
0.132,-0.616
0.133,-0.616
0.134,-0.616
0.135,-0.616
0.136,-0.616
0.137,-0.616
0.138,-0.616
0.139,-0.616
0.141,-0.616
0.142,-0.616
0.143,-0.616
0.15,-0.616
-0.543,-0.615
-0.542,-0.615
-0.541,-0.615
-0.54,-0.615
-0.539,-0.615
-0.534,-0.615
-0.533,-0.615
-0.528,-0.615
-0.502,-0.615
-0.486,-0.615
-0.485,-0.615
-0.484,-0.615
-0.482,-0.615
-0.386,-0.615
-0.385,-0.615
-0.377,-0.615
-0.376,-0.615
-0.375,-0.615
-0.374,-0.615
-0.373,-0.615
-0.372,-0.615
-0.371,-0.615
-0.37,-0.615
-0.369,-0.615
-0.368,-0.615
-0.367,-0.615
-0.366,-0.615
-0.365,-0.615
-0.364,-0.615
-0.363,-0.615
-0.362,-0.615
-0.361,-0.615
-0.36,-0.615
-0.359,-0.615
-0.358,-0.615
-0.357,-0.615
-0.356,-0.615
-0.355,-0.615
-0.354,-0.615
-0.353,-0.615
-0.352,-0.615
-0.351,-0.615
-0.35,-0.615
-0.349,-0.615
-0.348,-0.615
-0.347,-0.615
-0.346,-0.615
-0.345,-0.615
-0.344,-0.615
-0.343,-0.615
-0.342,-0.615
-0.338,-0.615
-0.337,-0.615
-0.336,-0.615
-0.335,-0.615
-0.334,-0.615
-0.332,-0.615
-0.331,-0.615
-0.33,-0.615
-0.329,-0.615
-0.328,-0.615
-0.327,-0.615
-0.326,-0.615
-0.325,-0.615
-0.324,-0.615
-0.323,-0.615
-0.322,-0.615
-0.321,-0.615
-0.32,-0.615
-0.319,-0.615
-0.318,-0.615
-0.317,-0.615
-0.316,-0.615
-0.315,-0.615
-0.314,-0.615
-0.313,-0.615
-0.312,-0.615
-0.311,-0.615
-0.31,-0.615
-0.309,-0.615
-0.308,-0.615
-0.307,-0.615
-0.306,-0.615
-0.305,-0.615
-0.304,-0.615
-0.303,-0.615
-0.302,-0.615
-0.301,-0.615
-0.3,-0.615
-0.299,-0.615
-0.298,-0.615
-0.297,-0.615
-0.296,-0.615
-0.295,-0.615
-0.294,-0.615
-0.293,-0.615
-0.292,-0.615
-0.291,-0.615
-0.29,-0.615
-0.289,-0.615
-0.288,-0.615
-0.287,-0.615
-0.286,-0.615
-0.285,-0.615
-0.284,-0.615
-0.283,-0.615
-0.282,-0.615
-0.281,-0.615
-0.28,-0.615
-0.279,-0.615
-0.278,-0.615
-0.277,-0.615
-0.276,-0.615
-0.275,-0.615
-0.274,-0.615
-0.273,-0.615
-0.272,-0.615
-0.271,-0.615
-0.27,-0.615
-0.269,-0.615
-0.268,-0.615
-0.267,-0.615
-0.266,-0.615
-0.265,-0.615
-0.264,-0.615
-0.263,-0.615
-0.262,-0.615
-0.261,-0.615
-0.26,-0.615
-0.259,-0.615
-0.258,-0.615
-0.257,-0.615
-0.256,-0.615
-0.255,-0.615
-0.254,-0.615
-0.253,-0.615
-0.252,-0.615
-0.251,-0.615
-0.25,-0.615
-0.249,-0.615
-0.248,-0.615
-0.247,-0.615
-0.246,-0.615
-0.245,-0.615
-0.244,-0.615
-0.243,-0.615
-0.242,-0.615
-0.241,-0.615
-0.24,-0.615
-0.239,-0.615
-0.238,-0.615
-0.237,-0.615
-0.236,-0.615
-0.235,-0.615
-0.234,-0.615
-0.233,-0.615
-0.232,-0.615
-0.231,-0.615
-0.23,-0.615
-0.229,-0.615
-0.228,-0.615
-0.227,-0.615
-0.226,-0.615
-0.225,-0.615
-0.224,-0.615
-0.223,-0.615
-0.222,-0.615
-0.221,-0.615
-0.22,-0.615
-0.219,-0.615
-0.218,-0.615
-0.217,-0.615
-0.216,-0.615
-0.215,-0.615
-0.214,-0.615
-0.213,-0.615
-0.212,-0.615
-0.211,-0.615
-0.21,-0.615
-0.209,-0.615
-0.208,-0.615
-0.207,-0.615
-0.206,-0.615
-0.205,-0.615
-0.204,-0.615
-0.203,-0.615
-0.202,-0.615
-0.201,-0.615
-0.2,-0.615
-0.199,-0.615
-0.198,-0.615
-0.197,-0.615
-0.196,-0.615
-0.195,-0.615
-0.194,-0.615
-0.193,-0.615
-0.192,-0.615
-0.191,-0.615
-0.19,-0.615
-0.189,-0.615
-0.188,-0.615
-0.187,-0.615
-0.186,-0.615
-0.185,-0.615
-0.184,-0.615
-0.183,-0.615
-0.182,-0.615
-0.181,-0.615
-0.18,-0.615
-0.179,-0.615
-0.178,-0.615
-0.177,-0.615
-0.176,-0.615
-0.175,-0.615
-0.174,-0.615
-0.173,-0.615
-0.172,-0.615
-0.171,-0.615
-0.17,-0.615
-0.169,-0.615
-0.168,-0.615
-0.167,-0.615
-0.166,-0.615
-0.165,-0.615
-0.164,-0.615
-0.163,-0.615
-0.162,-0.615
-0.161,-0.615
-0.16,-0.615
-0.159,-0.615
-0.158,-0.615
-0.157,-0.615
-0.156,-0.615
-0.155,-0.615
-0.154,-0.615
-0.153,-0.615
-0.152,-0.615
-0.151,-0.615
-0.15,-0.615
-0.149,-0.615
-0.148,-0.615
-0.147,-0.615
-0.146,-0.615
-0.145,-0.615
-0.144,-0.615
-0.143,-0.615
-0.142,-0.615
-0.141,-0.615
-0.14,-0.615
-0.139,-0.615
-0.138,-0.615
-0.137,-0.615
-0.136,-0.615
-0.135,-0.615
-0.134,-0.615
-0.133,-0.615
-0.132,-0.615
-0.131,-0.615
-0.13,-0.615
-0.129,-0.615
-0.128,-0.615
-0.127,-0.615
-0.126,-0.615
-0.125,-0.615
-0.124,-0.615
-0.123,-0.615
-0.122,-0.615
-0.121,-0.615
-0.12,-0.615
-0.119,-0.615
-0.118,-0.615
-0.117,-0.615
-0.116,-0.615
-0.115,-0.615
-0.114,-0.615
-0.113,-0.615
-0.112,-0.615
-0.111,-0.615
-0.11,-0.615
-0.109,-0.615
-0.108,-0.615
-0.107,-0.615
-0.106,-0.615
-0.105,-0.615
-0.104,-0.615
-0.103,-0.615
-0.102,-0.615
-0.101,-0.615
-0.1,-0.615
-0.099,-0.615
-0.098,-0.615
-0.097,-0.615
-0.096,-0.615
-0.095,-0.615
-0.094,-0.615
-0.093,-0.615
-0.092,-0.615
-0.091,-0.615
-0.09,-0.615
-0.089,-0.615
-0.088,-0.615
-0.087,-0.615
-0.086,-0.615
-0.085,-0.615
-0.084,-0.615
-0.083,-0.615
-0.082,-0.615
-0.081,-0.615
-0.08,-0.615
-0.079,-0.615
-0.078,-0.615
-0.077,-0.615
-0.076,-0.615
-0.075,-0.615
-0.074,-0.615
-0.073,-0.615
-0.072,-0.615
-0.071,-0.615
-0.07,-0.615
-0.069,-0.615
-0.068,-0.615
-0.067,-0.615
-0.066,-0.615
-0.065,-0.615
-0.064,-0.615
-0.063,-0.615
-0.062,-0.615
-0.061,-0.615
-0.06,-0.615
-0.059,-0.615
-0.058,-0.615
-0.057,-0.615
-0.056,-0.615
-0.055,-0.615
-0.054,-0.615
-0.053,-0.615
-0.052,-0.615
-0.051,-0.615
-0.05,-0.615
-0.049,-0.615
-0.048,-0.615
-0.047,-0.615
-0.046,-0.615
-0.045,-0.615
-0.044,-0.615
-0.043,-0.615
-0.042,-0.615
-0.041,-0.615
-0.04,-0.615
-0.039,-0.615
-0.038,-0.615
-0.037,-0.615
-0.036,-0.615
-0.035,-0.615
-0.034,-0.615
-0.033,-0.615
-0.032,-0.615
-0.031,-0.615
-0.03,-0.615
-0.029,-0.615
-0.028,-0.615
-0.027,-0.615
-0.026,-0.615
-0.025,-0.615
-0.024,-0.615
-0.023,-0.615
-0.022,-0.615
-0.021,-0.615
-0.02,-0.615
-0.019,-0.615
-0.018,-0.615
-0.017,-0.615
-0.016,-0.615
-0.015,-0.615
-0.014,-0.615
-0.013,-0.615
-0.012,-0.615
-0.011,-0.615
-0.01,-0.615
-0.009,-0.615
-0.008,-0.615
-0.007,-0.615
-0.006,-0.615
-0.005,-0.615
-0.004,-0.615
-0.003,-0.615
-0.002,-0.615
-0.001,-0.615
0.0,-0.615
0.001,-0.615
0.002,-0.615
0.003,-0.615
0.004,-0.615
0.005,-0.615
0.006,-0.615
0.007,-0.615
0.008,-0.615
0.009,-0.615
0.01,-0.615
0.011,-0.615
0.012,-0.615
0.013,-0.615
0.014,-0.615
0.015,-0.615
0.016,-0.615
0.017,-0.615
0.018,-0.615
0.019,-0.615
0.02,-0.615
0.021,-0.615
0.022,-0.615
0.023,-0.615
0.024,-0.615
0.025,-0.615
0.026,-0.615
0.027,-0.615
0.028,-0.615
0.029,-0.615
0.03,-0.615
0.031,-0.615
0.032,-0.615
0.033,-0.615
0.034,-0.615
0.035,-0.615
0.036,-0.615
0.037,-0.615
0.038,-0.615
0.039,-0.615
0.04,-0.615
0.041,-0.615
0.042,-0.615
0.043,-0.615
0.044,-0.615
0.045,-0.615
0.046,-0.615
0.047,-0.615
0.048,-0.615
0.049,-0.615
0.05,-0.615
0.051,-0.615
0.052,-0.615
0.053,-0.615
0.054,-0.615
0.055,-0.615
0.056,-0.615
0.057,-0.615
0.058,-0.615
0.059,-0.615
0.06,-0.615
0.061,-0.615
0.062,-0.615
0.063,-0.615
0.064,-0.615
0.065,-0.615
0.066,-0.615
0.067,-0.615
0.068,-0.615
0.069,-0.615
0.07,-0.615
0.071,-0.615
0.072,-0.615
0.074,-0.615
0.075,-0.615
0.076,-0.615
0.077,-0.615
0.078,-0.615
0.079,-0.615
0.08,-0.615
0.081,-0.615
0.082,-0.615
0.083,-0.615
0.086,-0.615
0.087,-0.615
0.088,-0.615
0.089,-0.615
0.09,-0.615
0.091,-0.615
0.1,-0.615
0.101,-0.615
0.102,-0.615
0.104,-0.615
0.105,-0.615
0.106,-0.615
0.107,-0.615
0.108,-0.615
0.109,-0.615
0.11,-0.615
0.111,-0.615
0.112,-0.615
0.113,-0.615
0.114,-0.615
0.115,-0.615
0.116,-0.615
0.117,-0.615
0.118,-0.615
0.119,-0.615
0.12,-0.615
0.121,-0.615
0.122,-0.615
0.123,-0.615
0.124,-0.615
0.125,-0.615
0.126,-0.615
0.127,-0.615
0.128,-0.615
0.129,-0.615
0.13,-0.615
0.131,-0.615
0.132,-0.615
0.133,-0.615
0.134,-0.615
0.135,-0.615
0.136,-0.615
0.137,-0.615
0.138,-0.615
0.14,-0.615
0.142,-0.615
0.144,-0.615
0.15,-0.615
0.36,-0.615
0.361,-0.615
-0.543,-0.614
-0.542,-0.614
-0.541,-0.614
-0.54,-0.614
-0.539,-0.614
-0.538,-0.614
-0.535,-0.614
-0.533,-0.614
-0.53,-0.614
-0.529,-0.614
-0.528,-0.614
-0.518,-0.614
-0.507,-0.614
-0.49,-0.614
-0.482,-0.614
-0.382,-0.614
-0.38,-0.614
-0.377,-0.614
-0.376,-0.614
-0.375,-0.614
-0.374,-0.614
-0.373,-0.614
-0.372,-0.614
-0.371,-0.614
-0.37,-0.614
-0.369,-0.614
-0.368,-0.614
-0.367,-0.614
-0.366,-0.614
-0.365,-0.614
-0.364,-0.614
-0.363,-0.614
-0.362,-0.614
-0.361,-0.614
-0.36,-0.614
-0.359,-0.614
-0.358,-0.614
-0.357,-0.614
-0.356,-0.614
-0.355,-0.614
-0.354,-0.614
-0.353,-0.614
-0.352,-0.614
-0.351,-0.614
-0.35,-0.614
-0.349,-0.614
-0.348,-0.614
-0.347,-0.614
-0.346,-0.614
-0.345,-0.614
-0.344,-0.614
-0.343,-0.614
-0.342,-0.614
-0.337,-0.614
-0.336,-0.614
-0.335,-0.614
-0.331,-0.614
-0.33,-0.614
-0.329,-0.614
-0.328,-0.614
-0.327,-0.614
-0.326,-0.614
-0.325,-0.614
-0.324,-0.614
-0.323,-0.614
-0.322,-0.614
-0.321,-0.614
-0.32,-0.614
-0.319,-0.614
-0.318,-0.614
-0.317,-0.614
-0.316,-0.614
-0.315,-0.614
-0.314,-0.614
-0.313,-0.614
-0.312,-0.614
-0.311,-0.614
-0.31,-0.614
-0.309,-0.614
-0.308,-0.614
-0.307,-0.614
-0.306,-0.614
-0.305,-0.614
-0.304,-0.614
-0.303,-0.614
-0.302,-0.614
-0.301,-0.614
-0.3,-0.614
-0.299,-0.614
-0.298,-0.614
-0.297,-0.614
-0.296,-0.614
-0.295,-0.614
-0.294,-0.614
-0.293,-0.614
-0.292,-0.614
-0.291,-0.614
-0.29,-0.614
-0.289,-0.614
-0.288,-0.614
-0.287,-0.614
-0.286,-0.614
-0.285,-0.614
-0.284,-0.614
-0.283,-0.614
-0.282,-0.614
-0.281,-0.614
-0.28,-0.614
-0.279,-0.614
-0.278,-0.614
-0.277,-0.614
-0.276,-0.614
-0.275,-0.614
-0.274,-0.614
-0.273,-0.614
-0.272,-0.614
-0.271,-0.614
-0.27,-0.614
-0.269,-0.614
-0.268,-0.614
-0.267,-0.614
-0.266,-0.614
-0.265,-0.614
-0.264,-0.614
-0.263,-0.614
-0.262,-0.614
-0.261,-0.614
-0.26,-0.614
-0.259,-0.614
-0.258,-0.614
-0.257,-0.614
-0.256,-0.614
-0.255,-0.614
-0.254,-0.614
-0.253,-0.614
-0.252,-0.614
-0.251,-0.614
-0.25,-0.614
-0.249,-0.614
-0.248,-0.614
-0.247,-0.614
-0.246,-0.614
-0.245,-0.614
-0.244,-0.614
-0.243,-0.614
-0.242,-0.614
-0.241,-0.614
-0.24,-0.614
-0.239,-0.614
-0.238,-0.614
-0.237,-0.614
-0.236,-0.614
-0.235,-0.614
-0.234,-0.614
-0.233,-0.614
-0.232,-0.614
-0.231,-0.614
-0.23,-0.614
-0.229,-0.614
-0.228,-0.614
-0.227,-0.614
-0.226,-0.614
-0.225,-0.614
-0.224,-0.614
-0.223,-0.614
-0.222,-0.614
-0.221,-0.614
-0.22,-0.614
-0.219,-0.614
-0.218,-0.614
-0.217,-0.614
-0.216,-0.614
-0.215,-0.614
-0.214,-0.614
-0.213,-0.614
-0.212,-0.614
-0.211,-0.614
-0.21,-0.614
-0.209,-0.614
-0.208,-0.614
-0.207,-0.614
-0.206,-0.614
-0.205,-0.614
-0.204,-0.614
-0.203,-0.614
-0.202,-0.614
-0.201,-0.614
-0.2,-0.614
-0.199,-0.614
-0.198,-0.614
-0.197,-0.614
-0.196,-0.614
-0.195,-0.614
-0.194,-0.614
-0.193,-0.614
-0.192,-0.614
-0.191,-0.614
-0.19,-0.614
-0.189,-0.614
-0.188,-0.614
-0.187,-0.614
-0.186,-0.614
-0.185,-0.614
-0.184,-0.614
-0.183,-0.614
-0.182,-0.614
-0.181,-0.614
-0.18,-0.614
-0.179,-0.614
-0.178,-0.614
-0.177,-0.614
-0.176,-0.614
-0.175,-0.614
-0.174,-0.614
-0.173,-0.614
-0.172,-0.614
-0.171,-0.614
-0.17,-0.614
-0.169,-0.614
-0.168,-0.614
-0.167,-0.614
-0.166,-0.614
-0.165,-0.614
-0.164,-0.614
-0.163,-0.614
-0.162,-0.614
-0.161,-0.614
-0.16,-0.614
-0.159,-0.614
-0.158,-0.614
-0.157,-0.614
-0.156,-0.614
-0.155,-0.614
-0.154,-0.614
-0.153,-0.614
-0.152,-0.614
-0.151,-0.614
-0.15,-0.614
-0.149,-0.614
-0.148,-0.614
-0.147,-0.614
-0.146,-0.614
-0.145,-0.614
-0.144,-0.614
-0.143,-0.614
-0.142,-0.614
-0.141,-0.614
-0.14,-0.614
-0.139,-0.614
-0.138,-0.614
-0.137,-0.614
-0.136,-0.614
-0.135,-0.614
-0.134,-0.614
-0.133,-0.614
-0.132,-0.614
-0.131,-0.614
-0.13,-0.614
-0.129,-0.614
-0.128,-0.614
-0.127,-0.614
-0.126,-0.614
-0.125,-0.614
-0.124,-0.614
-0.123,-0.614
-0.122,-0.614
-0.121,-0.614
-0.12,-0.614
-0.119,-0.614
-0.118,-0.614
-0.117,-0.614
-0.116,-0.614
-0.115,-0.614
-0.114,-0.614
-0.113,-0.614
-0.112,-0.614
-0.111,-0.614
-0.11,-0.614
-0.109,-0.614
-0.108,-0.614
-0.107,-0.614
-0.106,-0.614
-0.105,-0.614
-0.104,-0.614
-0.103,-0.614
-0.102,-0.614
-0.101,-0.614
-0.1,-0.614
-0.099,-0.614
-0.098,-0.614
-0.097,-0.614
-0.096,-0.614
-0.095,-0.614
-0.094,-0.614
-0.093,-0.614
-0.092,-0.614
-0.091,-0.614
-0.09,-0.614
-0.089,-0.614
-0.088,-0.614
-0.087,-0.614
-0.086,-0.614
-0.085,-0.614
-0.084,-0.614
-0.083,-0.614
-0.082,-0.614
-0.081,-0.614
-0.08,-0.614
-0.079,-0.614
-0.078,-0.614
-0.077,-0.614
-0.076,-0.614
-0.075,-0.614
-0.074,-0.614
-0.073,-0.614
-0.072,-0.614
-0.071,-0.614
-0.07,-0.614
-0.069,-0.614
-0.068,-0.614
-0.067,-0.614
-0.066,-0.614
-0.065,-0.614
-0.064,-0.614
-0.063,-0.614
-0.062,-0.614
-0.061,-0.614
-0.06,-0.614
-0.059,-0.614
-0.058,-0.614
-0.057,-0.614
-0.056,-0.614
-0.055,-0.614
-0.054,-0.614
-0.053,-0.614
-0.052,-0.614
-0.051,-0.614
-0.05,-0.614
-0.049,-0.614
-0.048,-0.614
-0.047,-0.614
-0.046,-0.614
-0.045,-0.614
-0.044,-0.614
-0.043,-0.614
-0.042,-0.614
-0.041,-0.614
-0.04,-0.614
-0.039,-0.614
-0.038,-0.614
-0.037,-0.614
-0.036,-0.614
-0.035,-0.614
-0.034,-0.614
-0.033,-0.614
-0.032,-0.614
-0.031,-0.614
-0.03,-0.614
-0.029,-0.614
-0.028,-0.614
-0.027,-0.614
-0.026,-0.614
-0.025,-0.614
-0.024,-0.614
-0.023,-0.614
-0.022,-0.614
-0.021,-0.614
-0.02,-0.614
-0.019,-0.614
-0.018,-0.614
-0.017,-0.614
-0.016,-0.614
-0.015,-0.614
-0.014,-0.614
-0.013,-0.614
-0.012,-0.614
-0.011,-0.614
-0.01,-0.614
-0.009,-0.614
-0.008,-0.614
-0.007,-0.614
-0.006,-0.614
-0.005,-0.614
-0.004,-0.614
-0.003,-0.614
-0.002,-0.614
-0.001,-0.614
0.0,-0.614
0.001,-0.614
0.002,-0.614
0.003,-0.614
0.004,-0.614
0.005,-0.614
0.006,-0.614
0.007,-0.614
0.008,-0.614
0.009,-0.614
0.01,-0.614
0.011,-0.614
0.012,-0.614
0.013,-0.614
0.014,-0.614
0.015,-0.614
0.016,-0.614
0.017,-0.614
0.018,-0.614
0.019,-0.614
0.02,-0.614
0.021,-0.614
0.022,-0.614
0.023,-0.614
0.024,-0.614
0.025,-0.614
0.026,-0.614
0.027,-0.614
0.028,-0.614
0.029,-0.614
0.03,-0.614
0.031,-0.614
0.032,-0.614
0.033,-0.614
0.034,-0.614
0.035,-0.614
0.036,-0.614
0.037,-0.614
0.038,-0.614
0.039,-0.614
0.04,-0.614
0.041,-0.614
0.042,-0.614
0.043,-0.614
0.044,-0.614
0.045,-0.614
0.046,-0.614
0.047,-0.614
0.048,-0.614
0.049,-0.614
0.05,-0.614
0.051,-0.614
0.052,-0.614
0.053,-0.614
0.054,-0.614
0.055,-0.614
0.056,-0.614
0.057,-0.614
0.058,-0.614
0.059,-0.614
0.06,-0.614
0.061,-0.614
0.062,-0.614
0.063,-0.614
0.064,-0.614
0.065,-0.614
0.066,-0.614
0.067,-0.614
0.068,-0.614
0.069,-0.614
0.07,-0.614
0.071,-0.614
0.072,-0.614
0.073,-0.614
0.074,-0.614
0.075,-0.614
0.076,-0.614
0.077,-0.614
0.078,-0.614
0.079,-0.614
0.08,-0.614
0.081,-0.614
0.082,-0.614
0.085,-0.614
0.088,-0.614
0.089,-0.614
0.09,-0.614
0.091,-0.614
0.092,-0.614
0.099,-0.614
0.104,-0.614
0.105,-0.614
0.106,-0.614
0.107,-0.614
0.108,-0.614
0.109,-0.614
0.11,-0.614
0.111,-0.614
0.112,-0.614
0.113,-0.614
0.114,-0.614
0.115,-0.614
0.116,-0.614
0.117,-0.614
0.118,-0.614
0.119,-0.614
0.12,-0.614
0.121,-0.614
0.122,-0.614
0.123,-0.614
0.124,-0.614
0.125,-0.614
0.126,-0.614
0.127,-0.614
0.128,-0.614
0.129,-0.614
0.13,-0.614
0.131,-0.614
0.132,-0.614
0.133,-0.614
0.134,-0.614
0.135,-0.614
0.136,-0.614
0.137,-0.614
0.138,-0.614
0.139,-0.614
0.14,-0.614
0.142,-0.614
0.152,-0.614
0.153,-0.614
-0.55,-0.613
-0.545,-0.613
-0.543,-0.613
-0.542,-0.613
-0.541,-0.613
-0.54,-0.613
-0.539,-0.613
-0.538,-0.613
-0.537,-0.613
-0.535,-0.613
-0.534,-0.613
-0.533,-0.613
-0.532,-0.613
-0.531,-0.613
-0.53,-0.613
-0.529,-0.613
-0.528,-0.613
-0.527,-0.613
-0.526,-0.613
-0.523,-0.613
-0.511,-0.613
-0.506,-0.613
-0.502,-0.613
-0.491,-0.613
-0.486,-0.613
-0.481,-0.613
-0.381,-0.613
-0.38,-0.613
-0.379,-0.613
-0.376,-0.613
-0.374,-0.613
-0.373,-0.613
-0.372,-0.613
-0.371,-0.613
-0.37,-0.613
-0.369,-0.613
-0.368,-0.613
-0.367,-0.613
-0.366,-0.613
-0.365,-0.613
-0.364,-0.613
-0.363,-0.613
-0.362,-0.613
-0.361,-0.613
-0.36,-0.613
-0.359,-0.613
-0.358,-0.613
-0.357,-0.613
-0.356,-0.613
-0.355,-0.613
-0.354,-0.613
-0.353,-0.613
-0.352,-0.613
-0.351,-0.613
-0.35,-0.613
-0.349,-0.613
-0.348,-0.613
-0.347,-0.613
-0.346,-0.613
-0.345,-0.613
-0.344,-0.613
-0.343,-0.613
-0.339,-0.613
-0.337,-0.613
-0.336,-0.613
-0.335,-0.613
-0.334,-0.613
-0.332,-0.613
-0.331,-0.613
-0.33,-0.613
-0.329,-0.613
-0.328,-0.613
-0.327,-0.613
-0.326,-0.613
-0.325,-0.613
-0.324,-0.613
-0.323,-0.613
-0.322,-0.613
-0.321,-0.613
-0.32,-0.613
-0.319,-0.613
-0.318,-0.613
-0.317,-0.613
-0.316,-0.613
-0.315,-0.613
-0.314,-0.613
-0.313,-0.613
-0.312,-0.613
-0.311,-0.613
-0.31,-0.613
-0.309,-0.613
-0.308,-0.613
-0.307,-0.613
-0.306,-0.613
-0.305,-0.613
-0.304,-0.613
-0.303,-0.613
-0.302,-0.613
-0.301,-0.613
-0.3,-0.613
-0.299,-0.613
-0.298,-0.613
-0.297,-0.613
-0.296,-0.613
-0.295,-0.613
-0.294,-0.613
-0.293,-0.613
-0.292,-0.613
-0.291,-0.613
-0.29,-0.613
-0.289,-0.613
-0.288,-0.613
-0.287,-0.613
-0.286,-0.613
-0.285,-0.613
-0.284,-0.613
-0.283,-0.613
-0.282,-0.613
-0.281,-0.613
-0.28,-0.613
-0.279,-0.613
-0.278,-0.613
-0.277,-0.613
-0.276,-0.613
-0.275,-0.613
-0.274,-0.613
-0.273,-0.613
-0.272,-0.613
-0.271,-0.613
-0.27,-0.613
-0.269,-0.613
-0.268,-0.613
-0.267,-0.613
-0.266,-0.613
-0.265,-0.613
-0.264,-0.613
-0.263,-0.613
-0.262,-0.613
-0.261,-0.613
-0.26,-0.613
-0.259,-0.613
-0.258,-0.613
-0.257,-0.613
-0.256,-0.613
-0.255,-0.613
-0.254,-0.613
-0.253,-0.613
-0.252,-0.613
-0.251,-0.613
-0.25,-0.613
-0.249,-0.613
-0.248,-0.613
-0.247,-0.613
-0.246,-0.613
-0.245,-0.613
-0.244,-0.613
-0.243,-0.613
-0.242,-0.613
-0.241,-0.613
-0.24,-0.613
-0.239,-0.613
-0.238,-0.613
-0.237,-0.613
-0.236,-0.613
-0.235,-0.613
-0.234,-0.613
-0.233,-0.613
-0.232,-0.613
-0.231,-0.613
-0.23,-0.613
-0.229,-0.613
-0.228,-0.613
-0.227,-0.613
-0.226,-0.613
-0.225,-0.613
-0.224,-0.613
-0.223,-0.613
-0.222,-0.613
-0.221,-0.613
-0.22,-0.613
-0.219,-0.613
-0.218,-0.613
-0.217,-0.613
-0.216,-0.613
-0.215,-0.613
-0.214,-0.613
-0.213,-0.613
-0.212,-0.613
-0.211,-0.613
-0.21,-0.613
-0.209,-0.613
-0.208,-0.613
-0.207,-0.613
-0.206,-0.613
-0.205,-0.613
-0.204,-0.613
-0.203,-0.613
-0.202,-0.613
-0.201,-0.613
-0.2,-0.613
-0.199,-0.613
-0.198,-0.613
-0.197,-0.613
-0.196,-0.613
-0.195,-0.613
-0.194,-0.613
-0.193,-0.613
-0.192,-0.613
-0.191,-0.613
-0.19,-0.613
-0.189,-0.613
-0.188,-0.613
-0.187,-0.613
-0.186,-0.613
-0.185,-0.613
-0.184,-0.613
-0.183,-0.613
-0.182,-0.613
-0.181,-0.613
-0.18,-0.613
-0.179,-0.613
-0.178,-0.613
-0.177,-0.613
-0.176,-0.613
-0.175,-0.613
-0.174,-0.613
-0.173,-0.613
-0.172,-0.613
-0.171,-0.613
-0.17,-0.613
-0.169,-0.613
-0.168,-0.613
-0.167,-0.613
-0.166,-0.613
-0.165,-0.613
-0.164,-0.613
-0.163,-0.613
-0.162,-0.613
-0.161,-0.613
-0.16,-0.613
-0.159,-0.613
-0.158,-0.613
-0.157,-0.613
-0.156,-0.613
-0.155,-0.613
-0.154,-0.613
-0.153,-0.613
-0.152,-0.613
-0.151,-0.613
-0.15,-0.613
-0.149,-0.613
-0.148,-0.613
-0.147,-0.613
-0.146,-0.613
-0.145,-0.613
-0.144,-0.613
-0.143,-0.613
-0.142,-0.613
-0.141,-0.613
-0.14,-0.613
-0.139,-0.613
-0.138,-0.613
-0.137,-0.613
-0.136,-0.613
-0.135,-0.613
-0.134,-0.613
-0.133,-0.613
-0.132,-0.613
-0.131,-0.613
-0.13,-0.613
-0.129,-0.613
-0.128,-0.613
-0.127,-0.613
-0.126,-0.613
-0.125,-0.613
-0.124,-0.613
-0.123,-0.613
-0.122,-0.613
-0.121,-0.613
-0.12,-0.613
-0.119,-0.613
-0.118,-0.613
-0.117,-0.613
-0.116,-0.613
-0.115,-0.613
-0.114,-0.613
-0.113,-0.613
-0.112,-0.613
-0.111,-0.613
-0.11,-0.613
-0.109,-0.613
-0.108,-0.613
-0.107,-0.613
-0.106,-0.613
-0.105,-0.613
-0.104,-0.613
-0.103,-0.613
-0.102,-0.613
-0.101,-0.613
-0.1,-0.613
-0.099,-0.613
-0.098,-0.613
-0.097,-0.613
-0.096,-0.613
-0.095,-0.613
-0.094,-0.613
-0.093,-0.613
-0.092,-0.613
-0.091,-0.613
-0.09,-0.613
-0.089,-0.613
-0.088,-0.613
-0.087,-0.613
-0.086,-0.613
-0.085,-0.613
-0.084,-0.613
-0.083,-0.613
-0.082,-0.613
-0.081,-0.613
-0.08,-0.613
-0.079,-0.613
-0.078,-0.613
-0.077,-0.613
-0.076,-0.613
-0.075,-0.613
-0.074,-0.613
-0.073,-0.613
-0.072,-0.613
-0.071,-0.613
-0.07,-0.613
-0.069,-0.613
-0.068,-0.613
-0.067,-0.613
-0.066,-0.613
-0.065,-0.613
-0.064,-0.613
-0.063,-0.613
-0.062,-0.613
-0.061,-0.613
-0.06,-0.613
-0.059,-0.613
-0.058,-0.613
-0.057,-0.613
-0.056,-0.613
-0.055,-0.613
-0.054,-0.613
-0.053,-0.613
-0.052,-0.613
-0.051,-0.613
-0.05,-0.613
-0.049,-0.613
-0.048,-0.613
-0.047,-0.613
-0.046,-0.613
-0.045,-0.613
-0.044,-0.613
-0.043,-0.613
-0.042,-0.613
-0.041,-0.613
-0.04,-0.613
-0.039,-0.613
-0.038,-0.613
-0.037,-0.613
-0.036,-0.613
-0.035,-0.613
-0.034,-0.613
-0.033,-0.613
-0.032,-0.613
-0.031,-0.613
-0.03,-0.613
-0.029,-0.613
-0.028,-0.613
-0.027,-0.613
-0.026,-0.613
-0.025,-0.613
-0.024,-0.613
-0.023,-0.613
-0.022,-0.613
-0.021,-0.613
-0.02,-0.613
-0.019,-0.613
-0.018,-0.613
-0.017,-0.613
-0.016,-0.613
-0.015,-0.613
-0.014,-0.613
-0.013,-0.613
-0.012,-0.613
-0.011,-0.613
-0.01,-0.613
-0.009,-0.613
-0.008,-0.613
-0.007,-0.613
-0.006,-0.613
-0.005,-0.613
-0.004,-0.613
-0.003,-0.613
-0.002,-0.613
-0.001,-0.613
0.0,-0.613
0.001,-0.613
0.002,-0.613
0.003,-0.613
0.004,-0.613
0.005,-0.613
0.006,-0.613
0.007,-0.613
0.008,-0.613
0.009,-0.613
0.01,-0.613
0.011,-0.613
0.012,-0.613
0.013,-0.613
0.014,-0.613
0.015,-0.613
0.016,-0.613
0.017,-0.613
0.018,-0.613
0.019,-0.613
0.02,-0.613
0.021,-0.613
0.022,-0.613
0.023,-0.613
0.024,-0.613
0.025,-0.613
0.026,-0.613
0.027,-0.613
0.028,-0.613
0.029,-0.613
0.03,-0.613
0.031,-0.613
0.032,-0.613
0.033,-0.613
0.034,-0.613
0.035,-0.613
0.036,-0.613
0.037,-0.613
0.038,-0.613
0.039,-0.613
0.04,-0.613
0.041,-0.613
0.042,-0.613
0.043,-0.613
0.044,-0.613
0.045,-0.613
0.046,-0.613
0.047,-0.613
0.048,-0.613
0.049,-0.613
0.05,-0.613
0.051,-0.613
0.052,-0.613
0.053,-0.613
0.054,-0.613
0.055,-0.613
0.056,-0.613
0.057,-0.613
0.058,-0.613
0.059,-0.613
0.06,-0.613
0.061,-0.613
0.062,-0.613
0.063,-0.613
0.064,-0.613
0.065,-0.613
0.066,-0.613
0.067,-0.613
0.068,-0.613
0.069,-0.613
0.07,-0.613
0.071,-0.613
0.072,-0.613
0.073,-0.613
0.074,-0.613
0.075,-0.613
0.076,-0.613
0.077,-0.613
0.078,-0.613
0.079,-0.613
0.08,-0.613
0.081,-0.613
0.087,-0.613
0.089,-0.613
0.09,-0.613
0.091,-0.613
0.092,-0.613
0.102,-0.613
0.103,-0.613
0.104,-0.613
0.105,-0.613
0.106,-0.613
0.107,-0.613
0.108,-0.613
0.109,-0.613
0.11,-0.613
0.111,-0.613
0.112,-0.613
0.113,-0.613
0.114,-0.613
0.115,-0.613
0.116,-0.613
0.117,-0.613
0.118,-0.613
0.119,-0.613
0.12,-0.613
0.121,-0.613
0.122,-0.613
0.123,-0.613
0.124,-0.613
0.125,-0.613
0.126,-0.613
0.127,-0.613
0.128,-0.613
0.129,-0.613
0.13,-0.613
0.131,-0.613
0.132,-0.613
0.133,-0.613
0.134,-0.613
0.135,-0.613
0.136,-0.613
0.137,-0.613
0.138,-0.613
0.139,-0.613
0.14,-0.613
0.141,-0.613
0.142,-0.613
0.146,-0.613
0.156,-0.613
-0.543,-0.612
-0.542,-0.612
-0.541,-0.612
-0.54,-0.612
-0.539,-0.612
-0.538,-0.612
-0.537,-0.612
-0.536,-0.612
-0.535,-0.612
-0.534,-0.612
-0.533,-0.612
-0.532,-0.612
-0.531,-0.612
-0.53,-0.612
-0.529,-0.612
-0.528,-0.612
-0.527,-0.612
-0.523,-0.612
-0.522,-0.612
-0.518,-0.612
-0.483,-0.612
-0.379,-0.612
-0.377,-0.612
-0.376,-0.612
-0.375,-0.612
-0.374,-0.612
-0.373,-0.612
-0.372,-0.612
-0.371,-0.612
-0.37,-0.612
-0.369,-0.612
-0.368,-0.612
-0.367,-0.612
-0.366,-0.612
-0.365,-0.612
-0.364,-0.612
-0.363,-0.612
-0.362,-0.612
-0.361,-0.612
-0.36,-0.612
-0.359,-0.612
-0.358,-0.612
-0.357,-0.612
-0.356,-0.612
-0.355,-0.612
-0.354,-0.612
-0.353,-0.612
-0.352,-0.612
-0.351,-0.612
-0.35,-0.612
-0.349,-0.612
-0.348,-0.612
-0.347,-0.612
-0.346,-0.612
-0.345,-0.612
-0.344,-0.612
-0.343,-0.612
-0.34,-0.612
-0.339,-0.612
-0.338,-0.612
-0.337,-0.612
-0.336,-0.612
-0.335,-0.612
-0.334,-0.612
-0.333,-0.612
-0.332,-0.612
-0.331,-0.612
-0.33,-0.612
-0.329,-0.612
-0.328,-0.612
-0.327,-0.612
-0.326,-0.612
-0.325,-0.612
-0.324,-0.612
-0.323,-0.612
-0.322,-0.612
-0.321,-0.612
-0.32,-0.612
-0.319,-0.612
-0.318,-0.612
-0.317,-0.612
-0.316,-0.612
-0.315,-0.612
-0.314,-0.612
-0.313,-0.612
-0.312,-0.612
-0.311,-0.612
-0.31,-0.612
-0.309,-0.612
-0.308,-0.612
-0.307,-0.612
-0.306,-0.612
-0.305,-0.612
-0.304,-0.612
-0.303,-0.612
-0.302,-0.612
-0.301,-0.612
-0.3,-0.612
-0.299,-0.612
-0.298,-0.612
-0.297,-0.612
-0.296,-0.612
-0.295,-0.612
-0.294,-0.612
-0.293,-0.612
-0.292,-0.612
-0.291,-0.612
-0.29,-0.612
-0.289,-0.612
-0.288,-0.612
-0.287,-0.612
-0.286,-0.612
-0.285,-0.612
-0.284,-0.612
-0.283,-0.612
-0.282,-0.612
-0.281,-0.612
-0.28,-0.612
-0.279,-0.612
-0.278,-0.612
-0.277,-0.612
-0.276,-0.612
-0.275,-0.612
-0.274,-0.612
-0.273,-0.612
-0.272,-0.612
-0.271,-0.612
-0.27,-0.612
-0.269,-0.612
-0.268,-0.612
-0.267,-0.612
-0.266,-0.612
-0.265,-0.612
-0.264,-0.612
-0.263,-0.612
-0.262,-0.612
-0.261,-0.612
-0.26,-0.612
-0.259,-0.612
-0.258,-0.612
-0.257,-0.612
-0.256,-0.612
-0.255,-0.612
-0.254,-0.612
-0.253,-0.612
-0.252,-0.612
-0.251,-0.612
-0.25,-0.612
-0.249,-0.612
-0.248,-0.612
-0.247,-0.612
-0.246,-0.612
-0.245,-0.612
-0.244,-0.612
-0.243,-0.612
-0.242,-0.612
-0.241,-0.612
-0.24,-0.612
-0.239,-0.612
-0.238,-0.612
-0.237,-0.612
-0.236,-0.612
-0.235,-0.612
-0.234,-0.612
-0.233,-0.612
-0.232,-0.612
-0.231,-0.612
-0.23,-0.612
-0.229,-0.612
-0.228,-0.612
-0.227,-0.612
-0.226,-0.612
-0.225,-0.612
-0.224,-0.612
-0.223,-0.612
-0.222,-0.612
-0.221,-0.612
-0.22,-0.612
-0.219,-0.612
-0.218,-0.612
-0.217,-0.612
-0.216,-0.612
-0.215,-0.612
-0.214,-0.612
-0.213,-0.612
-0.212,-0.612
-0.211,-0.612
-0.21,-0.612
-0.209,-0.612
-0.208,-0.612
-0.207,-0.612
-0.206,-0.612
-0.205,-0.612
-0.204,-0.612
-0.203,-0.612
-0.202,-0.612
-0.201,-0.612
-0.2,-0.612
-0.199,-0.612
-0.198,-0.612
-0.197,-0.612
-0.196,-0.612
-0.195,-0.612
-0.194,-0.612
-0.193,-0.612
-0.192,-0.612
-0.191,-0.612
-0.19,-0.612
-0.189,-0.612
-0.188,-0.612
-0.187,-0.612
-0.186,-0.612
-0.185,-0.612
-0.184,-0.612
-0.183,-0.612
-0.182,-0.612
-0.181,-0.612
-0.18,-0.612
-0.179,-0.612
-0.178,-0.612
-0.177,-0.612
-0.176,-0.612
-0.175,-0.612
-0.174,-0.612
-0.173,-0.612
-0.172,-0.612
-0.171,-0.612
-0.17,-0.612
-0.169,-0.612
-0.168,-0.612
-0.167,-0.612
-0.166,-0.612
-0.165,-0.612
-0.164,-0.612
-0.163,-0.612
-0.162,-0.612
-0.161,-0.612
-0.16,-0.612
-0.159,-0.612
-0.158,-0.612
-0.157,-0.612
-0.156,-0.612
-0.155,-0.612
-0.154,-0.612
-0.153,-0.612
-0.152,-0.612
-0.151,-0.612
-0.15,-0.612
-0.149,-0.612
-0.148,-0.612
-0.147,-0.612
-0.146,-0.612
-0.145,-0.612
-0.144,-0.612
-0.143,-0.612
-0.142,-0.612
-0.141,-0.612
-0.14,-0.612
-0.139,-0.612
-0.138,-0.612
-0.137,-0.612
-0.136,-0.612
-0.135,-0.612
-0.134,-0.612
-0.133,-0.612
-0.132,-0.612
-0.131,-0.612
-0.13,-0.612
-0.129,-0.612
-0.128,-0.612
-0.127,-0.612
-0.126,-0.612
-0.125,-0.612
-0.124,-0.612
-0.123,-0.612
-0.122,-0.612
-0.121,-0.612
-0.12,-0.612
-0.119,-0.612
-0.118,-0.612
-0.117,-0.612
-0.116,-0.612
-0.115,-0.612
-0.114,-0.612
-0.113,-0.612
-0.112,-0.612
-0.111,-0.612
-0.11,-0.612
-0.109,-0.612
-0.108,-0.612
-0.107,-0.612
-0.106,-0.612
-0.105,-0.612
-0.104,-0.612
-0.103,-0.612
-0.102,-0.612
-0.101,-0.612
-0.1,-0.612
-0.099,-0.612
-0.098,-0.612
-0.097,-0.612
-0.096,-0.612
-0.095,-0.612
-0.094,-0.612
-0.093,-0.612
-0.092,-0.612
-0.091,-0.612
-0.09,-0.612
-0.089,-0.612
-0.088,-0.612
-0.087,-0.612
-0.086,-0.612
-0.085,-0.612
-0.084,-0.612
-0.083,-0.612
-0.082,-0.612
-0.081,-0.612
-0.08,-0.612
-0.079,-0.612
-0.078,-0.612
-0.077,-0.612
-0.076,-0.612
-0.075,-0.612
-0.074,-0.612
-0.073,-0.612
-0.072,-0.612
-0.071,-0.612
-0.07,-0.612
-0.069,-0.612
-0.068,-0.612
-0.067,-0.612
-0.066,-0.612
-0.065,-0.612
-0.064,-0.612
-0.063,-0.612
-0.062,-0.612
-0.061,-0.612
-0.06,-0.612
-0.059,-0.612
-0.058,-0.612
-0.057,-0.612
-0.056,-0.612
-0.055,-0.612
-0.054,-0.612
-0.053,-0.612
-0.052,-0.612
-0.051,-0.612
-0.05,-0.612
-0.049,-0.612
-0.048,-0.612
-0.047,-0.612
-0.046,-0.612
-0.045,-0.612
-0.044,-0.612
-0.043,-0.612
-0.042,-0.612
-0.041,-0.612
-0.04,-0.612
-0.039,-0.612
-0.038,-0.612
-0.037,-0.612
-0.036,-0.612
-0.035,-0.612
-0.034,-0.612
-0.033,-0.612
-0.032,-0.612
-0.031,-0.612
-0.03,-0.612
-0.029,-0.612
-0.028,-0.612
-0.027,-0.612
-0.026,-0.612
-0.025,-0.612
-0.024,-0.612
-0.023,-0.612
-0.022,-0.612
-0.021,-0.612
-0.02,-0.612
-0.019,-0.612
-0.018,-0.612
-0.017,-0.612
-0.016,-0.612
-0.015,-0.612
-0.014,-0.612
-0.013,-0.612
-0.012,-0.612
-0.011,-0.612
-0.01,-0.612
-0.009,-0.612
-0.008,-0.612
-0.007,-0.612
-0.006,-0.612
-0.005,-0.612
-0.004,-0.612
-0.003,-0.612
-0.002,-0.612
-0.001,-0.612
0.0,-0.612
0.001,-0.612
0.002,-0.612
0.003,-0.612
0.004,-0.612
0.005,-0.612
0.006,-0.612
0.007,-0.612
0.008,-0.612
0.009,-0.612
0.01,-0.612
0.011,-0.612
0.012,-0.612
0.013,-0.612
0.014,-0.612
0.015,-0.612
0.016,-0.612
0.017,-0.612
0.018,-0.612
0.019,-0.612
0.02,-0.612
0.021,-0.612
0.022,-0.612
0.023,-0.612
0.024,-0.612
0.025,-0.612
0.026,-0.612
0.027,-0.612
0.028,-0.612
0.029,-0.612
0.03,-0.612
0.031,-0.612
0.032,-0.612
0.033,-0.612
0.034,-0.612
0.035,-0.612
0.036,-0.612
0.037,-0.612
0.038,-0.612
0.039,-0.612
0.04,-0.612
0.041,-0.612
0.042,-0.612
0.043,-0.612
0.044,-0.612
0.045,-0.612
0.046,-0.612
0.047,-0.612
0.048,-0.612
0.049,-0.612
0.05,-0.612
0.051,-0.612
0.052,-0.612
0.053,-0.612
0.054,-0.612
0.055,-0.612
0.056,-0.612
0.057,-0.612
0.058,-0.612
0.059,-0.612
0.06,-0.612
0.061,-0.612
0.062,-0.612
0.063,-0.612
0.064,-0.612
0.065,-0.612
0.066,-0.612
0.067,-0.612
0.068,-0.612
0.069,-0.612
0.07,-0.612
0.071,-0.612
0.072,-0.612
0.073,-0.612
0.074,-0.612
0.075,-0.612
0.076,-0.612
0.077,-0.612
0.078,-0.612
0.081,-0.612
0.082,-0.612
0.083,-0.612
0.084,-0.612
0.086,-0.612
0.088,-0.612
0.089,-0.612
0.091,-0.612
0.093,-0.612
0.102,-0.612
0.103,-0.612
0.104,-0.612
0.105,-0.612
0.106,-0.612
0.107,-0.612
0.108,-0.612
0.109,-0.612
0.11,-0.612
0.111,-0.612
0.112,-0.612
0.113,-0.612
0.114,-0.612
0.115,-0.612
0.116,-0.612
0.117,-0.612
0.118,-0.612
0.119,-0.612
0.12,-0.612
0.121,-0.612
0.122,-0.612
0.123,-0.612
0.124,-0.612
0.125,-0.612
0.126,-0.612
0.127,-0.612
0.128,-0.612
0.129,-0.612
0.13,-0.612
0.131,-0.612
0.132,-0.612
0.133,-0.612
0.134,-0.612
0.135,-0.612
0.136,-0.612
0.137,-0.612
0.138,-0.612
0.139,-0.612
0.14,-0.612
0.141,-0.612
0.142,-0.612
0.143,-0.612
0.146,-0.612
0.148,-0.612
0.156,-0.612
0.263,-0.612
-0.543,-0.611
-0.542,-0.611
-0.541,-0.611
-0.54,-0.611
-0.539,-0.611
-0.538,-0.611
-0.537,-0.611
-0.536,-0.611
-0.535,-0.611
-0.534,-0.611
-0.533,-0.611
-0.532,-0.611
-0.531,-0.611
-0.53,-0.611
-0.529,-0.611
-0.528,-0.611
-0.527,-0.611
-0.526,-0.611
-0.497,-0.611
-0.483,-0.611
-0.413,-0.611
-0.381,-0.611
-0.38,-0.611
-0.379,-0.611
-0.377,-0.611
-0.376,-0.611
-0.375,-0.611
-0.374,-0.611
-0.373,-0.611
-0.372,-0.611
-0.371,-0.611
-0.37,-0.611
-0.369,-0.611
-0.368,-0.611
-0.367,-0.611
-0.366,-0.611
-0.365,-0.611
-0.364,-0.611
-0.363,-0.611
-0.362,-0.611
-0.361,-0.611
-0.36,-0.611
-0.359,-0.611
-0.358,-0.611
-0.357,-0.611
-0.356,-0.611
-0.355,-0.611
-0.354,-0.611
-0.353,-0.611
-0.352,-0.611
-0.351,-0.611
-0.35,-0.611
-0.349,-0.611
-0.348,-0.611
-0.347,-0.611
-0.346,-0.611
-0.345,-0.611
-0.344,-0.611
-0.341,-0.611
-0.339,-0.611
-0.338,-0.611
-0.337,-0.611
-0.336,-0.611
-0.335,-0.611
-0.334,-0.611
-0.333,-0.611
-0.332,-0.611
-0.331,-0.611
-0.33,-0.611
-0.329,-0.611
-0.328,-0.611
-0.327,-0.611
-0.326,-0.611
-0.325,-0.611
-0.324,-0.611
-0.323,-0.611
-0.322,-0.611
-0.321,-0.611
-0.32,-0.611
-0.319,-0.611
-0.318,-0.611
-0.317,-0.611
-0.316,-0.611
-0.315,-0.611
-0.314,-0.611
-0.313,-0.611
-0.312,-0.611
-0.311,-0.611
-0.31,-0.611
-0.309,-0.611
-0.308,-0.611
-0.307,-0.611
-0.306,-0.611
-0.305,-0.611
-0.304,-0.611
-0.303,-0.611
-0.302,-0.611
-0.301,-0.611
-0.3,-0.611
-0.299,-0.611
-0.298,-0.611
-0.297,-0.611
-0.296,-0.611
-0.295,-0.611
-0.294,-0.611
-0.293,-0.611
-0.292,-0.611
-0.291,-0.611
-0.29,-0.611
-0.289,-0.611
-0.288,-0.611
-0.287,-0.611
-0.286,-0.611
-0.285,-0.611
-0.284,-0.611
-0.283,-0.611
-0.282,-0.611
-0.281,-0.611
-0.28,-0.611
-0.279,-0.611
-0.278,-0.611
-0.277,-0.611
-0.276,-0.611
-0.275,-0.611
-0.274,-0.611
-0.273,-0.611
-0.272,-0.611
-0.271,-0.611
-0.27,-0.611
-0.269,-0.611
-0.268,-0.611
-0.267,-0.611
-0.266,-0.611
-0.265,-0.611
-0.264,-0.611
-0.263,-0.611
-0.262,-0.611
-0.261,-0.611
-0.26,-0.611
-0.259,-0.611
-0.258,-0.611
-0.257,-0.611
-0.256,-0.611
-0.255,-0.611
-0.254,-0.611
-0.253,-0.611
-0.252,-0.611
-0.251,-0.611
-0.25,-0.611
-0.249,-0.611
-0.248,-0.611
-0.247,-0.611
-0.246,-0.611
-0.245,-0.611
-0.244,-0.611
-0.243,-0.611
-0.242,-0.611
-0.241,-0.611
-0.24,-0.611
-0.239,-0.611
-0.238,-0.611
-0.237,-0.611
-0.236,-0.611
-0.235,-0.611
-0.234,-0.611
-0.233,-0.611
-0.232,-0.611
-0.231,-0.611
-0.23,-0.611
-0.229,-0.611
-0.228,-0.611
-0.227,-0.611
-0.226,-0.611
-0.225,-0.611
-0.224,-0.611
-0.223,-0.611
-0.222,-0.611
-0.221,-0.611
-0.22,-0.611
-0.219,-0.611
-0.218,-0.611
-0.217,-0.611
-0.216,-0.611
-0.215,-0.611
-0.214,-0.611
-0.213,-0.611
-0.212,-0.611
-0.211,-0.611
-0.21,-0.611
-0.209,-0.611
-0.208,-0.611
-0.207,-0.611
-0.206,-0.611
-0.205,-0.611
-0.204,-0.611
-0.203,-0.611
-0.202,-0.611
-0.201,-0.611
-0.2,-0.611
-0.199,-0.611
-0.198,-0.611
-0.197,-0.611
-0.196,-0.611
-0.195,-0.611
-0.194,-0.611
-0.193,-0.611
-0.192,-0.611
-0.191,-0.611
-0.19,-0.611
-0.189,-0.611
-0.188,-0.611
-0.187,-0.611
-0.186,-0.611
-0.185,-0.611
-0.184,-0.611
-0.183,-0.611
-0.182,-0.611
-0.181,-0.611
-0.18,-0.611
-0.179,-0.611
-0.178,-0.611
-0.177,-0.611
-0.176,-0.611
-0.175,-0.611
-0.174,-0.611
-0.173,-0.611
-0.172,-0.611
-0.171,-0.611
-0.17,-0.611
-0.169,-0.611
-0.168,-0.611
-0.167,-0.611
-0.166,-0.611
-0.165,-0.611
-0.164,-0.611
-0.163,-0.611
-0.162,-0.611
-0.161,-0.611
-0.16,-0.611
-0.159,-0.611
-0.158,-0.611
-0.157,-0.611
-0.156,-0.611
-0.155,-0.611
-0.154,-0.611
-0.153,-0.611
-0.152,-0.611
-0.151,-0.611
-0.15,-0.611
-0.149,-0.611
-0.148,-0.611
-0.147,-0.611
-0.146,-0.611
-0.145,-0.611
-0.144,-0.611
-0.143,-0.611
-0.142,-0.611
-0.141,-0.611
-0.14,-0.611
-0.139,-0.611
-0.138,-0.611
-0.137,-0.611
-0.136,-0.611
-0.135,-0.611
-0.134,-0.611
-0.133,-0.611
-0.132,-0.611
-0.131,-0.611
-0.13,-0.611
-0.129,-0.611
-0.128,-0.611
-0.127,-0.611
-0.126,-0.611
-0.125,-0.611
-0.124,-0.611
-0.123,-0.611
-0.122,-0.611
-0.121,-0.611
-0.12,-0.611
-0.119,-0.611
-0.118,-0.611
-0.117,-0.611
-0.116,-0.611
-0.115,-0.611
-0.114,-0.611
-0.113,-0.611
-0.112,-0.611
-0.111,-0.611
-0.11,-0.611
-0.109,-0.611
-0.108,-0.611
-0.107,-0.611
-0.106,-0.611
-0.105,-0.611
-0.104,-0.611
-0.103,-0.611
-0.102,-0.611
-0.101,-0.611
-0.1,-0.611
-0.099,-0.611
-0.098,-0.611
-0.097,-0.611
-0.096,-0.611
-0.095,-0.611
-0.094,-0.611
-0.093,-0.611
-0.092,-0.611
-0.091,-0.611
-0.09,-0.611
-0.089,-0.611
-0.088,-0.611
-0.087,-0.611
-0.086,-0.611
-0.085,-0.611
-0.084,-0.611
-0.083,-0.611
-0.082,-0.611
-0.081,-0.611
-0.08,-0.611
-0.079,-0.611
-0.078,-0.611
-0.077,-0.611
-0.076,-0.611
-0.075,-0.611
-0.074,-0.611
-0.073,-0.611
-0.072,-0.611
-0.071,-0.611
-0.07,-0.611
-0.069,-0.611
-0.068,-0.611
-0.067,-0.611
-0.066,-0.611
-0.065,-0.611
-0.064,-0.611
-0.063,-0.611
-0.062,-0.611
-0.061,-0.611
-0.06,-0.611
-0.059,-0.611
-0.058,-0.611
-0.057,-0.611
-0.056,-0.611
-0.055,-0.611
-0.054,-0.611
-0.053,-0.611
-0.052,-0.611
-0.051,-0.611
-0.05,-0.611
-0.049,-0.611
-0.048,-0.611
-0.047,-0.611
-0.046,-0.611
-0.045,-0.611
-0.044,-0.611
-0.043,-0.611
-0.042,-0.611
-0.041,-0.611
-0.04,-0.611
-0.039,-0.611
-0.038,-0.611
-0.037,-0.611
-0.036,-0.611
-0.035,-0.611
-0.034,-0.611
-0.033,-0.611
-0.032,-0.611
-0.031,-0.611
-0.03,-0.611
-0.029,-0.611
-0.028,-0.611
-0.027,-0.611
-0.026,-0.611
-0.025,-0.611
-0.024,-0.611
-0.023,-0.611
-0.022,-0.611
-0.021,-0.611
-0.02,-0.611
-0.019,-0.611
-0.018,-0.611
-0.017,-0.611
-0.016,-0.611
-0.015,-0.611
-0.014,-0.611
-0.013,-0.611
-0.012,-0.611
-0.011,-0.611
-0.01,-0.611
-0.009,-0.611
-0.008,-0.611
-0.007,-0.611
-0.006,-0.611
-0.005,-0.611
-0.004,-0.611
-0.003,-0.611
-0.002,-0.611
-0.001,-0.611
0.0,-0.611
0.001,-0.611
0.002,-0.611
0.003,-0.611
0.004,-0.611
0.005,-0.611
0.006,-0.611
0.007,-0.611
0.008,-0.611
0.009,-0.611
0.01,-0.611
0.011,-0.611
0.012,-0.611
0.013,-0.611
0.014,-0.611
0.015,-0.611
0.016,-0.611
0.017,-0.611
0.018,-0.611
0.019,-0.611
0.02,-0.611
0.021,-0.611
0.022,-0.611
0.023,-0.611
0.024,-0.611
0.025,-0.611
0.026,-0.611
0.027,-0.611
0.028,-0.611
0.029,-0.611
0.03,-0.611
0.031,-0.611
0.032,-0.611
0.033,-0.611
0.034,-0.611
0.035,-0.611
0.036,-0.611
0.037,-0.611
0.038,-0.611
0.039,-0.611
0.04,-0.611
0.041,-0.611
0.042,-0.611
0.043,-0.611
0.044,-0.611
0.045,-0.611
0.046,-0.611
0.047,-0.611
0.048,-0.611
0.049,-0.611
0.05,-0.611
0.051,-0.611
0.052,-0.611
0.053,-0.611
0.054,-0.611
0.055,-0.611
0.056,-0.611
0.057,-0.611
0.058,-0.611
0.059,-0.611
0.06,-0.611
0.061,-0.611
0.062,-0.611
0.063,-0.611
0.064,-0.611
0.065,-0.611
0.066,-0.611
0.067,-0.611
0.068,-0.611
0.069,-0.611
0.07,-0.611
0.071,-0.611
0.072,-0.611
0.073,-0.611
0.074,-0.611
0.075,-0.611
0.076,-0.611
0.077,-0.611
0.078,-0.611
0.079,-0.611
0.08,-0.611
0.081,-0.611
0.082,-0.611
0.083,-0.611
0.084,-0.611
0.086,-0.611
0.087,-0.611
0.088,-0.611
0.089,-0.611
0.09,-0.611
0.092,-0.611
0.095,-0.611
0.104,-0.611
0.105,-0.611
0.106,-0.611
0.107,-0.611
0.108,-0.611
0.109,-0.611
0.11,-0.611
0.111,-0.611
0.112,-0.611
0.113,-0.611
0.114,-0.611
0.115,-0.611
0.116,-0.611
0.117,-0.611
0.118,-0.611
0.119,-0.611
0.12,-0.611
0.121,-0.611
0.122,-0.611
0.123,-0.611
0.124,-0.611
0.125,-0.611
0.126,-0.611
0.127,-0.611
0.128,-0.611
0.129,-0.611
0.13,-0.611
0.131,-0.611
0.132,-0.611
0.133,-0.611
0.134,-0.611
0.135,-0.611
0.136,-0.611
0.137,-0.611
0.138,-0.611
0.139,-0.611
0.14,-0.611
0.141,-0.611
0.142,-0.611
0.143,-0.611
0.144,-0.611
0.145,-0.611
-0.545,-0.61
-0.544,-0.61
-0.542,-0.61
-0.541,-0.61
-0.54,-0.61
-0.539,-0.61
-0.538,-0.61
-0.537,-0.61
-0.536,-0.61
-0.535,-0.61
-0.534,-0.61
-0.533,-0.61
-0.532,-0.61
-0.531,-0.61
-0.53,-0.61
-0.529,-0.61
-0.528,-0.61
-0.527,-0.61
-0.526,-0.61
-0.525,-0.61
-0.524,-0.61
-0.523,-0.61
-0.505,-0.61
-0.502,-0.61
-0.491,-0.61
-0.486,-0.61
-0.481,-0.61
-0.48,-0.61
-0.479,-0.61
-0.478,-0.61
-0.474,-0.61
-0.424,-0.61
-0.38,-0.61
-0.378,-0.61
-0.377,-0.61
-0.376,-0.61
-0.375,-0.61
-0.374,-0.61
-0.373,-0.61
-0.372,-0.61
-0.371,-0.61
-0.37,-0.61
-0.369,-0.61
-0.368,-0.61
-0.367,-0.61
-0.366,-0.61
-0.365,-0.61
-0.364,-0.61
-0.363,-0.61
-0.362,-0.61
-0.361,-0.61
-0.36,-0.61
-0.359,-0.61
-0.358,-0.61
-0.357,-0.61
-0.356,-0.61
-0.355,-0.61
-0.354,-0.61
-0.353,-0.61
-0.352,-0.61
-0.351,-0.61
-0.35,-0.61
-0.349,-0.61
-0.348,-0.61
-0.347,-0.61
-0.346,-0.61
-0.345,-0.61
-0.342,-0.61
-0.341,-0.61
-0.34,-0.61
-0.339,-0.61
-0.338,-0.61
-0.337,-0.61
-0.336,-0.61
-0.335,-0.61
-0.334,-0.61
-0.333,-0.61
-0.332,-0.61
-0.331,-0.61
-0.33,-0.61
-0.329,-0.61
-0.328,-0.61
-0.327,-0.61
-0.326,-0.61
-0.325,-0.61
-0.324,-0.61
-0.323,-0.61
-0.322,-0.61
-0.321,-0.61
-0.32,-0.61
-0.319,-0.61
-0.318,-0.61
-0.317,-0.61
-0.316,-0.61
-0.315,-0.61
-0.314,-0.61
-0.313,-0.61
-0.312,-0.61
-0.311,-0.61
-0.31,-0.61
-0.309,-0.61
-0.308,-0.61
-0.307,-0.61
-0.306,-0.61
-0.305,-0.61
-0.304,-0.61
-0.303,-0.61
-0.302,-0.61
-0.301,-0.61
-0.3,-0.61
-0.299,-0.61
-0.298,-0.61
-0.297,-0.61
-0.296,-0.61
-0.295,-0.61
-0.294,-0.61
-0.293,-0.61
-0.292,-0.61
-0.291,-0.61
-0.29,-0.61
-0.289,-0.61
-0.288,-0.61
-0.287,-0.61
-0.286,-0.61
-0.285,-0.61
-0.284,-0.61
-0.283,-0.61
-0.282,-0.61
-0.281,-0.61
-0.28,-0.61
-0.279,-0.61
-0.278,-0.61
-0.277,-0.61
-0.276,-0.61
-0.275,-0.61
-0.274,-0.61
-0.273,-0.61
-0.272,-0.61
-0.271,-0.61
-0.27,-0.61
-0.269,-0.61
-0.268,-0.61
-0.267,-0.61
-0.266,-0.61
-0.265,-0.61
-0.264,-0.61
-0.263,-0.61
-0.262,-0.61
-0.261,-0.61
-0.26,-0.61
-0.259,-0.61
-0.258,-0.61
-0.257,-0.61
-0.256,-0.61
-0.255,-0.61
-0.254,-0.61
-0.253,-0.61
-0.252,-0.61
-0.251,-0.61
-0.25,-0.61
-0.249,-0.61
-0.248,-0.61
-0.247,-0.61
-0.246,-0.61
-0.245,-0.61
-0.244,-0.61
-0.243,-0.61
-0.242,-0.61
-0.241,-0.61
-0.24,-0.61
-0.239,-0.61
-0.238,-0.61
-0.237,-0.61
-0.236,-0.61
-0.235,-0.61
-0.234,-0.61
-0.233,-0.61
-0.232,-0.61
-0.231,-0.61
-0.23,-0.61
-0.229,-0.61
-0.228,-0.61
-0.227,-0.61
-0.226,-0.61
-0.225,-0.61
-0.224,-0.61
-0.223,-0.61
-0.222,-0.61
-0.221,-0.61
-0.22,-0.61
-0.219,-0.61
-0.218,-0.61
-0.217,-0.61
-0.216,-0.61
-0.215,-0.61
-0.214,-0.61
-0.213,-0.61
-0.212,-0.61
-0.211,-0.61
-0.21,-0.61
-0.209,-0.61
-0.208,-0.61
-0.207,-0.61
-0.206,-0.61
-0.205,-0.61
-0.204,-0.61
-0.203,-0.61
-0.202,-0.61
-0.201,-0.61
-0.2,-0.61
-0.199,-0.61
-0.198,-0.61
-0.197,-0.61
-0.196,-0.61
-0.195,-0.61
-0.194,-0.61
-0.193,-0.61
-0.192,-0.61
-0.191,-0.61
-0.19,-0.61
-0.189,-0.61
-0.188,-0.61
-0.187,-0.61
-0.186,-0.61
-0.185,-0.61
-0.184,-0.61
-0.183,-0.61
-0.182,-0.61
-0.181,-0.61
-0.18,-0.61
-0.179,-0.61
-0.178,-0.61
-0.177,-0.61
-0.176,-0.61
-0.175,-0.61
-0.174,-0.61
-0.173,-0.61
-0.172,-0.61
-0.171,-0.61
-0.17,-0.61
-0.169,-0.61
-0.168,-0.61
-0.167,-0.61
-0.166,-0.61
-0.165,-0.61
-0.164,-0.61
-0.163,-0.61
-0.162,-0.61
-0.161,-0.61
-0.16,-0.61
-0.159,-0.61
-0.158,-0.61
-0.157,-0.61
-0.156,-0.61
-0.155,-0.61
-0.154,-0.61
-0.153,-0.61
-0.152,-0.61
-0.151,-0.61
-0.15,-0.61
-0.149,-0.61
-0.148,-0.61
-0.147,-0.61
-0.146,-0.61
-0.145,-0.61
-0.144,-0.61
-0.143,-0.61
-0.142,-0.61
-0.141,-0.61
-0.14,-0.61
-0.139,-0.61
-0.138,-0.61
-0.137,-0.61
-0.136,-0.61
-0.135,-0.61
-0.134,-0.61
-0.133,-0.61
-0.132,-0.61
-0.131,-0.61
-0.13,-0.61
-0.129,-0.61
-0.128,-0.61
-0.127,-0.61
-0.126,-0.61
-0.125,-0.61
-0.124,-0.61
-0.123,-0.61
-0.122,-0.61
-0.121,-0.61
-0.12,-0.61
-0.119,-0.61
-0.118,-0.61
-0.117,-0.61
-0.116,-0.61
-0.115,-0.61
-0.114,-0.61
-0.113,-0.61
-0.112,-0.61
-0.111,-0.61
-0.11,-0.61
-0.109,-0.61
-0.108,-0.61
-0.107,-0.61
-0.106,-0.61
-0.105,-0.61
-0.104,-0.61
-0.103,-0.61
-0.102,-0.61
-0.101,-0.61
-0.1,-0.61
-0.099,-0.61
-0.098,-0.61
-0.097,-0.61
-0.096,-0.61
-0.095,-0.61
-0.094,-0.61
-0.093,-0.61
-0.092,-0.61
-0.091,-0.61
-0.09,-0.61
-0.089,-0.61
-0.088,-0.61
-0.087,-0.61
-0.086,-0.61
-0.085,-0.61
-0.084,-0.61
-0.083,-0.61
-0.082,-0.61
-0.081,-0.61
-0.08,-0.61
-0.079,-0.61
-0.078,-0.61
-0.077,-0.61
-0.076,-0.61
-0.075,-0.61
-0.074,-0.61
-0.073,-0.61
-0.072,-0.61
-0.071,-0.61
-0.07,-0.61
-0.069,-0.61
-0.068,-0.61
-0.067,-0.61
-0.066,-0.61
-0.065,-0.61
-0.064,-0.61
-0.063,-0.61
-0.062,-0.61
-0.061,-0.61
-0.06,-0.61
-0.059,-0.61
-0.058,-0.61
-0.057,-0.61
-0.056,-0.61
-0.055,-0.61
-0.054,-0.61
-0.053,-0.61
-0.052,-0.61
-0.051,-0.61
-0.05,-0.61
-0.049,-0.61
-0.048,-0.61
-0.047,-0.61
-0.046,-0.61
-0.045,-0.61
-0.044,-0.61
-0.043,-0.61
-0.042,-0.61
-0.041,-0.61
-0.04,-0.61
-0.039,-0.61
-0.038,-0.61
-0.037,-0.61
-0.036,-0.61
-0.035,-0.61
-0.034,-0.61
-0.033,-0.61
-0.032,-0.61
-0.031,-0.61
-0.03,-0.61
-0.029,-0.61
-0.028,-0.61
-0.027,-0.61
-0.026,-0.61
-0.025,-0.61
-0.024,-0.61
-0.023,-0.61
-0.022,-0.61
-0.021,-0.61
-0.02,-0.61
-0.019,-0.61
-0.018,-0.61
-0.017,-0.61
-0.016,-0.61
-0.015,-0.61
-0.014,-0.61
-0.013,-0.61
-0.012,-0.61
-0.011,-0.61
-0.01,-0.61
-0.009,-0.61
-0.008,-0.61
-0.007,-0.61
-0.006,-0.61
-0.005,-0.61
-0.004,-0.61
-0.003,-0.61
-0.002,-0.61
-0.001,-0.61
0.0,-0.61
0.001,-0.61
0.002,-0.61
0.003,-0.61
0.004,-0.61
0.005,-0.61
0.006,-0.61
0.007,-0.61
0.008,-0.61
0.009,-0.61
0.01,-0.61
0.011,-0.61
0.012,-0.61
0.013,-0.61
0.014,-0.61
0.015,-0.61
0.016,-0.61
0.017,-0.61
0.018,-0.61
0.019,-0.61
0.02,-0.61
0.021,-0.61
0.022,-0.61
0.023,-0.61
0.024,-0.61
0.025,-0.61
0.026,-0.61
0.027,-0.61
0.028,-0.61
0.029,-0.61
0.03,-0.61
0.031,-0.61
0.032,-0.61
0.033,-0.61
0.034,-0.61
0.035,-0.61
0.036,-0.61
0.037,-0.61
0.038,-0.61
0.039,-0.61
0.04,-0.61
0.041,-0.61
0.042,-0.61
0.043,-0.61
0.044,-0.61
0.045,-0.61
0.046,-0.61
0.047,-0.61
0.048,-0.61
0.049,-0.61
0.05,-0.61
0.051,-0.61
0.052,-0.61
0.053,-0.61
0.054,-0.61
0.055,-0.61
0.056,-0.61
0.057,-0.61
0.058,-0.61
0.059,-0.61
0.06,-0.61
0.061,-0.61
0.062,-0.61
0.063,-0.61
0.064,-0.61
0.065,-0.61
0.066,-0.61
0.067,-0.61
0.068,-0.61
0.069,-0.61
0.07,-0.61
0.071,-0.61
0.072,-0.61
0.073,-0.61
0.074,-0.61
0.075,-0.61
0.076,-0.61
0.077,-0.61
0.078,-0.61
0.079,-0.61
0.08,-0.61
0.081,-0.61
0.082,-0.61
0.083,-0.61
0.084,-0.61
0.085,-0.61
0.086,-0.61
0.087,-0.61
0.088,-0.61
0.089,-0.61
0.09,-0.61
0.093,-0.61
0.094,-0.61
0.095,-0.61
0.102,-0.61
0.104,-0.61
0.105,-0.61
0.106,-0.61
0.107,-0.61
0.108,-0.61
0.109,-0.61
0.11,-0.61
0.111,-0.61
0.112,-0.61
0.113,-0.61
0.114,-0.61
0.115,-0.61
0.116,-0.61
0.117,-0.61
0.118,-0.61
0.119,-0.61
0.12,-0.61
0.121,-0.61
0.122,-0.61
0.123,-0.61
0.124,-0.61
0.125,-0.61
0.126,-0.61
0.127,-0.61
0.128,-0.61
0.129,-0.61
0.13,-0.61
0.131,-0.61
0.132,-0.61
0.133,-0.61
0.134,-0.61
0.135,-0.61
0.136,-0.61
0.137,-0.61
0.138,-0.61
0.139,-0.61
0.14,-0.61
0.141,-0.61
0.142,-0.61
0.143,-0.61
0.144,-0.61
0.145,-0.61
0.272,-0.61
-0.541,-0.609
-0.54,-0.609
-0.539,-0.609
-0.538,-0.609
-0.537,-0.609
-0.536,-0.609
-0.535,-0.609
-0.534,-0.609
-0.533,-0.609
-0.532,-0.609
-0.531,-0.609
-0.53,-0.609
-0.529,-0.609
-0.528,-0.609
-0.527,-0.609
-0.526,-0.609
-0.525,-0.609
-0.524,-0.609
-0.523,-0.609
-0.5,-0.609
-0.489,-0.609
-0.485,-0.609
-0.484,-0.609
-0.482,-0.609
-0.474,-0.609
-0.412,-0.609
-0.382,-0.609
-0.38,-0.609
-0.379,-0.609
-0.378,-0.609
-0.376,-0.609
-0.375,-0.609
-0.373,-0.609
-0.372,-0.609
-0.371,-0.609
-0.37,-0.609
-0.369,-0.609
-0.368,-0.609
-0.367,-0.609
-0.366,-0.609
-0.365,-0.609
-0.364,-0.609
-0.363,-0.609
-0.362,-0.609
-0.361,-0.609
-0.36,-0.609
-0.359,-0.609
-0.358,-0.609
-0.357,-0.609
-0.356,-0.609
-0.355,-0.609
-0.354,-0.609
-0.353,-0.609
-0.352,-0.609
-0.351,-0.609
-0.35,-0.609
-0.349,-0.609
-0.348,-0.609
-0.347,-0.609
-0.346,-0.609
-0.343,-0.609
-0.342,-0.609
-0.341,-0.609
-0.34,-0.609
-0.339,-0.609
-0.338,-0.609
-0.337,-0.609
-0.336,-0.609
-0.335,-0.609
-0.334,-0.609
-0.333,-0.609
-0.332,-0.609
-0.331,-0.609
-0.33,-0.609
-0.329,-0.609
-0.328,-0.609
-0.327,-0.609
-0.326,-0.609
-0.325,-0.609
-0.324,-0.609
-0.323,-0.609
-0.322,-0.609
-0.321,-0.609
-0.32,-0.609
-0.319,-0.609
-0.318,-0.609
-0.317,-0.609
-0.316,-0.609
-0.315,-0.609
-0.314,-0.609
-0.313,-0.609
-0.312,-0.609
-0.311,-0.609
-0.31,-0.609
-0.309,-0.609
-0.308,-0.609
-0.307,-0.609
-0.306,-0.609
-0.305,-0.609
-0.304,-0.609
-0.303,-0.609
-0.302,-0.609
-0.301,-0.609
-0.3,-0.609
-0.299,-0.609
-0.298,-0.609
-0.297,-0.609
-0.296,-0.609
-0.295,-0.609
-0.294,-0.609
-0.293,-0.609
-0.292,-0.609
-0.291,-0.609
-0.29,-0.609
-0.289,-0.609
-0.288,-0.609
-0.287,-0.609
-0.286,-0.609
-0.285,-0.609
-0.284,-0.609
-0.283,-0.609
-0.282,-0.609
-0.281,-0.609
-0.28,-0.609
-0.279,-0.609
-0.278,-0.609
-0.277,-0.609
-0.276,-0.609
-0.275,-0.609
-0.274,-0.609
-0.273,-0.609
-0.272,-0.609
-0.271,-0.609
-0.27,-0.609
-0.269,-0.609
-0.268,-0.609
-0.267,-0.609
-0.266,-0.609
-0.265,-0.609
-0.264,-0.609
-0.263,-0.609
-0.262,-0.609
-0.261,-0.609
-0.26,-0.609
-0.259,-0.609
-0.258,-0.609
-0.257,-0.609
-0.256,-0.609
-0.255,-0.609
-0.254,-0.609
-0.253,-0.609
-0.252,-0.609
-0.251,-0.609
-0.25,-0.609
-0.249,-0.609
-0.248,-0.609
-0.247,-0.609
-0.246,-0.609
-0.245,-0.609
-0.244,-0.609
-0.243,-0.609
-0.242,-0.609
-0.241,-0.609
-0.24,-0.609
-0.239,-0.609
-0.238,-0.609
-0.237,-0.609
-0.236,-0.609
-0.235,-0.609
-0.234,-0.609
-0.233,-0.609
-0.232,-0.609
-0.231,-0.609
-0.23,-0.609
-0.229,-0.609
-0.228,-0.609
-0.227,-0.609
-0.226,-0.609
-0.225,-0.609
-0.224,-0.609
-0.223,-0.609
-0.222,-0.609
-0.221,-0.609
-0.22,-0.609
-0.219,-0.609
-0.218,-0.609
-0.217,-0.609
-0.216,-0.609
-0.215,-0.609
-0.214,-0.609
-0.213,-0.609
-0.212,-0.609
-0.211,-0.609
-0.21,-0.609
-0.209,-0.609
-0.208,-0.609
-0.207,-0.609
-0.206,-0.609
-0.205,-0.609
-0.204,-0.609
-0.203,-0.609
-0.202,-0.609
-0.201,-0.609
-0.2,-0.609
-0.199,-0.609
-0.198,-0.609
-0.197,-0.609
-0.196,-0.609
-0.195,-0.609
-0.194,-0.609
-0.193,-0.609
-0.192,-0.609
-0.191,-0.609
-0.19,-0.609
-0.189,-0.609
-0.188,-0.609
-0.187,-0.609
-0.186,-0.609
-0.185,-0.609
-0.184,-0.609
-0.183,-0.609
-0.182,-0.609
-0.181,-0.609
-0.18,-0.609
-0.179,-0.609
-0.178,-0.609
-0.177,-0.609
-0.176,-0.609
-0.175,-0.609
-0.174,-0.609
-0.173,-0.609
-0.172,-0.609
-0.171,-0.609
-0.17,-0.609
-0.169,-0.609
-0.168,-0.609
-0.167,-0.609
-0.166,-0.609
-0.165,-0.609
-0.164,-0.609
-0.163,-0.609
-0.162,-0.609
-0.161,-0.609
-0.16,-0.609
-0.159,-0.609
-0.158,-0.609
-0.157,-0.609
-0.156,-0.609
-0.155,-0.609
-0.154,-0.609
-0.153,-0.609
-0.152,-0.609
-0.151,-0.609
-0.15,-0.609
-0.149,-0.609
-0.148,-0.609
-0.147,-0.609
-0.146,-0.609
-0.145,-0.609
-0.144,-0.609
-0.143,-0.609
-0.142,-0.609
-0.141,-0.609
-0.14,-0.609
-0.139,-0.609
-0.138,-0.609
-0.137,-0.609
-0.136,-0.609
-0.135,-0.609
-0.134,-0.609
-0.133,-0.609
-0.132,-0.609
-0.131,-0.609
-0.13,-0.609
-0.129,-0.609
-0.128,-0.609
-0.127,-0.609
-0.126,-0.609
-0.125,-0.609
-0.124,-0.609
-0.123,-0.609
-0.122,-0.609
-0.121,-0.609
-0.12,-0.609
-0.119,-0.609
-0.118,-0.609
-0.117,-0.609
-0.116,-0.609
-0.115,-0.609
-0.114,-0.609
-0.113,-0.609
-0.112,-0.609
-0.111,-0.609
-0.11,-0.609
-0.109,-0.609
-0.108,-0.609
-0.107,-0.609
-0.106,-0.609
-0.105,-0.609
-0.104,-0.609
-0.103,-0.609
-0.102,-0.609
-0.101,-0.609
-0.1,-0.609
-0.099,-0.609
-0.098,-0.609
-0.097,-0.609
-0.096,-0.609
-0.095,-0.609
-0.094,-0.609
-0.093,-0.609
-0.092,-0.609
-0.091,-0.609
-0.09,-0.609
-0.089,-0.609
-0.088,-0.609
-0.087,-0.609
-0.086,-0.609
-0.085,-0.609
-0.084,-0.609
-0.083,-0.609
-0.082,-0.609
-0.081,-0.609
-0.08,-0.609
-0.079,-0.609
-0.078,-0.609
-0.077,-0.609
-0.076,-0.609
-0.075,-0.609
-0.074,-0.609
-0.073,-0.609
-0.072,-0.609
-0.071,-0.609
-0.07,-0.609
-0.069,-0.609
-0.068,-0.609
-0.067,-0.609
-0.066,-0.609
-0.065,-0.609
-0.064,-0.609
-0.063,-0.609
-0.062,-0.609
-0.061,-0.609
-0.06,-0.609
-0.059,-0.609
-0.058,-0.609
-0.057,-0.609
-0.056,-0.609
-0.055,-0.609
-0.054,-0.609
-0.053,-0.609
-0.052,-0.609
-0.051,-0.609
-0.05,-0.609
-0.049,-0.609
-0.048,-0.609
-0.047,-0.609
-0.046,-0.609
-0.045,-0.609
-0.044,-0.609
-0.043,-0.609
-0.042,-0.609
-0.041,-0.609
-0.04,-0.609
-0.039,-0.609
-0.038,-0.609
-0.037,-0.609
-0.036,-0.609
-0.035,-0.609
-0.034,-0.609
-0.033,-0.609
-0.032,-0.609
-0.031,-0.609
-0.03,-0.609
-0.029,-0.609
-0.028,-0.609
-0.027,-0.609
-0.026,-0.609
-0.025,-0.609
-0.024,-0.609
-0.023,-0.609
-0.022,-0.609
-0.021,-0.609
-0.02,-0.609
-0.019,-0.609
-0.018,-0.609
-0.017,-0.609
-0.016,-0.609
-0.015,-0.609
-0.014,-0.609
-0.013,-0.609
-0.012,-0.609
-0.011,-0.609
-0.01,-0.609
-0.009,-0.609
-0.008,-0.609
-0.007,-0.609
-0.006,-0.609
-0.005,-0.609
-0.004,-0.609
-0.003,-0.609
-0.002,-0.609
-0.001,-0.609
0.0,-0.609
0.001,-0.609
0.002,-0.609
0.003,-0.609
0.004,-0.609
0.005,-0.609
0.006,-0.609
0.007,-0.609
0.008,-0.609
0.009,-0.609
0.01,-0.609
0.011,-0.609
0.012,-0.609
0.013,-0.609
0.014,-0.609
0.015,-0.609
0.016,-0.609
0.017,-0.609
0.018,-0.609
0.019,-0.609
0.02,-0.609
0.021,-0.609
0.022,-0.609
0.023,-0.609
0.024,-0.609
0.025,-0.609
0.026,-0.609
0.027,-0.609
0.028,-0.609
0.029,-0.609
0.03,-0.609
0.031,-0.609
0.032,-0.609
0.033,-0.609
0.034,-0.609
0.035,-0.609
0.036,-0.609
0.037,-0.609
0.038,-0.609
0.039,-0.609
0.04,-0.609
0.041,-0.609
0.042,-0.609
0.043,-0.609
0.044,-0.609
0.045,-0.609
0.046,-0.609
0.047,-0.609
0.048,-0.609
0.049,-0.609
0.05,-0.609
0.051,-0.609
0.052,-0.609
0.053,-0.609
0.054,-0.609
0.055,-0.609
0.056,-0.609
0.057,-0.609
0.058,-0.609
0.059,-0.609
0.06,-0.609
0.061,-0.609
0.062,-0.609
0.063,-0.609
0.064,-0.609
0.065,-0.609
0.066,-0.609
0.067,-0.609
0.068,-0.609
0.069,-0.609
0.07,-0.609
0.071,-0.609
0.072,-0.609
0.073,-0.609
0.074,-0.609
0.075,-0.609
0.076,-0.609
0.077,-0.609
0.078,-0.609
0.079,-0.609
0.08,-0.609
0.081,-0.609
0.082,-0.609
0.083,-0.609
0.084,-0.609
0.085,-0.609
0.086,-0.609
0.087,-0.609
0.088,-0.609
0.089,-0.609
0.09,-0.609
0.091,-0.609
0.092,-0.609
0.093,-0.609
0.095,-0.609
0.096,-0.609
0.097,-0.609
0.101,-0.609
0.103,-0.609
0.104,-0.609
0.105,-0.609
0.106,-0.609
0.107,-0.609
0.108,-0.609
0.109,-0.609
0.11,-0.609
0.111,-0.609
0.112,-0.609
0.113,-0.609
0.114,-0.609
0.115,-0.609
0.116,-0.609
0.117,-0.609
0.118,-0.609
0.119,-0.609
0.12,-0.609
0.121,-0.609
0.122,-0.609
0.123,-0.609
0.124,-0.609
0.125,-0.609
0.126,-0.609
0.127,-0.609
0.128,-0.609
0.129,-0.609
0.13,-0.609
0.131,-0.609
0.132,-0.609
0.133,-0.609
0.134,-0.609
0.135,-0.609
0.136,-0.609
0.137,-0.609
0.138,-0.609
0.139,-0.609
0.14,-0.609
0.141,-0.609
0.142,-0.609
0.144,-0.609
0.291,-0.609
-0.544,-0.608
-0.543,-0.608
-0.542,-0.608
-0.541,-0.608
-0.54,-0.608
-0.539,-0.608
-0.538,-0.608
-0.537,-0.608
-0.536,-0.608
-0.535,-0.608
-0.534,-0.608
-0.533,-0.608
-0.532,-0.608
-0.531,-0.608
-0.53,-0.608
-0.529,-0.608
-0.528,-0.608
-0.527,-0.608
-0.526,-0.608
-0.525,-0.608
-0.524,-0.608
-0.513,-0.608
-0.504,-0.608
-0.503,-0.608
-0.501,-0.608
-0.489,-0.608
-0.488,-0.608
-0.487,-0.608
-0.485,-0.608
-0.484,-0.608
-0.483,-0.608
-0.42,-0.608
-0.418,-0.608
-0.415,-0.608
-0.404,-0.608
-0.379,-0.608
-0.372,-0.608
-0.371,-0.608
-0.37,-0.608
-0.369,-0.608
-0.368,-0.608
-0.367,-0.608
-0.366,-0.608
-0.365,-0.608
-0.364,-0.608
-0.363,-0.608
-0.362,-0.608
-0.361,-0.608
-0.36,-0.608
-0.359,-0.608
-0.358,-0.608
-0.357,-0.608
-0.356,-0.608
-0.355,-0.608
-0.354,-0.608
-0.353,-0.608
-0.352,-0.608
-0.351,-0.608
-0.35,-0.608
-0.349,-0.608
-0.348,-0.608
-0.347,-0.608
-0.345,-0.608
-0.344,-0.608
-0.343,-0.608
-0.342,-0.608
-0.341,-0.608
-0.34,-0.608
-0.339,-0.608
-0.338,-0.608
-0.337,-0.608
-0.336,-0.608
-0.335,-0.608
-0.334,-0.608
-0.333,-0.608
-0.332,-0.608
-0.331,-0.608
-0.33,-0.608
-0.329,-0.608
-0.328,-0.608
-0.327,-0.608
-0.326,-0.608
-0.325,-0.608
-0.324,-0.608
-0.323,-0.608
-0.322,-0.608
-0.321,-0.608
-0.32,-0.608
-0.319,-0.608
-0.318,-0.608
-0.317,-0.608
-0.316,-0.608
-0.315,-0.608
-0.314,-0.608
-0.313,-0.608
-0.312,-0.608
-0.311,-0.608
-0.31,-0.608
-0.309,-0.608
-0.308,-0.608
-0.307,-0.608
-0.306,-0.608
-0.305,-0.608
-0.304,-0.608
-0.303,-0.608
-0.302,-0.608
-0.301,-0.608
-0.3,-0.608
-0.299,-0.608
-0.298,-0.608
-0.297,-0.608
-0.296,-0.608
-0.295,-0.608
-0.294,-0.608
-0.293,-0.608
-0.292,-0.608
-0.291,-0.608
-0.29,-0.608
-0.289,-0.608
-0.288,-0.608
-0.287,-0.608
-0.286,-0.608
-0.285,-0.608
-0.284,-0.608
-0.283,-0.608
-0.282,-0.608
-0.281,-0.608
-0.28,-0.608
-0.279,-0.608
-0.278,-0.608
-0.277,-0.608
-0.276,-0.608
-0.275,-0.608
-0.274,-0.608
-0.273,-0.608
-0.272,-0.608
-0.271,-0.608
-0.27,-0.608
-0.269,-0.608
-0.268,-0.608
-0.267,-0.608
-0.266,-0.608
-0.265,-0.608
-0.264,-0.608
-0.263,-0.608
-0.262,-0.608
-0.261,-0.608
-0.26,-0.608
-0.259,-0.608
-0.258,-0.608
-0.257,-0.608
-0.256,-0.608
-0.255,-0.608
-0.254,-0.608
-0.253,-0.608
-0.252,-0.608
-0.251,-0.608
-0.25,-0.608
-0.249,-0.608
-0.248,-0.608
-0.247,-0.608
-0.246,-0.608
-0.245,-0.608
-0.244,-0.608
-0.243,-0.608
-0.242,-0.608
-0.241,-0.608
-0.24,-0.608
-0.239,-0.608
-0.238,-0.608
-0.237,-0.608
-0.236,-0.608
-0.235,-0.608
-0.234,-0.608
-0.233,-0.608
-0.232,-0.608
-0.231,-0.608
-0.23,-0.608
-0.229,-0.608
-0.228,-0.608
-0.227,-0.608
-0.226,-0.608
-0.225,-0.608
-0.224,-0.608
-0.223,-0.608
-0.222,-0.608
-0.221,-0.608
-0.22,-0.608
-0.219,-0.608
-0.218,-0.608
-0.217,-0.608
-0.216,-0.608
-0.215,-0.608
-0.214,-0.608
-0.213,-0.608
-0.212,-0.608
-0.211,-0.608
-0.21,-0.608
-0.209,-0.608
-0.208,-0.608
-0.207,-0.608
-0.206,-0.608
-0.205,-0.608
-0.204,-0.608
-0.203,-0.608
-0.202,-0.608
-0.201,-0.608
-0.2,-0.608
-0.199,-0.608
-0.198,-0.608
-0.197,-0.608
-0.196,-0.608
-0.195,-0.608
-0.194,-0.608
-0.193,-0.608
-0.192,-0.608
-0.191,-0.608
-0.19,-0.608
-0.189,-0.608
-0.188,-0.608
-0.187,-0.608
-0.186,-0.608
-0.185,-0.608
-0.184,-0.608
-0.183,-0.608
-0.182,-0.608
-0.181,-0.608
-0.18,-0.608
-0.179,-0.608
-0.178,-0.608
-0.177,-0.608
-0.176,-0.608
-0.175,-0.608
-0.174,-0.608
-0.173,-0.608
-0.172,-0.608
-0.171,-0.608
-0.17,-0.608
-0.169,-0.608
-0.168,-0.608
-0.167,-0.608
-0.166,-0.608
-0.165,-0.608
-0.164,-0.608
-0.163,-0.608
-0.162,-0.608
-0.161,-0.608
-0.16,-0.608
-0.159,-0.608
-0.158,-0.608
-0.157,-0.608
-0.156,-0.608
-0.155,-0.608
-0.154,-0.608
-0.153,-0.608
-0.152,-0.608
-0.151,-0.608
-0.15,-0.608
-0.149,-0.608
-0.148,-0.608
-0.147,-0.608
-0.146,-0.608
-0.145,-0.608
-0.144,-0.608
-0.143,-0.608
-0.142,-0.608
-0.141,-0.608
-0.14,-0.608
-0.139,-0.608
-0.138,-0.608
-0.137,-0.608
-0.136,-0.608
-0.135,-0.608
-0.134,-0.608
-0.133,-0.608
-0.132,-0.608
-0.131,-0.608
-0.13,-0.608
-0.129,-0.608
-0.128,-0.608
-0.127,-0.608
-0.126,-0.608
-0.125,-0.608
-0.124,-0.608
-0.123,-0.608
-0.122,-0.608
-0.121,-0.608
-0.12,-0.608
-0.119,-0.608
-0.118,-0.608
-0.117,-0.608
-0.116,-0.608
-0.115,-0.608
-0.114,-0.608
-0.113,-0.608
-0.112,-0.608
-0.111,-0.608
-0.11,-0.608
-0.109,-0.608
-0.108,-0.608
-0.107,-0.608
-0.106,-0.608
-0.105,-0.608
-0.104,-0.608
-0.103,-0.608
-0.102,-0.608
-0.101,-0.608
-0.1,-0.608
-0.099,-0.608
-0.098,-0.608
-0.097,-0.608
-0.096,-0.608
-0.095,-0.608
-0.094,-0.608
-0.093,-0.608
-0.092,-0.608
-0.091,-0.608
-0.09,-0.608
-0.089,-0.608
-0.088,-0.608
-0.087,-0.608
-0.086,-0.608
-0.085,-0.608
-0.084,-0.608
-0.083,-0.608
-0.082,-0.608
-0.081,-0.608
-0.08,-0.608
-0.079,-0.608
-0.078,-0.608
-0.077,-0.608
-0.076,-0.608
-0.075,-0.608
-0.074,-0.608
-0.073,-0.608
-0.072,-0.608
-0.071,-0.608
-0.07,-0.608
-0.069,-0.608
-0.068,-0.608
-0.067,-0.608
-0.066,-0.608
-0.065,-0.608
-0.064,-0.608
-0.063,-0.608
-0.062,-0.608
-0.061,-0.608
-0.06,-0.608
-0.059,-0.608
-0.058,-0.608
-0.057,-0.608
-0.056,-0.608
-0.055,-0.608
-0.054,-0.608
-0.053,-0.608
-0.052,-0.608
-0.051,-0.608
-0.05,-0.608
-0.049,-0.608
-0.048,-0.608
-0.047,-0.608
-0.046,-0.608
-0.045,-0.608
-0.044,-0.608
-0.043,-0.608
-0.042,-0.608
-0.041,-0.608
-0.04,-0.608
-0.039,-0.608
-0.038,-0.608
-0.037,-0.608
-0.036,-0.608
-0.035,-0.608
-0.034,-0.608
-0.033,-0.608
-0.032,-0.608
-0.031,-0.608
-0.03,-0.608
-0.029,-0.608
-0.028,-0.608
-0.027,-0.608
-0.026,-0.608
-0.025,-0.608
-0.024,-0.608
-0.023,-0.608
-0.022,-0.608
-0.021,-0.608
-0.02,-0.608
-0.019,-0.608
-0.018,-0.608
-0.017,-0.608
-0.016,-0.608
-0.015,-0.608
-0.014,-0.608
-0.013,-0.608
-0.012,-0.608
-0.011,-0.608
-0.01,-0.608
-0.009,-0.608
-0.008,-0.608
-0.007,-0.608
-0.006,-0.608
-0.005,-0.608
-0.004,-0.608
-0.003,-0.608
-0.002,-0.608
-0.001,-0.608
0.0,-0.608
0.001,-0.608
0.002,-0.608
0.003,-0.608
0.004,-0.608
0.005,-0.608
0.006,-0.608
0.007,-0.608
0.008,-0.608
0.009,-0.608
0.01,-0.608
0.011,-0.608
0.012,-0.608
0.013,-0.608
0.014,-0.608
0.015,-0.608
0.016,-0.608
0.017,-0.608
0.018,-0.608
0.019,-0.608
0.02,-0.608
0.021,-0.608
0.022,-0.608
0.023,-0.608
0.024,-0.608
0.025,-0.608
0.026,-0.608
0.027,-0.608
0.028,-0.608
0.029,-0.608
0.03,-0.608
0.031,-0.608
0.032,-0.608
0.033,-0.608
0.034,-0.608
0.035,-0.608
0.036,-0.608
0.037,-0.608
0.038,-0.608
0.039,-0.608
0.04,-0.608
0.041,-0.608
0.042,-0.608
0.043,-0.608
0.044,-0.608
0.045,-0.608
0.046,-0.608
0.047,-0.608
0.048,-0.608
0.049,-0.608
0.05,-0.608
0.051,-0.608
0.052,-0.608
0.053,-0.608
0.054,-0.608
0.055,-0.608
0.056,-0.608
0.057,-0.608
0.058,-0.608
0.059,-0.608
0.06,-0.608
0.061,-0.608
0.062,-0.608
0.063,-0.608
0.064,-0.608
0.065,-0.608
0.066,-0.608
0.067,-0.608
0.068,-0.608
0.069,-0.608
0.07,-0.608
0.071,-0.608
0.072,-0.608
0.073,-0.608
0.074,-0.608
0.075,-0.608
0.076,-0.608
0.077,-0.608
0.078,-0.608
0.079,-0.608
0.08,-0.608
0.081,-0.608
0.082,-0.608
0.083,-0.608
0.084,-0.608
0.085,-0.608
0.086,-0.608
0.087,-0.608
0.088,-0.608
0.089,-0.608
0.091,-0.608
0.093,-0.608
0.094,-0.608
0.095,-0.608
0.096,-0.608
0.097,-0.608
0.103,-0.608
0.104,-0.608
0.105,-0.608
0.106,-0.608
0.107,-0.608
0.108,-0.608
0.109,-0.608
0.11,-0.608
0.111,-0.608
0.112,-0.608
0.113,-0.608
0.114,-0.608
0.115,-0.608
0.116,-0.608
0.117,-0.608
0.118,-0.608
0.119,-0.608
0.12,-0.608
0.121,-0.608
0.122,-0.608
0.123,-0.608
0.124,-0.608
0.125,-0.608
0.126,-0.608
0.127,-0.608
0.128,-0.608
0.129,-0.608
0.13,-0.608
0.131,-0.608
0.132,-0.608
0.133,-0.608
0.134,-0.608
0.135,-0.608
0.136,-0.608
0.137,-0.608
0.138,-0.608
0.139,-0.608
0.141,-0.608
0.15,-0.608
-0.547,-0.607
-0.542,-0.607
-0.541,-0.607
-0.54,-0.607
-0.539,-0.607
-0.538,-0.607
-0.537,-0.607
-0.536,-0.607
-0.535,-0.607
-0.534,-0.607
-0.533,-0.607
-0.532,-0.607
-0.531,-0.607
-0.53,-0.607
-0.529,-0.607
-0.528,-0.607
-0.527,-0.607
-0.526,-0.607
-0.525,-0.607
-0.524,-0.607
-0.522,-0.607
-0.521,-0.607
-0.519,-0.607
-0.506,-0.607
-0.505,-0.607
-0.504,-0.607
-0.503,-0.607
-0.498,-0.607
-0.493,-0.607
-0.489,-0.607
-0.488,-0.607
-0.487,-0.607
-0.486,-0.607
-0.485,-0.607
-0.484,-0.607
-0.483,-0.607
-0.482,-0.607
-0.481,-0.607
-0.48,-0.607
-0.418,-0.607
-0.415,-0.607
-0.406,-0.607
-0.404,-0.607
-0.38,-0.607
-0.378,-0.607
-0.376,-0.607
-0.374,-0.607
-0.373,-0.607
-0.372,-0.607
-0.371,-0.607
-0.37,-0.607
-0.369,-0.607
-0.368,-0.607
-0.367,-0.607
-0.366,-0.607
-0.365,-0.607
-0.364,-0.607
-0.363,-0.607
-0.362,-0.607
-0.361,-0.607
-0.36,-0.607
-0.359,-0.607
-0.358,-0.607
-0.357,-0.607
-0.356,-0.607
-0.355,-0.607
-0.354,-0.607
-0.353,-0.607
-0.352,-0.607
-0.351,-0.607
-0.35,-0.607
-0.349,-0.607
-0.348,-0.607
-0.346,-0.607
-0.345,-0.607
-0.344,-0.607
-0.343,-0.607
-0.342,-0.607
-0.341,-0.607
-0.34,-0.607
-0.339,-0.607
-0.338,-0.607
-0.337,-0.607
-0.336,-0.607
-0.335,-0.607
-0.334,-0.607
-0.333,-0.607
-0.332,-0.607
-0.331,-0.607
-0.33,-0.607
-0.329,-0.607
-0.328,-0.607
-0.327,-0.607
-0.326,-0.607
-0.325,-0.607
-0.324,-0.607
-0.323,-0.607
-0.322,-0.607
-0.321,-0.607
-0.32,-0.607
-0.319,-0.607
-0.318,-0.607
-0.317,-0.607
-0.316,-0.607
-0.315,-0.607
-0.314,-0.607
-0.313,-0.607
-0.312,-0.607
-0.311,-0.607
-0.31,-0.607
-0.309,-0.607
-0.308,-0.607
-0.307,-0.607
-0.306,-0.607
-0.305,-0.607
-0.304,-0.607
-0.303,-0.607
-0.302,-0.607
-0.301,-0.607
-0.3,-0.607
-0.299,-0.607
-0.298,-0.607
-0.297,-0.607
-0.296,-0.607
-0.295,-0.607
-0.294,-0.607
-0.293,-0.607
-0.292,-0.607
-0.291,-0.607
-0.29,-0.607
-0.289,-0.607
-0.288,-0.607
-0.287,-0.607
-0.286,-0.607
-0.285,-0.607
-0.284,-0.607
-0.283,-0.607
-0.282,-0.607
-0.281,-0.607
-0.28,-0.607
-0.279,-0.607
-0.278,-0.607
-0.277,-0.607
-0.276,-0.607
-0.275,-0.607
-0.274,-0.607
-0.273,-0.607
-0.272,-0.607
-0.271,-0.607
-0.27,-0.607
-0.269,-0.607
-0.268,-0.607
-0.267,-0.607
-0.266,-0.607
-0.265,-0.607
-0.264,-0.607
-0.263,-0.607
-0.262,-0.607
-0.261,-0.607
-0.26,-0.607
-0.259,-0.607
-0.258,-0.607
-0.257,-0.607
-0.256,-0.607
-0.255,-0.607
-0.254,-0.607
-0.253,-0.607
-0.252,-0.607
-0.251,-0.607
-0.25,-0.607
-0.249,-0.607
-0.248,-0.607
-0.247,-0.607
-0.246,-0.607
-0.245,-0.607
-0.244,-0.607
-0.243,-0.607
-0.242,-0.607
-0.241,-0.607
-0.24,-0.607
-0.239,-0.607
-0.238,-0.607
-0.237,-0.607
-0.236,-0.607
-0.235,-0.607
-0.234,-0.607
-0.233,-0.607
-0.232,-0.607
-0.231,-0.607
-0.23,-0.607
-0.229,-0.607
-0.228,-0.607
-0.227,-0.607
-0.226,-0.607
-0.225,-0.607
-0.224,-0.607
-0.223,-0.607
-0.222,-0.607
-0.221,-0.607
-0.22,-0.607
-0.219,-0.607
-0.218,-0.607
-0.217,-0.607
-0.216,-0.607
-0.215,-0.607
-0.214,-0.607
-0.213,-0.607
-0.212,-0.607
-0.211,-0.607
-0.21,-0.607
-0.209,-0.607
-0.208,-0.607
-0.207,-0.607
-0.206,-0.607
-0.205,-0.607
-0.204,-0.607
-0.203,-0.607
-0.202,-0.607
-0.201,-0.607
-0.2,-0.607
-0.199,-0.607
-0.198,-0.607
-0.197,-0.607
-0.196,-0.607
-0.195,-0.607
-0.194,-0.607
-0.193,-0.607
-0.192,-0.607
-0.191,-0.607
-0.19,-0.607
-0.189,-0.607
-0.188,-0.607
-0.187,-0.607
-0.186,-0.607
-0.185,-0.607
-0.184,-0.607
-0.183,-0.607
-0.182,-0.607
-0.181,-0.607
-0.18,-0.607
-0.179,-0.607
-0.178,-0.607
-0.177,-0.607
-0.176,-0.607
-0.175,-0.607
-0.174,-0.607
-0.173,-0.607
-0.172,-0.607
-0.171,-0.607
-0.17,-0.607
-0.169,-0.607
-0.168,-0.607
-0.167,-0.607
-0.166,-0.607
-0.165,-0.607
-0.164,-0.607
-0.163,-0.607
-0.162,-0.607
-0.161,-0.607
-0.16,-0.607
-0.159,-0.607
-0.158,-0.607
-0.157,-0.607
-0.156,-0.607
-0.155,-0.607
-0.154,-0.607
-0.153,-0.607
-0.152,-0.607
-0.151,-0.607
-0.15,-0.607
-0.149,-0.607
-0.148,-0.607
-0.147,-0.607
-0.146,-0.607
-0.145,-0.607
-0.144,-0.607
-0.143,-0.607
-0.142,-0.607
-0.141,-0.607
-0.14,-0.607
-0.139,-0.607
-0.138,-0.607
-0.137,-0.607
-0.136,-0.607
-0.135,-0.607
-0.134,-0.607
-0.133,-0.607
-0.132,-0.607
-0.131,-0.607
-0.13,-0.607
-0.129,-0.607
-0.128,-0.607
-0.127,-0.607
-0.126,-0.607
-0.125,-0.607
-0.124,-0.607
-0.123,-0.607
-0.122,-0.607
-0.121,-0.607
-0.12,-0.607
-0.119,-0.607
-0.118,-0.607
-0.117,-0.607
-0.116,-0.607
-0.115,-0.607
-0.114,-0.607
-0.113,-0.607
-0.112,-0.607
-0.111,-0.607
-0.11,-0.607
-0.109,-0.607
-0.108,-0.607
-0.107,-0.607
-0.106,-0.607
-0.105,-0.607
-0.104,-0.607
-0.103,-0.607
-0.102,-0.607
-0.101,-0.607
-0.1,-0.607
-0.099,-0.607
-0.098,-0.607
-0.097,-0.607
-0.096,-0.607
-0.095,-0.607
-0.094,-0.607
-0.093,-0.607
-0.092,-0.607
-0.091,-0.607
-0.09,-0.607
-0.089,-0.607
-0.088,-0.607
-0.087,-0.607
-0.086,-0.607
-0.085,-0.607
-0.084,-0.607
-0.083,-0.607
-0.082,-0.607
-0.081,-0.607
-0.08,-0.607
-0.079,-0.607
-0.078,-0.607
-0.077,-0.607
-0.076,-0.607
-0.075,-0.607
-0.074,-0.607
-0.073,-0.607
-0.072,-0.607
-0.071,-0.607
-0.07,-0.607
-0.069,-0.607
-0.068,-0.607
-0.067,-0.607
-0.066,-0.607
-0.065,-0.607
-0.064,-0.607
-0.063,-0.607
-0.062,-0.607
-0.061,-0.607
-0.06,-0.607
-0.059,-0.607
-0.058,-0.607
-0.057,-0.607
-0.056,-0.607
-0.055,-0.607
-0.054,-0.607
-0.053,-0.607
-0.052,-0.607
-0.051,-0.607
-0.05,-0.607
-0.049,-0.607
-0.048,-0.607
-0.047,-0.607
-0.046,-0.607
-0.045,-0.607
-0.044,-0.607
-0.043,-0.607
-0.042,-0.607
-0.041,-0.607
-0.04,-0.607
-0.039,-0.607
-0.038,-0.607
-0.037,-0.607
-0.036,-0.607
-0.035,-0.607
-0.034,-0.607
-0.033,-0.607
-0.032,-0.607
-0.031,-0.607
-0.03,-0.607
-0.029,-0.607
-0.028,-0.607
-0.027,-0.607
-0.026,-0.607
-0.025,-0.607
-0.024,-0.607
-0.023,-0.607
-0.022,-0.607
-0.021,-0.607
-0.02,-0.607
-0.019,-0.607
-0.018,-0.607
-0.017,-0.607
-0.016,-0.607
-0.015,-0.607
-0.014,-0.607
-0.013,-0.607
-0.012,-0.607
-0.011,-0.607
-0.01,-0.607
-0.009,-0.607
-0.008,-0.607
-0.007,-0.607
-0.006,-0.607
-0.005,-0.607
-0.004,-0.607
-0.003,-0.607
-0.002,-0.607
-0.001,-0.607
0.0,-0.607
0.001,-0.607
0.002,-0.607
0.003,-0.607
0.004,-0.607
0.005,-0.607
0.006,-0.607
0.007,-0.607
0.008,-0.607
0.009,-0.607
0.01,-0.607
0.011,-0.607
0.012,-0.607
0.013,-0.607
0.014,-0.607
0.015,-0.607
0.016,-0.607
0.017,-0.607
0.018,-0.607
0.019,-0.607
0.02,-0.607
0.021,-0.607
0.022,-0.607
0.023,-0.607
0.024,-0.607
0.025,-0.607
0.026,-0.607
0.027,-0.607
0.028,-0.607
0.029,-0.607
0.03,-0.607
0.031,-0.607
0.032,-0.607
0.033,-0.607
0.034,-0.607
0.035,-0.607
0.036,-0.607
0.037,-0.607
0.038,-0.607
0.039,-0.607
0.04,-0.607
0.041,-0.607
0.042,-0.607
0.043,-0.607
0.044,-0.607
0.045,-0.607
0.046,-0.607
0.047,-0.607
0.048,-0.607
0.049,-0.607
0.05,-0.607
0.051,-0.607
0.052,-0.607
0.053,-0.607
0.054,-0.607
0.055,-0.607
0.056,-0.607
0.057,-0.607
0.058,-0.607
0.059,-0.607
0.06,-0.607
0.061,-0.607
0.062,-0.607
0.063,-0.607
0.064,-0.607
0.065,-0.607
0.066,-0.607
0.067,-0.607
0.068,-0.607
0.069,-0.607
0.07,-0.607
0.071,-0.607
0.072,-0.607
0.073,-0.607
0.074,-0.607
0.075,-0.607
0.076,-0.607
0.077,-0.607
0.078,-0.607
0.079,-0.607
0.08,-0.607
0.081,-0.607
0.082,-0.607
0.083,-0.607
0.084,-0.607
0.085,-0.607
0.086,-0.607
0.087,-0.607
0.088,-0.607
0.089,-0.607
0.09,-0.607
0.091,-0.607
0.092,-0.607
0.093,-0.607
0.094,-0.607
0.095,-0.607
0.096,-0.607
0.098,-0.607
0.103,-0.607
0.104,-0.607
0.105,-0.607
0.106,-0.607
0.107,-0.607
0.108,-0.607
0.109,-0.607
0.11,-0.607
0.111,-0.607
0.112,-0.607
0.113,-0.607
0.114,-0.607
0.115,-0.607
0.116,-0.607
0.117,-0.607
0.118,-0.607
0.119,-0.607
0.12,-0.607
0.121,-0.607
0.122,-0.607
0.123,-0.607
0.124,-0.607
0.125,-0.607
0.126,-0.607
0.127,-0.607
0.128,-0.607
0.129,-0.607
0.13,-0.607
0.131,-0.607
0.132,-0.607
0.133,-0.607
0.134,-0.607
0.135,-0.607
0.136,-0.607
0.137,-0.607
0.138,-0.607
0.139,-0.607
0.14,-0.607
0.142,-0.607
0.149,-0.607
0.15,-0.607
-0.544,-0.606
-0.543,-0.606
-0.542,-0.606
-0.541,-0.606
-0.54,-0.606
-0.539,-0.606
-0.538,-0.606
-0.537,-0.606
-0.536,-0.606
-0.535,-0.606
-0.534,-0.606
-0.533,-0.606
-0.532,-0.606
-0.531,-0.606
-0.53,-0.606
-0.529,-0.606
-0.528,-0.606
-0.527,-0.606
-0.526,-0.606
-0.525,-0.606
-0.524,-0.606
-0.523,-0.606
-0.522,-0.606
-0.505,-0.606
-0.504,-0.606
-0.503,-0.606
-0.502,-0.606
-0.499,-0.606
-0.498,-0.606
-0.491,-0.606
-0.489,-0.606
-0.488,-0.606
-0.487,-0.606
-0.486,-0.606
-0.485,-0.606
-0.484,-0.606
-0.483,-0.606
-0.482,-0.606
-0.481,-0.606
-0.467,-0.606
-0.418,-0.606
-0.414,-0.606
-0.402,-0.606
-0.38,-0.606
-0.379,-0.606
-0.376,-0.606
-0.375,-0.606
-0.374,-0.606
-0.373,-0.606
-0.372,-0.606
-0.371,-0.606
-0.37,-0.606
-0.369,-0.606
-0.368,-0.606
-0.367,-0.606
-0.366,-0.606
-0.365,-0.606
-0.364,-0.606
-0.363,-0.606
-0.362,-0.606
-0.361,-0.606
-0.36,-0.606
-0.359,-0.606
-0.358,-0.606
-0.357,-0.606
-0.356,-0.606
-0.355,-0.606
-0.354,-0.606
-0.353,-0.606
-0.352,-0.606
-0.351,-0.606
-0.35,-0.606
-0.349,-0.606
-0.348,-0.606
-0.347,-0.606
-0.346,-0.606
-0.345,-0.606
-0.344,-0.606
-0.343,-0.606
-0.342,-0.606
-0.341,-0.606
-0.34,-0.606
-0.339,-0.606
-0.338,-0.606
-0.337,-0.606
-0.336,-0.606
-0.335,-0.606
-0.334,-0.606
-0.333,-0.606
-0.332,-0.606
-0.331,-0.606
-0.33,-0.606
-0.329,-0.606
-0.328,-0.606
-0.327,-0.606
-0.326,-0.606
-0.325,-0.606
-0.324,-0.606
-0.323,-0.606
-0.322,-0.606
-0.321,-0.606
-0.32,-0.606
-0.319,-0.606
-0.318,-0.606
-0.317,-0.606
-0.316,-0.606
-0.315,-0.606
-0.314,-0.606
-0.313,-0.606
-0.312,-0.606
-0.311,-0.606
-0.31,-0.606
-0.309,-0.606
-0.308,-0.606
-0.307,-0.606
-0.306,-0.606
-0.305,-0.606
-0.304,-0.606
-0.303,-0.606
-0.302,-0.606
-0.301,-0.606
-0.3,-0.606
-0.299,-0.606
-0.298,-0.606
-0.297,-0.606
-0.296,-0.606
-0.295,-0.606
-0.294,-0.606
-0.293,-0.606
-0.292,-0.606
-0.291,-0.606
-0.29,-0.606
-0.289,-0.606
-0.288,-0.606
-0.287,-0.606
-0.286,-0.606
-0.285,-0.606
-0.284,-0.606
-0.283,-0.606
-0.282,-0.606
-0.281,-0.606
-0.28,-0.606
-0.279,-0.606
-0.278,-0.606
-0.277,-0.606
-0.276,-0.606
-0.275,-0.606
-0.274,-0.606
-0.273,-0.606
-0.272,-0.606
-0.271,-0.606
-0.27,-0.606
-0.269,-0.606
-0.268,-0.606
-0.267,-0.606
-0.266,-0.606
-0.265,-0.606
-0.264,-0.606
-0.263,-0.606
-0.262,-0.606
-0.261,-0.606
-0.26,-0.606
-0.259,-0.606
-0.258,-0.606
-0.257,-0.606
-0.256,-0.606
-0.255,-0.606
-0.254,-0.606
-0.253,-0.606
-0.252,-0.606
-0.251,-0.606
-0.25,-0.606
-0.249,-0.606
-0.248,-0.606
-0.247,-0.606
-0.246,-0.606
-0.245,-0.606
-0.244,-0.606
-0.243,-0.606
-0.242,-0.606
-0.241,-0.606
-0.24,-0.606
-0.239,-0.606
-0.238,-0.606
-0.237,-0.606
-0.236,-0.606
-0.235,-0.606
-0.234,-0.606
-0.233,-0.606
-0.232,-0.606
-0.231,-0.606
-0.23,-0.606
-0.229,-0.606
-0.228,-0.606
-0.227,-0.606
-0.226,-0.606
-0.225,-0.606
-0.224,-0.606
-0.223,-0.606
-0.222,-0.606
-0.221,-0.606
-0.22,-0.606
-0.219,-0.606
-0.218,-0.606
-0.217,-0.606
-0.216,-0.606
-0.215,-0.606
-0.214,-0.606
-0.213,-0.606
-0.212,-0.606
-0.211,-0.606
-0.21,-0.606
-0.209,-0.606
-0.208,-0.606
-0.207,-0.606
-0.206,-0.606
-0.205,-0.606
-0.204,-0.606
-0.203,-0.606
-0.202,-0.606
-0.201,-0.606
-0.2,-0.606
-0.199,-0.606
-0.198,-0.606
-0.197,-0.606
-0.196,-0.606
-0.195,-0.606
-0.194,-0.606
-0.193,-0.606
-0.192,-0.606
-0.191,-0.606
-0.19,-0.606
-0.189,-0.606
-0.188,-0.606
-0.187,-0.606
-0.186,-0.606
-0.185,-0.606
-0.184,-0.606
-0.183,-0.606
-0.182,-0.606
-0.181,-0.606
-0.18,-0.606
-0.179,-0.606
-0.178,-0.606
-0.177,-0.606
-0.176,-0.606
-0.175,-0.606
-0.174,-0.606
-0.173,-0.606
-0.172,-0.606
-0.171,-0.606
-0.17,-0.606
-0.169,-0.606
-0.168,-0.606
-0.167,-0.606
-0.166,-0.606
-0.165,-0.606
-0.164,-0.606
-0.163,-0.606
-0.162,-0.606
-0.161,-0.606
-0.16,-0.606
-0.159,-0.606
-0.158,-0.606
-0.157,-0.606
-0.156,-0.606
-0.155,-0.606
-0.154,-0.606
-0.153,-0.606
-0.152,-0.606
-0.151,-0.606
-0.15,-0.606
-0.149,-0.606
-0.148,-0.606
-0.147,-0.606
-0.146,-0.606
-0.145,-0.606
-0.144,-0.606
-0.143,-0.606
-0.142,-0.606
-0.141,-0.606
-0.14,-0.606
-0.139,-0.606
-0.138,-0.606
-0.137,-0.606
-0.136,-0.606
-0.135,-0.606
-0.134,-0.606
-0.133,-0.606
-0.132,-0.606
-0.131,-0.606
-0.13,-0.606
-0.129,-0.606
-0.128,-0.606
-0.127,-0.606
-0.126,-0.606
-0.125,-0.606
-0.124,-0.606
-0.123,-0.606
-0.122,-0.606
-0.121,-0.606
-0.12,-0.606
-0.119,-0.606
-0.118,-0.606
-0.117,-0.606
-0.116,-0.606
-0.115,-0.606
-0.114,-0.606
-0.113,-0.606
-0.112,-0.606
-0.111,-0.606
-0.11,-0.606
-0.109,-0.606
-0.108,-0.606
-0.107,-0.606
-0.106,-0.606
-0.105,-0.606
-0.104,-0.606
-0.103,-0.606
-0.102,-0.606
-0.101,-0.606
-0.1,-0.606
-0.099,-0.606
-0.098,-0.606
-0.097,-0.606
-0.096,-0.606
-0.095,-0.606
-0.094,-0.606
-0.093,-0.606
-0.092,-0.606
-0.091,-0.606
-0.09,-0.606
-0.089,-0.606
-0.088,-0.606
-0.087,-0.606
-0.086,-0.606
-0.085,-0.606
-0.084,-0.606
-0.083,-0.606
-0.082,-0.606
-0.081,-0.606
-0.08,-0.606
-0.079,-0.606
-0.078,-0.606
-0.077,-0.606
-0.076,-0.606
-0.075,-0.606
-0.074,-0.606
-0.073,-0.606
-0.072,-0.606
-0.071,-0.606
-0.07,-0.606
-0.069,-0.606
-0.068,-0.606
-0.067,-0.606
-0.066,-0.606
-0.065,-0.606
-0.064,-0.606
-0.063,-0.606
-0.062,-0.606
-0.061,-0.606
-0.06,-0.606
-0.059,-0.606
-0.058,-0.606
-0.057,-0.606
-0.056,-0.606
-0.055,-0.606
-0.054,-0.606
-0.053,-0.606
-0.052,-0.606
-0.051,-0.606
-0.05,-0.606
-0.049,-0.606
-0.048,-0.606
-0.047,-0.606
-0.046,-0.606
-0.045,-0.606
-0.044,-0.606
-0.043,-0.606
-0.042,-0.606
-0.041,-0.606
-0.04,-0.606
-0.039,-0.606
-0.038,-0.606
-0.037,-0.606
-0.036,-0.606
-0.035,-0.606
-0.034,-0.606
-0.033,-0.606
-0.032,-0.606
-0.031,-0.606
-0.03,-0.606
-0.029,-0.606
-0.028,-0.606
-0.027,-0.606
-0.026,-0.606
-0.025,-0.606
-0.024,-0.606
-0.023,-0.606
-0.022,-0.606
-0.021,-0.606
-0.02,-0.606
-0.019,-0.606
-0.018,-0.606
-0.017,-0.606
-0.016,-0.606
-0.015,-0.606
-0.014,-0.606
-0.013,-0.606
-0.012,-0.606
-0.011,-0.606
-0.01,-0.606
-0.009,-0.606
-0.008,-0.606
-0.007,-0.606
-0.006,-0.606
-0.005,-0.606
-0.004,-0.606
-0.003,-0.606
-0.002,-0.606
-0.001,-0.606
0.0,-0.606
0.001,-0.606
0.002,-0.606
0.003,-0.606
0.004,-0.606
0.005,-0.606
0.006,-0.606
0.007,-0.606
0.008,-0.606
0.009,-0.606
0.01,-0.606
0.011,-0.606
0.012,-0.606
0.013,-0.606
0.014,-0.606
0.015,-0.606
0.016,-0.606
0.017,-0.606
0.018,-0.606
0.019,-0.606
0.02,-0.606
0.021,-0.606
0.022,-0.606
0.023,-0.606
0.024,-0.606
0.025,-0.606
0.026,-0.606
0.027,-0.606
0.028,-0.606
0.029,-0.606
0.03,-0.606
0.031,-0.606
0.032,-0.606
0.033,-0.606
0.034,-0.606
0.035,-0.606
0.036,-0.606
0.037,-0.606
0.038,-0.606
0.039,-0.606
0.04,-0.606
0.041,-0.606
0.042,-0.606
0.043,-0.606
0.044,-0.606
0.045,-0.606
0.046,-0.606
0.047,-0.606
0.048,-0.606
0.049,-0.606
0.05,-0.606
0.051,-0.606
0.052,-0.606
0.053,-0.606
0.054,-0.606
0.055,-0.606
0.056,-0.606
0.057,-0.606
0.058,-0.606
0.059,-0.606
0.06,-0.606
0.061,-0.606
0.062,-0.606
0.063,-0.606
0.064,-0.606
0.065,-0.606
0.066,-0.606
0.067,-0.606
0.068,-0.606
0.069,-0.606
0.07,-0.606
0.071,-0.606
0.072,-0.606
0.073,-0.606
0.074,-0.606
0.075,-0.606
0.076,-0.606
0.077,-0.606
0.078,-0.606
0.079,-0.606
0.08,-0.606
0.081,-0.606
0.082,-0.606
0.083,-0.606
0.084,-0.606
0.085,-0.606
0.086,-0.606
0.087,-0.606
0.088,-0.606
0.089,-0.606
0.09,-0.606
0.091,-0.606
0.092,-0.606
0.093,-0.606
0.094,-0.606
0.095,-0.606
0.097,-0.606
0.098,-0.606
0.099,-0.606
0.1,-0.606
0.105,-0.606
0.106,-0.606
0.107,-0.606
0.108,-0.606
0.109,-0.606
0.11,-0.606
0.111,-0.606
0.112,-0.606
0.113,-0.606
0.114,-0.606
0.115,-0.606
0.116,-0.606
0.117,-0.606
0.118,-0.606
0.119,-0.606
0.12,-0.606
0.121,-0.606
0.122,-0.606
0.123,-0.606
0.124,-0.606
0.125,-0.606
0.126,-0.606
0.127,-0.606
0.128,-0.606
0.129,-0.606
0.13,-0.606
0.131,-0.606
0.132,-0.606
0.133,-0.606
0.134,-0.606
0.135,-0.606
0.136,-0.606
0.137,-0.606
0.138,-0.606
0.139,-0.606
0.149,-0.606
0.152,-0.606
-0.545,-0.605
-0.544,-0.605
-0.543,-0.605
-0.542,-0.605
-0.541,-0.605
-0.54,-0.605
-0.539,-0.605
-0.538,-0.605
-0.537,-0.605
-0.536,-0.605
-0.535,-0.605
-0.534,-0.605
-0.533,-0.605
-0.532,-0.605
-0.531,-0.605
-0.53,-0.605
-0.529,-0.605
-0.528,-0.605
-0.527,-0.605
-0.526,-0.605
-0.525,-0.605
-0.524,-0.605
-0.523,-0.605
-0.513,-0.605
-0.51,-0.605
-0.507,-0.605
-0.506,-0.605
-0.505,-0.605
-0.504,-0.605
-0.503,-0.605
-0.502,-0.605
-0.498,-0.605
-0.497,-0.605
-0.491,-0.605
-0.49,-0.605
-0.489,-0.605
-0.488,-0.605
-0.487,-0.605
-0.486,-0.605
-0.485,-0.605
-0.484,-0.605
-0.483,-0.605
-0.482,-0.605
-0.479,-0.605
-0.416,-0.605
-0.414,-0.605
-0.412,-0.605
-0.411,-0.605
-0.41,-0.605
-0.405,-0.605
-0.373,-0.605
-0.369,-0.605
-0.368,-0.605
-0.367,-0.605
-0.366,-0.605
-0.365,-0.605
-0.364,-0.605
-0.363,-0.605
-0.362,-0.605
-0.361,-0.605
-0.36,-0.605
-0.359,-0.605
-0.358,-0.605
-0.357,-0.605
-0.356,-0.605
-0.355,-0.605
-0.354,-0.605
-0.353,-0.605
-0.352,-0.605
-0.351,-0.605
-0.35,-0.605
-0.349,-0.605
-0.348,-0.605
-0.347,-0.605
-0.346,-0.605
-0.345,-0.605
-0.344,-0.605
-0.343,-0.605
-0.342,-0.605
-0.341,-0.605
-0.34,-0.605
-0.339,-0.605
-0.338,-0.605
-0.337,-0.605
-0.336,-0.605
-0.335,-0.605
-0.334,-0.605
-0.333,-0.605
-0.332,-0.605
-0.331,-0.605
-0.33,-0.605
-0.329,-0.605
-0.328,-0.605
-0.327,-0.605
-0.326,-0.605
-0.325,-0.605
-0.324,-0.605
-0.323,-0.605
-0.322,-0.605
-0.321,-0.605
-0.32,-0.605
-0.319,-0.605
-0.318,-0.605
-0.317,-0.605
-0.316,-0.605
-0.315,-0.605
-0.314,-0.605
-0.313,-0.605
-0.312,-0.605
-0.311,-0.605
-0.31,-0.605
-0.309,-0.605
-0.308,-0.605
-0.307,-0.605
-0.306,-0.605
-0.305,-0.605
-0.304,-0.605
-0.303,-0.605
-0.302,-0.605
-0.301,-0.605
-0.3,-0.605
-0.299,-0.605
-0.298,-0.605
-0.297,-0.605
-0.296,-0.605
-0.295,-0.605
-0.294,-0.605
-0.293,-0.605
-0.292,-0.605
-0.291,-0.605
-0.29,-0.605
-0.289,-0.605
-0.288,-0.605
-0.287,-0.605
-0.286,-0.605
-0.285,-0.605
-0.284,-0.605
-0.283,-0.605
-0.282,-0.605
-0.281,-0.605
-0.28,-0.605
-0.279,-0.605
-0.278,-0.605
-0.277,-0.605
-0.276,-0.605
-0.275,-0.605
-0.274,-0.605
-0.273,-0.605
-0.272,-0.605
-0.271,-0.605
-0.27,-0.605
-0.269,-0.605
-0.268,-0.605
-0.267,-0.605
-0.266,-0.605
-0.265,-0.605
-0.264,-0.605
-0.263,-0.605
-0.262,-0.605
-0.261,-0.605
-0.26,-0.605
-0.259,-0.605
-0.258,-0.605
-0.257,-0.605
-0.256,-0.605
-0.255,-0.605
-0.254,-0.605
-0.253,-0.605
-0.252,-0.605
-0.251,-0.605
-0.25,-0.605
-0.249,-0.605
-0.248,-0.605
-0.247,-0.605
-0.246,-0.605
-0.245,-0.605
-0.244,-0.605
-0.243,-0.605
-0.242,-0.605
-0.241,-0.605
-0.24,-0.605
-0.239,-0.605
-0.238,-0.605
-0.237,-0.605
-0.236,-0.605
-0.235,-0.605
-0.234,-0.605
-0.233,-0.605
-0.232,-0.605
-0.231,-0.605
-0.23,-0.605
-0.229,-0.605
-0.228,-0.605
-0.227,-0.605
-0.226,-0.605
-0.225,-0.605
-0.224,-0.605
-0.223,-0.605
-0.222,-0.605
-0.221,-0.605
-0.22,-0.605
-0.219,-0.605
-0.218,-0.605
-0.217,-0.605
-0.216,-0.605
-0.215,-0.605
-0.214,-0.605
-0.213,-0.605
-0.212,-0.605
-0.211,-0.605
-0.21,-0.605
-0.209,-0.605
-0.208,-0.605
-0.207,-0.605
-0.206,-0.605
-0.205,-0.605
-0.204,-0.605
-0.203,-0.605
-0.202,-0.605
-0.201,-0.605
-0.2,-0.605
-0.199,-0.605
-0.198,-0.605
-0.197,-0.605
-0.196,-0.605
-0.195,-0.605
-0.194,-0.605
-0.193,-0.605
-0.192,-0.605
-0.191,-0.605
-0.19,-0.605
-0.189,-0.605
-0.188,-0.605
-0.187,-0.605
-0.186,-0.605
-0.185,-0.605
-0.184,-0.605
-0.183,-0.605
-0.182,-0.605
-0.181,-0.605
-0.18,-0.605
-0.179,-0.605
-0.178,-0.605
-0.177,-0.605
-0.176,-0.605
-0.175,-0.605
-0.174,-0.605
-0.173,-0.605
-0.172,-0.605
-0.171,-0.605
-0.17,-0.605
-0.169,-0.605
-0.168,-0.605
-0.167,-0.605
-0.166,-0.605
-0.165,-0.605
-0.164,-0.605
-0.163,-0.605
-0.162,-0.605
-0.161,-0.605
-0.16,-0.605
-0.159,-0.605
-0.158,-0.605
-0.157,-0.605
-0.156,-0.605
-0.155,-0.605
-0.154,-0.605
-0.153,-0.605
-0.152,-0.605
-0.151,-0.605
-0.15,-0.605
-0.149,-0.605
-0.148,-0.605
-0.147,-0.605
-0.146,-0.605
-0.145,-0.605
-0.144,-0.605
-0.143,-0.605
-0.142,-0.605
-0.141,-0.605
-0.14,-0.605
-0.139,-0.605
-0.138,-0.605
-0.137,-0.605
-0.136,-0.605
-0.135,-0.605
-0.134,-0.605
-0.133,-0.605
-0.132,-0.605
-0.131,-0.605
-0.13,-0.605
-0.129,-0.605
-0.128,-0.605
-0.127,-0.605
-0.126,-0.605
-0.125,-0.605
-0.124,-0.605
-0.123,-0.605
-0.122,-0.605
-0.121,-0.605
-0.12,-0.605
-0.119,-0.605
-0.118,-0.605
-0.117,-0.605
-0.116,-0.605
-0.115,-0.605
-0.114,-0.605
-0.113,-0.605
-0.112,-0.605
-0.111,-0.605
-0.11,-0.605
-0.109,-0.605
-0.108,-0.605
-0.107,-0.605
-0.106,-0.605
-0.105,-0.605
-0.104,-0.605
-0.103,-0.605
-0.102,-0.605
-0.101,-0.605
-0.1,-0.605
-0.099,-0.605
-0.098,-0.605
-0.097,-0.605
-0.096,-0.605
-0.095,-0.605
-0.094,-0.605
-0.093,-0.605
-0.092,-0.605
-0.091,-0.605
-0.09,-0.605
-0.089,-0.605
-0.088,-0.605
-0.087,-0.605
-0.086,-0.605
-0.085,-0.605
-0.084,-0.605
-0.083,-0.605
-0.082,-0.605
-0.081,-0.605
-0.08,-0.605
-0.079,-0.605
-0.078,-0.605
-0.077,-0.605
-0.076,-0.605
-0.075,-0.605
-0.074,-0.605
-0.073,-0.605
-0.072,-0.605
-0.071,-0.605
-0.07,-0.605
-0.069,-0.605
-0.068,-0.605
-0.067,-0.605
-0.066,-0.605
-0.065,-0.605
-0.064,-0.605
-0.063,-0.605
-0.062,-0.605
-0.061,-0.605
-0.06,-0.605
-0.059,-0.605
-0.058,-0.605
-0.057,-0.605
-0.056,-0.605
-0.055,-0.605
-0.054,-0.605
-0.053,-0.605
-0.052,-0.605
-0.051,-0.605
-0.05,-0.605
-0.049,-0.605
-0.048,-0.605
-0.047,-0.605
-0.046,-0.605
-0.045,-0.605
-0.044,-0.605
-0.043,-0.605
-0.042,-0.605
-0.041,-0.605
-0.04,-0.605
-0.039,-0.605
-0.038,-0.605
-0.037,-0.605
-0.036,-0.605
-0.035,-0.605
-0.034,-0.605
-0.033,-0.605
-0.032,-0.605
-0.031,-0.605
-0.03,-0.605
-0.029,-0.605
-0.028,-0.605
-0.027,-0.605
-0.026,-0.605
-0.025,-0.605
-0.024,-0.605
-0.023,-0.605
-0.022,-0.605
-0.021,-0.605
-0.02,-0.605
-0.019,-0.605
-0.018,-0.605
-0.017,-0.605
-0.016,-0.605
-0.015,-0.605
-0.014,-0.605
-0.013,-0.605
-0.012,-0.605
-0.011,-0.605
-0.01,-0.605
-0.009,-0.605
-0.008,-0.605
-0.007,-0.605
-0.006,-0.605
-0.005,-0.605
-0.004,-0.605
-0.003,-0.605
-0.002,-0.605
-0.001,-0.605
0.0,-0.605
0.001,-0.605
0.002,-0.605
0.003,-0.605
0.004,-0.605
0.005,-0.605
0.006,-0.605
0.007,-0.605
0.008,-0.605
0.009,-0.605
0.01,-0.605
0.011,-0.605
0.012,-0.605
0.013,-0.605
0.014,-0.605
0.015,-0.605
0.016,-0.605
0.017,-0.605
0.018,-0.605
0.019,-0.605
0.02,-0.605
0.021,-0.605
0.022,-0.605
0.023,-0.605
0.024,-0.605
0.025,-0.605
0.026,-0.605
0.027,-0.605
0.028,-0.605
0.029,-0.605
0.03,-0.605
0.031,-0.605
0.032,-0.605
0.033,-0.605
0.034,-0.605
0.035,-0.605
0.036,-0.605
0.037,-0.605
0.038,-0.605
0.039,-0.605
0.04,-0.605
0.041,-0.605
0.042,-0.605
0.043,-0.605
0.044,-0.605
0.045,-0.605
0.046,-0.605
0.047,-0.605
0.048,-0.605
0.049,-0.605
0.05,-0.605
0.051,-0.605
0.052,-0.605
0.053,-0.605
0.054,-0.605
0.055,-0.605
0.056,-0.605
0.057,-0.605
0.058,-0.605
0.059,-0.605
0.06,-0.605
0.061,-0.605
0.062,-0.605
0.063,-0.605
0.064,-0.605
0.065,-0.605
0.066,-0.605
0.067,-0.605
0.068,-0.605
0.069,-0.605
0.07,-0.605
0.071,-0.605
0.072,-0.605
0.073,-0.605
0.074,-0.605
0.075,-0.605
0.076,-0.605
0.077,-0.605
0.078,-0.605
0.079,-0.605
0.08,-0.605
0.081,-0.605
0.082,-0.605
0.083,-0.605
0.084,-0.605
0.085,-0.605
0.086,-0.605
0.087,-0.605
0.088,-0.605
0.089,-0.605
0.09,-0.605
0.091,-0.605
0.092,-0.605
0.093,-0.605
0.094,-0.605
0.095,-0.605
0.096,-0.605
0.097,-0.605
0.098,-0.605
0.099,-0.605
0.104,-0.605
0.105,-0.605
0.106,-0.605
0.107,-0.605
0.108,-0.605
0.109,-0.605
0.11,-0.605
0.111,-0.605
0.112,-0.605
0.113,-0.605
0.114,-0.605
0.115,-0.605
0.116,-0.605
0.117,-0.605
0.118,-0.605
0.119,-0.605
0.12,-0.605
0.121,-0.605
0.122,-0.605
0.123,-0.605
0.124,-0.605
0.125,-0.605
0.126,-0.605
0.127,-0.605
0.128,-0.605
0.129,-0.605
0.13,-0.605
0.131,-0.605
0.132,-0.605
0.133,-0.605
0.134,-0.605
0.135,-0.605
0.136,-0.605
0.137,-0.605
0.138,-0.605
0.14,-0.605
0.144,-0.605
0.288,-0.605
0.397,-0.605
-0.557,-0.604
-0.543,-0.604
-0.542,-0.604
-0.541,-0.604
-0.54,-0.604
-0.539,-0.604
-0.538,-0.604
-0.537,-0.604
-0.536,-0.604
-0.535,-0.604
-0.534,-0.604
-0.533,-0.604
-0.532,-0.604
-0.531,-0.604
-0.53,-0.604
-0.529,-0.604
-0.528,-0.604
-0.527,-0.604
-0.526,-0.604
-0.525,-0.604
-0.524,-0.604
-0.523,-0.604
-0.522,-0.604
-0.518,-0.604
-0.516,-0.604
-0.513,-0.604
-0.512,-0.604
-0.511,-0.604
-0.506,-0.604
-0.505,-0.604
-0.504,-0.604
-0.503,-0.604
-0.502,-0.604
-0.499,-0.604
-0.498,-0.604
-0.497,-0.604
-0.491,-0.604
-0.49,-0.604
-0.489,-0.604
-0.488,-0.604
-0.487,-0.604
-0.486,-0.604
-0.485,-0.604
-0.484,-0.604
-0.483,-0.604
-0.482,-0.604
-0.477,-0.604
-0.423,-0.604
-0.419,-0.604
-0.417,-0.604
-0.412,-0.604
-0.374,-0.604
-0.373,-0.604
-0.371,-0.604
-0.37,-0.604
-0.369,-0.604
-0.368,-0.604
-0.367,-0.604
-0.366,-0.604
-0.365,-0.604
-0.364,-0.604
-0.363,-0.604
-0.362,-0.604
-0.361,-0.604
-0.36,-0.604
-0.359,-0.604
-0.358,-0.604
-0.357,-0.604
-0.356,-0.604
-0.355,-0.604
-0.354,-0.604
-0.353,-0.604
-0.352,-0.604
-0.351,-0.604
-0.35,-0.604
-0.349,-0.604
-0.348,-0.604
-0.347,-0.604
-0.346,-0.604
-0.345,-0.604
-0.344,-0.604
-0.343,-0.604
-0.342,-0.604
-0.341,-0.604
-0.34,-0.604
-0.339,-0.604
-0.338,-0.604
-0.337,-0.604
-0.336,-0.604
-0.335,-0.604
-0.334,-0.604
-0.333,-0.604
-0.332,-0.604
-0.331,-0.604
-0.33,-0.604
-0.329,-0.604
-0.328,-0.604
-0.327,-0.604
-0.326,-0.604
-0.325,-0.604
-0.324,-0.604
-0.323,-0.604
-0.322,-0.604
-0.321,-0.604
-0.32,-0.604
-0.319,-0.604
-0.318,-0.604
-0.317,-0.604
-0.316,-0.604
-0.315,-0.604
-0.314,-0.604
-0.313,-0.604
-0.312,-0.604
-0.311,-0.604
-0.31,-0.604
-0.309,-0.604
-0.308,-0.604
-0.307,-0.604
-0.306,-0.604
-0.305,-0.604
-0.304,-0.604
-0.303,-0.604
-0.302,-0.604
-0.301,-0.604
-0.3,-0.604
-0.299,-0.604
-0.298,-0.604
-0.297,-0.604
-0.296,-0.604
-0.295,-0.604
-0.294,-0.604
-0.293,-0.604
-0.292,-0.604
-0.291,-0.604
-0.29,-0.604
-0.289,-0.604
-0.288,-0.604
-0.287,-0.604
-0.286,-0.604
-0.285,-0.604
-0.284,-0.604
-0.283,-0.604
-0.282,-0.604
-0.281,-0.604
-0.28,-0.604
-0.279,-0.604
-0.278,-0.604
-0.277,-0.604
-0.276,-0.604
-0.275,-0.604
-0.274,-0.604
-0.273,-0.604
-0.272,-0.604
-0.271,-0.604
-0.27,-0.604
-0.269,-0.604
-0.268,-0.604
-0.267,-0.604
-0.266,-0.604
-0.265,-0.604
-0.264,-0.604
-0.263,-0.604
-0.262,-0.604
-0.261,-0.604
-0.26,-0.604
-0.259,-0.604
-0.258,-0.604
-0.257,-0.604
-0.256,-0.604
-0.255,-0.604
-0.254,-0.604
-0.253,-0.604
-0.252,-0.604
-0.251,-0.604
-0.25,-0.604
-0.249,-0.604
-0.248,-0.604
-0.247,-0.604
-0.246,-0.604
-0.245,-0.604
-0.244,-0.604
-0.243,-0.604
-0.242,-0.604
-0.241,-0.604
-0.24,-0.604
-0.239,-0.604
-0.238,-0.604
-0.237,-0.604
-0.236,-0.604
-0.235,-0.604
-0.234,-0.604
-0.233,-0.604
-0.232,-0.604
-0.231,-0.604
-0.23,-0.604
-0.229,-0.604
-0.228,-0.604
-0.227,-0.604
-0.226,-0.604
-0.225,-0.604
-0.224,-0.604
-0.223,-0.604
-0.222,-0.604
-0.221,-0.604
-0.22,-0.604
-0.219,-0.604
-0.218,-0.604
-0.217,-0.604
-0.216,-0.604
-0.215,-0.604
-0.214,-0.604
-0.213,-0.604
-0.212,-0.604
-0.211,-0.604
-0.21,-0.604
-0.209,-0.604
-0.208,-0.604
-0.207,-0.604
-0.206,-0.604
-0.205,-0.604
-0.204,-0.604
-0.203,-0.604
-0.202,-0.604
-0.201,-0.604
-0.2,-0.604
-0.199,-0.604
-0.198,-0.604
-0.197,-0.604
-0.196,-0.604
-0.195,-0.604
-0.194,-0.604
-0.193,-0.604
-0.192,-0.604
-0.191,-0.604
-0.19,-0.604
-0.189,-0.604
-0.188,-0.604
-0.187,-0.604
-0.186,-0.604
-0.185,-0.604
-0.184,-0.604
-0.183,-0.604
-0.182,-0.604
-0.181,-0.604
-0.18,-0.604
-0.179,-0.604
-0.178,-0.604
-0.177,-0.604
-0.176,-0.604
-0.175,-0.604
-0.174,-0.604
-0.173,-0.604
-0.172,-0.604
-0.171,-0.604
-0.17,-0.604
-0.169,-0.604
-0.168,-0.604
-0.167,-0.604
-0.166,-0.604
-0.165,-0.604
-0.164,-0.604
-0.163,-0.604
-0.162,-0.604
-0.161,-0.604
-0.16,-0.604
-0.159,-0.604
-0.158,-0.604
-0.157,-0.604
-0.156,-0.604
-0.155,-0.604
-0.154,-0.604
-0.153,-0.604
-0.152,-0.604
-0.151,-0.604
-0.15,-0.604
-0.149,-0.604
-0.148,-0.604
-0.147,-0.604
-0.146,-0.604
-0.145,-0.604
-0.144,-0.604
-0.143,-0.604
-0.142,-0.604
-0.141,-0.604
-0.14,-0.604
-0.139,-0.604
-0.138,-0.604
-0.137,-0.604
-0.136,-0.604
-0.135,-0.604
-0.134,-0.604
-0.133,-0.604
-0.132,-0.604
-0.131,-0.604
-0.13,-0.604
-0.129,-0.604
-0.128,-0.604
-0.127,-0.604
-0.126,-0.604
-0.125,-0.604
-0.124,-0.604
-0.123,-0.604
-0.122,-0.604
-0.121,-0.604
-0.12,-0.604
-0.119,-0.604
-0.118,-0.604
-0.117,-0.604
-0.116,-0.604
-0.115,-0.604
-0.114,-0.604
-0.113,-0.604
-0.112,-0.604
-0.111,-0.604
-0.11,-0.604
-0.109,-0.604
-0.108,-0.604
-0.107,-0.604
-0.106,-0.604
-0.105,-0.604
-0.104,-0.604
-0.103,-0.604
-0.102,-0.604
-0.101,-0.604
-0.1,-0.604
-0.099,-0.604
-0.098,-0.604
-0.097,-0.604
-0.096,-0.604
-0.095,-0.604
-0.094,-0.604
-0.093,-0.604
-0.092,-0.604
-0.091,-0.604
-0.09,-0.604
-0.089,-0.604
-0.088,-0.604
-0.087,-0.604
-0.086,-0.604
-0.085,-0.604
-0.084,-0.604
-0.083,-0.604
-0.082,-0.604
-0.081,-0.604
-0.08,-0.604
-0.079,-0.604
-0.078,-0.604
-0.077,-0.604
-0.076,-0.604
-0.075,-0.604
-0.074,-0.604
-0.073,-0.604
-0.072,-0.604
-0.071,-0.604
-0.07,-0.604
-0.069,-0.604
-0.068,-0.604
-0.067,-0.604
-0.066,-0.604
-0.065,-0.604
-0.064,-0.604
-0.063,-0.604
-0.062,-0.604
-0.061,-0.604
-0.06,-0.604
-0.059,-0.604
-0.058,-0.604
-0.057,-0.604
-0.056,-0.604
-0.055,-0.604
-0.054,-0.604
-0.053,-0.604
-0.052,-0.604
-0.051,-0.604
-0.05,-0.604
-0.049,-0.604
-0.048,-0.604
-0.047,-0.604
-0.046,-0.604
-0.045,-0.604
-0.044,-0.604
-0.043,-0.604
-0.042,-0.604
-0.041,-0.604
-0.04,-0.604
-0.039,-0.604
-0.038,-0.604
-0.037,-0.604
-0.036,-0.604
-0.035,-0.604
-0.034,-0.604
-0.033,-0.604
-0.032,-0.604
-0.031,-0.604
-0.03,-0.604
-0.029,-0.604
-0.028,-0.604
-0.027,-0.604
-0.026,-0.604
-0.025,-0.604
-0.024,-0.604
-0.023,-0.604
-0.022,-0.604
-0.021,-0.604
-0.02,-0.604
-0.019,-0.604
-0.018,-0.604
-0.017,-0.604
-0.016,-0.604
-0.015,-0.604
-0.014,-0.604
-0.013,-0.604
-0.012,-0.604
-0.011,-0.604
-0.01,-0.604
-0.009,-0.604
-0.008,-0.604
-0.007,-0.604
-0.006,-0.604
-0.005,-0.604
-0.004,-0.604
-0.003,-0.604
-0.002,-0.604
-0.001,-0.604
0.0,-0.604
0.001,-0.604
0.002,-0.604
0.003,-0.604
0.004,-0.604
0.005,-0.604
0.006,-0.604
0.007,-0.604
0.008,-0.604
0.009,-0.604
0.01,-0.604
0.011,-0.604
0.012,-0.604
0.013,-0.604
0.014,-0.604
0.015,-0.604
0.016,-0.604
0.017,-0.604
0.018,-0.604
0.019,-0.604
0.02,-0.604
0.021,-0.604
0.022,-0.604
0.023,-0.604
0.024,-0.604
0.025,-0.604
0.026,-0.604
0.027,-0.604
0.028,-0.604
0.029,-0.604
0.03,-0.604
0.031,-0.604
0.032,-0.604
0.033,-0.604
0.034,-0.604
0.035,-0.604
0.036,-0.604
0.037,-0.604
0.038,-0.604
0.039,-0.604
0.04,-0.604
0.041,-0.604
0.042,-0.604
0.043,-0.604
0.044,-0.604
0.045,-0.604
0.046,-0.604
0.047,-0.604
0.048,-0.604
0.049,-0.604
0.05,-0.604
0.051,-0.604
0.052,-0.604
0.053,-0.604
0.054,-0.604
0.055,-0.604
0.056,-0.604
0.057,-0.604
0.058,-0.604
0.059,-0.604
0.06,-0.604
0.061,-0.604
0.062,-0.604
0.063,-0.604
0.064,-0.604
0.065,-0.604
0.066,-0.604
0.067,-0.604
0.068,-0.604
0.069,-0.604
0.07,-0.604
0.071,-0.604
0.072,-0.604
0.073,-0.604
0.074,-0.604
0.075,-0.604
0.076,-0.604
0.077,-0.604
0.078,-0.604
0.079,-0.604
0.08,-0.604
0.081,-0.604
0.082,-0.604
0.083,-0.604
0.084,-0.604
0.085,-0.604
0.086,-0.604
0.087,-0.604
0.088,-0.604
0.089,-0.604
0.09,-0.604
0.091,-0.604
0.092,-0.604
0.093,-0.604
0.094,-0.604
0.095,-0.604
0.096,-0.604
0.097,-0.604
0.098,-0.604
0.1,-0.604
0.101,-0.604
0.105,-0.604
0.106,-0.604
0.107,-0.604
0.108,-0.604
0.109,-0.604
0.11,-0.604
0.111,-0.604
0.112,-0.604
0.113,-0.604
0.114,-0.604
0.115,-0.604
0.116,-0.604
0.117,-0.604
0.118,-0.604
0.119,-0.604
0.12,-0.604
0.121,-0.604
0.122,-0.604
0.123,-0.604
0.124,-0.604
0.125,-0.604
0.126,-0.604
0.127,-0.604
0.128,-0.604
0.129,-0.604
0.13,-0.604
0.131,-0.604
0.132,-0.604
0.133,-0.604
0.134,-0.604
0.135,-0.604
0.136,-0.604
0.137,-0.604
0.138,-0.604
0.139,-0.604
0.143,-0.604
0.144,-0.604
0.151,-0.604
0.396,-0.604
0.397,-0.604
0.398,-0.604
-0.551,-0.603
-0.548,-0.603
-0.545,-0.603
-0.544,-0.603
-0.543,-0.603
-0.542,-0.603
-0.541,-0.603
-0.54,-0.603
-0.539,-0.603
-0.538,-0.603
-0.537,-0.603
-0.536,-0.603
-0.535,-0.603
-0.534,-0.603
-0.533,-0.603
-0.532,-0.603
-0.531,-0.603
-0.53,-0.603
-0.529,-0.603
-0.528,-0.603
-0.527,-0.603
-0.526,-0.603
-0.525,-0.603
-0.524,-0.603
-0.523,-0.603
-0.521,-0.603
-0.516,-0.603
-0.512,-0.603
-0.511,-0.603
-0.51,-0.603
-0.509,-0.603
-0.508,-0.603
-0.506,-0.603
-0.505,-0.603
-0.504,-0.603
-0.503,-0.603
-0.502,-0.603
-0.501,-0.603
-0.498,-0.603
-0.497,-0.603
-0.493,-0.603
-0.492,-0.603
-0.491,-0.603
-0.49,-0.603
-0.489,-0.603
-0.488,-0.603
-0.487,-0.603
-0.486,-0.603
-0.485,-0.603
-0.484,-0.603
-0.483,-0.603
-0.482,-0.603
-0.481,-0.603
-0.48,-0.603
-0.476,-0.603
-0.467,-0.603
-0.419,-0.603
-0.418,-0.603
-0.417,-0.603
-0.416,-0.603
-0.415,-0.603
-0.408,-0.603
-0.405,-0.603
-0.404,-0.603
-0.4,-0.603
-0.388,-0.603
-0.371,-0.603
-0.37,-0.603
-0.368,-0.603
-0.367,-0.603
-0.366,-0.603
-0.365,-0.603
-0.364,-0.603
-0.363,-0.603
-0.362,-0.603
-0.361,-0.603
-0.36,-0.603
-0.359,-0.603
-0.358,-0.603
-0.357,-0.603
-0.356,-0.603
-0.355,-0.603
-0.354,-0.603
-0.353,-0.603
-0.352,-0.603
-0.351,-0.603
-0.35,-0.603
-0.349,-0.603
-0.348,-0.603
-0.347,-0.603
-0.346,-0.603
-0.345,-0.603
-0.344,-0.603
-0.343,-0.603
-0.342,-0.603
-0.341,-0.603
-0.34,-0.603
-0.339,-0.603
-0.338,-0.603
-0.337,-0.603
-0.336,-0.603
-0.335,-0.603
-0.334,-0.603
-0.333,-0.603
-0.332,-0.603
-0.331,-0.603
-0.33,-0.603
-0.329,-0.603
-0.328,-0.603
-0.327,-0.603
-0.326,-0.603
-0.325,-0.603
-0.324,-0.603
-0.323,-0.603
-0.322,-0.603
-0.321,-0.603
-0.32,-0.603
-0.319,-0.603
-0.318,-0.603
-0.317,-0.603
-0.316,-0.603
-0.315,-0.603
-0.314,-0.603
-0.313,-0.603
-0.312,-0.603
-0.311,-0.603
-0.31,-0.603
-0.309,-0.603
-0.308,-0.603
-0.307,-0.603
-0.306,-0.603
-0.305,-0.603
-0.304,-0.603
-0.303,-0.603
-0.302,-0.603
-0.301,-0.603
-0.3,-0.603
-0.299,-0.603
-0.298,-0.603
-0.297,-0.603
-0.296,-0.603
-0.295,-0.603
-0.294,-0.603
-0.293,-0.603
-0.292,-0.603
-0.291,-0.603
-0.29,-0.603
-0.289,-0.603
-0.288,-0.603
-0.287,-0.603
-0.286,-0.603
-0.285,-0.603
-0.284,-0.603
-0.283,-0.603
-0.282,-0.603
-0.281,-0.603
-0.28,-0.603
-0.279,-0.603
-0.278,-0.603
-0.277,-0.603
-0.276,-0.603
-0.275,-0.603
-0.274,-0.603
-0.273,-0.603
-0.272,-0.603
-0.271,-0.603
-0.27,-0.603
-0.269,-0.603
-0.268,-0.603
-0.267,-0.603
-0.266,-0.603
-0.265,-0.603
-0.264,-0.603
-0.263,-0.603
-0.262,-0.603
-0.261,-0.603
-0.26,-0.603
-0.259,-0.603
-0.258,-0.603
-0.257,-0.603
-0.256,-0.603
-0.255,-0.603
-0.254,-0.603
-0.253,-0.603
-0.252,-0.603
-0.251,-0.603
-0.25,-0.603
-0.249,-0.603
-0.248,-0.603
-0.247,-0.603
-0.246,-0.603
-0.245,-0.603
-0.244,-0.603
-0.243,-0.603
-0.242,-0.603
-0.241,-0.603
-0.24,-0.603
-0.239,-0.603
-0.238,-0.603
-0.237,-0.603
-0.236,-0.603
-0.235,-0.603
-0.234,-0.603
-0.233,-0.603
-0.232,-0.603
-0.231,-0.603
-0.23,-0.603
-0.229,-0.603
-0.228,-0.603
-0.227,-0.603
-0.226,-0.603
-0.225,-0.603
-0.224,-0.603
-0.223,-0.603
-0.222,-0.603
-0.221,-0.603
-0.22,-0.603
-0.219,-0.603
-0.218,-0.603
-0.217,-0.603
-0.216,-0.603
-0.215,-0.603
-0.214,-0.603
-0.213,-0.603
-0.212,-0.603
-0.211,-0.603
-0.21,-0.603
-0.209,-0.603
-0.208,-0.603
-0.207,-0.603
-0.206,-0.603
-0.205,-0.603
-0.204,-0.603
-0.203,-0.603
-0.202,-0.603
-0.201,-0.603
-0.2,-0.603
-0.199,-0.603
-0.198,-0.603
-0.197,-0.603
-0.196,-0.603
-0.195,-0.603
-0.194,-0.603
-0.193,-0.603
-0.192,-0.603
-0.191,-0.603
-0.19,-0.603
-0.189,-0.603
-0.188,-0.603
-0.187,-0.603
-0.186,-0.603
-0.185,-0.603
-0.184,-0.603
-0.183,-0.603
-0.182,-0.603
-0.181,-0.603
-0.18,-0.603
-0.179,-0.603
-0.178,-0.603
-0.177,-0.603
-0.176,-0.603
-0.175,-0.603
-0.174,-0.603
-0.173,-0.603
-0.172,-0.603
-0.171,-0.603
-0.17,-0.603
-0.169,-0.603
-0.168,-0.603
-0.167,-0.603
-0.166,-0.603
-0.165,-0.603
-0.164,-0.603
-0.163,-0.603
-0.162,-0.603
-0.161,-0.603
-0.16,-0.603
-0.159,-0.603
-0.158,-0.603
-0.157,-0.603
-0.156,-0.603
-0.155,-0.603
-0.154,-0.603
-0.153,-0.603
-0.152,-0.603
-0.151,-0.603
-0.15,-0.603
-0.149,-0.603
-0.148,-0.603
-0.147,-0.603
-0.146,-0.603
-0.145,-0.603
-0.144,-0.603
-0.143,-0.603
-0.142,-0.603
-0.141,-0.603
-0.14,-0.603
-0.139,-0.603
-0.138,-0.603
-0.137,-0.603
-0.136,-0.603
-0.135,-0.603
-0.134,-0.603
-0.133,-0.603
-0.132,-0.603
-0.131,-0.603
-0.13,-0.603
-0.129,-0.603
-0.128,-0.603
-0.127,-0.603
-0.126,-0.603
-0.125,-0.603
-0.124,-0.603
-0.123,-0.603
-0.122,-0.603
-0.121,-0.603
-0.12,-0.603
-0.119,-0.603
-0.118,-0.603
-0.117,-0.603
-0.116,-0.603
-0.115,-0.603
-0.114,-0.603
-0.113,-0.603
-0.112,-0.603
-0.111,-0.603
-0.11,-0.603
-0.109,-0.603
-0.108,-0.603
-0.107,-0.603
-0.106,-0.603
-0.105,-0.603
-0.104,-0.603
-0.103,-0.603
-0.102,-0.603
-0.101,-0.603
-0.1,-0.603
-0.099,-0.603
-0.098,-0.603
-0.097,-0.603
-0.096,-0.603
-0.095,-0.603
-0.094,-0.603
-0.093,-0.603
-0.092,-0.603
-0.091,-0.603
-0.09,-0.603
-0.089,-0.603
-0.088,-0.603
-0.087,-0.603
-0.086,-0.603
-0.085,-0.603
-0.084,-0.603
-0.083,-0.603
-0.082,-0.603
-0.081,-0.603
-0.08,-0.603
-0.079,-0.603
-0.078,-0.603
-0.077,-0.603
-0.076,-0.603
-0.075,-0.603
-0.074,-0.603
-0.073,-0.603
-0.072,-0.603
-0.071,-0.603
-0.07,-0.603
-0.069,-0.603
-0.068,-0.603
-0.067,-0.603
-0.066,-0.603
-0.065,-0.603
-0.064,-0.603
-0.063,-0.603
-0.062,-0.603
-0.061,-0.603
-0.06,-0.603
-0.059,-0.603
-0.058,-0.603
-0.057,-0.603
-0.056,-0.603
-0.055,-0.603
-0.054,-0.603
-0.053,-0.603
-0.052,-0.603
-0.051,-0.603
-0.05,-0.603
-0.049,-0.603
-0.048,-0.603
-0.047,-0.603
-0.046,-0.603
-0.045,-0.603
-0.044,-0.603
-0.043,-0.603
-0.042,-0.603
-0.041,-0.603
-0.04,-0.603
-0.039,-0.603
-0.038,-0.603
-0.037,-0.603
-0.036,-0.603
-0.035,-0.603
-0.034,-0.603
-0.033,-0.603
-0.032,-0.603
-0.031,-0.603
-0.03,-0.603
-0.029,-0.603
-0.028,-0.603
-0.027,-0.603
-0.026,-0.603
-0.025,-0.603
-0.024,-0.603
-0.023,-0.603
-0.022,-0.603
-0.021,-0.603
-0.02,-0.603
-0.019,-0.603
-0.018,-0.603
-0.017,-0.603
-0.016,-0.603
-0.015,-0.603
-0.014,-0.603
-0.013,-0.603
-0.012,-0.603
-0.011,-0.603
-0.01,-0.603
-0.009,-0.603
-0.008,-0.603
-0.007,-0.603
-0.006,-0.603
-0.005,-0.603
-0.004,-0.603
-0.003,-0.603
-0.002,-0.603
-0.001,-0.603
0.0,-0.603
0.001,-0.603
0.002,-0.603
0.003,-0.603
0.004,-0.603
0.005,-0.603
0.006,-0.603
0.007,-0.603
0.008,-0.603
0.009,-0.603
0.01,-0.603
0.011,-0.603
0.012,-0.603
0.013,-0.603
0.014,-0.603
0.015,-0.603
0.016,-0.603
0.017,-0.603
0.018,-0.603
0.019,-0.603
0.02,-0.603
0.021,-0.603
0.022,-0.603
0.023,-0.603
0.024,-0.603
0.025,-0.603
0.026,-0.603
0.027,-0.603
0.028,-0.603
0.029,-0.603
0.03,-0.603
0.031,-0.603
0.032,-0.603
0.033,-0.603
0.034,-0.603
0.035,-0.603
0.036,-0.603
0.037,-0.603
0.038,-0.603
0.039,-0.603
0.04,-0.603
0.041,-0.603
0.042,-0.603
0.043,-0.603
0.044,-0.603
0.045,-0.603
0.046,-0.603
0.047,-0.603
0.048,-0.603
0.049,-0.603
0.05,-0.603
0.051,-0.603
0.052,-0.603
0.053,-0.603
0.054,-0.603
0.055,-0.603
0.056,-0.603
0.057,-0.603
0.058,-0.603
0.059,-0.603
0.06,-0.603
0.061,-0.603
0.062,-0.603
0.063,-0.603
0.064,-0.603
0.065,-0.603
0.066,-0.603
0.067,-0.603
0.068,-0.603
0.069,-0.603
0.07,-0.603
0.071,-0.603
0.072,-0.603
0.073,-0.603
0.074,-0.603
0.075,-0.603
0.076,-0.603
0.077,-0.603
0.078,-0.603
0.079,-0.603
0.08,-0.603
0.081,-0.603
0.082,-0.603
0.083,-0.603
0.084,-0.603
0.085,-0.603
0.086,-0.603
0.087,-0.603
0.088,-0.603
0.089,-0.603
0.09,-0.603
0.091,-0.603
0.092,-0.603
0.093,-0.603
0.094,-0.603
0.095,-0.603
0.096,-0.603
0.097,-0.603
0.098,-0.603
0.099,-0.603
0.1,-0.603
0.102,-0.603
0.106,-0.603
0.107,-0.603
0.108,-0.603
0.109,-0.603
0.11,-0.603
0.111,-0.603
0.112,-0.603
0.113,-0.603
0.114,-0.603
0.115,-0.603
0.116,-0.603
0.117,-0.603
0.118,-0.603
0.119,-0.603
0.12,-0.603
0.121,-0.603
0.122,-0.603
0.123,-0.603
0.124,-0.603
0.125,-0.603
0.126,-0.603
0.127,-0.603
0.128,-0.603
0.129,-0.603
0.13,-0.603
0.131,-0.603
0.132,-0.603
0.133,-0.603
0.134,-0.603
0.135,-0.603
0.136,-0.603
0.137,-0.603
0.138,-0.603
0.141,-0.603
0.142,-0.603
0.143,-0.603
0.145,-0.603
-0.554,-0.602
-0.547,-0.602
-0.546,-0.602
-0.545,-0.602
-0.544,-0.602
-0.543,-0.602
-0.542,-0.602
-0.541,-0.602
-0.54,-0.602
-0.539,-0.602
-0.538,-0.602
-0.537,-0.602
-0.536,-0.602
-0.535,-0.602
-0.534,-0.602
-0.533,-0.602
-0.532,-0.602
-0.531,-0.602
-0.53,-0.602
-0.529,-0.602
-0.528,-0.602
-0.527,-0.602
-0.526,-0.602
-0.525,-0.602
-0.524,-0.602
-0.523,-0.602
-0.521,-0.602
-0.516,-0.602
-0.515,-0.602
-0.513,-0.602
-0.512,-0.602
-0.511,-0.602
-0.51,-0.602
-0.509,-0.602
-0.508,-0.602
-0.507,-0.602
-0.506,-0.602
-0.505,-0.602
-0.504,-0.602
-0.503,-0.602
-0.502,-0.602
-0.501,-0.602
-0.5,-0.602
-0.499,-0.602
-0.498,-0.602
-0.497,-0.602
-0.496,-0.602
-0.495,-0.602
-0.493,-0.602
-0.491,-0.602
-0.49,-0.602
-0.489,-0.602
-0.488,-0.602
-0.487,-0.602
-0.486,-0.602
-0.485,-0.602
-0.484,-0.602
-0.483,-0.602
-0.482,-0.602
-0.481,-0.602
-0.478,-0.602
-0.469,-0.602
-0.464,-0.602
-0.463,-0.602
-0.422,-0.602
-0.421,-0.602
-0.42,-0.602
-0.418,-0.602
-0.417,-0.602
-0.415,-0.602
-0.413,-0.602
-0.411,-0.602
-0.409,-0.602
-0.407,-0.602
-0.401,-0.602
-0.392,-0.602
-0.389,-0.602
-0.388,-0.602
-0.366,-0.602
-0.363,-0.602
-0.362,-0.602
-0.361,-0.602
-0.36,-0.602
-0.359,-0.602
-0.358,-0.602
-0.357,-0.602
-0.356,-0.602
-0.355,-0.602
-0.354,-0.602
-0.353,-0.602
-0.352,-0.602
-0.351,-0.602
-0.35,-0.602
-0.349,-0.602
-0.348,-0.602
-0.347,-0.602
-0.346,-0.602
-0.345,-0.602
-0.344,-0.602
-0.343,-0.602
-0.342,-0.602
-0.341,-0.602
-0.34,-0.602
-0.339,-0.602
-0.338,-0.602
-0.337,-0.602
-0.336,-0.602
-0.335,-0.602
-0.334,-0.602
-0.333,-0.602
-0.332,-0.602
-0.331,-0.602
-0.33,-0.602
-0.329,-0.602
-0.328,-0.602
-0.327,-0.602
-0.326,-0.602
-0.325,-0.602
-0.324,-0.602
-0.323,-0.602
-0.322,-0.602
-0.321,-0.602
-0.32,-0.602
-0.319,-0.602
-0.318,-0.602
-0.317,-0.602
-0.316,-0.602
-0.315,-0.602
-0.314,-0.602
-0.313,-0.602
-0.312,-0.602
-0.311,-0.602
-0.31,-0.602
-0.309,-0.602
-0.308,-0.602
-0.307,-0.602
-0.306,-0.602
-0.305,-0.602
-0.304,-0.602
-0.303,-0.602
-0.302,-0.602
-0.301,-0.602
-0.3,-0.602
-0.299,-0.602
-0.298,-0.602
-0.297,-0.602
-0.296,-0.602
-0.295,-0.602
-0.294,-0.602
-0.293,-0.602
-0.292,-0.602
-0.291,-0.602
-0.29,-0.602
-0.289,-0.602
-0.288,-0.602
-0.287,-0.602
-0.286,-0.602
-0.285,-0.602
-0.284,-0.602
-0.283,-0.602
-0.282,-0.602
-0.281,-0.602
-0.28,-0.602
-0.279,-0.602
-0.278,-0.602
-0.277,-0.602
-0.276,-0.602
-0.275,-0.602
-0.274,-0.602
-0.273,-0.602
-0.272,-0.602
-0.271,-0.602
-0.27,-0.602
-0.269,-0.602
-0.268,-0.602
-0.267,-0.602
-0.266,-0.602
-0.265,-0.602
-0.264,-0.602
-0.263,-0.602
-0.262,-0.602
-0.261,-0.602
-0.26,-0.602
-0.259,-0.602
-0.258,-0.602
-0.257,-0.602
-0.256,-0.602
-0.255,-0.602
-0.254,-0.602
-0.253,-0.602
-0.252,-0.602
-0.251,-0.602
-0.25,-0.602
-0.249,-0.602
-0.248,-0.602
-0.247,-0.602
-0.246,-0.602
-0.245,-0.602
-0.244,-0.602
-0.243,-0.602
-0.242,-0.602
-0.241,-0.602
-0.24,-0.602
-0.239,-0.602
-0.238,-0.602
-0.237,-0.602
-0.236,-0.602
-0.235,-0.602
-0.234,-0.602
-0.233,-0.602
-0.232,-0.602
-0.231,-0.602
-0.23,-0.602
-0.229,-0.602
-0.228,-0.602
-0.227,-0.602
-0.226,-0.602
-0.225,-0.602
-0.224,-0.602
-0.223,-0.602
-0.222,-0.602
-0.221,-0.602
-0.22,-0.602
-0.219,-0.602
-0.218,-0.602
-0.217,-0.602
-0.216,-0.602
-0.215,-0.602
-0.214,-0.602
-0.213,-0.602
-0.212,-0.602
-0.211,-0.602
-0.21,-0.602
-0.209,-0.602
-0.208,-0.602
-0.207,-0.602
-0.206,-0.602
-0.205,-0.602
-0.204,-0.602
-0.203,-0.602
-0.202,-0.602
-0.201,-0.602
-0.2,-0.602
-0.199,-0.602
-0.198,-0.602
-0.197,-0.602
-0.196,-0.602
-0.195,-0.602
-0.194,-0.602
-0.193,-0.602
-0.192,-0.602
-0.191,-0.602
-0.19,-0.602
-0.189,-0.602
-0.188,-0.602
-0.187,-0.602
-0.186,-0.602
-0.185,-0.602
-0.184,-0.602
-0.183,-0.602
-0.182,-0.602
-0.181,-0.602
-0.18,-0.602
-0.179,-0.602
-0.178,-0.602
-0.177,-0.602
-0.176,-0.602
-0.175,-0.602
-0.174,-0.602
-0.173,-0.602
-0.172,-0.602
-0.171,-0.602
-0.17,-0.602
-0.169,-0.602
-0.168,-0.602
-0.167,-0.602
-0.166,-0.602
-0.165,-0.602
-0.164,-0.602
-0.163,-0.602
-0.162,-0.602
-0.161,-0.602
-0.16,-0.602
-0.159,-0.602
-0.158,-0.602
-0.157,-0.602
-0.156,-0.602
-0.155,-0.602
-0.154,-0.602
-0.153,-0.602
-0.152,-0.602
-0.151,-0.602
-0.15,-0.602
-0.149,-0.602
-0.148,-0.602
-0.147,-0.602
-0.146,-0.602
-0.145,-0.602
-0.144,-0.602
-0.143,-0.602
-0.142,-0.602
-0.141,-0.602
-0.14,-0.602
-0.139,-0.602
-0.138,-0.602
-0.137,-0.602
-0.136,-0.602
-0.135,-0.602
-0.134,-0.602
-0.133,-0.602
-0.132,-0.602
-0.131,-0.602
-0.13,-0.602
-0.129,-0.602
-0.128,-0.602
-0.127,-0.602
-0.126,-0.602
-0.125,-0.602
-0.124,-0.602
-0.123,-0.602
-0.122,-0.602
-0.121,-0.602
-0.12,-0.602
-0.119,-0.602
-0.118,-0.602
-0.117,-0.602
-0.116,-0.602
-0.115,-0.602
-0.114,-0.602
-0.113,-0.602
-0.112,-0.602
-0.111,-0.602
-0.11,-0.602
-0.109,-0.602
-0.108,-0.602
-0.107,-0.602
-0.106,-0.602
-0.105,-0.602
-0.104,-0.602
-0.103,-0.602
-0.102,-0.602
-0.101,-0.602
-0.1,-0.602
-0.099,-0.602
-0.098,-0.602
-0.097,-0.602
-0.096,-0.602
-0.095,-0.602
-0.094,-0.602
-0.093,-0.602
-0.092,-0.602
-0.091,-0.602
-0.09,-0.602
-0.089,-0.602
-0.088,-0.602
-0.087,-0.602
-0.086,-0.602
-0.085,-0.602
-0.084,-0.602
-0.083,-0.602
-0.082,-0.602
-0.081,-0.602
-0.08,-0.602
-0.079,-0.602
-0.078,-0.602
-0.077,-0.602
-0.076,-0.602
-0.075,-0.602
-0.074,-0.602
-0.073,-0.602
-0.072,-0.602
-0.071,-0.602
-0.07,-0.602
-0.069,-0.602
-0.068,-0.602
-0.067,-0.602
-0.066,-0.602
-0.065,-0.602
-0.064,-0.602
-0.063,-0.602
-0.062,-0.602
-0.061,-0.602
-0.06,-0.602
-0.059,-0.602
-0.058,-0.602
-0.057,-0.602
-0.056,-0.602
-0.055,-0.602
-0.054,-0.602
-0.053,-0.602
-0.052,-0.602
-0.051,-0.602
-0.05,-0.602
-0.049,-0.602
-0.048,-0.602
-0.047,-0.602
-0.046,-0.602
-0.045,-0.602
-0.044,-0.602
-0.043,-0.602
-0.042,-0.602
-0.041,-0.602
-0.04,-0.602
-0.039,-0.602
-0.038,-0.602
-0.037,-0.602
-0.036,-0.602
-0.035,-0.602
-0.034,-0.602
-0.033,-0.602
-0.032,-0.602
-0.031,-0.602
-0.03,-0.602
-0.029,-0.602
-0.028,-0.602
-0.027,-0.602
-0.026,-0.602
-0.025,-0.602
-0.024,-0.602
-0.023,-0.602
-0.022,-0.602
-0.021,-0.602
-0.02,-0.602
-0.019,-0.602
-0.018,-0.602
-0.017,-0.602
-0.016,-0.602
-0.015,-0.602
-0.014,-0.602
-0.013,-0.602
-0.012,-0.602
-0.011,-0.602
-0.01,-0.602
-0.009,-0.602
-0.008,-0.602
-0.007,-0.602
-0.006,-0.602
-0.005,-0.602
-0.004,-0.602
-0.003,-0.602
-0.002,-0.602
-0.001,-0.602
0.0,-0.602
0.001,-0.602
0.002,-0.602
0.003,-0.602
0.004,-0.602
0.005,-0.602
0.006,-0.602
0.007,-0.602
0.008,-0.602
0.009,-0.602
0.01,-0.602
0.011,-0.602
0.012,-0.602
0.013,-0.602
0.014,-0.602
0.015,-0.602
0.016,-0.602
0.017,-0.602
0.018,-0.602
0.019,-0.602
0.02,-0.602
0.021,-0.602
0.022,-0.602
0.023,-0.602
0.024,-0.602
0.025,-0.602
0.026,-0.602
0.027,-0.602
0.028,-0.602
0.029,-0.602
0.03,-0.602
0.031,-0.602
0.032,-0.602
0.033,-0.602
0.034,-0.602
0.035,-0.602
0.036,-0.602
0.037,-0.602
0.038,-0.602
0.039,-0.602
0.04,-0.602
0.041,-0.602
0.042,-0.602
0.043,-0.602
0.044,-0.602
0.045,-0.602
0.046,-0.602
0.047,-0.602
0.048,-0.602
0.049,-0.602
0.05,-0.602
0.051,-0.602
0.052,-0.602
0.053,-0.602
0.054,-0.602
0.055,-0.602
0.056,-0.602
0.057,-0.602
0.058,-0.602
0.059,-0.602
0.06,-0.602
0.061,-0.602
0.062,-0.602
0.063,-0.602
0.064,-0.602
0.065,-0.602
0.066,-0.602
0.067,-0.602
0.068,-0.602
0.069,-0.602
0.07,-0.602
0.071,-0.602
0.072,-0.602
0.073,-0.602
0.074,-0.602
0.075,-0.602
0.076,-0.602
0.077,-0.602
0.078,-0.602
0.079,-0.602
0.08,-0.602
0.081,-0.602
0.082,-0.602
0.083,-0.602
0.084,-0.602
0.085,-0.602
0.086,-0.602
0.087,-0.602
0.088,-0.602
0.089,-0.602
0.09,-0.602
0.091,-0.602
0.092,-0.602
0.093,-0.602
0.094,-0.602
0.095,-0.602
0.096,-0.602
0.097,-0.602
0.098,-0.602
0.099,-0.602
0.1,-0.602
0.101,-0.602
0.102,-0.602
0.103,-0.602
0.104,-0.602
0.107,-0.602
0.108,-0.602
0.109,-0.602
0.11,-0.602
0.111,-0.602
0.112,-0.602
0.113,-0.602
0.114,-0.602
0.115,-0.602
0.116,-0.602
0.117,-0.602
0.118,-0.602
0.119,-0.602
0.12,-0.602
0.121,-0.602
0.122,-0.602
0.123,-0.602
0.124,-0.602
0.125,-0.602
0.126,-0.602
0.127,-0.602
0.128,-0.602
0.129,-0.602
0.13,-0.602
0.131,-0.602
0.132,-0.602
0.133,-0.602
0.134,-0.602
0.135,-0.602
0.136,-0.602
0.137,-0.602
0.138,-0.602
0.139,-0.602
0.143,-0.602
0.144,-0.602
-0.559,-0.601
-0.555,-0.601
-0.547,-0.601
-0.546,-0.601
-0.545,-0.601
-0.544,-0.601
-0.543,-0.601
-0.542,-0.601
-0.541,-0.601
-0.54,-0.601
-0.539,-0.601
-0.538,-0.601
-0.537,-0.601
-0.536,-0.601
-0.535,-0.601
-0.534,-0.601
-0.533,-0.601
-0.532,-0.601
-0.531,-0.601
-0.53,-0.601
-0.529,-0.601
-0.528,-0.601
-0.527,-0.601
-0.526,-0.601
-0.525,-0.601
-0.524,-0.601
-0.523,-0.601
-0.522,-0.601
-0.519,-0.601
-0.518,-0.601
-0.517,-0.601
-0.516,-0.601
-0.515,-0.601
-0.514,-0.601
-0.513,-0.601
-0.512,-0.601
-0.511,-0.601
-0.51,-0.601
-0.509,-0.601
-0.508,-0.601
-0.507,-0.601
-0.506,-0.601
-0.505,-0.601
-0.504,-0.601
-0.503,-0.601
-0.502,-0.601
-0.501,-0.601
-0.5,-0.601
-0.499,-0.601
-0.498,-0.601
-0.497,-0.601
-0.496,-0.601
-0.495,-0.601
-0.494,-0.601
-0.493,-0.601
-0.491,-0.601
-0.49,-0.601
-0.489,-0.601
-0.488,-0.601
-0.487,-0.601
-0.486,-0.601
-0.485,-0.601
-0.484,-0.601
-0.483,-0.601
-0.482,-0.601
-0.468,-0.601
-0.467,-0.601
-0.428,-0.601
-0.419,-0.601
-0.416,-0.601
-0.412,-0.601
-0.41,-0.601
-0.409,-0.601
-0.406,-0.601
-0.389,-0.601
-0.388,-0.601
-0.386,-0.601
-0.385,-0.601
-0.378,-0.601
-0.361,-0.601
-0.36,-0.601
-0.359,-0.601
-0.358,-0.601
-0.357,-0.601
-0.356,-0.601
-0.355,-0.601
-0.354,-0.601
-0.353,-0.601
-0.352,-0.601
-0.351,-0.601
-0.35,-0.601
-0.349,-0.601
-0.348,-0.601
-0.347,-0.601
-0.346,-0.601
-0.345,-0.601
-0.344,-0.601
-0.343,-0.601
-0.342,-0.601
-0.341,-0.601
-0.34,-0.601
-0.339,-0.601
-0.338,-0.601
-0.337,-0.601
-0.336,-0.601
-0.335,-0.601
-0.334,-0.601
-0.333,-0.601
-0.332,-0.601
-0.331,-0.601
-0.33,-0.601
-0.329,-0.601
-0.328,-0.601
-0.327,-0.601
-0.326,-0.601
-0.325,-0.601
-0.324,-0.601
-0.323,-0.601
-0.322,-0.601
-0.321,-0.601
-0.32,-0.601
-0.319,-0.601
-0.318,-0.601
-0.317,-0.601
-0.316,-0.601
-0.315,-0.601
-0.314,-0.601
-0.313,-0.601
-0.312,-0.601
-0.311,-0.601
-0.31,-0.601
-0.309,-0.601
-0.308,-0.601
-0.307,-0.601
-0.306,-0.601
-0.305,-0.601
-0.304,-0.601
-0.303,-0.601
-0.302,-0.601
-0.301,-0.601
-0.3,-0.601
-0.299,-0.601
-0.298,-0.601
-0.297,-0.601
-0.296,-0.601
-0.295,-0.601
-0.294,-0.601
-0.293,-0.601
-0.292,-0.601
-0.291,-0.601
-0.29,-0.601
-0.289,-0.601
-0.288,-0.601
-0.287,-0.601
-0.286,-0.601
-0.285,-0.601
-0.284,-0.601
-0.283,-0.601
-0.282,-0.601
-0.281,-0.601
-0.28,-0.601
-0.279,-0.601
-0.278,-0.601
-0.277,-0.601
-0.276,-0.601
-0.275,-0.601
-0.274,-0.601
-0.273,-0.601
-0.272,-0.601
-0.271,-0.601
-0.27,-0.601
-0.269,-0.601
-0.268,-0.601
-0.267,-0.601
-0.266,-0.601
-0.265,-0.601
-0.264,-0.601
-0.263,-0.601
-0.262,-0.601
-0.261,-0.601
-0.26,-0.601
-0.259,-0.601
-0.258,-0.601
-0.257,-0.601
-0.256,-0.601
-0.255,-0.601
-0.254,-0.601
-0.253,-0.601
-0.252,-0.601
-0.251,-0.601
-0.25,-0.601
-0.249,-0.601
-0.248,-0.601
-0.247,-0.601
-0.246,-0.601
-0.245,-0.601
-0.244,-0.601
-0.243,-0.601
-0.242,-0.601
-0.241,-0.601
-0.24,-0.601
-0.239,-0.601
-0.238,-0.601
-0.237,-0.601
-0.236,-0.601
-0.235,-0.601
-0.234,-0.601
-0.233,-0.601
-0.232,-0.601
-0.231,-0.601
-0.23,-0.601
-0.229,-0.601
-0.228,-0.601
-0.227,-0.601
-0.226,-0.601
-0.225,-0.601
-0.224,-0.601
-0.223,-0.601
-0.222,-0.601
-0.221,-0.601
-0.22,-0.601
-0.219,-0.601
-0.218,-0.601
-0.217,-0.601
-0.216,-0.601
-0.215,-0.601
-0.214,-0.601
-0.213,-0.601
-0.212,-0.601
-0.211,-0.601
-0.21,-0.601
-0.209,-0.601
-0.208,-0.601
-0.207,-0.601
-0.206,-0.601
-0.205,-0.601
-0.204,-0.601
-0.203,-0.601
-0.202,-0.601
-0.201,-0.601
-0.2,-0.601
-0.199,-0.601
-0.198,-0.601
-0.197,-0.601
-0.196,-0.601
-0.195,-0.601
-0.194,-0.601
-0.193,-0.601
-0.192,-0.601
-0.191,-0.601
-0.19,-0.601
-0.189,-0.601
-0.188,-0.601
-0.187,-0.601
-0.186,-0.601
-0.185,-0.601
-0.184,-0.601
-0.183,-0.601
-0.182,-0.601
-0.181,-0.601
-0.18,-0.601
-0.179,-0.601
-0.178,-0.601
-0.177,-0.601
-0.176,-0.601
-0.175,-0.601
-0.174,-0.601
-0.173,-0.601
-0.172,-0.601
-0.171,-0.601
-0.17,-0.601
-0.169,-0.601
-0.168,-0.601
-0.167,-0.601
-0.166,-0.601
-0.165,-0.601
-0.164,-0.601
-0.163,-0.601
-0.162,-0.601
-0.161,-0.601
-0.16,-0.601
-0.159,-0.601
-0.158,-0.601
-0.157,-0.601
-0.156,-0.601
-0.155,-0.601
-0.154,-0.601
-0.153,-0.601
-0.152,-0.601
-0.151,-0.601
-0.15,-0.601
-0.149,-0.601
-0.148,-0.601
-0.147,-0.601
-0.146,-0.601
-0.145,-0.601
-0.144,-0.601
-0.143,-0.601
-0.142,-0.601
-0.141,-0.601
-0.14,-0.601
-0.139,-0.601
-0.138,-0.601
-0.137,-0.601
-0.136,-0.601
-0.135,-0.601
-0.134,-0.601
-0.133,-0.601
-0.132,-0.601
-0.131,-0.601
-0.13,-0.601
-0.129,-0.601
-0.128,-0.601
-0.127,-0.601
-0.126,-0.601
-0.125,-0.601
-0.124,-0.601
-0.123,-0.601
-0.122,-0.601
-0.121,-0.601
-0.12,-0.601
-0.119,-0.601
-0.118,-0.601
-0.117,-0.601
-0.116,-0.601
-0.115,-0.601
-0.114,-0.601
-0.113,-0.601
-0.112,-0.601
-0.111,-0.601
-0.11,-0.601
-0.109,-0.601
-0.108,-0.601
-0.107,-0.601
-0.106,-0.601
-0.105,-0.601
-0.104,-0.601
-0.103,-0.601
-0.102,-0.601
-0.101,-0.601
-0.1,-0.601
-0.099,-0.601
-0.098,-0.601
-0.097,-0.601
-0.096,-0.601
-0.095,-0.601
-0.094,-0.601
-0.093,-0.601
-0.092,-0.601
-0.091,-0.601
-0.09,-0.601
-0.089,-0.601
-0.088,-0.601
-0.087,-0.601
-0.086,-0.601
-0.085,-0.601
-0.084,-0.601
-0.083,-0.601
-0.082,-0.601
-0.081,-0.601
-0.08,-0.601
-0.079,-0.601
-0.078,-0.601
-0.077,-0.601
-0.076,-0.601
-0.075,-0.601
-0.074,-0.601
-0.073,-0.601
-0.072,-0.601
-0.071,-0.601
-0.07,-0.601
-0.069,-0.601
-0.068,-0.601
-0.067,-0.601
-0.066,-0.601
-0.065,-0.601
-0.064,-0.601
-0.063,-0.601
-0.062,-0.601
-0.061,-0.601
-0.06,-0.601
-0.059,-0.601
-0.058,-0.601
-0.057,-0.601
-0.056,-0.601
-0.055,-0.601
-0.054,-0.601
-0.053,-0.601
-0.052,-0.601
-0.051,-0.601
-0.05,-0.601
-0.049,-0.601
-0.048,-0.601
-0.047,-0.601
-0.046,-0.601
-0.045,-0.601
-0.044,-0.601
-0.043,-0.601
-0.042,-0.601
-0.041,-0.601
-0.04,-0.601
-0.039,-0.601
-0.038,-0.601
-0.037,-0.601
-0.036,-0.601
-0.035,-0.601
-0.034,-0.601
-0.033,-0.601
-0.032,-0.601
-0.031,-0.601
-0.03,-0.601
-0.029,-0.601
-0.028,-0.601
-0.027,-0.601
-0.026,-0.601
-0.025,-0.601
-0.024,-0.601
-0.023,-0.601
-0.022,-0.601
-0.021,-0.601
-0.02,-0.601
-0.019,-0.601
-0.018,-0.601
-0.017,-0.601
-0.016,-0.601
-0.015,-0.601
-0.014,-0.601
-0.013,-0.601
-0.012,-0.601
-0.011,-0.601
-0.01,-0.601
-0.009,-0.601
-0.008,-0.601
-0.007,-0.601
-0.006,-0.601
-0.005,-0.601
-0.004,-0.601
-0.003,-0.601
-0.002,-0.601
-0.001,-0.601
0.0,-0.601
0.001,-0.601
0.002,-0.601
0.003,-0.601
0.004,-0.601
0.005,-0.601
0.006,-0.601
0.007,-0.601
0.008,-0.601
0.009,-0.601
0.01,-0.601
0.011,-0.601
0.012,-0.601
0.013,-0.601
0.014,-0.601
0.015,-0.601
0.016,-0.601
0.017,-0.601
0.018,-0.601
0.019,-0.601
0.02,-0.601
0.021,-0.601
0.022,-0.601
0.023,-0.601
0.024,-0.601
0.025,-0.601
0.026,-0.601
0.027,-0.601
0.028,-0.601
0.029,-0.601
0.03,-0.601
0.031,-0.601
0.032,-0.601
0.033,-0.601
0.034,-0.601
0.035,-0.601
0.036,-0.601
0.037,-0.601
0.038,-0.601
0.039,-0.601
0.04,-0.601
0.041,-0.601
0.042,-0.601
0.043,-0.601
0.044,-0.601
0.045,-0.601
0.046,-0.601
0.047,-0.601
0.048,-0.601
0.049,-0.601
0.05,-0.601
0.051,-0.601
0.052,-0.601
0.053,-0.601
0.054,-0.601
0.055,-0.601
0.056,-0.601
0.057,-0.601
0.058,-0.601
0.059,-0.601
0.06,-0.601
0.061,-0.601
0.062,-0.601
0.063,-0.601
0.064,-0.601
0.065,-0.601
0.066,-0.601
0.067,-0.601
0.068,-0.601
0.069,-0.601
0.07,-0.601
0.071,-0.601
0.072,-0.601
0.073,-0.601
0.074,-0.601
0.075,-0.601
0.076,-0.601
0.077,-0.601
0.078,-0.601
0.079,-0.601
0.08,-0.601
0.081,-0.601
0.082,-0.601
0.083,-0.601
0.084,-0.601
0.085,-0.601
0.086,-0.601
0.087,-0.601
0.088,-0.601
0.089,-0.601
0.09,-0.601
0.091,-0.601
0.092,-0.601
0.093,-0.601
0.094,-0.601
0.095,-0.601
0.096,-0.601
0.097,-0.601
0.098,-0.601
0.099,-0.601
0.1,-0.601
0.101,-0.601
0.102,-0.601
0.103,-0.601
0.104,-0.601
0.105,-0.601
0.107,-0.601
0.108,-0.601
0.109,-0.601
0.11,-0.601
0.111,-0.601
0.112,-0.601
0.113,-0.601
0.114,-0.601
0.115,-0.601
0.116,-0.601
0.117,-0.601
0.118,-0.601
0.119,-0.601
0.12,-0.601
0.121,-0.601
0.122,-0.601
0.123,-0.601
0.124,-0.601
0.125,-0.601
0.126,-0.601
0.127,-0.601
0.128,-0.601
0.129,-0.601
0.13,-0.601
0.131,-0.601
0.132,-0.601
0.133,-0.601
0.134,-0.601
0.135,-0.601
0.136,-0.601
0.137,-0.601
0.138,-0.601
0.139,-0.601
0.14,-0.601
0.141,-0.601
0.143,-0.601
0.275,-0.601
-0.552,-0.6
-0.545,-0.6
-0.544,-0.6
-0.543,-0.6
-0.542,-0.6
-0.541,-0.6
-0.54,-0.6
-0.539,-0.6
-0.538,-0.6
-0.537,-0.6
-0.536,-0.6
-0.535,-0.6
-0.534,-0.6
-0.533,-0.6
-0.532,-0.6
-0.531,-0.6
-0.53,-0.6
-0.529,-0.6
-0.528,-0.6
-0.527,-0.6
-0.526,-0.6
-0.525,-0.6
-0.524,-0.6
-0.523,-0.6
-0.52,-0.6
-0.519,-0.6
-0.518,-0.6
-0.517,-0.6
-0.516,-0.6
-0.515,-0.6
-0.514,-0.6
-0.513,-0.6
-0.512,-0.6
-0.511,-0.6
-0.51,-0.6
-0.509,-0.6
-0.508,-0.6
-0.507,-0.6
-0.506,-0.6
-0.505,-0.6
-0.504,-0.6
-0.503,-0.6
-0.502,-0.6
-0.501,-0.6
-0.5,-0.6
-0.499,-0.6
-0.498,-0.6
-0.497,-0.6
-0.496,-0.6
-0.495,-0.6
-0.494,-0.6
-0.493,-0.6
-0.492,-0.6
-0.491,-0.6
-0.49,-0.6
-0.489,-0.6
-0.488,-0.6
-0.487,-0.6
-0.486,-0.6
-0.485,-0.6
-0.484,-0.6
-0.483,-0.6
-0.482,-0.6
-0.481,-0.6
-0.48,-0.6
-0.468,-0.6
-0.415,-0.6
-0.411,-0.6
-0.41,-0.6
-0.409,-0.6
-0.407,-0.6
-0.391,-0.6
-0.39,-0.6
-0.389,-0.6
-0.388,-0.6
-0.386,-0.6
-0.385,-0.6
-0.38,-0.6
-0.379,-0.6
-0.378,-0.6
-0.377,-0.6
-0.376,-0.6
-0.373,-0.6
-0.372,-0.6
-0.371,-0.6
-0.369,-0.6
-0.367,-0.6
-0.366,-0.6
-0.365,-0.6
-0.364,-0.6
-0.363,-0.6
-0.362,-0.6
-0.361,-0.6
-0.36,-0.6
-0.359,-0.6
-0.358,-0.6
-0.357,-0.6
-0.356,-0.6
-0.355,-0.6
-0.354,-0.6
-0.353,-0.6
-0.352,-0.6
-0.351,-0.6
-0.35,-0.6
-0.349,-0.6
-0.348,-0.6
-0.347,-0.6
-0.346,-0.6
-0.345,-0.6
-0.344,-0.6
-0.343,-0.6
-0.342,-0.6
-0.341,-0.6
-0.34,-0.6
-0.339,-0.6
-0.338,-0.6
-0.337,-0.6
-0.336,-0.6
-0.335,-0.6
-0.334,-0.6
-0.333,-0.6
-0.332,-0.6
-0.331,-0.6
-0.33,-0.6
-0.329,-0.6
-0.328,-0.6
-0.327,-0.6
-0.326,-0.6
-0.325,-0.6
-0.324,-0.6
-0.323,-0.6
-0.322,-0.6
-0.321,-0.6
-0.32,-0.6
-0.319,-0.6
-0.318,-0.6
-0.317,-0.6
-0.316,-0.6
-0.315,-0.6
-0.314,-0.6
-0.313,-0.6
-0.312,-0.6
-0.311,-0.6
-0.31,-0.6
-0.309,-0.6
-0.308,-0.6
-0.307,-0.6
-0.306,-0.6
-0.305,-0.6
-0.304,-0.6
-0.303,-0.6
-0.302,-0.6
-0.301,-0.6
-0.3,-0.6
-0.299,-0.6
-0.298,-0.6
-0.297,-0.6
-0.296,-0.6
-0.295,-0.6
-0.294,-0.6
-0.293,-0.6
-0.292,-0.6
-0.291,-0.6
-0.29,-0.6
-0.289,-0.6
-0.288,-0.6
-0.287,-0.6
-0.286,-0.6
-0.285,-0.6
-0.284,-0.6
-0.283,-0.6
-0.282,-0.6
-0.281,-0.6
-0.28,-0.6
-0.279,-0.6
-0.278,-0.6
-0.277,-0.6
-0.276,-0.6
-0.275,-0.6
-0.274,-0.6
-0.273,-0.6
-0.272,-0.6
-0.271,-0.6
-0.27,-0.6
-0.269,-0.6
-0.268,-0.6
-0.267,-0.6
-0.266,-0.6
-0.265,-0.6
-0.264,-0.6
-0.263,-0.6
-0.262,-0.6
-0.261,-0.6
-0.26,-0.6
-0.259,-0.6
-0.258,-0.6
-0.257,-0.6
-0.256,-0.6
-0.255,-0.6
-0.254,-0.6
-0.253,-0.6
-0.252,-0.6
-0.251,-0.6
-0.25,-0.6
-0.249,-0.6
-0.248,-0.6
-0.247,-0.6
-0.246,-0.6
-0.245,-0.6
-0.244,-0.6
-0.243,-0.6
-0.242,-0.6
-0.241,-0.6
-0.24,-0.6
-0.239,-0.6
-0.238,-0.6
-0.237,-0.6
-0.236,-0.6
-0.235,-0.6
-0.234,-0.6
-0.233,-0.6
-0.232,-0.6
-0.231,-0.6
-0.23,-0.6
-0.229,-0.6
-0.228,-0.6
-0.227,-0.6
-0.226,-0.6
-0.225,-0.6
-0.224,-0.6
-0.223,-0.6
-0.222,-0.6
-0.221,-0.6
-0.22,-0.6
-0.219,-0.6
-0.218,-0.6
-0.217,-0.6
-0.216,-0.6
-0.215,-0.6
-0.214,-0.6
-0.213,-0.6
-0.212,-0.6
-0.211,-0.6
-0.21,-0.6
-0.209,-0.6
-0.208,-0.6
-0.207,-0.6
-0.206,-0.6
-0.205,-0.6
-0.204,-0.6
-0.203,-0.6
-0.202,-0.6
-0.201,-0.6
-0.2,-0.6
-0.199,-0.6
-0.198,-0.6
-0.197,-0.6
-0.196,-0.6
-0.195,-0.6
-0.194,-0.6
-0.193,-0.6
-0.192,-0.6
-0.191,-0.6
-0.19,-0.6
-0.189,-0.6
-0.188,-0.6
-0.187,-0.6
-0.186,-0.6
-0.185,-0.6
-0.184,-0.6
-0.183,-0.6
-0.182,-0.6
-0.181,-0.6
-0.18,-0.6
-0.179,-0.6
-0.178,-0.6
-0.177,-0.6
-0.176,-0.6
-0.175,-0.6
-0.174,-0.6
-0.173,-0.6
-0.172,-0.6
-0.171,-0.6
-0.17,-0.6
-0.169,-0.6
-0.168,-0.6
-0.167,-0.6
-0.166,-0.6
-0.165,-0.6
-0.164,-0.6
-0.163,-0.6
-0.162,-0.6
-0.161,-0.6
-0.16,-0.6
-0.159,-0.6
-0.158,-0.6
-0.157,-0.6
-0.156,-0.6
-0.155,-0.6
-0.154,-0.6
-0.153,-0.6
-0.152,-0.6
-0.151,-0.6
-0.15,-0.6
-0.149,-0.6
-0.148,-0.6
-0.147,-0.6
-0.146,-0.6
-0.145,-0.6
-0.144,-0.6
-0.143,-0.6
-0.142,-0.6
-0.141,-0.6
-0.14,-0.6
-0.139,-0.6
-0.138,-0.6
-0.137,-0.6
-0.136,-0.6
-0.135,-0.6
-0.134,-0.6
-0.133,-0.6
-0.132,-0.6
-0.131,-0.6
-0.13,-0.6
-0.129,-0.6
-0.128,-0.6
-0.127,-0.6
-0.126,-0.6
-0.125,-0.6
-0.124,-0.6
-0.123,-0.6
-0.122,-0.6
-0.121,-0.6
-0.12,-0.6
-0.119,-0.6
-0.118,-0.6
-0.117,-0.6
-0.116,-0.6
-0.115,-0.6
-0.114,-0.6
-0.113,-0.6
-0.112,-0.6
-0.111,-0.6
-0.11,-0.6
-0.109,-0.6
-0.108,-0.6
-0.107,-0.6
-0.106,-0.6
-0.105,-0.6
-0.104,-0.6
-0.103,-0.6
-0.102,-0.6
-0.101,-0.6
-0.1,-0.6
-0.099,-0.6
-0.098,-0.6
-0.097,-0.6
-0.096,-0.6
-0.095,-0.6
-0.094,-0.6
-0.093,-0.6
-0.092,-0.6
-0.091,-0.6
-0.09,-0.6
-0.089,-0.6
-0.088,-0.6
-0.087,-0.6
-0.086,-0.6
-0.085,-0.6
-0.084,-0.6
-0.083,-0.6
-0.082,-0.6
-0.081,-0.6
-0.08,-0.6
-0.079,-0.6
-0.078,-0.6
-0.077,-0.6
-0.076,-0.6
-0.075,-0.6
-0.074,-0.6
-0.073,-0.6
-0.072,-0.6
-0.071,-0.6
-0.07,-0.6
-0.069,-0.6
-0.068,-0.6
-0.067,-0.6
-0.066,-0.6
-0.065,-0.6
-0.064,-0.6
-0.063,-0.6
-0.062,-0.6
-0.061,-0.6
-0.06,-0.6
-0.059,-0.6
-0.058,-0.6
-0.057,-0.6
-0.056,-0.6
-0.055,-0.6
-0.054,-0.6
-0.053,-0.6
-0.052,-0.6
-0.051,-0.6
-0.05,-0.6
-0.049,-0.6
-0.048,-0.6
-0.047,-0.6
-0.046,-0.6
-0.045,-0.6
-0.044,-0.6
-0.043,-0.6
-0.042,-0.6
-0.041,-0.6
-0.04,-0.6
-0.039,-0.6
-0.038,-0.6
-0.037,-0.6
-0.036,-0.6
-0.035,-0.6
-0.034,-0.6
-0.033,-0.6
-0.032,-0.6
-0.031,-0.6
-0.03,-0.6
-0.029,-0.6
-0.028,-0.6
-0.027,-0.6
-0.026,-0.6
-0.025,-0.6
-0.024,-0.6
-0.023,-0.6
-0.022,-0.6
-0.021,-0.6
-0.02,-0.6
-0.019,-0.6
-0.018,-0.6
-0.017,-0.6
-0.016,-0.6
-0.015,-0.6
-0.014,-0.6
-0.013,-0.6
-0.012,-0.6
-0.011,-0.6
-0.01,-0.6
-0.009,-0.6
-0.008,-0.6
-0.007,-0.6
-0.006,-0.6
-0.005,-0.6
-0.004,-0.6
-0.003,-0.6
-0.002,-0.6
-0.001,-0.6
0.0,-0.6
0.001,-0.6
0.002,-0.6
0.003,-0.6
0.004,-0.6
0.005,-0.6
0.006,-0.6
0.007,-0.6
0.008,-0.6
0.009,-0.6
0.01,-0.6
0.011,-0.6
0.012,-0.6
0.013,-0.6
0.014,-0.6
0.015,-0.6
0.016,-0.6
0.017,-0.6
0.018,-0.6
0.019,-0.6
0.02,-0.6
0.021,-0.6
0.022,-0.6
0.023,-0.6
0.024,-0.6
0.025,-0.6
0.026,-0.6
0.027,-0.6
0.028,-0.6
0.029,-0.6
0.03,-0.6
0.031,-0.6
0.032,-0.6
0.033,-0.6
0.034,-0.6
0.035,-0.6
0.036,-0.6
0.037,-0.6
0.038,-0.6
0.039,-0.6
0.04,-0.6
0.041,-0.6
0.042,-0.6
0.043,-0.6
0.044,-0.6
0.045,-0.6
0.046,-0.6
0.047,-0.6
0.048,-0.6
0.049,-0.6
0.05,-0.6
0.051,-0.6
0.052,-0.6
0.053,-0.6
0.054,-0.6
0.055,-0.6
0.056,-0.6
0.057,-0.6
0.058,-0.6
0.059,-0.6
0.06,-0.6
0.061,-0.6
0.062,-0.6
0.063,-0.6
0.064,-0.6
0.065,-0.6
0.066,-0.6
0.067,-0.6
0.068,-0.6
0.069,-0.6
0.07,-0.6
0.071,-0.6
0.072,-0.6
0.073,-0.6
0.074,-0.6
0.075,-0.6
0.076,-0.6
0.077,-0.6
0.078,-0.6
0.079,-0.6
0.08,-0.6
0.081,-0.6
0.082,-0.6
0.083,-0.6
0.084,-0.6
0.085,-0.6
0.086,-0.6
0.087,-0.6
0.088,-0.6
0.089,-0.6
0.09,-0.6
0.091,-0.6
0.092,-0.6
0.093,-0.6
0.094,-0.6
0.095,-0.6
0.096,-0.6
0.097,-0.6
0.098,-0.6
0.099,-0.6
0.1,-0.6
0.101,-0.6
0.102,-0.6
0.103,-0.6
0.104,-0.6
0.105,-0.6
0.106,-0.6
0.107,-0.6
0.108,-0.6
0.109,-0.6
0.11,-0.6
0.111,-0.6
0.112,-0.6
0.113,-0.6
0.114,-0.6
0.115,-0.6
0.116,-0.6
0.117,-0.6
0.118,-0.6
0.119,-0.6
0.12,-0.6
0.121,-0.6
0.122,-0.6
0.123,-0.6
0.124,-0.6
0.125,-0.6
0.126,-0.6
0.127,-0.6
0.128,-0.6
0.129,-0.6
0.13,-0.6
0.131,-0.6
0.132,-0.6
0.133,-0.6
0.134,-0.6
0.135,-0.6
0.136,-0.6
0.137,-0.6
0.138,-0.6
0.144,-0.6
0.184,-0.6
-0.549,-0.599
-0.543,-0.599
-0.542,-0.599
-0.541,-0.599
-0.54,-0.599
-0.539,-0.599
-0.538,-0.599
-0.537,-0.599
-0.536,-0.599
-0.535,-0.599
-0.534,-0.599
-0.533,-0.599
-0.532,-0.599
-0.531,-0.599
-0.53,-0.599
-0.529,-0.599
-0.528,-0.599
-0.527,-0.599
-0.526,-0.599
-0.525,-0.599
-0.524,-0.599
-0.523,-0.599
-0.522,-0.599
-0.521,-0.599
-0.52,-0.599
-0.519,-0.599
-0.518,-0.599
-0.517,-0.599
-0.516,-0.599
-0.515,-0.599
-0.514,-0.599
-0.513,-0.599
-0.512,-0.599
-0.511,-0.599
-0.51,-0.599
-0.509,-0.599
-0.508,-0.599
-0.507,-0.599
-0.506,-0.599
-0.505,-0.599
-0.504,-0.599
-0.503,-0.599
-0.502,-0.599
-0.501,-0.599
-0.5,-0.599
-0.499,-0.599
-0.498,-0.599
-0.497,-0.599
-0.496,-0.599
-0.495,-0.599
-0.494,-0.599
-0.493,-0.599
-0.492,-0.599
-0.491,-0.599
-0.49,-0.599
-0.489,-0.599
-0.488,-0.599
-0.487,-0.599
-0.486,-0.599
-0.485,-0.599
-0.484,-0.599
-0.483,-0.599
-0.482,-0.599
-0.468,-0.599
-0.462,-0.599
-0.431,-0.599
-0.428,-0.599
-0.418,-0.599
-0.415,-0.599
-0.394,-0.599
-0.393,-0.599
-0.391,-0.599
-0.39,-0.599
-0.389,-0.599
-0.388,-0.599
-0.386,-0.599
-0.385,-0.599
-0.384,-0.599
-0.381,-0.599
-0.38,-0.599
-0.379,-0.599
-0.378,-0.599
-0.377,-0.599
-0.376,-0.599
-0.374,-0.599
-0.373,-0.599
-0.372,-0.599
-0.37,-0.599
-0.369,-0.599
-0.368,-0.599
-0.367,-0.599
-0.366,-0.599
-0.365,-0.599
-0.364,-0.599
-0.363,-0.599
-0.362,-0.599
-0.361,-0.599
-0.36,-0.599
-0.359,-0.599
-0.358,-0.599
-0.357,-0.599
-0.356,-0.599
-0.355,-0.599
-0.354,-0.599
-0.353,-0.599
-0.352,-0.599
-0.351,-0.599
-0.35,-0.599
-0.349,-0.599
-0.348,-0.599
-0.347,-0.599
-0.346,-0.599
-0.345,-0.599
-0.344,-0.599
-0.343,-0.599
-0.342,-0.599
-0.341,-0.599
-0.34,-0.599
-0.339,-0.599
-0.338,-0.599
-0.337,-0.599
-0.336,-0.599
-0.335,-0.599
-0.334,-0.599
-0.333,-0.599
-0.332,-0.599
-0.331,-0.599
-0.33,-0.599
-0.329,-0.599
-0.328,-0.599
-0.327,-0.599
-0.326,-0.599
-0.325,-0.599
-0.324,-0.599
-0.323,-0.599
-0.322,-0.599
-0.321,-0.599
-0.32,-0.599
-0.319,-0.599
-0.318,-0.599
-0.317,-0.599
-0.316,-0.599
-0.315,-0.599
-0.314,-0.599
-0.313,-0.599
-0.312,-0.599
-0.311,-0.599
-0.31,-0.599
-0.309,-0.599
-0.308,-0.599
-0.307,-0.599
-0.306,-0.599
-0.305,-0.599
-0.304,-0.599
-0.303,-0.599
-0.302,-0.599
-0.301,-0.599
-0.3,-0.599
-0.299,-0.599
-0.298,-0.599
-0.297,-0.599
-0.296,-0.599
-0.295,-0.599
-0.294,-0.599
-0.293,-0.599
-0.292,-0.599
-0.291,-0.599
-0.29,-0.599
-0.289,-0.599
-0.288,-0.599
-0.287,-0.599
-0.286,-0.599
-0.285,-0.599
-0.284,-0.599
-0.283,-0.599
-0.282,-0.599
-0.281,-0.599
-0.28,-0.599
-0.279,-0.599
-0.278,-0.599
-0.277,-0.599
-0.276,-0.599
-0.275,-0.599
-0.274,-0.599
-0.273,-0.599
-0.272,-0.599
-0.271,-0.599
-0.27,-0.599
-0.269,-0.599
-0.268,-0.599
-0.267,-0.599
-0.266,-0.599
-0.265,-0.599
-0.264,-0.599
-0.263,-0.599
-0.262,-0.599
-0.261,-0.599
-0.26,-0.599
-0.259,-0.599
-0.258,-0.599
-0.257,-0.599
-0.256,-0.599
-0.255,-0.599
-0.254,-0.599
-0.253,-0.599
-0.252,-0.599
-0.251,-0.599
-0.25,-0.599
-0.249,-0.599
-0.248,-0.599
-0.247,-0.599
-0.246,-0.599
-0.245,-0.599
-0.244,-0.599
-0.243,-0.599
-0.242,-0.599
-0.241,-0.599
-0.24,-0.599
-0.239,-0.599
-0.238,-0.599
-0.237,-0.599
-0.236,-0.599
-0.235,-0.599
-0.234,-0.599
-0.233,-0.599
-0.232,-0.599
-0.231,-0.599
-0.23,-0.599
-0.229,-0.599
-0.228,-0.599
-0.227,-0.599
-0.226,-0.599
-0.225,-0.599
-0.224,-0.599
-0.223,-0.599
-0.222,-0.599
-0.221,-0.599
-0.22,-0.599
-0.219,-0.599
-0.218,-0.599
-0.217,-0.599
-0.216,-0.599
-0.215,-0.599
-0.214,-0.599
-0.213,-0.599
-0.212,-0.599
-0.211,-0.599
-0.21,-0.599
-0.209,-0.599
-0.208,-0.599
-0.207,-0.599
-0.206,-0.599
-0.205,-0.599
-0.204,-0.599
-0.203,-0.599
-0.202,-0.599
-0.201,-0.599
-0.2,-0.599
-0.199,-0.599
-0.198,-0.599
-0.197,-0.599
-0.196,-0.599
-0.195,-0.599
-0.194,-0.599
-0.193,-0.599
-0.192,-0.599
-0.191,-0.599
-0.19,-0.599
-0.189,-0.599
-0.188,-0.599
-0.187,-0.599
-0.186,-0.599
-0.185,-0.599
-0.184,-0.599
-0.183,-0.599
-0.182,-0.599
-0.181,-0.599
-0.18,-0.599
-0.179,-0.599
-0.178,-0.599
-0.177,-0.599
-0.176,-0.599
-0.175,-0.599
-0.174,-0.599
-0.173,-0.599
-0.172,-0.599
-0.171,-0.599
-0.17,-0.599
-0.169,-0.599
-0.168,-0.599
-0.167,-0.599
-0.166,-0.599
-0.165,-0.599
-0.164,-0.599
-0.163,-0.599
-0.162,-0.599
-0.161,-0.599
-0.16,-0.599
-0.159,-0.599
-0.158,-0.599
-0.157,-0.599
-0.156,-0.599
-0.155,-0.599
-0.154,-0.599
-0.153,-0.599
-0.152,-0.599
-0.151,-0.599
-0.15,-0.599
-0.149,-0.599
-0.148,-0.599
-0.147,-0.599
-0.146,-0.599
-0.145,-0.599
-0.144,-0.599
-0.143,-0.599
-0.142,-0.599
-0.141,-0.599
-0.14,-0.599
-0.139,-0.599
-0.138,-0.599
-0.137,-0.599
-0.136,-0.599
-0.135,-0.599
-0.134,-0.599
-0.133,-0.599
-0.132,-0.599
-0.131,-0.599
-0.13,-0.599
-0.129,-0.599
-0.128,-0.599
-0.127,-0.599
-0.126,-0.599
-0.125,-0.599
-0.124,-0.599
-0.123,-0.599
-0.122,-0.599
-0.121,-0.599
-0.12,-0.599
-0.119,-0.599
-0.118,-0.599
-0.117,-0.599
-0.116,-0.599
-0.115,-0.599
-0.114,-0.599
-0.113,-0.599
-0.112,-0.599
-0.111,-0.599
-0.11,-0.599
-0.109,-0.599
-0.108,-0.599
-0.107,-0.599
-0.106,-0.599
-0.105,-0.599
-0.104,-0.599
-0.103,-0.599
-0.102,-0.599
-0.101,-0.599
-0.1,-0.599
-0.099,-0.599
-0.098,-0.599
-0.097,-0.599
-0.096,-0.599
-0.095,-0.599
-0.094,-0.599
-0.093,-0.599
-0.092,-0.599
-0.091,-0.599
-0.09,-0.599
-0.089,-0.599
-0.088,-0.599
-0.087,-0.599
-0.086,-0.599
-0.085,-0.599
-0.084,-0.599
-0.083,-0.599
-0.082,-0.599
-0.081,-0.599
-0.08,-0.599
-0.079,-0.599
-0.078,-0.599
-0.077,-0.599
-0.076,-0.599
-0.075,-0.599
-0.074,-0.599
-0.073,-0.599
-0.072,-0.599
-0.071,-0.599
-0.07,-0.599
-0.069,-0.599
-0.068,-0.599
-0.067,-0.599
-0.066,-0.599
-0.065,-0.599
-0.064,-0.599
-0.063,-0.599
-0.062,-0.599
-0.061,-0.599
-0.06,-0.599
-0.059,-0.599
-0.058,-0.599
-0.057,-0.599
-0.056,-0.599
-0.055,-0.599
-0.054,-0.599
-0.053,-0.599
-0.052,-0.599
-0.051,-0.599
-0.05,-0.599
-0.049,-0.599
-0.048,-0.599
-0.047,-0.599
-0.046,-0.599
-0.045,-0.599
-0.044,-0.599
-0.043,-0.599
-0.042,-0.599
-0.041,-0.599
-0.04,-0.599
-0.039,-0.599
-0.038,-0.599
-0.037,-0.599
-0.036,-0.599
-0.035,-0.599
-0.034,-0.599
-0.033,-0.599
-0.032,-0.599
-0.031,-0.599
-0.03,-0.599
-0.029,-0.599
-0.028,-0.599
-0.027,-0.599
-0.026,-0.599
-0.025,-0.599
-0.024,-0.599
-0.023,-0.599
-0.022,-0.599
-0.021,-0.599
-0.02,-0.599
-0.019,-0.599
-0.018,-0.599
-0.017,-0.599
-0.016,-0.599
-0.015,-0.599
-0.014,-0.599
-0.013,-0.599
-0.012,-0.599
-0.011,-0.599
-0.01,-0.599
-0.009,-0.599
-0.008,-0.599
-0.007,-0.599
-0.006,-0.599
-0.005,-0.599
-0.004,-0.599
-0.003,-0.599
-0.002,-0.599
-0.001,-0.599
0.0,-0.599
0.001,-0.599
0.002,-0.599
0.003,-0.599
0.004,-0.599
0.005,-0.599
0.006,-0.599
0.007,-0.599
0.008,-0.599
0.009,-0.599
0.01,-0.599
0.011,-0.599
0.012,-0.599
0.013,-0.599
0.014,-0.599
0.015,-0.599
0.016,-0.599
0.017,-0.599
0.018,-0.599
0.019,-0.599
0.02,-0.599
0.021,-0.599
0.022,-0.599
0.023,-0.599
0.024,-0.599
0.025,-0.599
0.026,-0.599
0.027,-0.599
0.028,-0.599
0.029,-0.599
0.03,-0.599
0.031,-0.599
0.032,-0.599
0.033,-0.599
0.034,-0.599
0.035,-0.599
0.036,-0.599
0.037,-0.599
0.038,-0.599
0.039,-0.599
0.04,-0.599
0.041,-0.599
0.042,-0.599
0.043,-0.599
0.044,-0.599
0.045,-0.599
0.046,-0.599
0.047,-0.599
0.048,-0.599
0.049,-0.599
0.05,-0.599
0.051,-0.599
0.052,-0.599
0.053,-0.599
0.054,-0.599
0.055,-0.599
0.056,-0.599
0.057,-0.599
0.058,-0.599
0.059,-0.599
0.06,-0.599
0.061,-0.599
0.062,-0.599
0.063,-0.599
0.064,-0.599
0.065,-0.599
0.066,-0.599
0.067,-0.599
0.068,-0.599
0.069,-0.599
0.07,-0.599
0.071,-0.599
0.072,-0.599
0.073,-0.599
0.074,-0.599
0.075,-0.599
0.076,-0.599
0.077,-0.599
0.078,-0.599
0.079,-0.599
0.08,-0.599
0.081,-0.599
0.082,-0.599
0.083,-0.599
0.084,-0.599
0.085,-0.599
0.086,-0.599
0.087,-0.599
0.088,-0.599
0.089,-0.599
0.09,-0.599
0.091,-0.599
0.092,-0.599
0.093,-0.599
0.094,-0.599
0.095,-0.599
0.096,-0.599
0.097,-0.599
0.098,-0.599
0.099,-0.599
0.1,-0.599
0.101,-0.599
0.102,-0.599
0.103,-0.599
0.104,-0.599
0.105,-0.599
0.106,-0.599
0.107,-0.599
0.108,-0.599
0.109,-0.599
0.11,-0.599
0.111,-0.599
0.112,-0.599
0.113,-0.599
0.114,-0.599
0.115,-0.599
0.116,-0.599
0.117,-0.599
0.118,-0.599
0.119,-0.599
0.12,-0.599
0.121,-0.599
0.122,-0.599
0.123,-0.599
0.124,-0.599
0.125,-0.599
0.126,-0.599
0.127,-0.599
0.128,-0.599
0.129,-0.599
0.13,-0.599
0.131,-0.599
0.132,-0.599
0.133,-0.599
0.134,-0.599
0.135,-0.599
-0.559,-0.598
-0.544,-0.598
-0.543,-0.598
-0.542,-0.598
-0.541,-0.598
-0.54,-0.598
-0.539,-0.598
-0.538,-0.598
-0.537,-0.598
-0.536,-0.598
-0.535,-0.598
-0.534,-0.598
-0.533,-0.598
-0.532,-0.598
-0.531,-0.598
-0.53,-0.598
-0.529,-0.598
-0.528,-0.598
-0.527,-0.598
-0.526,-0.598
-0.525,-0.598
-0.524,-0.598
-0.523,-0.598
-0.522,-0.598
-0.521,-0.598
-0.52,-0.598
-0.519,-0.598
-0.518,-0.598
-0.517,-0.598
-0.516,-0.598
-0.515,-0.598
-0.514,-0.598
-0.513,-0.598
-0.512,-0.598
-0.511,-0.598
-0.51,-0.598
-0.509,-0.598
-0.508,-0.598
-0.507,-0.598
-0.506,-0.598
-0.505,-0.598
-0.504,-0.598
-0.503,-0.598
-0.502,-0.598
-0.501,-0.598
-0.5,-0.598
-0.499,-0.598
-0.498,-0.598
-0.497,-0.598
-0.496,-0.598
-0.495,-0.598
-0.494,-0.598
-0.493,-0.598
-0.492,-0.598
-0.491,-0.598
-0.49,-0.598
-0.489,-0.598
-0.488,-0.598
-0.487,-0.598
-0.486,-0.598
-0.485,-0.598
-0.484,-0.598
-0.483,-0.598
-0.478,-0.598
-0.475,-0.598
-0.429,-0.598
-0.415,-0.598
-0.414,-0.598
-0.413,-0.598
-0.41,-0.598
-0.409,-0.598
-0.395,-0.598
-0.391,-0.598
-0.39,-0.598
-0.389,-0.598
-0.387,-0.598
-0.386,-0.598
-0.384,-0.598
-0.379,-0.598
-0.378,-0.598
-0.377,-0.598
-0.376,-0.598
-0.374,-0.598
-0.373,-0.598
-0.372,-0.598
-0.371,-0.598
-0.369,-0.598
-0.368,-0.598
-0.367,-0.598
-0.366,-0.598
-0.365,-0.598
-0.364,-0.598
-0.363,-0.598
-0.362,-0.598
-0.361,-0.598
-0.36,-0.598
-0.359,-0.598
-0.358,-0.598
-0.357,-0.598
-0.356,-0.598
-0.355,-0.598
-0.354,-0.598
-0.353,-0.598
-0.352,-0.598
-0.351,-0.598
-0.35,-0.598
-0.349,-0.598
-0.348,-0.598
-0.347,-0.598
-0.346,-0.598
-0.345,-0.598
-0.344,-0.598
-0.343,-0.598
-0.342,-0.598
-0.341,-0.598
-0.34,-0.598
-0.339,-0.598
-0.338,-0.598
-0.337,-0.598
-0.336,-0.598
-0.335,-0.598
-0.334,-0.598
-0.333,-0.598
-0.332,-0.598
-0.331,-0.598
-0.33,-0.598
-0.329,-0.598
-0.328,-0.598
-0.327,-0.598
-0.326,-0.598
-0.325,-0.598
-0.324,-0.598
-0.323,-0.598
-0.322,-0.598
-0.321,-0.598
-0.32,-0.598
-0.319,-0.598
-0.318,-0.598
-0.317,-0.598
-0.316,-0.598
-0.315,-0.598
-0.314,-0.598
-0.313,-0.598
-0.312,-0.598
-0.311,-0.598
-0.31,-0.598
-0.309,-0.598
-0.308,-0.598
-0.307,-0.598
-0.306,-0.598
-0.305,-0.598
-0.304,-0.598
-0.303,-0.598
-0.302,-0.598
-0.301,-0.598
-0.3,-0.598
-0.299,-0.598
-0.298,-0.598
-0.297,-0.598
-0.296,-0.598
-0.295,-0.598
-0.294,-0.598
-0.293,-0.598
-0.292,-0.598
-0.291,-0.598
-0.29,-0.598
-0.289,-0.598
-0.288,-0.598
-0.287,-0.598
-0.286,-0.598
-0.285,-0.598
-0.284,-0.598
-0.283,-0.598
-0.282,-0.598
-0.281,-0.598
-0.28,-0.598
-0.279,-0.598
-0.278,-0.598
-0.277,-0.598
-0.276,-0.598
-0.275,-0.598
-0.274,-0.598
-0.273,-0.598
-0.272,-0.598
-0.271,-0.598
-0.27,-0.598
-0.269,-0.598
-0.268,-0.598
-0.267,-0.598
-0.266,-0.598
-0.265,-0.598
-0.264,-0.598
-0.263,-0.598
-0.262,-0.598
-0.261,-0.598
-0.26,-0.598
-0.259,-0.598
-0.258,-0.598
-0.257,-0.598
-0.256,-0.598
-0.255,-0.598
-0.254,-0.598
-0.253,-0.598
-0.252,-0.598
-0.251,-0.598
-0.25,-0.598
-0.249,-0.598
-0.248,-0.598
-0.247,-0.598
-0.246,-0.598
-0.245,-0.598
-0.244,-0.598
-0.243,-0.598
-0.242,-0.598
-0.241,-0.598
-0.24,-0.598
-0.239,-0.598
-0.238,-0.598
-0.237,-0.598
-0.236,-0.598
-0.235,-0.598
-0.234,-0.598
-0.233,-0.598
-0.232,-0.598
-0.231,-0.598
-0.23,-0.598
-0.229,-0.598
-0.228,-0.598
-0.227,-0.598
-0.226,-0.598
-0.225,-0.598
-0.224,-0.598
-0.223,-0.598
-0.222,-0.598
-0.221,-0.598
-0.22,-0.598
-0.219,-0.598
-0.218,-0.598
-0.217,-0.598
-0.216,-0.598
-0.215,-0.598
-0.214,-0.598
-0.213,-0.598
-0.212,-0.598
-0.211,-0.598
-0.21,-0.598
-0.209,-0.598
-0.208,-0.598
-0.207,-0.598
-0.206,-0.598
-0.205,-0.598
-0.204,-0.598
-0.203,-0.598
-0.202,-0.598
-0.201,-0.598
-0.2,-0.598
-0.199,-0.598
-0.198,-0.598
-0.197,-0.598
-0.196,-0.598
-0.195,-0.598
-0.194,-0.598
-0.193,-0.598
-0.192,-0.598
-0.191,-0.598
-0.19,-0.598
-0.189,-0.598
-0.188,-0.598
-0.187,-0.598
-0.186,-0.598
-0.185,-0.598
-0.184,-0.598
-0.183,-0.598
-0.182,-0.598
-0.181,-0.598
-0.18,-0.598
-0.179,-0.598
-0.178,-0.598
-0.177,-0.598
-0.176,-0.598
-0.175,-0.598
-0.174,-0.598
-0.173,-0.598
-0.172,-0.598
-0.171,-0.598
-0.17,-0.598
-0.169,-0.598
-0.168,-0.598
-0.167,-0.598
-0.166,-0.598
-0.165,-0.598
-0.164,-0.598
-0.163,-0.598
-0.162,-0.598
-0.161,-0.598
-0.16,-0.598
-0.159,-0.598
-0.158,-0.598
-0.157,-0.598
-0.156,-0.598
-0.155,-0.598
-0.154,-0.598
-0.153,-0.598
-0.152,-0.598
-0.151,-0.598
-0.15,-0.598
-0.149,-0.598
-0.148,-0.598
-0.147,-0.598
-0.146,-0.598
-0.145,-0.598
-0.144,-0.598
-0.143,-0.598
-0.142,-0.598
-0.141,-0.598
-0.14,-0.598
-0.139,-0.598
-0.138,-0.598
-0.137,-0.598
-0.136,-0.598
-0.135,-0.598
-0.134,-0.598
-0.133,-0.598
-0.132,-0.598
-0.131,-0.598
-0.13,-0.598
-0.129,-0.598
-0.128,-0.598
-0.127,-0.598
-0.126,-0.598
-0.125,-0.598
-0.124,-0.598
-0.123,-0.598
-0.122,-0.598
-0.121,-0.598
-0.12,-0.598
-0.119,-0.598
-0.118,-0.598
-0.117,-0.598
-0.116,-0.598
-0.115,-0.598
-0.114,-0.598
-0.113,-0.598
-0.112,-0.598
-0.111,-0.598
-0.11,-0.598
-0.109,-0.598
-0.108,-0.598
-0.107,-0.598
-0.106,-0.598
-0.105,-0.598
-0.104,-0.598
-0.103,-0.598
-0.102,-0.598
-0.101,-0.598
-0.1,-0.598
-0.099,-0.598
-0.098,-0.598
-0.097,-0.598
-0.096,-0.598
-0.095,-0.598
-0.094,-0.598
-0.093,-0.598
-0.092,-0.598
-0.091,-0.598
-0.09,-0.598
-0.089,-0.598
-0.088,-0.598
-0.087,-0.598
-0.086,-0.598
-0.085,-0.598
-0.084,-0.598
-0.083,-0.598
-0.082,-0.598
-0.081,-0.598
-0.08,-0.598
-0.079,-0.598
-0.078,-0.598
-0.077,-0.598
-0.076,-0.598
-0.075,-0.598
-0.074,-0.598
-0.073,-0.598
-0.072,-0.598
-0.071,-0.598
-0.07,-0.598
-0.069,-0.598
-0.068,-0.598
-0.067,-0.598
-0.066,-0.598
-0.065,-0.598
-0.064,-0.598
-0.063,-0.598
-0.062,-0.598
-0.061,-0.598
-0.06,-0.598
-0.059,-0.598
-0.058,-0.598
-0.057,-0.598
-0.056,-0.598
-0.055,-0.598
-0.054,-0.598
-0.053,-0.598
-0.052,-0.598
-0.051,-0.598
-0.05,-0.598
-0.049,-0.598
-0.048,-0.598
-0.047,-0.598
-0.046,-0.598
-0.045,-0.598
-0.044,-0.598
-0.043,-0.598
-0.042,-0.598
-0.041,-0.598
-0.04,-0.598
-0.039,-0.598
-0.038,-0.598
-0.037,-0.598
-0.036,-0.598
-0.035,-0.598
-0.034,-0.598
-0.033,-0.598
-0.032,-0.598
-0.031,-0.598
-0.03,-0.598
-0.029,-0.598
-0.028,-0.598
-0.027,-0.598
-0.026,-0.598
-0.025,-0.598
-0.024,-0.598
-0.023,-0.598
-0.022,-0.598
-0.021,-0.598
-0.02,-0.598
-0.019,-0.598
-0.018,-0.598
-0.017,-0.598
-0.016,-0.598
-0.015,-0.598
-0.014,-0.598
-0.013,-0.598
-0.012,-0.598
-0.011,-0.598
-0.01,-0.598
-0.009,-0.598
-0.008,-0.598
-0.007,-0.598
-0.006,-0.598
-0.005,-0.598
-0.004,-0.598
-0.003,-0.598
-0.002,-0.598
-0.001,-0.598
0.0,-0.598
0.001,-0.598
0.002,-0.598
0.003,-0.598
0.004,-0.598
0.005,-0.598
0.006,-0.598
0.007,-0.598
0.008,-0.598
0.009,-0.598
0.01,-0.598
0.011,-0.598
0.012,-0.598
0.013,-0.598
0.014,-0.598
0.015,-0.598
0.016,-0.598
0.017,-0.598
0.018,-0.598
0.019,-0.598
0.02,-0.598
0.021,-0.598
0.022,-0.598
0.023,-0.598
0.024,-0.598
0.025,-0.598
0.026,-0.598
0.027,-0.598
0.028,-0.598
0.029,-0.598
0.03,-0.598
0.031,-0.598
0.032,-0.598
0.033,-0.598
0.034,-0.598
0.035,-0.598
0.036,-0.598
0.037,-0.598
0.038,-0.598
0.039,-0.598
0.04,-0.598
0.041,-0.598
0.042,-0.598
0.043,-0.598
0.044,-0.598
0.045,-0.598
0.046,-0.598
0.047,-0.598
0.048,-0.598
0.049,-0.598
0.05,-0.598
0.051,-0.598
0.052,-0.598
0.053,-0.598
0.054,-0.598
0.055,-0.598
0.056,-0.598
0.057,-0.598
0.058,-0.598
0.059,-0.598
0.06,-0.598
0.061,-0.598
0.062,-0.598
0.063,-0.598
0.064,-0.598
0.065,-0.598
0.066,-0.598
0.067,-0.598
0.068,-0.598
0.069,-0.598
0.07,-0.598
0.071,-0.598
0.072,-0.598
0.073,-0.598
0.074,-0.598
0.075,-0.598
0.076,-0.598
0.077,-0.598
0.078,-0.598
0.079,-0.598
0.08,-0.598
0.081,-0.598
0.082,-0.598
0.083,-0.598
0.084,-0.598
0.085,-0.598
0.086,-0.598
0.087,-0.598
0.088,-0.598
0.089,-0.598
0.09,-0.598
0.091,-0.598
0.092,-0.598
0.093,-0.598
0.094,-0.598
0.095,-0.598
0.096,-0.598
0.097,-0.598
0.098,-0.598
0.099,-0.598
0.1,-0.598
0.101,-0.598
0.102,-0.598
0.103,-0.598
0.104,-0.598
0.105,-0.598
0.106,-0.598
0.107,-0.598
0.108,-0.598
0.109,-0.598
0.11,-0.598
0.111,-0.598
0.112,-0.598
0.113,-0.598
0.114,-0.598
0.115,-0.598
0.116,-0.598
0.117,-0.598
0.118,-0.598
0.119,-0.598
0.12,-0.598
0.121,-0.598
0.122,-0.598
0.123,-0.598
0.124,-0.598
0.125,-0.598
0.126,-0.598
0.127,-0.598
0.128,-0.598
0.129,-0.598
0.13,-0.598
0.131,-0.598
0.132,-0.598
0.133,-0.598
0.134,-0.598
0.136,-0.598
-0.543,-0.597
-0.542,-0.597
-0.541,-0.597
-0.54,-0.597
-0.539,-0.597
-0.538,-0.597
-0.537,-0.597
-0.536,-0.597
-0.535,-0.597
-0.534,-0.597
-0.533,-0.597
-0.532,-0.597
-0.531,-0.597
-0.53,-0.597
-0.529,-0.597
-0.528,-0.597
-0.527,-0.597
-0.526,-0.597
-0.525,-0.597
-0.524,-0.597
-0.523,-0.597
-0.522,-0.597
-0.521,-0.597
-0.52,-0.597
-0.519,-0.597
-0.518,-0.597
-0.517,-0.597
-0.516,-0.597
-0.515,-0.597
-0.514,-0.597
-0.513,-0.597
-0.512,-0.597
-0.511,-0.597
-0.51,-0.597
-0.509,-0.597
-0.508,-0.597
-0.507,-0.597
-0.506,-0.597
-0.505,-0.597
-0.504,-0.597
-0.503,-0.597
-0.502,-0.597
-0.501,-0.597
-0.5,-0.597
-0.499,-0.597
-0.498,-0.597
-0.497,-0.597
-0.496,-0.597
-0.495,-0.597
-0.494,-0.597
-0.493,-0.597
-0.492,-0.597
-0.491,-0.597
-0.49,-0.597
-0.489,-0.597
-0.488,-0.597
-0.487,-0.597
-0.486,-0.597
-0.485,-0.597
-0.484,-0.597
-0.482,-0.597
-0.48,-0.597
-0.479,-0.597
-0.477,-0.597
-0.466,-0.597
-0.424,-0.597
-0.419,-0.597
-0.415,-0.597
-0.414,-0.597
-0.412,-0.597
-0.41,-0.597
-0.404,-0.597
-0.392,-0.597
-0.391,-0.597
-0.39,-0.597
-0.389,-0.597
-0.388,-0.597
-0.387,-0.597
-0.385,-0.597
-0.384,-0.597
-0.381,-0.597
-0.38,-0.597
-0.379,-0.597
-0.378,-0.597
-0.377,-0.597
-0.376,-0.597
-0.373,-0.597
-0.372,-0.597
-0.371,-0.597
-0.37,-0.597
-0.369,-0.597
-0.368,-0.597
-0.367,-0.597
-0.366,-0.597
-0.365,-0.597
-0.364,-0.597
-0.363,-0.597
-0.362,-0.597
-0.361,-0.597
-0.36,-0.597
-0.359,-0.597
-0.358,-0.597
-0.357,-0.597
-0.356,-0.597
-0.355,-0.597
-0.354,-0.597
-0.353,-0.597
-0.352,-0.597
-0.351,-0.597
-0.35,-0.597
-0.349,-0.597
-0.348,-0.597
-0.347,-0.597
-0.346,-0.597
-0.345,-0.597
-0.344,-0.597
-0.343,-0.597
-0.342,-0.597
-0.341,-0.597
-0.34,-0.597
-0.339,-0.597
-0.338,-0.597
-0.337,-0.597
-0.336,-0.597
-0.335,-0.597
-0.334,-0.597
-0.333,-0.597
-0.332,-0.597
-0.331,-0.597
-0.33,-0.597
-0.329,-0.597
-0.328,-0.597
-0.327,-0.597
-0.326,-0.597
-0.325,-0.597
-0.324,-0.597
-0.323,-0.597
-0.322,-0.597
-0.321,-0.597
-0.32,-0.597
-0.319,-0.597
-0.318,-0.597
-0.317,-0.597
-0.316,-0.597
-0.315,-0.597
-0.314,-0.597
-0.313,-0.597
-0.312,-0.597
-0.311,-0.597
-0.31,-0.597
-0.309,-0.597
-0.308,-0.597
-0.307,-0.597
-0.306,-0.597
-0.305,-0.597
-0.304,-0.597
-0.303,-0.597
-0.302,-0.597
-0.301,-0.597
-0.3,-0.597
-0.299,-0.597
-0.298,-0.597
-0.297,-0.597
-0.296,-0.597
-0.295,-0.597
-0.294,-0.597
-0.293,-0.597
-0.292,-0.597
-0.291,-0.597
-0.29,-0.597
-0.289,-0.597
-0.288,-0.597
-0.287,-0.597
-0.286,-0.597
-0.285,-0.597
-0.284,-0.597
-0.283,-0.597
-0.282,-0.597
-0.281,-0.597
-0.28,-0.597
-0.279,-0.597
-0.278,-0.597
-0.277,-0.597
-0.276,-0.597
-0.275,-0.597
-0.274,-0.597
-0.273,-0.597
-0.272,-0.597
-0.271,-0.597
-0.27,-0.597
-0.269,-0.597
-0.268,-0.597
-0.267,-0.597
-0.266,-0.597
-0.265,-0.597
-0.264,-0.597
-0.263,-0.597
-0.262,-0.597
-0.261,-0.597
-0.26,-0.597
-0.259,-0.597
-0.258,-0.597
-0.257,-0.597
-0.256,-0.597
-0.255,-0.597
-0.254,-0.597
-0.253,-0.597
-0.252,-0.597
-0.251,-0.597
-0.25,-0.597
-0.249,-0.597
-0.248,-0.597
-0.247,-0.597
-0.246,-0.597
-0.245,-0.597
-0.244,-0.597
-0.243,-0.597
-0.242,-0.597
-0.241,-0.597
-0.24,-0.597
-0.239,-0.597
-0.238,-0.597
-0.237,-0.597
-0.236,-0.597
-0.235,-0.597
-0.234,-0.597
-0.233,-0.597
-0.232,-0.597
-0.231,-0.597
-0.23,-0.597
-0.229,-0.597
-0.228,-0.597
-0.227,-0.597
-0.226,-0.597
-0.225,-0.597
-0.224,-0.597
-0.223,-0.597
-0.222,-0.597
-0.221,-0.597
-0.22,-0.597
-0.219,-0.597
-0.218,-0.597
-0.217,-0.597
-0.216,-0.597
-0.215,-0.597
-0.214,-0.597
-0.213,-0.597
-0.212,-0.597
-0.211,-0.597
-0.21,-0.597
-0.209,-0.597
-0.208,-0.597
-0.207,-0.597
-0.206,-0.597
-0.205,-0.597
-0.204,-0.597
-0.203,-0.597
-0.202,-0.597
-0.201,-0.597
-0.2,-0.597
-0.199,-0.597
-0.198,-0.597
-0.197,-0.597
-0.196,-0.597
-0.195,-0.597
-0.194,-0.597
-0.193,-0.597
-0.192,-0.597
-0.191,-0.597
-0.19,-0.597
-0.189,-0.597
-0.188,-0.597
-0.187,-0.597
-0.186,-0.597
-0.185,-0.597
-0.184,-0.597
-0.183,-0.597
-0.182,-0.597
-0.181,-0.597
-0.18,-0.597
-0.179,-0.597
-0.178,-0.597
-0.177,-0.597
-0.176,-0.597
-0.175,-0.597
-0.174,-0.597
-0.173,-0.597
-0.172,-0.597
-0.171,-0.597
-0.17,-0.597
-0.169,-0.597
-0.168,-0.597
-0.167,-0.597
-0.166,-0.597
-0.165,-0.597
-0.164,-0.597
-0.163,-0.597
-0.162,-0.597
-0.161,-0.597
-0.16,-0.597
-0.159,-0.597
-0.158,-0.597
-0.157,-0.597
-0.156,-0.597
-0.155,-0.597
-0.154,-0.597
-0.153,-0.597
-0.152,-0.597
-0.151,-0.597
-0.15,-0.597
-0.149,-0.597
-0.148,-0.597
-0.147,-0.597
-0.146,-0.597
-0.145,-0.597
-0.144,-0.597
-0.143,-0.597
-0.142,-0.597
-0.141,-0.597
-0.14,-0.597
-0.139,-0.597
-0.138,-0.597
-0.137,-0.597
-0.136,-0.597
-0.135,-0.597
-0.134,-0.597
-0.133,-0.597
-0.132,-0.597
-0.131,-0.597
-0.13,-0.597
-0.129,-0.597
-0.128,-0.597
-0.127,-0.597
-0.126,-0.597
-0.125,-0.597
-0.124,-0.597
-0.123,-0.597
-0.122,-0.597
-0.121,-0.597
-0.12,-0.597
-0.119,-0.597
-0.118,-0.597
-0.117,-0.597
-0.116,-0.597
-0.115,-0.597
-0.114,-0.597
-0.113,-0.597
-0.112,-0.597
-0.111,-0.597
-0.11,-0.597
-0.109,-0.597
-0.108,-0.597
-0.107,-0.597
-0.106,-0.597
-0.105,-0.597
-0.104,-0.597
-0.103,-0.597
-0.102,-0.597
-0.101,-0.597
-0.1,-0.597
-0.099,-0.597
-0.098,-0.597
-0.097,-0.597
-0.096,-0.597
-0.095,-0.597
-0.094,-0.597
-0.093,-0.597
-0.092,-0.597
-0.091,-0.597
-0.09,-0.597
-0.089,-0.597
-0.088,-0.597
-0.087,-0.597
-0.086,-0.597
-0.085,-0.597
-0.084,-0.597
-0.083,-0.597
-0.082,-0.597
-0.081,-0.597
-0.08,-0.597
-0.079,-0.597
-0.078,-0.597
-0.077,-0.597
-0.076,-0.597
-0.075,-0.597
-0.074,-0.597
-0.073,-0.597
-0.072,-0.597
-0.071,-0.597
-0.07,-0.597
-0.069,-0.597
-0.068,-0.597
-0.067,-0.597
-0.066,-0.597
-0.065,-0.597
-0.064,-0.597
-0.063,-0.597
-0.062,-0.597
-0.061,-0.597
-0.06,-0.597
-0.059,-0.597
-0.058,-0.597
-0.057,-0.597
-0.056,-0.597
-0.055,-0.597
-0.054,-0.597
-0.053,-0.597
-0.052,-0.597
-0.051,-0.597
-0.05,-0.597
-0.049,-0.597
-0.048,-0.597
-0.047,-0.597
-0.046,-0.597
-0.045,-0.597
-0.044,-0.597
-0.043,-0.597
-0.042,-0.597
-0.041,-0.597
-0.04,-0.597
-0.039,-0.597
-0.038,-0.597
-0.037,-0.597
-0.036,-0.597
-0.035,-0.597
-0.034,-0.597
-0.033,-0.597
-0.032,-0.597
-0.031,-0.597
-0.03,-0.597
-0.029,-0.597
-0.028,-0.597
-0.027,-0.597
-0.026,-0.597
-0.025,-0.597
-0.024,-0.597
-0.023,-0.597
-0.022,-0.597
-0.021,-0.597
-0.02,-0.597
-0.019,-0.597
-0.018,-0.597
-0.017,-0.597
-0.016,-0.597
-0.015,-0.597
-0.014,-0.597
-0.013,-0.597
-0.012,-0.597
-0.011,-0.597
-0.01,-0.597
-0.009,-0.597
-0.008,-0.597
-0.007,-0.597
-0.006,-0.597
-0.005,-0.597
-0.004,-0.597
-0.003,-0.597
-0.002,-0.597
-0.001,-0.597
0.0,-0.597
0.001,-0.597
0.002,-0.597
0.003,-0.597
0.004,-0.597
0.005,-0.597
0.006,-0.597
0.007,-0.597
0.008,-0.597
0.009,-0.597
0.01,-0.597
0.011,-0.597
0.012,-0.597
0.013,-0.597
0.014,-0.597
0.015,-0.597
0.016,-0.597
0.017,-0.597
0.018,-0.597
0.019,-0.597
0.02,-0.597
0.021,-0.597
0.022,-0.597
0.023,-0.597
0.024,-0.597
0.025,-0.597
0.026,-0.597
0.027,-0.597
0.028,-0.597
0.029,-0.597
0.03,-0.597
0.031,-0.597
0.032,-0.597
0.033,-0.597
0.034,-0.597
0.035,-0.597
0.036,-0.597
0.037,-0.597
0.038,-0.597
0.039,-0.597
0.04,-0.597
0.041,-0.597
0.042,-0.597
0.043,-0.597
0.044,-0.597
0.045,-0.597
0.046,-0.597
0.047,-0.597
0.048,-0.597
0.049,-0.597
0.05,-0.597
0.051,-0.597
0.052,-0.597
0.053,-0.597
0.054,-0.597
0.055,-0.597
0.056,-0.597
0.057,-0.597
0.058,-0.597
0.059,-0.597
0.06,-0.597
0.061,-0.597
0.062,-0.597
0.063,-0.597
0.064,-0.597
0.065,-0.597
0.066,-0.597
0.067,-0.597
0.068,-0.597
0.069,-0.597
0.07,-0.597
0.071,-0.597
0.072,-0.597
0.073,-0.597
0.074,-0.597
0.075,-0.597
0.076,-0.597
0.077,-0.597
0.078,-0.597
0.079,-0.597
0.08,-0.597
0.081,-0.597
0.082,-0.597
0.083,-0.597
0.084,-0.597
0.085,-0.597
0.086,-0.597
0.087,-0.597
0.088,-0.597
0.089,-0.597
0.09,-0.597
0.091,-0.597
0.092,-0.597
0.093,-0.597
0.094,-0.597
0.095,-0.597
0.096,-0.597
0.097,-0.597
0.098,-0.597
0.099,-0.597
0.1,-0.597
0.101,-0.597
0.102,-0.597
0.103,-0.597
0.104,-0.597
0.105,-0.597
0.106,-0.597
0.107,-0.597
0.108,-0.597
0.109,-0.597
0.11,-0.597
0.111,-0.597
0.112,-0.597
0.113,-0.597
0.114,-0.597
0.115,-0.597
0.116,-0.597
0.117,-0.597
0.118,-0.597
0.119,-0.597
0.12,-0.597
0.121,-0.597
0.122,-0.597
0.123,-0.597
0.124,-0.597
0.125,-0.597
0.126,-0.597
0.127,-0.597
0.128,-0.597
0.129,-0.597
0.13,-0.597
0.131,-0.597
0.132,-0.597
0.133,-0.597
0.134,-0.597
0.136,-0.597
0.137,-0.597
-0.545,-0.596
-0.542,-0.596
-0.541,-0.596
-0.54,-0.596
-0.539,-0.596
-0.538,-0.596
-0.537,-0.596
-0.536,-0.596
-0.535,-0.596
-0.534,-0.596
-0.533,-0.596
-0.532,-0.596
-0.531,-0.596
-0.53,-0.596
-0.529,-0.596
-0.528,-0.596
-0.527,-0.596
-0.526,-0.596
-0.525,-0.596
-0.524,-0.596
-0.523,-0.596
-0.522,-0.596
-0.521,-0.596
-0.52,-0.596
-0.519,-0.596
-0.518,-0.596
-0.517,-0.596
-0.516,-0.596
-0.515,-0.596
-0.514,-0.596
-0.513,-0.596
-0.512,-0.596
-0.511,-0.596
-0.51,-0.596
-0.509,-0.596
-0.508,-0.596
-0.507,-0.596
-0.506,-0.596
-0.505,-0.596
-0.504,-0.596
-0.503,-0.596
-0.502,-0.596
-0.501,-0.596
-0.5,-0.596
-0.499,-0.596
-0.498,-0.596
-0.497,-0.596
-0.496,-0.596
-0.495,-0.596
-0.494,-0.596
-0.493,-0.596
-0.492,-0.596
-0.491,-0.596
-0.49,-0.596
-0.489,-0.596
-0.488,-0.596
-0.487,-0.596
-0.486,-0.596
-0.485,-0.596
-0.484,-0.596
-0.483,-0.596
-0.482,-0.596
-0.481,-0.596
-0.48,-0.596
-0.478,-0.596
-0.476,-0.596
-0.46,-0.596
-0.42,-0.596
-0.419,-0.596
-0.414,-0.596
-0.413,-0.596
-0.412,-0.596
-0.41,-0.596
-0.409,-0.596
-0.408,-0.596
-0.404,-0.596
-0.403,-0.596
-0.391,-0.596
-0.389,-0.596
-0.388,-0.596
-0.387,-0.596
-0.386,-0.596
-0.384,-0.596
-0.38,-0.596
-0.378,-0.596
-0.377,-0.596
-0.376,-0.596
-0.375,-0.596
-0.374,-0.596
-0.373,-0.596
-0.372,-0.596
-0.371,-0.596
-0.37,-0.596
-0.369,-0.596
-0.368,-0.596
-0.367,-0.596
-0.366,-0.596
-0.365,-0.596
-0.364,-0.596
-0.363,-0.596
-0.362,-0.596
-0.361,-0.596
-0.36,-0.596
-0.359,-0.596
-0.358,-0.596
-0.357,-0.596
-0.356,-0.596
-0.355,-0.596
-0.354,-0.596
-0.353,-0.596
-0.352,-0.596
-0.351,-0.596
-0.35,-0.596
-0.349,-0.596
-0.348,-0.596
-0.347,-0.596
-0.346,-0.596
-0.345,-0.596
-0.344,-0.596
-0.343,-0.596
-0.342,-0.596
-0.341,-0.596
-0.34,-0.596
-0.339,-0.596
-0.338,-0.596
-0.337,-0.596
-0.336,-0.596
-0.335,-0.596
-0.334,-0.596
-0.333,-0.596
-0.332,-0.596
-0.331,-0.596
-0.33,-0.596
-0.329,-0.596
-0.328,-0.596
-0.327,-0.596
-0.326,-0.596
-0.325,-0.596
-0.324,-0.596
-0.323,-0.596
-0.322,-0.596
-0.321,-0.596
-0.32,-0.596
-0.319,-0.596
-0.318,-0.596
-0.317,-0.596
-0.316,-0.596
-0.315,-0.596
-0.314,-0.596
-0.313,-0.596
-0.312,-0.596
-0.311,-0.596
-0.31,-0.596
-0.309,-0.596
-0.308,-0.596
-0.307,-0.596
-0.306,-0.596
-0.305,-0.596
-0.304,-0.596
-0.303,-0.596
-0.302,-0.596
-0.301,-0.596
-0.3,-0.596
-0.299,-0.596
-0.298,-0.596
-0.297,-0.596
-0.296,-0.596
-0.295,-0.596
-0.294,-0.596
-0.293,-0.596
-0.292,-0.596
-0.291,-0.596
-0.29,-0.596
-0.289,-0.596
-0.288,-0.596
-0.287,-0.596
-0.286,-0.596
-0.285,-0.596
-0.284,-0.596
-0.283,-0.596
-0.282,-0.596
-0.281,-0.596
-0.28,-0.596
-0.279,-0.596
-0.278,-0.596
-0.277,-0.596
-0.276,-0.596
-0.275,-0.596
-0.274,-0.596
-0.273,-0.596
-0.272,-0.596
-0.271,-0.596
-0.27,-0.596
-0.269,-0.596
-0.268,-0.596
-0.267,-0.596
-0.266,-0.596
-0.265,-0.596
-0.264,-0.596
-0.263,-0.596
-0.262,-0.596
-0.261,-0.596
-0.26,-0.596
-0.259,-0.596
-0.258,-0.596
-0.257,-0.596
-0.256,-0.596
-0.255,-0.596
-0.254,-0.596
-0.253,-0.596
-0.252,-0.596
-0.251,-0.596
-0.25,-0.596
-0.249,-0.596
-0.248,-0.596
-0.247,-0.596
-0.246,-0.596
-0.245,-0.596
-0.244,-0.596
-0.243,-0.596
-0.242,-0.596
-0.241,-0.596
-0.24,-0.596
-0.239,-0.596
-0.238,-0.596
-0.237,-0.596
-0.236,-0.596
-0.235,-0.596
-0.234,-0.596
-0.233,-0.596
-0.232,-0.596
-0.231,-0.596
-0.23,-0.596
-0.229,-0.596
-0.228,-0.596
-0.227,-0.596
-0.226,-0.596
-0.225,-0.596
-0.224,-0.596
-0.223,-0.596
-0.222,-0.596
-0.221,-0.596
-0.22,-0.596
-0.219,-0.596
-0.218,-0.596
-0.217,-0.596
-0.216,-0.596
-0.215,-0.596
-0.214,-0.596
-0.213,-0.596
-0.212,-0.596
-0.211,-0.596
-0.21,-0.596
-0.209,-0.596
-0.208,-0.596
-0.207,-0.596
-0.206,-0.596
-0.205,-0.596
-0.204,-0.596
-0.203,-0.596
-0.202,-0.596
-0.201,-0.596
-0.2,-0.596
-0.199,-0.596
-0.198,-0.596
-0.197,-0.596
-0.196,-0.596
-0.195,-0.596
-0.194,-0.596
-0.193,-0.596
-0.192,-0.596
-0.191,-0.596
-0.19,-0.596
-0.189,-0.596
-0.188,-0.596
-0.187,-0.596
-0.186,-0.596
-0.185,-0.596
-0.184,-0.596
-0.183,-0.596
-0.182,-0.596
-0.181,-0.596
-0.18,-0.596
-0.179,-0.596
-0.178,-0.596
-0.177,-0.596
-0.176,-0.596
-0.175,-0.596
-0.174,-0.596
-0.173,-0.596
-0.172,-0.596
-0.171,-0.596
-0.17,-0.596
-0.169,-0.596
-0.168,-0.596
-0.167,-0.596
-0.166,-0.596
-0.165,-0.596
-0.164,-0.596
-0.163,-0.596
-0.162,-0.596
-0.161,-0.596
-0.16,-0.596
-0.159,-0.596
-0.158,-0.596
-0.157,-0.596
-0.156,-0.596
-0.155,-0.596
-0.154,-0.596
-0.153,-0.596
-0.152,-0.596
-0.151,-0.596
-0.15,-0.596
-0.149,-0.596
-0.148,-0.596
-0.147,-0.596
-0.146,-0.596
-0.145,-0.596
-0.144,-0.596
-0.143,-0.596
-0.142,-0.596
-0.141,-0.596
-0.14,-0.596
-0.139,-0.596
-0.138,-0.596
-0.137,-0.596
-0.136,-0.596
-0.135,-0.596
-0.134,-0.596
-0.133,-0.596
-0.132,-0.596
-0.131,-0.596
-0.13,-0.596
-0.129,-0.596
-0.128,-0.596
-0.127,-0.596
-0.126,-0.596
-0.125,-0.596
-0.124,-0.596
-0.123,-0.596
-0.122,-0.596
-0.121,-0.596
-0.12,-0.596
-0.119,-0.596
-0.118,-0.596
-0.117,-0.596
-0.116,-0.596
-0.115,-0.596
-0.114,-0.596
-0.113,-0.596
-0.112,-0.596
-0.111,-0.596
-0.11,-0.596
-0.109,-0.596
-0.108,-0.596
-0.107,-0.596
-0.106,-0.596
-0.105,-0.596
-0.104,-0.596
-0.103,-0.596
-0.102,-0.596
-0.101,-0.596
-0.1,-0.596
-0.099,-0.596
-0.098,-0.596
-0.097,-0.596
-0.096,-0.596
-0.095,-0.596
-0.094,-0.596
-0.093,-0.596
-0.092,-0.596
-0.091,-0.596
-0.09,-0.596
-0.089,-0.596
-0.088,-0.596
-0.087,-0.596
-0.086,-0.596
-0.085,-0.596
-0.084,-0.596
-0.083,-0.596
-0.082,-0.596
-0.081,-0.596
-0.08,-0.596
-0.079,-0.596
-0.078,-0.596
-0.077,-0.596
-0.076,-0.596
-0.075,-0.596
-0.074,-0.596
-0.073,-0.596
-0.072,-0.596
-0.071,-0.596
-0.07,-0.596
-0.069,-0.596
-0.068,-0.596
-0.067,-0.596
-0.066,-0.596
-0.065,-0.596
-0.064,-0.596
-0.063,-0.596
-0.062,-0.596
-0.061,-0.596
-0.06,-0.596
-0.059,-0.596
-0.058,-0.596
-0.057,-0.596
-0.056,-0.596
-0.055,-0.596
-0.054,-0.596
-0.053,-0.596
-0.052,-0.596
-0.051,-0.596
-0.05,-0.596
-0.049,-0.596
-0.048,-0.596
-0.047,-0.596
-0.046,-0.596
-0.045,-0.596
-0.044,-0.596
-0.043,-0.596
-0.042,-0.596
-0.041,-0.596
-0.04,-0.596
-0.039,-0.596
-0.038,-0.596
-0.037,-0.596
-0.036,-0.596
-0.035,-0.596
-0.034,-0.596
-0.033,-0.596
-0.032,-0.596
-0.031,-0.596
-0.03,-0.596
-0.029,-0.596
-0.028,-0.596
-0.027,-0.596
-0.026,-0.596
-0.025,-0.596
-0.024,-0.596
-0.023,-0.596
-0.022,-0.596
-0.021,-0.596
-0.02,-0.596
-0.019,-0.596
-0.018,-0.596
-0.017,-0.596
-0.016,-0.596
-0.015,-0.596
-0.014,-0.596
-0.013,-0.596
-0.012,-0.596
-0.011,-0.596
-0.01,-0.596
-0.009,-0.596
-0.008,-0.596
-0.007,-0.596
-0.006,-0.596
-0.005,-0.596
-0.004,-0.596
-0.003,-0.596
-0.002,-0.596
-0.001,-0.596
0.0,-0.596
0.001,-0.596
0.002,-0.596
0.003,-0.596
0.004,-0.596
0.005,-0.596
0.006,-0.596
0.007,-0.596
0.008,-0.596
0.009,-0.596
0.01,-0.596
0.011,-0.596
0.012,-0.596
0.013,-0.596
0.014,-0.596
0.015,-0.596
0.016,-0.596
0.017,-0.596
0.018,-0.596
0.019,-0.596
0.02,-0.596
0.021,-0.596
0.022,-0.596
0.023,-0.596
0.024,-0.596
0.025,-0.596
0.026,-0.596
0.027,-0.596
0.028,-0.596
0.029,-0.596
0.03,-0.596
0.031,-0.596
0.032,-0.596
0.033,-0.596
0.034,-0.596
0.035,-0.596
0.036,-0.596
0.037,-0.596
0.038,-0.596
0.039,-0.596
0.04,-0.596
0.041,-0.596
0.042,-0.596
0.043,-0.596
0.044,-0.596
0.045,-0.596
0.046,-0.596
0.047,-0.596
0.048,-0.596
0.049,-0.596
0.05,-0.596
0.051,-0.596
0.052,-0.596
0.053,-0.596
0.054,-0.596
0.055,-0.596
0.056,-0.596
0.057,-0.596
0.058,-0.596
0.059,-0.596
0.06,-0.596
0.061,-0.596
0.062,-0.596
0.063,-0.596
0.064,-0.596
0.065,-0.596
0.066,-0.596
0.067,-0.596
0.068,-0.596
0.069,-0.596
0.07,-0.596
0.071,-0.596
0.072,-0.596
0.073,-0.596
0.074,-0.596
0.075,-0.596
0.076,-0.596
0.077,-0.596
0.078,-0.596
0.079,-0.596
0.08,-0.596
0.081,-0.596
0.082,-0.596
0.083,-0.596
0.084,-0.596
0.085,-0.596
0.086,-0.596
0.087,-0.596
0.088,-0.596
0.089,-0.596
0.09,-0.596
0.091,-0.596
0.092,-0.596
0.093,-0.596
0.094,-0.596
0.095,-0.596
0.096,-0.596
0.097,-0.596
0.098,-0.596
0.099,-0.596
0.1,-0.596
0.101,-0.596
0.102,-0.596
0.103,-0.596
0.104,-0.596
0.105,-0.596
0.106,-0.596
0.107,-0.596
0.108,-0.596
0.109,-0.596
0.11,-0.596
0.111,-0.596
0.112,-0.596
0.113,-0.596
0.114,-0.596
0.115,-0.596
0.116,-0.596
0.117,-0.596
0.118,-0.596
0.119,-0.596
0.12,-0.596
0.121,-0.596
0.122,-0.596
0.123,-0.596
0.124,-0.596
0.125,-0.596
0.126,-0.596
0.127,-0.596
0.128,-0.596
0.129,-0.596
0.13,-0.596
0.131,-0.596
0.133,-0.596
0.274,-0.596
-0.543,-0.595
-0.542,-0.595
-0.541,-0.595
-0.54,-0.595
-0.539,-0.595
-0.538,-0.595
-0.537,-0.595
-0.536,-0.595
-0.535,-0.595
-0.534,-0.595
-0.533,-0.595
-0.532,-0.595
-0.531,-0.595
-0.53,-0.595
-0.529,-0.595
-0.528,-0.595
-0.527,-0.595
-0.526,-0.595
-0.525,-0.595
-0.524,-0.595
-0.523,-0.595
-0.522,-0.595
-0.521,-0.595
-0.52,-0.595
-0.519,-0.595
-0.518,-0.595
-0.517,-0.595
-0.516,-0.595
-0.515,-0.595
-0.514,-0.595
-0.513,-0.595
-0.512,-0.595
-0.511,-0.595
-0.51,-0.595
-0.509,-0.595
-0.508,-0.595
-0.507,-0.595
-0.506,-0.595
-0.505,-0.595
-0.504,-0.595
-0.503,-0.595
-0.502,-0.595
-0.501,-0.595
-0.5,-0.595
-0.499,-0.595
-0.498,-0.595
-0.497,-0.595
-0.496,-0.595
-0.495,-0.595
-0.494,-0.595
-0.493,-0.595
-0.492,-0.595
-0.491,-0.595
-0.49,-0.595
-0.489,-0.595
-0.488,-0.595
-0.487,-0.595
-0.486,-0.595
-0.485,-0.595
-0.484,-0.595
-0.483,-0.595
-0.482,-0.595
-0.481,-0.595
-0.48,-0.595
-0.477,-0.595
-0.475,-0.595
-0.463,-0.595
-0.459,-0.595
-0.421,-0.595
-0.415,-0.595
-0.413,-0.595
-0.412,-0.595
-0.411,-0.595
-0.41,-0.595
-0.409,-0.595
-0.407,-0.595
-0.405,-0.595
-0.404,-0.595
-0.402,-0.595
-0.401,-0.595
-0.4,-0.595
-0.399,-0.595
-0.394,-0.595
-0.393,-0.595
-0.389,-0.595
-0.388,-0.595
-0.387,-0.595
-0.386,-0.595
-0.384,-0.595
-0.383,-0.595
-0.379,-0.595
-0.378,-0.595
-0.377,-0.595
-0.376,-0.595
-0.375,-0.595
-0.374,-0.595
-0.373,-0.595
-0.372,-0.595
-0.371,-0.595
-0.37,-0.595
-0.369,-0.595
-0.368,-0.595
-0.367,-0.595
-0.366,-0.595
-0.365,-0.595
-0.364,-0.595
-0.363,-0.595
-0.362,-0.595
-0.361,-0.595
-0.36,-0.595
-0.359,-0.595
-0.358,-0.595
-0.357,-0.595
-0.356,-0.595
-0.355,-0.595
-0.354,-0.595
-0.353,-0.595
-0.352,-0.595
-0.351,-0.595
-0.35,-0.595
-0.349,-0.595
-0.348,-0.595
-0.347,-0.595
-0.346,-0.595
-0.345,-0.595
-0.344,-0.595
-0.343,-0.595
-0.342,-0.595
-0.341,-0.595
-0.34,-0.595
-0.339,-0.595
-0.338,-0.595
-0.337,-0.595
-0.336,-0.595
-0.335,-0.595
-0.334,-0.595
-0.333,-0.595
-0.332,-0.595
-0.331,-0.595
-0.33,-0.595
-0.329,-0.595
-0.328,-0.595
-0.327,-0.595
-0.326,-0.595
-0.325,-0.595
-0.324,-0.595
-0.323,-0.595
-0.322,-0.595
-0.321,-0.595
-0.32,-0.595
-0.319,-0.595
-0.318,-0.595
-0.317,-0.595
-0.316,-0.595
-0.315,-0.595
-0.314,-0.595
-0.313,-0.595
-0.312,-0.595
-0.311,-0.595
-0.31,-0.595
-0.309,-0.595
-0.308,-0.595
-0.307,-0.595
-0.306,-0.595
-0.305,-0.595
-0.304,-0.595
-0.303,-0.595
-0.302,-0.595
-0.301,-0.595
-0.3,-0.595
-0.299,-0.595
-0.298,-0.595
-0.297,-0.595
-0.296,-0.595
-0.295,-0.595
-0.294,-0.595
-0.293,-0.595
-0.292,-0.595
-0.291,-0.595
-0.29,-0.595
-0.289,-0.595
-0.288,-0.595
-0.287,-0.595
-0.286,-0.595
-0.285,-0.595
-0.284,-0.595
-0.283,-0.595
-0.282,-0.595
-0.281,-0.595
-0.28,-0.595
-0.279,-0.595
-0.278,-0.595
-0.277,-0.595
-0.276,-0.595
-0.275,-0.595
-0.274,-0.595
-0.273,-0.595
-0.272,-0.595
-0.271,-0.595
-0.27,-0.595
-0.269,-0.595
-0.268,-0.595
-0.267,-0.595
-0.266,-0.595
-0.265,-0.595
-0.264,-0.595
-0.263,-0.595
-0.262,-0.595
-0.261,-0.595
-0.26,-0.595
-0.259,-0.595
-0.258,-0.595
-0.257,-0.595
-0.256,-0.595
-0.255,-0.595
-0.254,-0.595
-0.253,-0.595
-0.252,-0.595
-0.251,-0.595
-0.25,-0.595
-0.249,-0.595
-0.248,-0.595
-0.247,-0.595
-0.246,-0.595
-0.245,-0.595
-0.244,-0.595
-0.243,-0.595
-0.242,-0.595
-0.241,-0.595
-0.24,-0.595
-0.239,-0.595
-0.238,-0.595
-0.237,-0.595
-0.236,-0.595
-0.235,-0.595
-0.234,-0.595
-0.233,-0.595
-0.232,-0.595
-0.231,-0.595
-0.23,-0.595
-0.229,-0.595
-0.228,-0.595
-0.227,-0.595
-0.226,-0.595
-0.225,-0.595
-0.224,-0.595
-0.223,-0.595
-0.222,-0.595
-0.221,-0.595
-0.22,-0.595
-0.219,-0.595
-0.218,-0.595
-0.217,-0.595
-0.216,-0.595
-0.215,-0.595
-0.214,-0.595
-0.213,-0.595
-0.212,-0.595
-0.211,-0.595
-0.21,-0.595
-0.209,-0.595
-0.208,-0.595
-0.207,-0.595
-0.206,-0.595
-0.205,-0.595
-0.204,-0.595
-0.203,-0.595
-0.202,-0.595
-0.201,-0.595
-0.2,-0.595
-0.199,-0.595
-0.198,-0.595
-0.197,-0.595
-0.196,-0.595
-0.195,-0.595
-0.194,-0.595
-0.193,-0.595
-0.192,-0.595
-0.191,-0.595
-0.19,-0.595
-0.189,-0.595
-0.188,-0.595
-0.187,-0.595
-0.186,-0.595
-0.185,-0.595
-0.184,-0.595
-0.183,-0.595
-0.182,-0.595
-0.181,-0.595
-0.18,-0.595
-0.179,-0.595
-0.178,-0.595
-0.177,-0.595
-0.176,-0.595
-0.175,-0.595
-0.174,-0.595
-0.173,-0.595
-0.172,-0.595
-0.171,-0.595
-0.17,-0.595
-0.169,-0.595
-0.168,-0.595
-0.167,-0.595
-0.166,-0.595
-0.165,-0.595
-0.164,-0.595
-0.163,-0.595
-0.162,-0.595
-0.161,-0.595
-0.16,-0.595
-0.159,-0.595
-0.158,-0.595
-0.157,-0.595
-0.156,-0.595
-0.155,-0.595
-0.154,-0.595
-0.153,-0.595
-0.152,-0.595
-0.151,-0.595
-0.15,-0.595
-0.149,-0.595
-0.148,-0.595
-0.147,-0.595
-0.146,-0.595
-0.145,-0.595
-0.144,-0.595
-0.143,-0.595
-0.142,-0.595
-0.141,-0.595
-0.14,-0.595
-0.139,-0.595
-0.138,-0.595
-0.137,-0.595
-0.136,-0.595
-0.135,-0.595
-0.134,-0.595
-0.133,-0.595
-0.132,-0.595
-0.131,-0.595
-0.13,-0.595
-0.129,-0.595
-0.128,-0.595
-0.127,-0.595
-0.126,-0.595
-0.125,-0.595
-0.124,-0.595
-0.123,-0.595
-0.122,-0.595
-0.121,-0.595
-0.12,-0.595
-0.119,-0.595
-0.118,-0.595
-0.117,-0.595
-0.116,-0.595
-0.115,-0.595
-0.114,-0.595
-0.113,-0.595
-0.112,-0.595
-0.111,-0.595
-0.11,-0.595
-0.109,-0.595
-0.108,-0.595
-0.107,-0.595
-0.106,-0.595
-0.105,-0.595
-0.104,-0.595
-0.103,-0.595
-0.102,-0.595
-0.101,-0.595
-0.1,-0.595
-0.099,-0.595
-0.098,-0.595
-0.097,-0.595
-0.096,-0.595
-0.095,-0.595
-0.094,-0.595
-0.093,-0.595
-0.092,-0.595
-0.091,-0.595
-0.09,-0.595
-0.089,-0.595
-0.088,-0.595
-0.087,-0.595
-0.086,-0.595
-0.085,-0.595
-0.084,-0.595
-0.083,-0.595
-0.082,-0.595
-0.081,-0.595
-0.08,-0.595
-0.079,-0.595
-0.078,-0.595
-0.077,-0.595
-0.076,-0.595
-0.075,-0.595
-0.074,-0.595
-0.073,-0.595
-0.072,-0.595
-0.071,-0.595
-0.07,-0.595
-0.069,-0.595
-0.068,-0.595
-0.067,-0.595
-0.066,-0.595
-0.065,-0.595
-0.064,-0.595
-0.063,-0.595
-0.062,-0.595
-0.061,-0.595
-0.06,-0.595
-0.059,-0.595
-0.058,-0.595
-0.057,-0.595
-0.056,-0.595
-0.055,-0.595
-0.054,-0.595
-0.053,-0.595
-0.052,-0.595
-0.051,-0.595
-0.05,-0.595
-0.049,-0.595
-0.048,-0.595
-0.047,-0.595
-0.046,-0.595
-0.045,-0.595
-0.044,-0.595
-0.043,-0.595
-0.042,-0.595
-0.041,-0.595
-0.04,-0.595
-0.039,-0.595
-0.038,-0.595
-0.037,-0.595
-0.036,-0.595
-0.035,-0.595
-0.034,-0.595
-0.033,-0.595
-0.032,-0.595
-0.031,-0.595
-0.03,-0.595
-0.029,-0.595
-0.028,-0.595
-0.027,-0.595
-0.026,-0.595
-0.025,-0.595
-0.024,-0.595
-0.023,-0.595
-0.022,-0.595
-0.021,-0.595
-0.02,-0.595
-0.019,-0.595
-0.018,-0.595
-0.017,-0.595
-0.016,-0.595
-0.015,-0.595
-0.014,-0.595
-0.013,-0.595
-0.012,-0.595
-0.011,-0.595
-0.01,-0.595
-0.009,-0.595
-0.008,-0.595
-0.007,-0.595
-0.006,-0.595
-0.005,-0.595
-0.004,-0.595
-0.003,-0.595
-0.002,-0.595
-0.001,-0.595
0.0,-0.595
0.001,-0.595
0.002,-0.595
0.003,-0.595
0.004,-0.595
0.005,-0.595
0.006,-0.595
0.007,-0.595
0.008,-0.595
0.009,-0.595
0.01,-0.595
0.011,-0.595
0.012,-0.595
0.013,-0.595
0.014,-0.595
0.015,-0.595
0.016,-0.595
0.017,-0.595
0.018,-0.595
0.019,-0.595
0.02,-0.595
0.021,-0.595
0.022,-0.595
0.023,-0.595
0.024,-0.595
0.025,-0.595
0.026,-0.595
0.027,-0.595
0.028,-0.595
0.029,-0.595
0.03,-0.595
0.031,-0.595
0.032,-0.595
0.033,-0.595
0.034,-0.595
0.035,-0.595
0.036,-0.595
0.037,-0.595
0.038,-0.595
0.039,-0.595
0.04,-0.595
0.041,-0.595
0.042,-0.595
0.043,-0.595
0.044,-0.595
0.045,-0.595
0.046,-0.595
0.047,-0.595
0.048,-0.595
0.049,-0.595
0.05,-0.595
0.051,-0.595
0.052,-0.595
0.053,-0.595
0.054,-0.595
0.055,-0.595
0.056,-0.595
0.057,-0.595
0.058,-0.595
0.059,-0.595
0.06,-0.595
0.061,-0.595
0.062,-0.595
0.063,-0.595
0.064,-0.595
0.065,-0.595
0.066,-0.595
0.067,-0.595
0.068,-0.595
0.069,-0.595
0.07,-0.595
0.071,-0.595
0.072,-0.595
0.073,-0.595
0.074,-0.595
0.075,-0.595
0.076,-0.595
0.077,-0.595
0.078,-0.595
0.079,-0.595
0.08,-0.595
0.081,-0.595
0.082,-0.595
0.083,-0.595
0.084,-0.595
0.085,-0.595
0.086,-0.595
0.087,-0.595
0.088,-0.595
0.089,-0.595
0.09,-0.595
0.091,-0.595
0.092,-0.595
0.093,-0.595
0.094,-0.595
0.095,-0.595
0.096,-0.595
0.097,-0.595
0.098,-0.595
0.099,-0.595
0.1,-0.595
0.101,-0.595
0.102,-0.595
0.103,-0.595
0.104,-0.595
0.105,-0.595
0.106,-0.595
0.107,-0.595
0.108,-0.595
0.109,-0.595
0.11,-0.595
0.111,-0.595
0.112,-0.595
0.113,-0.595
0.114,-0.595
0.115,-0.595
0.116,-0.595
0.117,-0.595
0.118,-0.595
0.119,-0.595
0.12,-0.595
0.121,-0.595
0.122,-0.595
0.123,-0.595
0.124,-0.595
0.125,-0.595
0.126,-0.595
0.127,-0.595
0.128,-0.595
0.131,-0.595
0.132,-0.595
0.133,-0.595
0.136,-0.595
0.172,-0.595
0.174,-0.595
0.274,-0.595
-0.546,-0.594
-0.54,-0.594
-0.539,-0.594
-0.538,-0.594
-0.537,-0.594
-0.536,-0.594
-0.535,-0.594
-0.534,-0.594
-0.533,-0.594
-0.532,-0.594
-0.531,-0.594
-0.53,-0.594
-0.529,-0.594
-0.528,-0.594
-0.527,-0.594
-0.526,-0.594
-0.525,-0.594
-0.524,-0.594
-0.523,-0.594
-0.522,-0.594
-0.521,-0.594
-0.52,-0.594
-0.519,-0.594
-0.518,-0.594
-0.517,-0.594
-0.516,-0.594
-0.515,-0.594
-0.514,-0.594
-0.513,-0.594
-0.512,-0.594
-0.511,-0.594
-0.51,-0.594
-0.509,-0.594
-0.508,-0.594
-0.507,-0.594
-0.506,-0.594
-0.505,-0.594
-0.504,-0.594
-0.503,-0.594
-0.502,-0.594
-0.501,-0.594
-0.5,-0.594
-0.499,-0.594
-0.498,-0.594
-0.497,-0.594
-0.496,-0.594
-0.495,-0.594
-0.494,-0.594
-0.493,-0.594
-0.492,-0.594
-0.491,-0.594
-0.49,-0.594
-0.489,-0.594
-0.488,-0.594
-0.487,-0.594
-0.486,-0.594
-0.485,-0.594
-0.484,-0.594
-0.483,-0.594
-0.482,-0.594
-0.481,-0.594
-0.48,-0.594
-0.479,-0.594
-0.478,-0.594
-0.477,-0.594
-0.476,-0.594
-0.472,-0.594
-0.422,-0.594
-0.421,-0.594
-0.42,-0.594
-0.417,-0.594
-0.414,-0.594
-0.413,-0.594
-0.412,-0.594
-0.411,-0.594
-0.41,-0.594
-0.409,-0.594
-0.404,-0.594
-0.403,-0.594
-0.402,-0.594
-0.401,-0.594
-0.393,-0.594
-0.392,-0.594
-0.389,-0.594
-0.388,-0.594
-0.387,-0.594
-0.386,-0.594
-0.385,-0.594
-0.384,-0.594
-0.383,-0.594
-0.381,-0.594
-0.378,-0.594
-0.377,-0.594
-0.376,-0.594
-0.375,-0.594
-0.374,-0.594
-0.373,-0.594
-0.372,-0.594
-0.371,-0.594
-0.37,-0.594
-0.369,-0.594
-0.368,-0.594
-0.367,-0.594
-0.366,-0.594
-0.365,-0.594
-0.364,-0.594
-0.363,-0.594
-0.362,-0.594
-0.361,-0.594
-0.36,-0.594
-0.359,-0.594
-0.358,-0.594
-0.357,-0.594
-0.356,-0.594
-0.355,-0.594
-0.354,-0.594
-0.353,-0.594
-0.352,-0.594
-0.351,-0.594
-0.35,-0.594
-0.349,-0.594
-0.348,-0.594
-0.347,-0.594
-0.346,-0.594
-0.345,-0.594
-0.344,-0.594
-0.343,-0.594
-0.342,-0.594
-0.341,-0.594
-0.34,-0.594
-0.339,-0.594
-0.338,-0.594
-0.337,-0.594
-0.336,-0.594
-0.335,-0.594
-0.334,-0.594
-0.333,-0.594
-0.332,-0.594
-0.331,-0.594
-0.33,-0.594
-0.329,-0.594
-0.328,-0.594
-0.327,-0.594
-0.326,-0.594
-0.325,-0.594
-0.324,-0.594
-0.323,-0.594
-0.322,-0.594
-0.321,-0.594
-0.32,-0.594
-0.319,-0.594
-0.318,-0.594
-0.317,-0.594
-0.316,-0.594
-0.315,-0.594
-0.314,-0.594
-0.313,-0.594
-0.312,-0.594
-0.311,-0.594
-0.31,-0.594
-0.309,-0.594
-0.308,-0.594
-0.307,-0.594
-0.306,-0.594
-0.305,-0.594
-0.304,-0.594
-0.303,-0.594
-0.302,-0.594
-0.301,-0.594
-0.3,-0.594
-0.299,-0.594
-0.298,-0.594
-0.297,-0.594
-0.296,-0.594
-0.295,-0.594
-0.294,-0.594
-0.293,-0.594
-0.292,-0.594
-0.291,-0.594
-0.29,-0.594
-0.289,-0.594
-0.288,-0.594
-0.287,-0.594
-0.286,-0.594
-0.285,-0.594
-0.284,-0.594
-0.283,-0.594
-0.282,-0.594
-0.281,-0.594
-0.28,-0.594
-0.279,-0.594
-0.278,-0.594
-0.277,-0.594
-0.276,-0.594
-0.275,-0.594
-0.274,-0.594
-0.273,-0.594
-0.272,-0.594
-0.271,-0.594
-0.27,-0.594
-0.269,-0.594
-0.268,-0.594
-0.267,-0.594
-0.266,-0.594
-0.265,-0.594
-0.264,-0.594
-0.263,-0.594
-0.262,-0.594
-0.261,-0.594
-0.26,-0.594
-0.259,-0.594
-0.258,-0.594
-0.257,-0.594
-0.256,-0.594
-0.255,-0.594
-0.254,-0.594
-0.253,-0.594
-0.252,-0.594
-0.251,-0.594
-0.25,-0.594
-0.249,-0.594
-0.248,-0.594
-0.247,-0.594
-0.246,-0.594
-0.245,-0.594
-0.244,-0.594
-0.243,-0.594
-0.242,-0.594
-0.241,-0.594
-0.24,-0.594
-0.239,-0.594
-0.238,-0.594
-0.237,-0.594
-0.236,-0.594
-0.235,-0.594
-0.234,-0.594
-0.233,-0.594
-0.232,-0.594
-0.231,-0.594
-0.23,-0.594
-0.229,-0.594
-0.228,-0.594
-0.227,-0.594
-0.226,-0.594
-0.225,-0.594
-0.224,-0.594
-0.223,-0.594
-0.222,-0.594
-0.221,-0.594
-0.22,-0.594
-0.219,-0.594
-0.218,-0.594
-0.217,-0.594
-0.216,-0.594
-0.215,-0.594
-0.214,-0.594
-0.213,-0.594
-0.212,-0.594
-0.211,-0.594
-0.21,-0.594
-0.209,-0.594
-0.208,-0.594
-0.207,-0.594
-0.206,-0.594
-0.205,-0.594
-0.204,-0.594
-0.203,-0.594
-0.202,-0.594
-0.201,-0.594
-0.2,-0.594
-0.199,-0.594
-0.198,-0.594
-0.197,-0.594
-0.196,-0.594
-0.195,-0.594
-0.194,-0.594
-0.193,-0.594
-0.192,-0.594
-0.191,-0.594
-0.19,-0.594
-0.189,-0.594
-0.188,-0.594
-0.187,-0.594
-0.186,-0.594
-0.185,-0.594
-0.184,-0.594
-0.183,-0.594
-0.182,-0.594
-0.181,-0.594
-0.18,-0.594
-0.179,-0.594
-0.178,-0.594
-0.177,-0.594
-0.176,-0.594
-0.175,-0.594
-0.174,-0.594
-0.173,-0.594
-0.172,-0.594
-0.171,-0.594
-0.17,-0.594
-0.169,-0.594
-0.168,-0.594
-0.167,-0.594
-0.166,-0.594
-0.165,-0.594
-0.164,-0.594
-0.163,-0.594
-0.162,-0.594
-0.161,-0.594
-0.16,-0.594
-0.159,-0.594
-0.158,-0.594
-0.157,-0.594
-0.156,-0.594
-0.155,-0.594
-0.154,-0.594
-0.153,-0.594
-0.152,-0.594
-0.151,-0.594
-0.15,-0.594
-0.149,-0.594
-0.148,-0.594
-0.147,-0.594
-0.146,-0.594
-0.145,-0.594
-0.144,-0.594
-0.143,-0.594
-0.142,-0.594
-0.141,-0.594
-0.14,-0.594
-0.139,-0.594
-0.138,-0.594
-0.137,-0.594
-0.136,-0.594
-0.135,-0.594
-0.134,-0.594
-0.133,-0.594
-0.132,-0.594
-0.131,-0.594
-0.13,-0.594
-0.129,-0.594
-0.128,-0.594
-0.127,-0.594
-0.126,-0.594
-0.125,-0.594
-0.124,-0.594
-0.123,-0.594
-0.122,-0.594
-0.121,-0.594
-0.12,-0.594
-0.119,-0.594
-0.118,-0.594
-0.117,-0.594
-0.116,-0.594
-0.115,-0.594
-0.114,-0.594
-0.113,-0.594
-0.112,-0.594
-0.111,-0.594
-0.11,-0.594
-0.109,-0.594
-0.108,-0.594
-0.107,-0.594
-0.106,-0.594
-0.105,-0.594
-0.104,-0.594
-0.103,-0.594
-0.102,-0.594
-0.101,-0.594
-0.1,-0.594
-0.099,-0.594
-0.098,-0.594
-0.097,-0.594
-0.096,-0.594
-0.095,-0.594
-0.094,-0.594
-0.093,-0.594
-0.092,-0.594
-0.091,-0.594
-0.09,-0.594
-0.089,-0.594
-0.088,-0.594
-0.087,-0.594
-0.086,-0.594
-0.085,-0.594
-0.084,-0.594
-0.083,-0.594
-0.082,-0.594
-0.081,-0.594
-0.08,-0.594
-0.079,-0.594
-0.078,-0.594
-0.077,-0.594
-0.076,-0.594
-0.075,-0.594
-0.074,-0.594
-0.073,-0.594
-0.072,-0.594
-0.071,-0.594
-0.07,-0.594
-0.069,-0.594
-0.068,-0.594
-0.067,-0.594
-0.066,-0.594
-0.065,-0.594
-0.064,-0.594
-0.063,-0.594
-0.062,-0.594
-0.061,-0.594
-0.06,-0.594
-0.059,-0.594
-0.058,-0.594
-0.057,-0.594
-0.056,-0.594
-0.055,-0.594
-0.054,-0.594
-0.053,-0.594
-0.052,-0.594
-0.051,-0.594
-0.05,-0.594
-0.049,-0.594
-0.048,-0.594
-0.047,-0.594
-0.046,-0.594
-0.045,-0.594
-0.044,-0.594
-0.043,-0.594
-0.042,-0.594
-0.041,-0.594
-0.04,-0.594
-0.039,-0.594
-0.038,-0.594
-0.037,-0.594
-0.036,-0.594
-0.035,-0.594
-0.034,-0.594
-0.033,-0.594
-0.032,-0.594
-0.031,-0.594
-0.03,-0.594
-0.029,-0.594
-0.028,-0.594
-0.027,-0.594
-0.026,-0.594
-0.025,-0.594
-0.024,-0.594
-0.023,-0.594
-0.022,-0.594
-0.021,-0.594
-0.02,-0.594
-0.019,-0.594
-0.018,-0.594
-0.017,-0.594
-0.016,-0.594
-0.015,-0.594
-0.014,-0.594
-0.013,-0.594
-0.012,-0.594
-0.011,-0.594
-0.01,-0.594
-0.009,-0.594
-0.008,-0.594
-0.007,-0.594
-0.006,-0.594
-0.005,-0.594
-0.004,-0.594
-0.003,-0.594
-0.002,-0.594
-0.001,-0.594
0.0,-0.594
0.001,-0.594
0.002,-0.594
0.003,-0.594
0.004,-0.594
0.005,-0.594
0.006,-0.594
0.007,-0.594
0.008,-0.594
0.009,-0.594
0.01,-0.594
0.011,-0.594
0.012,-0.594
0.013,-0.594
0.014,-0.594
0.015,-0.594
0.016,-0.594
0.017,-0.594
0.018,-0.594
0.019,-0.594
0.02,-0.594
0.021,-0.594
0.022,-0.594
0.023,-0.594
0.024,-0.594
0.025,-0.594
0.026,-0.594
0.027,-0.594
0.028,-0.594
0.029,-0.594
0.03,-0.594
0.031,-0.594
0.032,-0.594
0.033,-0.594
0.034,-0.594
0.035,-0.594
0.036,-0.594
0.037,-0.594
0.038,-0.594
0.039,-0.594
0.04,-0.594
0.041,-0.594
0.042,-0.594
0.043,-0.594
0.044,-0.594
0.045,-0.594
0.046,-0.594
0.047,-0.594
0.048,-0.594
0.049,-0.594
0.05,-0.594
0.051,-0.594
0.052,-0.594
0.053,-0.594
0.054,-0.594
0.055,-0.594
0.056,-0.594
0.057,-0.594
0.058,-0.594
0.059,-0.594
0.06,-0.594
0.061,-0.594
0.062,-0.594
0.063,-0.594
0.064,-0.594
0.065,-0.594
0.066,-0.594
0.067,-0.594
0.068,-0.594
0.069,-0.594
0.07,-0.594
0.071,-0.594
0.072,-0.594
0.073,-0.594
0.074,-0.594
0.075,-0.594
0.076,-0.594
0.077,-0.594
0.078,-0.594
0.079,-0.594
0.08,-0.594
0.081,-0.594
0.082,-0.594
0.083,-0.594
0.084,-0.594
0.085,-0.594
0.086,-0.594
0.087,-0.594
0.088,-0.594
0.089,-0.594
0.09,-0.594
0.091,-0.594
0.092,-0.594
0.093,-0.594
0.094,-0.594
0.095,-0.594
0.096,-0.594
0.097,-0.594
0.098,-0.594
0.099,-0.594
0.1,-0.594
0.101,-0.594
0.102,-0.594
0.103,-0.594
0.104,-0.594
0.105,-0.594
0.106,-0.594
0.107,-0.594
0.108,-0.594
0.109,-0.594
0.11,-0.594
0.111,-0.594
0.112,-0.594
0.113,-0.594
0.114,-0.594
0.115,-0.594
0.116,-0.594
0.117,-0.594
0.118,-0.594
0.119,-0.594
0.12,-0.594
0.121,-0.594
0.122,-0.594
0.123,-0.594
0.124,-0.594
0.125,-0.594
0.126,-0.594
0.127,-0.594
0.128,-0.594
0.129,-0.594
0.13,-0.594
0.37,-0.594
-0.549,-0.593
-0.548,-0.593
-0.545,-0.593
-0.54,-0.593
-0.539,-0.593
-0.538,-0.593
-0.537,-0.593
-0.536,-0.593
-0.535,-0.593
-0.534,-0.593
-0.533,-0.593
-0.532,-0.593
-0.531,-0.593
-0.53,-0.593
-0.529,-0.593
-0.528,-0.593
-0.527,-0.593
-0.526,-0.593
-0.525,-0.593
-0.524,-0.593
-0.523,-0.593
-0.522,-0.593
-0.521,-0.593
-0.52,-0.593
-0.519,-0.593
-0.518,-0.593
-0.517,-0.593
-0.516,-0.593
-0.515,-0.593
-0.514,-0.593
-0.513,-0.593
-0.512,-0.593
-0.511,-0.593
-0.51,-0.593
-0.509,-0.593
-0.508,-0.593
-0.507,-0.593
-0.506,-0.593
-0.505,-0.593
-0.504,-0.593
-0.503,-0.593
-0.502,-0.593
-0.501,-0.593
-0.5,-0.593
-0.499,-0.593
-0.498,-0.593
-0.497,-0.593
-0.496,-0.593
-0.495,-0.593
-0.494,-0.593
-0.493,-0.593
-0.492,-0.593
-0.491,-0.593
-0.49,-0.593
-0.489,-0.593
-0.488,-0.593
-0.487,-0.593
-0.486,-0.593
-0.485,-0.593
-0.484,-0.593
-0.483,-0.593
-0.482,-0.593
-0.481,-0.593
-0.48,-0.593
-0.479,-0.593
-0.478,-0.593
-0.477,-0.593
-0.476,-0.593
-0.473,-0.593
-0.472,-0.593
-0.47,-0.593
-0.466,-0.593
-0.456,-0.593
-0.424,-0.593
-0.417,-0.593
-0.416,-0.593
-0.414,-0.593
-0.413,-0.593
-0.412,-0.593
-0.411,-0.593
-0.41,-0.593
-0.409,-0.593
-0.408,-0.593
-0.407,-0.593
-0.406,-0.593
-0.405,-0.593
-0.402,-0.593
-0.401,-0.593
-0.4,-0.593
-0.398,-0.593
-0.393,-0.593
-0.39,-0.593
-0.389,-0.593
-0.388,-0.593
-0.387,-0.593
-0.386,-0.593
-0.385,-0.593
-0.384,-0.593
-0.383,-0.593
-0.382,-0.593
-0.381,-0.593
-0.38,-0.593
-0.379,-0.593
-0.378,-0.593
-0.377,-0.593
-0.376,-0.593
-0.375,-0.593
-0.374,-0.593
-0.373,-0.593
-0.372,-0.593
-0.371,-0.593
-0.37,-0.593
-0.369,-0.593
-0.368,-0.593
-0.367,-0.593
-0.366,-0.593
-0.365,-0.593
-0.364,-0.593
-0.363,-0.593
-0.362,-0.593
-0.361,-0.593
-0.36,-0.593
-0.359,-0.593
-0.358,-0.593
-0.357,-0.593
-0.356,-0.593
-0.355,-0.593
-0.354,-0.593
-0.353,-0.593
-0.352,-0.593
-0.351,-0.593
-0.35,-0.593
-0.349,-0.593
-0.348,-0.593
-0.347,-0.593
-0.346,-0.593
-0.345,-0.593
-0.344,-0.593
-0.343,-0.593
-0.342,-0.593
-0.341,-0.593
-0.34,-0.593
-0.339,-0.593
-0.338,-0.593
-0.337,-0.593
-0.336,-0.593
-0.335,-0.593
-0.334,-0.593
-0.333,-0.593
-0.332,-0.593
-0.331,-0.593
-0.33,-0.593
-0.329,-0.593
-0.328,-0.593
-0.327,-0.593
-0.326,-0.593
-0.325,-0.593
-0.324,-0.593
-0.323,-0.593
-0.322,-0.593
-0.321,-0.593
-0.32,-0.593
-0.319,-0.593
-0.318,-0.593
-0.317,-0.593
-0.316,-0.593
-0.315,-0.593
-0.314,-0.593
-0.313,-0.593
-0.312,-0.593
-0.311,-0.593
-0.31,-0.593
-0.309,-0.593
-0.308,-0.593
-0.307,-0.593
-0.306,-0.593
-0.305,-0.593
-0.304,-0.593
-0.303,-0.593
-0.302,-0.593
-0.301,-0.593
-0.3,-0.593
-0.299,-0.593
-0.298,-0.593
-0.297,-0.593
-0.296,-0.593
-0.295,-0.593
-0.294,-0.593
-0.293,-0.593
-0.292,-0.593
-0.291,-0.593
-0.29,-0.593
-0.289,-0.593
-0.288,-0.593
-0.287,-0.593
-0.286,-0.593
-0.285,-0.593
-0.284,-0.593
-0.283,-0.593
-0.282,-0.593
-0.281,-0.593
-0.28,-0.593
-0.279,-0.593
-0.278,-0.593
-0.277,-0.593
-0.276,-0.593
-0.275,-0.593
-0.274,-0.593
-0.273,-0.593
-0.272,-0.593
-0.271,-0.593
-0.27,-0.593
-0.269,-0.593
-0.268,-0.593
-0.267,-0.593
-0.266,-0.593
-0.265,-0.593
-0.264,-0.593
-0.263,-0.593
-0.262,-0.593
-0.261,-0.593
-0.26,-0.593
-0.259,-0.593
-0.258,-0.593
-0.257,-0.593
-0.256,-0.593
-0.255,-0.593
-0.254,-0.593
-0.253,-0.593
-0.252,-0.593
-0.251,-0.593
-0.25,-0.593
-0.249,-0.593
-0.248,-0.593
-0.247,-0.593
-0.246,-0.593
-0.245,-0.593
-0.244,-0.593
-0.243,-0.593
-0.242,-0.593
-0.241,-0.593
-0.24,-0.593
-0.239,-0.593
-0.238,-0.593
-0.237,-0.593
-0.236,-0.593
-0.235,-0.593
-0.234,-0.593
-0.233,-0.593
-0.232,-0.593
-0.231,-0.593
-0.23,-0.593
-0.229,-0.593
-0.228,-0.593
-0.227,-0.593
-0.226,-0.593
-0.225,-0.593
-0.224,-0.593
-0.223,-0.593
-0.222,-0.593
-0.221,-0.593
-0.22,-0.593
-0.219,-0.593
-0.218,-0.593
-0.217,-0.593
-0.216,-0.593
-0.215,-0.593
-0.214,-0.593
-0.213,-0.593
-0.212,-0.593
-0.211,-0.593
-0.21,-0.593
-0.209,-0.593
-0.208,-0.593
-0.207,-0.593
-0.206,-0.593
-0.205,-0.593
-0.204,-0.593
-0.203,-0.593
-0.202,-0.593
-0.201,-0.593
-0.2,-0.593
-0.199,-0.593
-0.198,-0.593
-0.197,-0.593
-0.196,-0.593
-0.195,-0.593
-0.194,-0.593
-0.193,-0.593
-0.192,-0.593
-0.191,-0.593
-0.19,-0.593
-0.189,-0.593
-0.188,-0.593
-0.187,-0.593
-0.186,-0.593
-0.185,-0.593
-0.184,-0.593
-0.183,-0.593
-0.182,-0.593
-0.181,-0.593
-0.18,-0.593
-0.179,-0.593
-0.178,-0.593
-0.177,-0.593
-0.176,-0.593
-0.175,-0.593
-0.174,-0.593
-0.173,-0.593
-0.172,-0.593
-0.171,-0.593
-0.17,-0.593
-0.169,-0.593
-0.168,-0.593
-0.167,-0.593
-0.166,-0.593
-0.165,-0.593
-0.164,-0.593
-0.163,-0.593
-0.162,-0.593
-0.161,-0.593
-0.16,-0.593
-0.159,-0.593
-0.158,-0.593
-0.157,-0.593
-0.156,-0.593
-0.155,-0.593
-0.154,-0.593
-0.153,-0.593
-0.152,-0.593
-0.151,-0.593
-0.15,-0.593
-0.149,-0.593
-0.148,-0.593
-0.147,-0.593
-0.146,-0.593
-0.145,-0.593
-0.144,-0.593
-0.143,-0.593
-0.142,-0.593
-0.141,-0.593
-0.14,-0.593
-0.139,-0.593
-0.138,-0.593
-0.137,-0.593
-0.136,-0.593
-0.135,-0.593
-0.134,-0.593
-0.133,-0.593
-0.132,-0.593
-0.131,-0.593
-0.13,-0.593
-0.129,-0.593
-0.128,-0.593
-0.127,-0.593
-0.126,-0.593
-0.125,-0.593
-0.124,-0.593
-0.123,-0.593
-0.122,-0.593
-0.121,-0.593
-0.12,-0.593
-0.119,-0.593
-0.118,-0.593
-0.117,-0.593
-0.116,-0.593
-0.115,-0.593
-0.114,-0.593
-0.113,-0.593
-0.112,-0.593
-0.111,-0.593
-0.11,-0.593
-0.109,-0.593
-0.108,-0.593
-0.107,-0.593
-0.106,-0.593
-0.105,-0.593
-0.104,-0.593
-0.103,-0.593
-0.102,-0.593
-0.101,-0.593
-0.1,-0.593
-0.099,-0.593
-0.098,-0.593
-0.097,-0.593
-0.096,-0.593
-0.095,-0.593
-0.094,-0.593
-0.093,-0.593
-0.092,-0.593
-0.091,-0.593
-0.09,-0.593
-0.089,-0.593
-0.088,-0.593
-0.087,-0.593
-0.086,-0.593
-0.085,-0.593
-0.084,-0.593
-0.083,-0.593
-0.082,-0.593
-0.081,-0.593
-0.08,-0.593
-0.079,-0.593
-0.078,-0.593
-0.077,-0.593
-0.076,-0.593
-0.075,-0.593
-0.074,-0.593
-0.073,-0.593
-0.072,-0.593
-0.071,-0.593
-0.07,-0.593
-0.069,-0.593
-0.068,-0.593
-0.067,-0.593
-0.066,-0.593
-0.065,-0.593
-0.064,-0.593
-0.063,-0.593
-0.062,-0.593
-0.061,-0.593
-0.06,-0.593
-0.059,-0.593
-0.058,-0.593
-0.057,-0.593
-0.056,-0.593
-0.055,-0.593
-0.054,-0.593
-0.053,-0.593
-0.052,-0.593
-0.051,-0.593
-0.05,-0.593
-0.049,-0.593
-0.048,-0.593
-0.047,-0.593
-0.046,-0.593
-0.045,-0.593
-0.044,-0.593
-0.043,-0.593
-0.042,-0.593
-0.041,-0.593
-0.04,-0.593
-0.039,-0.593
-0.038,-0.593
-0.037,-0.593
-0.036,-0.593
-0.035,-0.593
-0.034,-0.593
-0.033,-0.593
-0.032,-0.593
-0.031,-0.593
-0.03,-0.593
-0.029,-0.593
-0.028,-0.593
-0.027,-0.593
-0.026,-0.593
-0.025,-0.593
-0.024,-0.593
-0.023,-0.593
-0.022,-0.593
-0.021,-0.593
-0.02,-0.593
-0.019,-0.593
-0.018,-0.593
-0.017,-0.593
-0.016,-0.593
-0.015,-0.593
-0.014,-0.593
-0.013,-0.593
-0.012,-0.593
-0.011,-0.593
-0.01,-0.593
-0.009,-0.593
-0.008,-0.593
-0.007,-0.593
-0.006,-0.593
-0.005,-0.593
-0.004,-0.593
-0.003,-0.593
-0.002,-0.593
-0.001,-0.593
0.0,-0.593
0.001,-0.593
0.002,-0.593
0.003,-0.593
0.004,-0.593
0.005,-0.593
0.006,-0.593
0.007,-0.593
0.008,-0.593
0.009,-0.593
0.01,-0.593
0.011,-0.593
0.012,-0.593
0.013,-0.593
0.014,-0.593
0.015,-0.593
0.016,-0.593
0.017,-0.593
0.018,-0.593
0.019,-0.593
0.02,-0.593
0.021,-0.593
0.022,-0.593
0.023,-0.593
0.024,-0.593
0.025,-0.593
0.026,-0.593
0.027,-0.593
0.028,-0.593
0.029,-0.593
0.03,-0.593
0.031,-0.593
0.032,-0.593
0.033,-0.593
0.034,-0.593
0.035,-0.593
0.036,-0.593
0.037,-0.593
0.038,-0.593
0.039,-0.593
0.04,-0.593
0.041,-0.593
0.042,-0.593
0.043,-0.593
0.044,-0.593
0.045,-0.593
0.046,-0.593
0.047,-0.593
0.048,-0.593
0.049,-0.593
0.05,-0.593
0.051,-0.593
0.052,-0.593
0.053,-0.593
0.054,-0.593
0.055,-0.593
0.056,-0.593
0.057,-0.593
0.058,-0.593
0.059,-0.593
0.06,-0.593
0.061,-0.593
0.062,-0.593
0.063,-0.593
0.064,-0.593
0.065,-0.593
0.066,-0.593
0.067,-0.593
0.068,-0.593
0.069,-0.593
0.07,-0.593
0.071,-0.593
0.072,-0.593
0.073,-0.593
0.074,-0.593
0.075,-0.593
0.076,-0.593
0.077,-0.593
0.078,-0.593
0.079,-0.593
0.08,-0.593
0.081,-0.593
0.082,-0.593
0.083,-0.593
0.084,-0.593
0.085,-0.593
0.086,-0.593
0.087,-0.593
0.088,-0.593
0.089,-0.593
0.09,-0.593
0.091,-0.593
0.092,-0.593
0.093,-0.593
0.094,-0.593
0.095,-0.593
0.096,-0.593
0.097,-0.593
0.098,-0.593
0.099,-0.593
0.1,-0.593
0.101,-0.593
0.102,-0.593
0.103,-0.593
0.104,-0.593
0.105,-0.593
0.106,-0.593
0.107,-0.593
0.108,-0.593
0.109,-0.593
0.11,-0.593
0.111,-0.593
0.112,-0.593
0.113,-0.593
0.114,-0.593
0.115,-0.593
0.116,-0.593
0.117,-0.593
0.118,-0.593
0.119,-0.593
0.12,-0.593
0.121,-0.593
0.122,-0.593
0.154,-0.593
0.17,-0.593
0.172,-0.593
0.18,-0.593
0.193,-0.593
-0.547,-0.592
-0.543,-0.592
-0.541,-0.592
-0.539,-0.592
-0.536,-0.592
-0.535,-0.592
-0.534,-0.592
-0.533,-0.592
-0.532,-0.592
-0.531,-0.592
-0.53,-0.592
-0.529,-0.592
-0.528,-0.592
-0.527,-0.592
-0.526,-0.592
-0.525,-0.592
-0.524,-0.592
-0.523,-0.592
-0.522,-0.592
-0.521,-0.592
-0.52,-0.592
-0.519,-0.592
-0.518,-0.592
-0.517,-0.592
-0.516,-0.592
-0.515,-0.592
-0.514,-0.592
-0.513,-0.592
-0.512,-0.592
-0.511,-0.592
-0.51,-0.592
-0.509,-0.592
-0.508,-0.592
-0.507,-0.592
-0.506,-0.592
-0.505,-0.592
-0.504,-0.592
-0.503,-0.592
-0.502,-0.592
-0.501,-0.592
-0.5,-0.592
-0.499,-0.592
-0.498,-0.592
-0.497,-0.592
-0.496,-0.592
-0.495,-0.592
-0.494,-0.592
-0.493,-0.592
-0.492,-0.592
-0.491,-0.592
-0.49,-0.592
-0.489,-0.592
-0.488,-0.592
-0.487,-0.592
-0.486,-0.592
-0.485,-0.592
-0.484,-0.592
-0.483,-0.592
-0.482,-0.592
-0.481,-0.592
-0.48,-0.592
-0.479,-0.592
-0.478,-0.592
-0.477,-0.592
-0.471,-0.592
-0.468,-0.592
-0.467,-0.592
-0.465,-0.592
-0.464,-0.592
-0.463,-0.592
-0.425,-0.592
-0.424,-0.592
-0.421,-0.592
-0.416,-0.592
-0.415,-0.592
-0.414,-0.592
-0.413,-0.592
-0.412,-0.592
-0.411,-0.592
-0.41,-0.592
-0.409,-0.592
-0.408,-0.592
-0.407,-0.592
-0.406,-0.592
-0.405,-0.592
-0.404,-0.592
-0.403,-0.592
-0.402,-0.592
-0.401,-0.592
-0.391,-0.592
-0.39,-0.592
-0.389,-0.592
-0.388,-0.592
-0.387,-0.592
-0.386,-0.592
-0.385,-0.592
-0.384,-0.592
-0.382,-0.592
-0.381,-0.592
-0.38,-0.592
-0.379,-0.592
-0.378,-0.592
-0.377,-0.592
-0.376,-0.592
-0.375,-0.592
-0.374,-0.592
-0.373,-0.592
-0.372,-0.592
-0.371,-0.592
-0.37,-0.592
-0.369,-0.592
-0.368,-0.592
-0.367,-0.592
-0.366,-0.592
-0.365,-0.592
-0.364,-0.592
-0.363,-0.592
-0.362,-0.592
-0.361,-0.592
-0.36,-0.592
-0.359,-0.592
-0.358,-0.592
-0.357,-0.592
-0.356,-0.592
-0.355,-0.592
-0.354,-0.592
-0.353,-0.592
-0.352,-0.592
-0.351,-0.592
-0.35,-0.592
-0.349,-0.592
-0.348,-0.592
-0.347,-0.592
-0.346,-0.592
-0.345,-0.592
-0.344,-0.592
-0.343,-0.592
-0.342,-0.592
-0.341,-0.592
-0.34,-0.592
-0.339,-0.592
-0.338,-0.592
-0.337,-0.592
-0.336,-0.592
-0.335,-0.592
-0.334,-0.592
-0.333,-0.592
-0.332,-0.592
-0.331,-0.592
-0.33,-0.592
-0.329,-0.592
-0.328,-0.592
-0.327,-0.592
-0.326,-0.592
-0.325,-0.592
-0.324,-0.592
-0.323,-0.592
-0.322,-0.592
-0.321,-0.592
-0.32,-0.592
-0.319,-0.592
-0.318,-0.592
-0.317,-0.592
-0.316,-0.592
-0.315,-0.592
-0.314,-0.592
-0.313,-0.592
-0.312,-0.592
-0.311,-0.592
-0.31,-0.592
-0.309,-0.592
-0.308,-0.592
-0.307,-0.592
-0.306,-0.592
-0.305,-0.592
-0.304,-0.592
-0.303,-0.592
-0.302,-0.592
-0.301,-0.592
-0.3,-0.592
-0.299,-0.592
-0.298,-0.592
-0.297,-0.592
-0.296,-0.592
-0.295,-0.592
-0.294,-0.592
-0.293,-0.592
-0.292,-0.592
-0.291,-0.592
-0.29,-0.592
-0.289,-0.592
-0.288,-0.592
-0.287,-0.592
-0.286,-0.592
-0.285,-0.592
-0.284,-0.592
-0.283,-0.592
-0.282,-0.592
-0.281,-0.592
-0.28,-0.592
-0.279,-0.592
-0.278,-0.592
-0.277,-0.592
-0.276,-0.592
-0.275,-0.592
-0.274,-0.592
-0.273,-0.592
-0.272,-0.592
-0.271,-0.592
-0.27,-0.592
-0.269,-0.592
-0.268,-0.592
-0.267,-0.592
-0.266,-0.592
-0.265,-0.592
-0.264,-0.592
-0.263,-0.592
-0.262,-0.592
-0.261,-0.592
-0.26,-0.592
-0.259,-0.592
-0.258,-0.592
-0.257,-0.592
-0.256,-0.592
-0.255,-0.592
-0.254,-0.592
-0.253,-0.592
-0.252,-0.592
-0.251,-0.592
-0.25,-0.592
-0.249,-0.592
-0.248,-0.592
-0.247,-0.592
-0.246,-0.592
-0.245,-0.592
-0.244,-0.592
-0.243,-0.592
-0.242,-0.592
-0.241,-0.592
-0.24,-0.592
-0.239,-0.592
-0.238,-0.592
-0.237,-0.592
-0.236,-0.592
-0.235,-0.592
-0.234,-0.592
-0.233,-0.592
-0.232,-0.592
-0.231,-0.592
-0.23,-0.592
-0.229,-0.592
-0.228,-0.592
-0.227,-0.592
-0.226,-0.592
-0.225,-0.592
-0.224,-0.592
-0.223,-0.592
-0.222,-0.592
-0.221,-0.592
-0.22,-0.592
-0.219,-0.592
-0.218,-0.592
-0.217,-0.592
-0.216,-0.592
-0.215,-0.592
-0.214,-0.592
-0.213,-0.592
-0.212,-0.592
-0.211,-0.592
-0.21,-0.592
-0.209,-0.592
-0.208,-0.592
-0.207,-0.592
-0.206,-0.592
-0.205,-0.592
-0.204,-0.592
-0.203,-0.592
-0.202,-0.592
-0.201,-0.592
-0.2,-0.592
-0.199,-0.592
-0.198,-0.592
-0.197,-0.592
-0.196,-0.592
-0.195,-0.592
-0.194,-0.592
-0.193,-0.592
-0.192,-0.592
-0.191,-0.592
-0.19,-0.592
-0.189,-0.592
-0.188,-0.592
-0.187,-0.592
-0.186,-0.592
-0.185,-0.592
-0.184,-0.592
-0.183,-0.592
-0.182,-0.592
-0.181,-0.592
-0.18,-0.592
-0.179,-0.592
-0.178,-0.592
-0.177,-0.592
-0.176,-0.592
-0.175,-0.592
-0.174,-0.592
-0.173,-0.592
-0.172,-0.592
-0.171,-0.592
-0.17,-0.592
-0.169,-0.592
-0.168,-0.592
-0.167,-0.592
-0.166,-0.592
-0.165,-0.592
-0.164,-0.592
-0.163,-0.592
-0.162,-0.592
-0.161,-0.592
-0.16,-0.592
-0.159,-0.592
-0.158,-0.592
-0.157,-0.592
-0.156,-0.592
-0.155,-0.592
-0.154,-0.592
-0.153,-0.592
-0.152,-0.592
-0.151,-0.592
-0.15,-0.592
-0.149,-0.592
-0.148,-0.592
-0.147,-0.592
-0.146,-0.592
-0.145,-0.592
-0.144,-0.592
-0.143,-0.592
-0.142,-0.592
-0.141,-0.592
-0.14,-0.592
-0.139,-0.592
-0.138,-0.592
-0.137,-0.592
-0.136,-0.592
-0.135,-0.592
-0.134,-0.592
-0.133,-0.592
-0.132,-0.592
-0.131,-0.592
-0.13,-0.592
-0.129,-0.592
-0.128,-0.592
-0.127,-0.592
-0.126,-0.592
-0.125,-0.592
-0.124,-0.592
-0.123,-0.592
-0.122,-0.592
-0.121,-0.592
-0.12,-0.592
-0.119,-0.592
-0.118,-0.592
-0.117,-0.592
-0.116,-0.592
-0.115,-0.592
-0.114,-0.592
-0.113,-0.592
-0.112,-0.592
-0.111,-0.592
-0.11,-0.592
-0.109,-0.592
-0.108,-0.592
-0.107,-0.592
-0.106,-0.592
-0.105,-0.592
-0.104,-0.592
-0.103,-0.592
-0.102,-0.592
-0.101,-0.592
-0.1,-0.592
-0.099,-0.592
-0.098,-0.592
-0.097,-0.592
-0.096,-0.592
-0.095,-0.592
-0.094,-0.592
-0.093,-0.592
-0.092,-0.592
-0.091,-0.592
-0.09,-0.592
-0.089,-0.592
-0.088,-0.592
-0.087,-0.592
-0.086,-0.592
-0.085,-0.592
-0.084,-0.592
-0.083,-0.592
-0.082,-0.592
-0.081,-0.592
-0.08,-0.592
-0.079,-0.592
-0.078,-0.592
-0.077,-0.592
-0.076,-0.592
-0.075,-0.592
-0.074,-0.592
-0.073,-0.592
-0.072,-0.592
-0.071,-0.592
-0.07,-0.592
-0.069,-0.592
-0.068,-0.592
-0.067,-0.592
-0.066,-0.592
-0.065,-0.592
-0.064,-0.592
-0.063,-0.592
-0.062,-0.592
-0.061,-0.592
-0.06,-0.592
-0.059,-0.592
-0.058,-0.592
-0.057,-0.592
-0.056,-0.592
-0.055,-0.592
-0.054,-0.592
-0.053,-0.592
-0.052,-0.592
-0.051,-0.592
-0.05,-0.592
-0.049,-0.592
-0.048,-0.592
-0.047,-0.592
-0.046,-0.592
-0.045,-0.592
-0.044,-0.592
-0.043,-0.592
-0.042,-0.592
-0.041,-0.592
-0.04,-0.592
-0.039,-0.592
-0.038,-0.592
-0.037,-0.592
-0.036,-0.592
-0.035,-0.592
-0.034,-0.592
-0.033,-0.592
-0.032,-0.592
-0.031,-0.592
-0.03,-0.592
-0.029,-0.592
-0.028,-0.592
-0.027,-0.592
-0.026,-0.592
-0.025,-0.592
-0.024,-0.592
-0.023,-0.592
-0.022,-0.592
-0.021,-0.592
-0.02,-0.592
-0.019,-0.592
-0.018,-0.592
-0.017,-0.592
-0.016,-0.592
-0.015,-0.592
-0.014,-0.592
-0.013,-0.592
-0.012,-0.592
-0.011,-0.592
-0.01,-0.592
-0.009,-0.592
-0.008,-0.592
-0.007,-0.592
-0.006,-0.592
-0.005,-0.592
-0.004,-0.592
-0.003,-0.592
-0.002,-0.592
-0.001,-0.592
0.0,-0.592
0.001,-0.592
0.002,-0.592
0.003,-0.592
0.004,-0.592
0.005,-0.592
0.006,-0.592
0.007,-0.592
0.008,-0.592
0.009,-0.592
0.01,-0.592
0.011,-0.592
0.012,-0.592
0.013,-0.592
0.014,-0.592
0.015,-0.592
0.016,-0.592
0.017,-0.592
0.018,-0.592
0.019,-0.592
0.02,-0.592
0.021,-0.592
0.022,-0.592
0.023,-0.592
0.024,-0.592
0.025,-0.592
0.026,-0.592
0.027,-0.592
0.028,-0.592
0.029,-0.592
0.03,-0.592
0.031,-0.592
0.032,-0.592
0.033,-0.592
0.034,-0.592
0.035,-0.592
0.036,-0.592
0.037,-0.592
0.038,-0.592
0.039,-0.592
0.04,-0.592
0.041,-0.592
0.042,-0.592
0.043,-0.592
0.044,-0.592
0.045,-0.592
0.046,-0.592
0.047,-0.592
0.048,-0.592
0.049,-0.592
0.05,-0.592
0.051,-0.592
0.052,-0.592
0.053,-0.592
0.054,-0.592
0.055,-0.592
0.056,-0.592
0.057,-0.592
0.058,-0.592
0.059,-0.592
0.06,-0.592
0.061,-0.592
0.062,-0.592
0.063,-0.592
0.064,-0.592
0.065,-0.592
0.066,-0.592
0.067,-0.592
0.068,-0.592
0.069,-0.592
0.07,-0.592
0.071,-0.592
0.072,-0.592
0.073,-0.592
0.074,-0.592
0.075,-0.592
0.076,-0.592
0.077,-0.592
0.078,-0.592
0.079,-0.592
0.08,-0.592
0.081,-0.592
0.082,-0.592
0.083,-0.592
0.084,-0.592
0.085,-0.592
0.086,-0.592
0.087,-0.592
0.088,-0.592
0.089,-0.592
0.09,-0.592
0.091,-0.592
0.092,-0.592
0.093,-0.592
0.094,-0.592
0.095,-0.592
0.096,-0.592
0.097,-0.592
0.098,-0.592
0.099,-0.592
0.1,-0.592
0.101,-0.592
0.102,-0.592
0.103,-0.592
0.104,-0.592
0.105,-0.592
0.106,-0.592
0.107,-0.592
0.108,-0.592
0.109,-0.592
0.11,-0.592
0.111,-0.592
0.112,-0.592
0.113,-0.592
0.114,-0.592
0.115,-0.592
0.116,-0.592
0.117,-0.592
0.118,-0.592
0.119,-0.592
0.12,-0.592
0.121,-0.592
0.122,-0.592
0.123,-0.592
0.124,-0.592
0.125,-0.592
0.149,-0.592
0.154,-0.592
0.168,-0.592
0.17,-0.592
0.172,-0.592
0.184,-0.592
0.188,-0.592
0.192,-0.592
0.272,-0.592
0.273,-0.592
-0.542,-0.591
-0.539,-0.591
-0.535,-0.591
-0.532,-0.591
-0.531,-0.591
-0.53,-0.591
-0.529,-0.591
-0.528,-0.591
-0.527,-0.591
-0.526,-0.591
-0.525,-0.591
-0.524,-0.591
-0.523,-0.591
-0.522,-0.591
-0.521,-0.591
-0.52,-0.591
-0.519,-0.591
-0.518,-0.591
-0.517,-0.591
-0.516,-0.591
-0.515,-0.591
-0.514,-0.591
-0.513,-0.591
-0.512,-0.591
-0.511,-0.591
-0.51,-0.591
-0.509,-0.591
-0.508,-0.591
-0.507,-0.591
-0.506,-0.591
-0.505,-0.591
-0.504,-0.591
-0.503,-0.591
-0.502,-0.591
-0.501,-0.591
-0.5,-0.591
-0.499,-0.591
-0.498,-0.591
-0.497,-0.591
-0.496,-0.591
-0.495,-0.591
-0.494,-0.591
-0.493,-0.591
-0.492,-0.591
-0.491,-0.591
-0.49,-0.591
-0.489,-0.591
-0.488,-0.591
-0.487,-0.591
-0.486,-0.591
-0.485,-0.591
-0.484,-0.591
-0.483,-0.591
-0.482,-0.591
-0.481,-0.591
-0.48,-0.591
-0.479,-0.591
-0.478,-0.591
-0.477,-0.591
-0.476,-0.591
-0.475,-0.591
-0.47,-0.591
-0.465,-0.591
-0.464,-0.591
-0.458,-0.591
-0.423,-0.591
-0.416,-0.591
-0.415,-0.591
-0.414,-0.591
-0.413,-0.591
-0.412,-0.591
-0.411,-0.591
-0.41,-0.591
-0.409,-0.591
-0.408,-0.591
-0.407,-0.591
-0.406,-0.591
-0.405,-0.591
-0.404,-0.591
-0.403,-0.591
-0.402,-0.591
-0.401,-0.591
-0.394,-0.591
-0.39,-0.591
-0.389,-0.591
-0.388,-0.591
-0.387,-0.591
-0.386,-0.591
-0.385,-0.591
-0.384,-0.591
-0.383,-0.591
-0.382,-0.591
-0.381,-0.591
-0.38,-0.591
-0.379,-0.591
-0.378,-0.591
-0.377,-0.591
-0.376,-0.591
-0.375,-0.591
-0.374,-0.591
-0.373,-0.591
-0.372,-0.591
-0.371,-0.591
-0.37,-0.591
-0.369,-0.591
-0.368,-0.591
-0.367,-0.591
-0.366,-0.591
-0.365,-0.591
-0.364,-0.591
-0.363,-0.591
-0.362,-0.591
-0.361,-0.591
-0.36,-0.591
-0.359,-0.591
-0.358,-0.591
-0.357,-0.591
-0.356,-0.591
-0.355,-0.591
-0.354,-0.591
-0.353,-0.591
-0.352,-0.591
-0.351,-0.591
-0.35,-0.591
-0.349,-0.591
-0.348,-0.591
-0.347,-0.591
-0.346,-0.591
-0.345,-0.591
-0.344,-0.591
-0.343,-0.591
-0.342,-0.591
-0.341,-0.591
-0.34,-0.591
-0.339,-0.591
-0.338,-0.591
-0.337,-0.591
-0.336,-0.591
-0.335,-0.591
-0.334,-0.591
-0.333,-0.591
-0.332,-0.591
-0.331,-0.591
-0.33,-0.591
-0.329,-0.591
-0.328,-0.591
-0.327,-0.591
-0.326,-0.591
-0.325,-0.591
-0.324,-0.591
-0.323,-0.591
-0.322,-0.591
-0.321,-0.591
-0.32,-0.591
-0.319,-0.591
-0.318,-0.591
-0.317,-0.591
-0.316,-0.591
-0.315,-0.591
-0.314,-0.591
-0.313,-0.591
-0.312,-0.591
-0.311,-0.591
-0.31,-0.591
-0.309,-0.591
-0.308,-0.591
-0.307,-0.591
-0.306,-0.591
-0.305,-0.591
-0.304,-0.591
-0.303,-0.591
-0.302,-0.591
-0.301,-0.591
-0.3,-0.591
-0.299,-0.591
-0.298,-0.591
-0.297,-0.591
-0.296,-0.591
-0.295,-0.591
-0.294,-0.591
-0.293,-0.591
-0.292,-0.591
-0.291,-0.591
-0.29,-0.591
-0.289,-0.591
-0.288,-0.591
-0.287,-0.591
-0.286,-0.591
-0.285,-0.591
-0.284,-0.591
-0.283,-0.591
-0.282,-0.591
-0.281,-0.591
-0.28,-0.591
-0.279,-0.591
-0.278,-0.591
-0.277,-0.591
-0.276,-0.591
-0.275,-0.591
-0.274,-0.591
-0.273,-0.591
-0.272,-0.591
-0.271,-0.591
-0.27,-0.591
-0.269,-0.591
-0.268,-0.591
-0.267,-0.591
-0.266,-0.591
-0.265,-0.591
-0.264,-0.591
-0.263,-0.591
-0.262,-0.591
-0.261,-0.591
-0.26,-0.591
-0.259,-0.591
-0.258,-0.591
-0.257,-0.591
-0.256,-0.591
-0.255,-0.591
-0.254,-0.591
-0.253,-0.591
-0.252,-0.591
-0.251,-0.591
-0.25,-0.591
-0.249,-0.591
-0.248,-0.591
-0.247,-0.591
-0.246,-0.591
-0.245,-0.591
-0.244,-0.591
-0.243,-0.591
-0.242,-0.591
-0.241,-0.591
-0.24,-0.591
-0.239,-0.591
-0.238,-0.591
-0.237,-0.591
-0.236,-0.591
-0.235,-0.591
-0.234,-0.591
-0.233,-0.591
-0.232,-0.591
-0.231,-0.591
-0.23,-0.591
-0.229,-0.591
-0.228,-0.591
-0.227,-0.591
-0.226,-0.591
-0.225,-0.591
-0.224,-0.591
-0.223,-0.591
-0.222,-0.591
-0.221,-0.591
-0.22,-0.591
-0.219,-0.591
-0.218,-0.591
-0.217,-0.591
-0.216,-0.591
-0.215,-0.591
-0.214,-0.591
-0.213,-0.591
-0.212,-0.591
-0.211,-0.591
-0.21,-0.591
-0.209,-0.591
-0.208,-0.591
-0.207,-0.591
-0.206,-0.591
-0.205,-0.591
-0.204,-0.591
-0.203,-0.591
-0.202,-0.591
-0.201,-0.591
-0.2,-0.591
-0.199,-0.591
-0.198,-0.591
-0.197,-0.591
-0.196,-0.591
-0.195,-0.591
-0.194,-0.591
-0.193,-0.591
-0.192,-0.591
-0.191,-0.591
-0.19,-0.591
-0.189,-0.591
-0.188,-0.591
-0.187,-0.591
-0.186,-0.591
-0.185,-0.591
-0.184,-0.591
-0.183,-0.591
-0.182,-0.591
-0.181,-0.591
-0.18,-0.591
-0.179,-0.591
-0.178,-0.591
-0.177,-0.591
-0.176,-0.591
-0.175,-0.591
-0.174,-0.591
-0.173,-0.591
-0.172,-0.591
-0.171,-0.591
-0.17,-0.591
-0.169,-0.591
-0.168,-0.591
-0.167,-0.591
-0.166,-0.591
-0.165,-0.591
-0.164,-0.591
-0.163,-0.591
-0.162,-0.591
-0.161,-0.591
-0.16,-0.591
-0.159,-0.591
-0.158,-0.591
-0.157,-0.591
-0.156,-0.591
-0.155,-0.591
-0.154,-0.591
-0.153,-0.591
-0.152,-0.591
-0.151,-0.591
-0.15,-0.591
-0.149,-0.591
-0.148,-0.591
-0.147,-0.591
-0.146,-0.591
-0.145,-0.591
-0.144,-0.591
-0.143,-0.591
-0.142,-0.591
-0.141,-0.591
-0.14,-0.591
-0.139,-0.591
-0.138,-0.591
-0.137,-0.591
-0.136,-0.591
-0.135,-0.591
-0.134,-0.591
-0.133,-0.591
-0.132,-0.591
-0.131,-0.591
-0.13,-0.591
-0.129,-0.591
-0.128,-0.591
-0.127,-0.591
-0.126,-0.591
-0.125,-0.591
-0.124,-0.591
-0.123,-0.591
-0.122,-0.591
-0.121,-0.591
-0.12,-0.591
-0.119,-0.591
-0.118,-0.591
-0.117,-0.591
-0.116,-0.591
-0.115,-0.591
-0.114,-0.591
-0.113,-0.591
-0.112,-0.591
-0.111,-0.591
-0.11,-0.591
-0.109,-0.591
-0.108,-0.591
-0.107,-0.591
-0.106,-0.591
-0.105,-0.591
-0.104,-0.591
-0.103,-0.591
-0.102,-0.591
-0.101,-0.591
-0.1,-0.591
-0.099,-0.591
-0.098,-0.591
-0.097,-0.591
-0.096,-0.591
-0.095,-0.591
-0.094,-0.591
-0.093,-0.591
-0.092,-0.591
-0.091,-0.591
-0.09,-0.591
-0.089,-0.591
-0.088,-0.591
-0.087,-0.591
-0.086,-0.591
-0.085,-0.591
-0.084,-0.591
-0.083,-0.591
-0.082,-0.591
-0.081,-0.591
-0.08,-0.591
-0.079,-0.591
-0.078,-0.591
-0.077,-0.591
-0.076,-0.591
-0.075,-0.591
-0.074,-0.591
-0.073,-0.591
-0.072,-0.591
-0.071,-0.591
-0.07,-0.591
-0.069,-0.591
-0.068,-0.591
-0.067,-0.591
-0.066,-0.591
-0.065,-0.591
-0.064,-0.591
-0.063,-0.591
-0.062,-0.591
-0.061,-0.591
-0.06,-0.591
-0.059,-0.591
-0.058,-0.591
-0.057,-0.591
-0.056,-0.591
-0.055,-0.591
-0.054,-0.591
-0.053,-0.591
-0.052,-0.591
-0.051,-0.591
-0.05,-0.591
-0.049,-0.591
-0.048,-0.591
-0.047,-0.591
-0.046,-0.591
-0.045,-0.591
-0.044,-0.591
-0.043,-0.591
-0.042,-0.591
-0.041,-0.591
-0.04,-0.591
-0.039,-0.591
-0.038,-0.591
-0.037,-0.591
-0.036,-0.591
-0.035,-0.591
-0.034,-0.591
-0.033,-0.591
-0.032,-0.591
-0.031,-0.591
-0.03,-0.591
-0.029,-0.591
-0.028,-0.591
-0.027,-0.591
-0.026,-0.591
-0.025,-0.591
-0.024,-0.591
-0.023,-0.591
-0.022,-0.591
-0.021,-0.591
-0.02,-0.591
-0.019,-0.591
-0.018,-0.591
-0.017,-0.591
-0.016,-0.591
-0.015,-0.591
-0.014,-0.591
-0.013,-0.591
-0.012,-0.591
-0.011,-0.591
-0.01,-0.591
-0.009,-0.591
-0.008,-0.591
-0.007,-0.591
-0.006,-0.591
-0.005,-0.591
-0.004,-0.591
-0.003,-0.591
-0.002,-0.591
-0.001,-0.591
0.0,-0.591
0.001,-0.591
0.002,-0.591
0.003,-0.591
0.004,-0.591
0.005,-0.591
0.006,-0.591
0.007,-0.591
0.008,-0.591
0.009,-0.591
0.01,-0.591
0.011,-0.591
0.012,-0.591
0.013,-0.591
0.014,-0.591
0.015,-0.591
0.016,-0.591
0.017,-0.591
0.018,-0.591
0.019,-0.591
0.02,-0.591
0.021,-0.591
0.022,-0.591
0.023,-0.591
0.024,-0.591
0.025,-0.591
0.026,-0.591
0.027,-0.591
0.028,-0.591
0.029,-0.591
0.03,-0.591
0.031,-0.591
0.032,-0.591
0.033,-0.591
0.034,-0.591
0.035,-0.591
0.036,-0.591
0.037,-0.591
0.038,-0.591
0.039,-0.591
0.04,-0.591
0.041,-0.591
0.042,-0.591
0.043,-0.591
0.044,-0.591
0.045,-0.591
0.046,-0.591
0.047,-0.591
0.048,-0.591
0.049,-0.591
0.05,-0.591
0.051,-0.591
0.052,-0.591
0.053,-0.591
0.054,-0.591
0.055,-0.591
0.056,-0.591
0.057,-0.591
0.058,-0.591
0.059,-0.591
0.06,-0.591
0.061,-0.591
0.062,-0.591
0.063,-0.591
0.064,-0.591
0.065,-0.591
0.066,-0.591
0.067,-0.591
0.068,-0.591
0.069,-0.591
0.07,-0.591
0.071,-0.591
0.072,-0.591
0.073,-0.591
0.074,-0.591
0.075,-0.591
0.076,-0.591
0.077,-0.591
0.078,-0.591
0.079,-0.591
0.08,-0.591
0.081,-0.591
0.082,-0.591
0.083,-0.591
0.084,-0.591
0.085,-0.591
0.086,-0.591
0.087,-0.591
0.088,-0.591
0.089,-0.591
0.09,-0.591
0.091,-0.591
0.092,-0.591
0.093,-0.591
0.094,-0.591
0.095,-0.591
0.096,-0.591
0.097,-0.591
0.098,-0.591
0.099,-0.591
0.1,-0.591
0.101,-0.591
0.102,-0.591
0.103,-0.591
0.104,-0.591
0.105,-0.591
0.106,-0.591
0.107,-0.591
0.108,-0.591
0.109,-0.591
0.11,-0.591
0.111,-0.591
0.112,-0.591
0.113,-0.591
0.114,-0.591
0.115,-0.591
0.116,-0.591
0.117,-0.591
0.118,-0.591
0.119,-0.591
0.12,-0.591
0.121,-0.591
0.122,-0.591
0.123,-0.591
0.124,-0.591
0.125,-0.591
0.126,-0.591
0.127,-0.591
0.128,-0.591
0.13,-0.591
0.131,-0.591
0.133,-0.591
0.139,-0.591
0.149,-0.591
0.152,-0.591
0.155,-0.591
0.176,-0.591
0.177,-0.591
0.186,-0.591
0.272,-0.591
0.284,-0.591
-0.548,-0.59
-0.533,-0.59
-0.532,-0.59
-0.531,-0.59
-0.53,-0.59
-0.529,-0.59
-0.528,-0.59
-0.527,-0.59
-0.526,-0.59
-0.525,-0.59
-0.524,-0.59
-0.523,-0.59
-0.522,-0.59
-0.521,-0.59
-0.52,-0.59
-0.519,-0.59
-0.518,-0.59
-0.517,-0.59
-0.516,-0.59
-0.515,-0.59
-0.514,-0.59
-0.513,-0.59
-0.512,-0.59
-0.511,-0.59
-0.51,-0.59
-0.509,-0.59
-0.508,-0.59
-0.507,-0.59
-0.506,-0.59
-0.505,-0.59
-0.504,-0.59
-0.503,-0.59
-0.502,-0.59
-0.501,-0.59
-0.5,-0.59
-0.499,-0.59
-0.498,-0.59
-0.497,-0.59
-0.496,-0.59
-0.495,-0.59
-0.494,-0.59
-0.493,-0.59
-0.492,-0.59
-0.491,-0.59
-0.49,-0.59
-0.489,-0.59
-0.488,-0.59
-0.487,-0.59
-0.486,-0.59
-0.485,-0.59
-0.484,-0.59
-0.483,-0.59
-0.482,-0.59
-0.481,-0.59
-0.48,-0.59
-0.479,-0.59
-0.478,-0.59
-0.477,-0.59
-0.476,-0.59
-0.475,-0.59
-0.472,-0.59
-0.471,-0.59
-0.47,-0.59
-0.467,-0.59
-0.466,-0.59
-0.422,-0.59
-0.415,-0.59
-0.412,-0.59
-0.411,-0.59
-0.41,-0.59
-0.409,-0.59
-0.408,-0.59
-0.407,-0.59
-0.406,-0.59
-0.405,-0.59
-0.404,-0.59
-0.403,-0.59
-0.402,-0.59
-0.4,-0.59
-0.395,-0.59
-0.394,-0.59
-0.392,-0.59
-0.389,-0.59
-0.388,-0.59
-0.387,-0.59
-0.386,-0.59
-0.385,-0.59
-0.384,-0.59
-0.383,-0.59
-0.382,-0.59
-0.381,-0.59
-0.38,-0.59
-0.379,-0.59
-0.378,-0.59
-0.377,-0.59
-0.376,-0.59
-0.375,-0.59
-0.374,-0.59
-0.373,-0.59
-0.372,-0.59
-0.371,-0.59
-0.37,-0.59
-0.369,-0.59
-0.368,-0.59
-0.367,-0.59
-0.366,-0.59
-0.365,-0.59
-0.364,-0.59
-0.363,-0.59
-0.362,-0.59
-0.361,-0.59
-0.36,-0.59
-0.359,-0.59
-0.358,-0.59
-0.357,-0.59
-0.356,-0.59
-0.355,-0.59
-0.354,-0.59
-0.353,-0.59
-0.352,-0.59
-0.351,-0.59
-0.35,-0.59
-0.349,-0.59
-0.348,-0.59
-0.347,-0.59
-0.346,-0.59
-0.345,-0.59
-0.344,-0.59
-0.343,-0.59
-0.342,-0.59
-0.341,-0.59
-0.34,-0.59
-0.339,-0.59
-0.338,-0.59
-0.337,-0.59
-0.336,-0.59
-0.335,-0.59
-0.334,-0.59
-0.333,-0.59
-0.332,-0.59
-0.331,-0.59
-0.33,-0.59
-0.329,-0.59
-0.328,-0.59
-0.327,-0.59
-0.326,-0.59
-0.325,-0.59
-0.324,-0.59
-0.323,-0.59
-0.322,-0.59
-0.321,-0.59
-0.32,-0.59
-0.319,-0.59
-0.318,-0.59
-0.317,-0.59
-0.316,-0.59
-0.315,-0.59
-0.314,-0.59
-0.313,-0.59
-0.312,-0.59
-0.311,-0.59
-0.31,-0.59
-0.309,-0.59
-0.308,-0.59
-0.307,-0.59
-0.306,-0.59
-0.305,-0.59
-0.304,-0.59
-0.303,-0.59
-0.302,-0.59
-0.301,-0.59
-0.3,-0.59
-0.299,-0.59
-0.298,-0.59
-0.297,-0.59
-0.296,-0.59
-0.295,-0.59
-0.294,-0.59
-0.293,-0.59
-0.292,-0.59
-0.291,-0.59
-0.29,-0.59
-0.289,-0.59
-0.288,-0.59
-0.287,-0.59
-0.286,-0.59
-0.285,-0.59
-0.284,-0.59
-0.283,-0.59
-0.282,-0.59
-0.281,-0.59
-0.28,-0.59
-0.279,-0.59
-0.278,-0.59
-0.277,-0.59
-0.276,-0.59
-0.275,-0.59
-0.274,-0.59
-0.273,-0.59
-0.272,-0.59
-0.271,-0.59
-0.27,-0.59
-0.269,-0.59
-0.268,-0.59
-0.267,-0.59
-0.266,-0.59
-0.265,-0.59
-0.264,-0.59
-0.263,-0.59
-0.262,-0.59
-0.261,-0.59
-0.26,-0.59
-0.259,-0.59
-0.258,-0.59
-0.257,-0.59
-0.256,-0.59
-0.255,-0.59
-0.254,-0.59
-0.253,-0.59
-0.252,-0.59
-0.251,-0.59
-0.25,-0.59
-0.249,-0.59
-0.248,-0.59
-0.247,-0.59
-0.246,-0.59
-0.245,-0.59
-0.244,-0.59
-0.243,-0.59
-0.242,-0.59
-0.241,-0.59
-0.24,-0.59
-0.239,-0.59
-0.238,-0.59
-0.237,-0.59
-0.236,-0.59
-0.235,-0.59
-0.234,-0.59
-0.233,-0.59
-0.232,-0.59
-0.231,-0.59
-0.23,-0.59
-0.229,-0.59
-0.228,-0.59
-0.227,-0.59
-0.226,-0.59
-0.225,-0.59
-0.224,-0.59
-0.223,-0.59
-0.222,-0.59
-0.221,-0.59
-0.22,-0.59
-0.219,-0.59
-0.218,-0.59
-0.217,-0.59
-0.216,-0.59
-0.215,-0.59
-0.214,-0.59
-0.213,-0.59
-0.212,-0.59
-0.211,-0.59
-0.21,-0.59
-0.209,-0.59
-0.208,-0.59
-0.207,-0.59
-0.206,-0.59
-0.205,-0.59
-0.204,-0.59
-0.203,-0.59
-0.202,-0.59
-0.201,-0.59
-0.2,-0.59
-0.199,-0.59
-0.198,-0.59
-0.197,-0.59
-0.196,-0.59
-0.195,-0.59
-0.194,-0.59
-0.193,-0.59
-0.192,-0.59
-0.191,-0.59
-0.19,-0.59
-0.189,-0.59
-0.188,-0.59
-0.187,-0.59
-0.186,-0.59
-0.185,-0.59
-0.184,-0.59
-0.183,-0.59
-0.182,-0.59
-0.181,-0.59
-0.18,-0.59
-0.179,-0.59
-0.178,-0.59
-0.177,-0.59
-0.176,-0.59
-0.175,-0.59
-0.174,-0.59
-0.173,-0.59
-0.172,-0.59
-0.171,-0.59
-0.17,-0.59
-0.169,-0.59
-0.168,-0.59
-0.167,-0.59
-0.166,-0.59
-0.165,-0.59
-0.164,-0.59
-0.163,-0.59
-0.162,-0.59
-0.161,-0.59
-0.16,-0.59
-0.159,-0.59
-0.158,-0.59
-0.157,-0.59
-0.156,-0.59
-0.155,-0.59
-0.154,-0.59
-0.153,-0.59
-0.152,-0.59
-0.151,-0.59
-0.15,-0.59
-0.149,-0.59
-0.148,-0.59
-0.147,-0.59
-0.146,-0.59
-0.145,-0.59
-0.144,-0.59
-0.143,-0.59
-0.142,-0.59
-0.141,-0.59
-0.14,-0.59
-0.139,-0.59
-0.138,-0.59
-0.137,-0.59
-0.136,-0.59
-0.135,-0.59
-0.134,-0.59
-0.133,-0.59
-0.132,-0.59
-0.131,-0.59
-0.13,-0.59
-0.129,-0.59
-0.128,-0.59
-0.127,-0.59
-0.126,-0.59
-0.125,-0.59
-0.124,-0.59
-0.123,-0.59
-0.122,-0.59
-0.121,-0.59
-0.12,-0.59
-0.119,-0.59
-0.118,-0.59
-0.117,-0.59
-0.116,-0.59
-0.115,-0.59
-0.114,-0.59
-0.113,-0.59
-0.112,-0.59
-0.111,-0.59
-0.11,-0.59
-0.109,-0.59
-0.108,-0.59
-0.107,-0.59
-0.106,-0.59
-0.105,-0.59
-0.104,-0.59
-0.103,-0.59
-0.102,-0.59
-0.101,-0.59
-0.1,-0.59
-0.099,-0.59
-0.098,-0.59
-0.097,-0.59
-0.096,-0.59
-0.095,-0.59
-0.094,-0.59
-0.093,-0.59
-0.092,-0.59
-0.091,-0.59
-0.09,-0.59
-0.089,-0.59
-0.088,-0.59
-0.087,-0.59
-0.086,-0.59
-0.085,-0.59
-0.084,-0.59
-0.083,-0.59
-0.082,-0.59
-0.081,-0.59
-0.08,-0.59
-0.079,-0.59
-0.078,-0.59
-0.077,-0.59
-0.076,-0.59
-0.075,-0.59
-0.074,-0.59
-0.073,-0.59
-0.072,-0.59
-0.071,-0.59
-0.07,-0.59
-0.069,-0.59
-0.068,-0.59
-0.067,-0.59
-0.066,-0.59
-0.065,-0.59
-0.064,-0.59
-0.063,-0.59
-0.062,-0.59
-0.061,-0.59
-0.06,-0.59
-0.059,-0.59
-0.058,-0.59
-0.057,-0.59
-0.056,-0.59
-0.055,-0.59
-0.054,-0.59
-0.053,-0.59
-0.052,-0.59
-0.051,-0.59
-0.05,-0.59
-0.049,-0.59
-0.048,-0.59
-0.047,-0.59
-0.046,-0.59
-0.045,-0.59
-0.044,-0.59
-0.043,-0.59
-0.042,-0.59
-0.041,-0.59
-0.04,-0.59
-0.039,-0.59
-0.038,-0.59
-0.037,-0.59
-0.036,-0.59
-0.035,-0.59
-0.034,-0.59
-0.033,-0.59
-0.032,-0.59
-0.031,-0.59
-0.03,-0.59
-0.029,-0.59
-0.028,-0.59
-0.027,-0.59
-0.026,-0.59
-0.025,-0.59
-0.024,-0.59
-0.023,-0.59
-0.022,-0.59
-0.021,-0.59
-0.02,-0.59
-0.019,-0.59
-0.018,-0.59
-0.017,-0.59
-0.016,-0.59
-0.015,-0.59
-0.014,-0.59
-0.013,-0.59
-0.012,-0.59
-0.011,-0.59
-0.01,-0.59
-0.009,-0.59
-0.008,-0.59
-0.007,-0.59
-0.006,-0.59
-0.005,-0.59
-0.004,-0.59
-0.003,-0.59
-0.002,-0.59
-0.001,-0.59
0.0,-0.59
0.001,-0.59
0.002,-0.59
0.003,-0.59
0.004,-0.59
0.005,-0.59
0.006,-0.59
0.007,-0.59
0.008,-0.59
0.009,-0.59
0.01,-0.59
0.011,-0.59
0.012,-0.59
0.013,-0.59
0.014,-0.59
0.015,-0.59
0.016,-0.59
0.017,-0.59
0.018,-0.59
0.019,-0.59
0.02,-0.59
0.021,-0.59
0.022,-0.59
0.023,-0.59
0.024,-0.59
0.025,-0.59
0.026,-0.59
0.027,-0.59
0.028,-0.59
0.029,-0.59
0.03,-0.59
0.031,-0.59
0.032,-0.59
0.033,-0.59
0.034,-0.59
0.035,-0.59
0.036,-0.59
0.037,-0.59
0.038,-0.59
0.039,-0.59
0.04,-0.59
0.041,-0.59
0.042,-0.59
0.043,-0.59
0.044,-0.59
0.045,-0.59
0.046,-0.59
0.047,-0.59
0.048,-0.59
0.049,-0.59
0.05,-0.59
0.051,-0.59
0.052,-0.59
0.053,-0.59
0.054,-0.59
0.055,-0.59
0.056,-0.59
0.057,-0.59
0.058,-0.59
0.059,-0.59
0.06,-0.59
0.061,-0.59
0.062,-0.59
0.063,-0.59
0.064,-0.59
0.065,-0.59
0.066,-0.59
0.067,-0.59
0.068,-0.59
0.069,-0.59
0.07,-0.59
0.071,-0.59
0.072,-0.59
0.073,-0.59
0.074,-0.59
0.075,-0.59
0.076,-0.59
0.077,-0.59
0.078,-0.59
0.079,-0.59
0.08,-0.59
0.081,-0.59
0.082,-0.59
0.083,-0.59
0.084,-0.59
0.085,-0.59
0.086,-0.59
0.087,-0.59
0.088,-0.59
0.089,-0.59
0.09,-0.59
0.091,-0.59
0.092,-0.59
0.093,-0.59
0.094,-0.59
0.095,-0.59
0.096,-0.59
0.097,-0.59
0.098,-0.59
0.099,-0.59
0.1,-0.59
0.101,-0.59
0.102,-0.59
0.103,-0.59
0.104,-0.59
0.105,-0.59
0.106,-0.59
0.107,-0.59
0.108,-0.59
0.109,-0.59
0.11,-0.59
0.111,-0.59
0.112,-0.59
0.113,-0.59
0.114,-0.59
0.115,-0.59
0.116,-0.59
0.117,-0.59
0.118,-0.59
0.119,-0.59
0.12,-0.59
0.121,-0.59
0.122,-0.59
0.123,-0.59
0.124,-0.59
0.125,-0.59
0.126,-0.59
0.127,-0.59
0.128,-0.59
0.129,-0.59
0.13,-0.59
0.131,-0.59
0.134,-0.59
0.135,-0.59
0.141,-0.59
0.142,-0.59
0.15,-0.59
0.152,-0.59
0.153,-0.59
0.154,-0.59
0.155,-0.59
0.174,-0.59
0.175,-0.59
0.177,-0.59
0.185,-0.59
0.189,-0.59
0.269,-0.59
0.271,-0.59
-0.537,-0.589
-0.535,-0.589
-0.534,-0.589
-0.533,-0.589
-0.532,-0.589
-0.531,-0.589
-0.53,-0.589
-0.529,-0.589
-0.528,-0.589
-0.527,-0.589
-0.526,-0.589
-0.525,-0.589
-0.524,-0.589
-0.523,-0.589
-0.522,-0.589
-0.521,-0.589
-0.52,-0.589
-0.519,-0.589
-0.518,-0.589
-0.517,-0.589
-0.516,-0.589
-0.515,-0.589
-0.514,-0.589
-0.513,-0.589
-0.512,-0.589
-0.511,-0.589
-0.51,-0.589
-0.509,-0.589
-0.508,-0.589
-0.507,-0.589
-0.506,-0.589
-0.505,-0.589
-0.504,-0.589
-0.503,-0.589
-0.502,-0.589
-0.501,-0.589
-0.5,-0.589
-0.499,-0.589
-0.498,-0.589
-0.497,-0.589
-0.496,-0.589
-0.495,-0.589
-0.494,-0.589
-0.493,-0.589
-0.492,-0.589
-0.491,-0.589
-0.49,-0.589
-0.489,-0.589
-0.488,-0.589
-0.487,-0.589
-0.486,-0.589
-0.485,-0.589
-0.484,-0.589
-0.483,-0.589
-0.482,-0.589
-0.481,-0.589
-0.48,-0.589
-0.479,-0.589
-0.478,-0.589
-0.477,-0.589
-0.476,-0.589
-0.475,-0.589
-0.473,-0.589
-0.472,-0.589
-0.471,-0.589
-0.47,-0.589
-0.469,-0.589
-0.468,-0.589
-0.467,-0.589
-0.466,-0.589
-0.465,-0.589
-0.464,-0.589
-0.463,-0.589
-0.419,-0.589
-0.417,-0.589
-0.415,-0.589
-0.414,-0.589
-0.413,-0.589
-0.412,-0.589
-0.411,-0.589
-0.41,-0.589
-0.409,-0.589
-0.408,-0.589
-0.407,-0.589
-0.406,-0.589
-0.405,-0.589
-0.404,-0.589
-0.403,-0.589
-0.402,-0.589
-0.4,-0.589
-0.399,-0.589
-0.396,-0.589
-0.395,-0.589
-0.394,-0.589
-0.393,-0.589
-0.392,-0.589
-0.391,-0.589
-0.39,-0.589
-0.388,-0.589
-0.387,-0.589
-0.386,-0.589
-0.385,-0.589
-0.384,-0.589
-0.383,-0.589
-0.382,-0.589
-0.381,-0.589
-0.38,-0.589
-0.379,-0.589
-0.378,-0.589
-0.377,-0.589
-0.376,-0.589
-0.375,-0.589
-0.374,-0.589
-0.373,-0.589
-0.372,-0.589
-0.371,-0.589
-0.37,-0.589
-0.369,-0.589
-0.368,-0.589
-0.367,-0.589
-0.366,-0.589
-0.365,-0.589
-0.364,-0.589
-0.363,-0.589
-0.362,-0.589
-0.361,-0.589
-0.36,-0.589
-0.359,-0.589
-0.358,-0.589
-0.357,-0.589
-0.356,-0.589
-0.355,-0.589
-0.354,-0.589
-0.353,-0.589
-0.352,-0.589
-0.351,-0.589
-0.35,-0.589
-0.349,-0.589
-0.348,-0.589
-0.347,-0.589
-0.346,-0.589
-0.345,-0.589
-0.344,-0.589
-0.343,-0.589
-0.342,-0.589
-0.341,-0.589
-0.34,-0.589
-0.339,-0.589
-0.338,-0.589
-0.337,-0.589
-0.336,-0.589
-0.335,-0.589
-0.334,-0.589
-0.333,-0.589
-0.332,-0.589
-0.331,-0.589
-0.33,-0.589
-0.329,-0.589
-0.328,-0.589
-0.327,-0.589
-0.326,-0.589
-0.325,-0.589
-0.324,-0.589
-0.323,-0.589
-0.322,-0.589
-0.321,-0.589
-0.32,-0.589
-0.319,-0.589
-0.318,-0.589
-0.317,-0.589
-0.316,-0.589
-0.315,-0.589
-0.314,-0.589
-0.313,-0.589
-0.312,-0.589
-0.311,-0.589
-0.31,-0.589
-0.309,-0.589
-0.308,-0.589
-0.307,-0.589
-0.306,-0.589
-0.305,-0.589
-0.304,-0.589
-0.303,-0.589
-0.302,-0.589
-0.301,-0.589
-0.3,-0.589
-0.299,-0.589
-0.298,-0.589
-0.297,-0.589
-0.296,-0.589
-0.295,-0.589
-0.294,-0.589
-0.293,-0.589
-0.292,-0.589
-0.291,-0.589
-0.29,-0.589
-0.289,-0.589
-0.288,-0.589
-0.287,-0.589
-0.286,-0.589
-0.285,-0.589
-0.284,-0.589
-0.283,-0.589
-0.282,-0.589
-0.281,-0.589
-0.28,-0.589
-0.279,-0.589
-0.278,-0.589
-0.277,-0.589
-0.276,-0.589
-0.275,-0.589
-0.274,-0.589
-0.273,-0.589
-0.272,-0.589
-0.271,-0.589
-0.27,-0.589
-0.269,-0.589
-0.268,-0.589
-0.267,-0.589
-0.266,-0.589
-0.265,-0.589
-0.264,-0.589
-0.263,-0.589
-0.262,-0.589
-0.261,-0.589
-0.26,-0.589
-0.259,-0.589
-0.258,-0.589
-0.257,-0.589
-0.256,-0.589
-0.255,-0.589
-0.254,-0.589
-0.253,-0.589
-0.252,-0.589
-0.251,-0.589
-0.25,-0.589
-0.249,-0.589
-0.248,-0.589
-0.247,-0.589
-0.246,-0.589
-0.245,-0.589
-0.244,-0.589
-0.243,-0.589
-0.242,-0.589
-0.241,-0.589
-0.24,-0.589
-0.239,-0.589
-0.238,-0.589
-0.237,-0.589
-0.236,-0.589
-0.235,-0.589
-0.234,-0.589
-0.233,-0.589
-0.232,-0.589
-0.231,-0.589
-0.23,-0.589
-0.229,-0.589
-0.228,-0.589
-0.227,-0.589
-0.226,-0.589
-0.225,-0.589
-0.224,-0.589
-0.223,-0.589
-0.222,-0.589
-0.221,-0.589
-0.22,-0.589
-0.219,-0.589
-0.218,-0.589
-0.217,-0.589
-0.216,-0.589
-0.215,-0.589
-0.214,-0.589
-0.213,-0.589
-0.212,-0.589
-0.211,-0.589
-0.21,-0.589
-0.209,-0.589
-0.208,-0.589
-0.207,-0.589
-0.206,-0.589
-0.205,-0.589
-0.204,-0.589
-0.203,-0.589
-0.202,-0.589
-0.201,-0.589
-0.2,-0.589
-0.199,-0.589
-0.198,-0.589
-0.197,-0.589
-0.196,-0.589
-0.195,-0.589
-0.194,-0.589
-0.193,-0.589
-0.192,-0.589
-0.191,-0.589
-0.19,-0.589
-0.189,-0.589
-0.188,-0.589
-0.187,-0.589
-0.186,-0.589
-0.185,-0.589
-0.184,-0.589
-0.183,-0.589
-0.182,-0.589
-0.181,-0.589
-0.18,-0.589
-0.179,-0.589
-0.178,-0.589
-0.177,-0.589
-0.176,-0.589
-0.175,-0.589
-0.174,-0.589
-0.173,-0.589
-0.172,-0.589
-0.171,-0.589
-0.17,-0.589
-0.169,-0.589
-0.168,-0.589
-0.167,-0.589
-0.166,-0.589
-0.165,-0.589
-0.164,-0.589
-0.163,-0.589
-0.162,-0.589
-0.161,-0.589
-0.16,-0.589
-0.159,-0.589
-0.158,-0.589
-0.157,-0.589
-0.156,-0.589
-0.155,-0.589
-0.154,-0.589
-0.153,-0.589
-0.152,-0.589
-0.151,-0.589
-0.15,-0.589
-0.149,-0.589
-0.148,-0.589
-0.147,-0.589
-0.146,-0.589
-0.145,-0.589
-0.144,-0.589
-0.143,-0.589
-0.142,-0.589
-0.141,-0.589
-0.14,-0.589
-0.139,-0.589
-0.138,-0.589
-0.137,-0.589
-0.136,-0.589
-0.135,-0.589
-0.134,-0.589
-0.133,-0.589
-0.132,-0.589
-0.131,-0.589
-0.13,-0.589
-0.129,-0.589
-0.128,-0.589
-0.127,-0.589
-0.126,-0.589
-0.125,-0.589
-0.124,-0.589
-0.123,-0.589
-0.122,-0.589
-0.121,-0.589
-0.12,-0.589
-0.119,-0.589
-0.118,-0.589
-0.117,-0.589
-0.116,-0.589
-0.115,-0.589
-0.114,-0.589
-0.113,-0.589
-0.112,-0.589
-0.111,-0.589
-0.11,-0.589
-0.109,-0.589
-0.108,-0.589
-0.107,-0.589
-0.106,-0.589
-0.105,-0.589
-0.104,-0.589
-0.103,-0.589
-0.102,-0.589
-0.101,-0.589
-0.1,-0.589
-0.099,-0.589
-0.098,-0.589
-0.097,-0.589
-0.096,-0.589
-0.095,-0.589
-0.094,-0.589
-0.093,-0.589
-0.092,-0.589
-0.091,-0.589
-0.09,-0.589
-0.089,-0.589
-0.088,-0.589
-0.087,-0.589
-0.086,-0.589
-0.085,-0.589
-0.084,-0.589
-0.083,-0.589
-0.082,-0.589
-0.081,-0.589
-0.08,-0.589
-0.079,-0.589
-0.078,-0.589
-0.077,-0.589
-0.076,-0.589
-0.075,-0.589
-0.074,-0.589
-0.073,-0.589
-0.072,-0.589
-0.071,-0.589
-0.07,-0.589
-0.069,-0.589
-0.068,-0.589
-0.067,-0.589
-0.066,-0.589
-0.065,-0.589
-0.064,-0.589
-0.063,-0.589
-0.062,-0.589
-0.061,-0.589
-0.06,-0.589
-0.059,-0.589
-0.058,-0.589
-0.057,-0.589
-0.056,-0.589
-0.055,-0.589
-0.054,-0.589
-0.053,-0.589
-0.052,-0.589
-0.051,-0.589
-0.05,-0.589
-0.049,-0.589
-0.048,-0.589
-0.047,-0.589
-0.046,-0.589
-0.045,-0.589
-0.044,-0.589
-0.043,-0.589
-0.042,-0.589
-0.041,-0.589
-0.04,-0.589
-0.039,-0.589
-0.038,-0.589
-0.037,-0.589
-0.036,-0.589
-0.035,-0.589
-0.034,-0.589
-0.033,-0.589
-0.032,-0.589
-0.031,-0.589
-0.03,-0.589
-0.029,-0.589
-0.028,-0.589
-0.027,-0.589
-0.026,-0.589
-0.025,-0.589
-0.024,-0.589
-0.023,-0.589
-0.022,-0.589
-0.021,-0.589
-0.02,-0.589
-0.019,-0.589
-0.018,-0.589
-0.017,-0.589
-0.016,-0.589
-0.015,-0.589
-0.014,-0.589
-0.013,-0.589
-0.012,-0.589
-0.011,-0.589
-0.01,-0.589
-0.009,-0.589
-0.008,-0.589
-0.007,-0.589
-0.006,-0.589
-0.005,-0.589
-0.004,-0.589
-0.003,-0.589
-0.002,-0.589
-0.001,-0.589
0.0,-0.589
0.001,-0.589
0.002,-0.589
0.003,-0.589
0.004,-0.589
0.005,-0.589
0.006,-0.589
0.007,-0.589
0.008,-0.589
0.009,-0.589
0.01,-0.589
0.011,-0.589
0.012,-0.589
0.013,-0.589
0.014,-0.589
0.015,-0.589
0.016,-0.589
0.017,-0.589
0.018,-0.589
0.019,-0.589
0.02,-0.589
0.021,-0.589
0.022,-0.589
0.023,-0.589
0.024,-0.589
0.025,-0.589
0.026,-0.589
0.027,-0.589
0.028,-0.589
0.029,-0.589
0.03,-0.589
0.031,-0.589
0.032,-0.589
0.033,-0.589
0.034,-0.589
0.035,-0.589
0.036,-0.589
0.037,-0.589
0.038,-0.589
0.039,-0.589
0.04,-0.589
0.041,-0.589
0.042,-0.589
0.043,-0.589
0.044,-0.589
0.045,-0.589
0.046,-0.589
0.047,-0.589
0.048,-0.589
0.049,-0.589
0.05,-0.589
0.051,-0.589
0.052,-0.589
0.053,-0.589
0.054,-0.589
0.055,-0.589
0.056,-0.589
0.057,-0.589
0.058,-0.589
0.059,-0.589
0.06,-0.589
0.061,-0.589
0.062,-0.589
0.063,-0.589
0.064,-0.589
0.065,-0.589
0.066,-0.589
0.067,-0.589
0.068,-0.589
0.069,-0.589
0.07,-0.589
0.071,-0.589
0.072,-0.589
0.073,-0.589
0.074,-0.589
0.075,-0.589
0.076,-0.589
0.077,-0.589
0.078,-0.589
0.079,-0.589
0.08,-0.589
0.081,-0.589
0.082,-0.589
0.083,-0.589
0.084,-0.589
0.085,-0.589
0.086,-0.589
0.087,-0.589
0.088,-0.589
0.089,-0.589
0.09,-0.589
0.091,-0.589
0.092,-0.589
0.093,-0.589
0.094,-0.589
0.095,-0.589
0.096,-0.589
0.097,-0.589
0.098,-0.589
0.099,-0.589
0.1,-0.589
0.101,-0.589
0.102,-0.589
0.103,-0.589
0.104,-0.589
0.105,-0.589
0.106,-0.589
0.107,-0.589
0.108,-0.589
0.109,-0.589
0.11,-0.589
0.111,-0.589
0.112,-0.589
0.113,-0.589
0.114,-0.589
0.115,-0.589
0.116,-0.589
0.117,-0.589
0.118,-0.589
0.119,-0.589
0.12,-0.589
0.121,-0.589
0.122,-0.589
0.123,-0.589
0.124,-0.589
0.125,-0.589
0.126,-0.589
0.127,-0.589
0.128,-0.589
0.129,-0.589
0.13,-0.589
0.131,-0.589
0.133,-0.589
0.134,-0.589
0.135,-0.589
0.136,-0.589
0.138,-0.589
0.139,-0.589
0.14,-0.589
0.141,-0.589
0.142,-0.589
0.143,-0.589
0.148,-0.589
0.151,-0.589
0.153,-0.589
0.154,-0.589
0.155,-0.589
0.157,-0.589
0.172,-0.589
0.184,-0.589
0.185,-0.589
0.271,-0.589
-0.539,-0.588
-0.536,-0.588
-0.535,-0.588
-0.534,-0.588
-0.533,-0.588
-0.532,-0.588
-0.531,-0.588
-0.53,-0.588
-0.529,-0.588
-0.528,-0.588
-0.527,-0.588
-0.526,-0.588
-0.525,-0.588
-0.524,-0.588
-0.523,-0.588
-0.522,-0.588
-0.521,-0.588
-0.52,-0.588
-0.519,-0.588
-0.518,-0.588
-0.517,-0.588
-0.516,-0.588
-0.515,-0.588
-0.514,-0.588
-0.513,-0.588
-0.512,-0.588
-0.511,-0.588
-0.51,-0.588
-0.509,-0.588
-0.508,-0.588
-0.507,-0.588
-0.506,-0.588
-0.505,-0.588
-0.504,-0.588
-0.503,-0.588
-0.502,-0.588
-0.501,-0.588
-0.5,-0.588
-0.499,-0.588
-0.498,-0.588
-0.497,-0.588
-0.496,-0.588
-0.495,-0.588
-0.494,-0.588
-0.493,-0.588
-0.492,-0.588
-0.491,-0.588
-0.49,-0.588
-0.489,-0.588
-0.488,-0.588
-0.487,-0.588
-0.486,-0.588
-0.485,-0.588
-0.484,-0.588
-0.483,-0.588
-0.482,-0.588
-0.481,-0.588
-0.48,-0.588
-0.479,-0.588
-0.478,-0.588
-0.477,-0.588
-0.476,-0.588
-0.475,-0.588
-0.474,-0.588
-0.473,-0.588
-0.472,-0.588
-0.471,-0.588
-0.47,-0.588
-0.469,-0.588
-0.468,-0.588
-0.467,-0.588
-0.466,-0.588
-0.465,-0.588
-0.417,-0.588
-0.415,-0.588
-0.414,-0.588
-0.413,-0.588
-0.412,-0.588
-0.411,-0.588
-0.41,-0.588
-0.409,-0.588
-0.408,-0.588
-0.407,-0.588
-0.406,-0.588
-0.405,-0.588
-0.404,-0.588
-0.403,-0.588
-0.402,-0.588
-0.401,-0.588
-0.4,-0.588
-0.399,-0.588
-0.396,-0.588
-0.395,-0.588
-0.394,-0.588
-0.393,-0.588
-0.392,-0.588
-0.391,-0.588
-0.39,-0.588
-0.389,-0.588
-0.388,-0.588
-0.387,-0.588
-0.386,-0.588
-0.385,-0.588
-0.384,-0.588
-0.383,-0.588
-0.382,-0.588
-0.381,-0.588
-0.38,-0.588
-0.379,-0.588
-0.378,-0.588
-0.377,-0.588
-0.376,-0.588
-0.375,-0.588
-0.374,-0.588
-0.373,-0.588
-0.372,-0.588
-0.371,-0.588
-0.37,-0.588
-0.369,-0.588
-0.368,-0.588
-0.367,-0.588
-0.366,-0.588
-0.365,-0.588
-0.364,-0.588
-0.363,-0.588
-0.362,-0.588
-0.361,-0.588
-0.36,-0.588
-0.359,-0.588
-0.358,-0.588
-0.357,-0.588
-0.356,-0.588
-0.355,-0.588
-0.354,-0.588
-0.353,-0.588
-0.352,-0.588
-0.351,-0.588
-0.35,-0.588
-0.349,-0.588
-0.348,-0.588
-0.347,-0.588
-0.346,-0.588
-0.345,-0.588
-0.344,-0.588
-0.343,-0.588
-0.342,-0.588
-0.341,-0.588
-0.34,-0.588
-0.339,-0.588
-0.338,-0.588
-0.337,-0.588
-0.336,-0.588
-0.335,-0.588
-0.334,-0.588
-0.333,-0.588
-0.332,-0.588
-0.331,-0.588
-0.33,-0.588
-0.329,-0.588
-0.328,-0.588
-0.327,-0.588
-0.326,-0.588
-0.325,-0.588
-0.324,-0.588
-0.323,-0.588
-0.322,-0.588
-0.321,-0.588
-0.32,-0.588
-0.319,-0.588
-0.318,-0.588
-0.317,-0.588
-0.316,-0.588
-0.315,-0.588
-0.314,-0.588
-0.313,-0.588
-0.312,-0.588
-0.311,-0.588
-0.31,-0.588
-0.309,-0.588
-0.308,-0.588
-0.307,-0.588
-0.306,-0.588
-0.305,-0.588
-0.304,-0.588
-0.303,-0.588
-0.302,-0.588
-0.301,-0.588
-0.3,-0.588
-0.299,-0.588
-0.298,-0.588
-0.297,-0.588
-0.296,-0.588
-0.295,-0.588
-0.294,-0.588
-0.293,-0.588
-0.292,-0.588
-0.291,-0.588
-0.29,-0.588
-0.289,-0.588
-0.288,-0.588
-0.287,-0.588
-0.286,-0.588
-0.285,-0.588
-0.284,-0.588
-0.283,-0.588
-0.282,-0.588
-0.281,-0.588
-0.28,-0.588
-0.279,-0.588
-0.278,-0.588
-0.277,-0.588
-0.276,-0.588
-0.275,-0.588
-0.274,-0.588
-0.273,-0.588
-0.272,-0.588
-0.271,-0.588
-0.27,-0.588
-0.269,-0.588
-0.268,-0.588
-0.267,-0.588
-0.266,-0.588
-0.265,-0.588
-0.264,-0.588
-0.263,-0.588
-0.262,-0.588
-0.261,-0.588
-0.26,-0.588
-0.259,-0.588
-0.258,-0.588
-0.257,-0.588
-0.256,-0.588
-0.255,-0.588
-0.254,-0.588
-0.253,-0.588
-0.252,-0.588
-0.251,-0.588
-0.25,-0.588
-0.249,-0.588
-0.248,-0.588
-0.247,-0.588
-0.246,-0.588
-0.245,-0.588
-0.244,-0.588
-0.243,-0.588
-0.242,-0.588
-0.241,-0.588
-0.24,-0.588
-0.239,-0.588
-0.238,-0.588
-0.237,-0.588
-0.236,-0.588
-0.235,-0.588
-0.234,-0.588
-0.233,-0.588
-0.232,-0.588
-0.231,-0.588
-0.23,-0.588
-0.229,-0.588
-0.228,-0.588
-0.227,-0.588
-0.226,-0.588
-0.225,-0.588
-0.224,-0.588
-0.223,-0.588
-0.222,-0.588
-0.221,-0.588
-0.22,-0.588
-0.219,-0.588
-0.218,-0.588
-0.217,-0.588
-0.216,-0.588
-0.215,-0.588
-0.214,-0.588
-0.213,-0.588
-0.212,-0.588
-0.211,-0.588
-0.21,-0.588
-0.209,-0.588
-0.208,-0.588
-0.207,-0.588
-0.206,-0.588
-0.205,-0.588
-0.204,-0.588
-0.203,-0.588
-0.202,-0.588
-0.201,-0.588
-0.2,-0.588
-0.199,-0.588
-0.198,-0.588
-0.197,-0.588
-0.196,-0.588
-0.195,-0.588
-0.194,-0.588
-0.193,-0.588
-0.192,-0.588
-0.191,-0.588
-0.19,-0.588
-0.189,-0.588
-0.188,-0.588
-0.187,-0.588
-0.186,-0.588
-0.185,-0.588
-0.184,-0.588
-0.183,-0.588
-0.182,-0.588
-0.181,-0.588
-0.18,-0.588
-0.179,-0.588
-0.178,-0.588
-0.177,-0.588
-0.176,-0.588
-0.175,-0.588
-0.174,-0.588
-0.173,-0.588
-0.172,-0.588
-0.171,-0.588
-0.17,-0.588
-0.169,-0.588
-0.168,-0.588
-0.167,-0.588
-0.166,-0.588
-0.165,-0.588
-0.164,-0.588
-0.163,-0.588
-0.162,-0.588
-0.161,-0.588
-0.16,-0.588
-0.159,-0.588
-0.158,-0.588
-0.157,-0.588
-0.156,-0.588
-0.155,-0.588
-0.154,-0.588
-0.153,-0.588
-0.152,-0.588
-0.151,-0.588
-0.15,-0.588
-0.149,-0.588
-0.148,-0.588
-0.147,-0.588
-0.146,-0.588
-0.145,-0.588
-0.144,-0.588
-0.143,-0.588
-0.142,-0.588
-0.141,-0.588
-0.14,-0.588
-0.139,-0.588
-0.138,-0.588
-0.137,-0.588
-0.136,-0.588
-0.135,-0.588
-0.134,-0.588
-0.133,-0.588
-0.132,-0.588
-0.131,-0.588
-0.13,-0.588
-0.129,-0.588
-0.128,-0.588
-0.127,-0.588
-0.126,-0.588
-0.125,-0.588
-0.124,-0.588
-0.123,-0.588
-0.122,-0.588
-0.121,-0.588
-0.12,-0.588
-0.119,-0.588
-0.118,-0.588
-0.117,-0.588
-0.116,-0.588
-0.115,-0.588
-0.114,-0.588
-0.113,-0.588
-0.112,-0.588
-0.111,-0.588
-0.11,-0.588
-0.109,-0.588
-0.108,-0.588
-0.107,-0.588
-0.106,-0.588
-0.105,-0.588
-0.104,-0.588
-0.103,-0.588
-0.102,-0.588
-0.101,-0.588
-0.1,-0.588
-0.099,-0.588
-0.098,-0.588
-0.097,-0.588
-0.096,-0.588
-0.095,-0.588
-0.094,-0.588
-0.093,-0.588
-0.092,-0.588
-0.091,-0.588
-0.09,-0.588
-0.089,-0.588
-0.088,-0.588
-0.087,-0.588
-0.086,-0.588
-0.085,-0.588
-0.084,-0.588
-0.083,-0.588
-0.082,-0.588
-0.081,-0.588
-0.08,-0.588
-0.079,-0.588
-0.078,-0.588
-0.077,-0.588
-0.076,-0.588
-0.075,-0.588
-0.074,-0.588
-0.073,-0.588
-0.072,-0.588
-0.071,-0.588
-0.07,-0.588
-0.069,-0.588
-0.068,-0.588
-0.067,-0.588
-0.066,-0.588
-0.065,-0.588
-0.064,-0.588
-0.063,-0.588
-0.062,-0.588
-0.061,-0.588
-0.06,-0.588
-0.059,-0.588
-0.058,-0.588
-0.057,-0.588
-0.056,-0.588
-0.055,-0.588
-0.054,-0.588
-0.053,-0.588
-0.052,-0.588
-0.051,-0.588
-0.05,-0.588
-0.049,-0.588
-0.048,-0.588
-0.047,-0.588
-0.046,-0.588
-0.045,-0.588
-0.044,-0.588
-0.043,-0.588
-0.042,-0.588
-0.041,-0.588
-0.04,-0.588
-0.039,-0.588
-0.038,-0.588
-0.037,-0.588
-0.036,-0.588
-0.035,-0.588
-0.034,-0.588
-0.033,-0.588
-0.032,-0.588
-0.031,-0.588
-0.03,-0.588
-0.029,-0.588
-0.028,-0.588
-0.027,-0.588
-0.026,-0.588
-0.025,-0.588
-0.024,-0.588
-0.023,-0.588
-0.022,-0.588
-0.021,-0.588
-0.02,-0.588
-0.019,-0.588
-0.018,-0.588
-0.017,-0.588
-0.016,-0.588
-0.015,-0.588
-0.014,-0.588
-0.013,-0.588
-0.012,-0.588
-0.011,-0.588
-0.01,-0.588
-0.009,-0.588
-0.008,-0.588
-0.007,-0.588
-0.006,-0.588
-0.005,-0.588
-0.004,-0.588
-0.003,-0.588
-0.002,-0.588
-0.001,-0.588
0.0,-0.588
0.001,-0.588
0.002,-0.588
0.003,-0.588
0.004,-0.588
0.005,-0.588
0.006,-0.588
0.007,-0.588
0.008,-0.588
0.009,-0.588
0.01,-0.588
0.011,-0.588
0.012,-0.588
0.013,-0.588
0.014,-0.588
0.015,-0.588
0.016,-0.588
0.017,-0.588
0.018,-0.588
0.019,-0.588
0.02,-0.588
0.021,-0.588
0.022,-0.588
0.023,-0.588
0.024,-0.588
0.025,-0.588
0.026,-0.588
0.027,-0.588
0.028,-0.588
0.029,-0.588
0.03,-0.588
0.031,-0.588
0.032,-0.588
0.033,-0.588
0.034,-0.588
0.035,-0.588
0.036,-0.588
0.037,-0.588
0.038,-0.588
0.039,-0.588
0.04,-0.588
0.041,-0.588
0.042,-0.588
0.043,-0.588
0.044,-0.588
0.045,-0.588
0.046,-0.588
0.047,-0.588
0.048,-0.588
0.049,-0.588
0.05,-0.588
0.051,-0.588
0.052,-0.588
0.053,-0.588
0.054,-0.588
0.055,-0.588
0.056,-0.588
0.057,-0.588
0.058,-0.588
0.059,-0.588
0.06,-0.588
0.061,-0.588
0.062,-0.588
0.063,-0.588
0.064,-0.588
0.065,-0.588
0.066,-0.588
0.067,-0.588
0.068,-0.588
0.069,-0.588
0.07,-0.588
0.071,-0.588
0.072,-0.588
0.073,-0.588
0.074,-0.588
0.075,-0.588
0.076,-0.588
0.077,-0.588
0.078,-0.588
0.079,-0.588
0.08,-0.588
0.081,-0.588
0.082,-0.588
0.083,-0.588
0.084,-0.588
0.085,-0.588
0.086,-0.588
0.087,-0.588
0.088,-0.588
0.089,-0.588
0.09,-0.588
0.091,-0.588
0.092,-0.588
0.093,-0.588
0.094,-0.588
0.095,-0.588
0.096,-0.588
0.097,-0.588
0.098,-0.588
0.099,-0.588
0.1,-0.588
0.101,-0.588
0.102,-0.588
0.103,-0.588
0.104,-0.588
0.105,-0.588
0.106,-0.588
0.107,-0.588
0.108,-0.588
0.109,-0.588
0.11,-0.588
0.111,-0.588
0.112,-0.588
0.113,-0.588
0.114,-0.588
0.115,-0.588
0.116,-0.588
0.117,-0.588
0.118,-0.588
0.119,-0.588
0.12,-0.588
0.121,-0.588
0.122,-0.588
0.123,-0.588
0.124,-0.588
0.125,-0.588
0.126,-0.588
0.127,-0.588
0.128,-0.588
0.129,-0.588
0.13,-0.588
0.131,-0.588
0.132,-0.588
0.133,-0.588
0.134,-0.588
0.135,-0.588
0.136,-0.588
0.139,-0.588
0.14,-0.588
0.141,-0.588
0.142,-0.588
0.143,-0.588
0.148,-0.588
0.15,-0.588
0.151,-0.588
0.153,-0.588
0.154,-0.588
0.155,-0.588
0.156,-0.588
0.157,-0.588
0.177,-0.588
0.178,-0.588
0.179,-0.588
0.181,-0.588
0.186,-0.588
0.249,-0.588
0.264,-0.588
0.272,-0.588
0.273,-0.588
0.274,-0.588
0.279,-0.588
-0.544,-0.587
-0.539,-0.587
-0.537,-0.587
-0.536,-0.587
-0.535,-0.587
-0.534,-0.587
-0.533,-0.587
-0.532,-0.587
-0.531,-0.587
-0.53,-0.587
-0.529,-0.587
-0.528,-0.587
-0.527,-0.587
-0.526,-0.587
-0.525,-0.587
-0.524,-0.587
-0.523,-0.587
-0.522,-0.587
-0.521,-0.587
-0.52,-0.587
-0.519,-0.587
-0.518,-0.587
-0.517,-0.587
-0.516,-0.587
-0.515,-0.587
-0.514,-0.587
-0.513,-0.587
-0.512,-0.587
-0.511,-0.587
-0.51,-0.587
-0.509,-0.587
-0.508,-0.587
-0.507,-0.587
-0.506,-0.587
-0.505,-0.587
-0.504,-0.587
-0.503,-0.587
-0.502,-0.587
-0.501,-0.587
-0.5,-0.587
-0.499,-0.587
-0.498,-0.587
-0.497,-0.587
-0.496,-0.587
-0.495,-0.587
-0.494,-0.587
-0.493,-0.587
-0.492,-0.587
-0.491,-0.587
-0.49,-0.587
-0.489,-0.587
-0.488,-0.587
-0.487,-0.587
-0.486,-0.587
-0.485,-0.587
-0.484,-0.587
-0.483,-0.587
-0.482,-0.587
-0.481,-0.587
-0.48,-0.587
-0.479,-0.587
-0.478,-0.587
-0.477,-0.587
-0.476,-0.587
-0.475,-0.587
-0.474,-0.587
-0.473,-0.587
-0.472,-0.587
-0.471,-0.587
-0.47,-0.587
-0.469,-0.587
-0.468,-0.587
-0.467,-0.587
-0.466,-0.587
-0.419,-0.587
-0.417,-0.587
-0.413,-0.587
-0.412,-0.587
-0.411,-0.587
-0.41,-0.587
-0.409,-0.587
-0.408,-0.587
-0.407,-0.587
-0.406,-0.587
-0.405,-0.587
-0.404,-0.587
-0.403,-0.587
-0.402,-0.587
-0.401,-0.587
-0.4,-0.587
-0.394,-0.587
-0.393,-0.587
-0.392,-0.587
-0.391,-0.587
-0.39,-0.587
-0.389,-0.587
-0.388,-0.587
-0.387,-0.587
-0.386,-0.587
-0.385,-0.587
-0.384,-0.587
-0.383,-0.587
-0.382,-0.587
-0.381,-0.587
-0.38,-0.587
-0.379,-0.587
-0.378,-0.587
-0.377,-0.587
-0.376,-0.587
-0.375,-0.587
-0.374,-0.587
-0.373,-0.587
-0.372,-0.587
-0.371,-0.587
-0.37,-0.587
-0.369,-0.587
-0.368,-0.587
-0.367,-0.587
-0.366,-0.587
-0.365,-0.587
-0.364,-0.587
-0.363,-0.587
-0.362,-0.587
-0.361,-0.587
-0.36,-0.587
-0.359,-0.587
-0.358,-0.587
-0.357,-0.587
-0.356,-0.587
-0.355,-0.587
-0.354,-0.587
-0.353,-0.587
-0.352,-0.587
-0.351,-0.587
-0.35,-0.587
-0.349,-0.587
-0.348,-0.587
-0.347,-0.587
-0.346,-0.587
-0.345,-0.587
-0.344,-0.587
-0.343,-0.587
-0.342,-0.587
-0.341,-0.587
-0.34,-0.587
-0.339,-0.587
-0.338,-0.587
-0.337,-0.587
-0.336,-0.587
-0.335,-0.587
-0.334,-0.587
-0.333,-0.587
-0.332,-0.587
-0.331,-0.587
-0.33,-0.587
-0.329,-0.587
-0.328,-0.587
-0.327,-0.587
-0.326,-0.587
-0.325,-0.587
-0.324,-0.587
-0.323,-0.587
-0.322,-0.587
-0.321,-0.587
-0.32,-0.587
-0.319,-0.587
-0.318,-0.587
-0.317,-0.587
-0.316,-0.587
-0.315,-0.587
-0.314,-0.587
-0.313,-0.587
-0.312,-0.587
-0.311,-0.587
-0.31,-0.587
-0.309,-0.587
-0.308,-0.587
-0.307,-0.587
-0.306,-0.587
-0.305,-0.587
-0.304,-0.587
-0.303,-0.587
-0.302,-0.587
-0.301,-0.587
-0.3,-0.587
-0.299,-0.587
-0.298,-0.587
-0.297,-0.587
-0.296,-0.587
-0.295,-0.587
-0.294,-0.587
-0.293,-0.587
-0.292,-0.587
-0.291,-0.587
-0.29,-0.587
-0.289,-0.587
-0.288,-0.587
-0.287,-0.587
-0.286,-0.587
-0.285,-0.587
-0.284,-0.587
-0.283,-0.587
-0.282,-0.587
-0.281,-0.587
-0.28,-0.587
-0.279,-0.587
-0.278,-0.587
-0.277,-0.587
-0.276,-0.587
-0.275,-0.587
-0.274,-0.587
-0.273,-0.587
-0.272,-0.587
-0.271,-0.587
-0.27,-0.587
-0.269,-0.587
-0.268,-0.587
-0.267,-0.587
-0.266,-0.587
-0.265,-0.587
-0.264,-0.587
-0.263,-0.587
-0.262,-0.587
-0.261,-0.587
-0.26,-0.587
-0.259,-0.587
-0.258,-0.587
-0.257,-0.587
-0.256,-0.587
-0.255,-0.587
-0.254,-0.587
-0.253,-0.587
-0.252,-0.587
-0.251,-0.587
-0.25,-0.587
-0.249,-0.587
-0.248,-0.587
-0.247,-0.587
-0.246,-0.587
-0.245,-0.587
-0.244,-0.587
-0.243,-0.587
-0.242,-0.587
-0.241,-0.587
-0.24,-0.587
-0.239,-0.587
-0.238,-0.587
-0.237,-0.587
-0.236,-0.587
-0.235,-0.587
-0.234,-0.587
-0.233,-0.587
-0.232,-0.587
-0.231,-0.587
-0.23,-0.587
-0.229,-0.587
-0.228,-0.587
-0.227,-0.587
-0.226,-0.587
-0.225,-0.587
-0.224,-0.587
-0.223,-0.587
-0.222,-0.587
-0.221,-0.587
-0.22,-0.587
-0.219,-0.587
-0.218,-0.587
-0.217,-0.587
-0.216,-0.587
-0.215,-0.587
-0.214,-0.587
-0.213,-0.587
-0.212,-0.587
-0.211,-0.587
-0.21,-0.587
-0.209,-0.587
-0.208,-0.587
-0.207,-0.587
-0.206,-0.587
-0.205,-0.587
-0.204,-0.587
-0.203,-0.587
-0.202,-0.587
-0.201,-0.587
-0.2,-0.587
-0.199,-0.587
-0.198,-0.587
-0.197,-0.587
-0.196,-0.587
-0.195,-0.587
-0.194,-0.587
-0.193,-0.587
-0.192,-0.587
-0.191,-0.587
-0.19,-0.587
-0.189,-0.587
-0.188,-0.587
-0.187,-0.587
-0.186,-0.587
-0.185,-0.587
-0.184,-0.587
-0.183,-0.587
-0.182,-0.587
-0.181,-0.587
-0.18,-0.587
-0.179,-0.587
-0.178,-0.587
-0.177,-0.587
-0.176,-0.587
-0.175,-0.587
-0.174,-0.587
-0.173,-0.587
-0.172,-0.587
-0.171,-0.587
-0.17,-0.587
-0.169,-0.587
-0.168,-0.587
-0.167,-0.587
-0.166,-0.587
-0.165,-0.587
-0.164,-0.587
-0.163,-0.587
-0.162,-0.587
-0.161,-0.587
-0.16,-0.587
-0.159,-0.587
-0.158,-0.587
-0.157,-0.587
-0.156,-0.587
-0.155,-0.587
-0.154,-0.587
-0.153,-0.587
-0.152,-0.587
-0.151,-0.587
-0.15,-0.587
-0.149,-0.587
-0.148,-0.587
-0.147,-0.587
-0.146,-0.587
-0.145,-0.587
-0.144,-0.587
-0.143,-0.587
-0.142,-0.587
-0.141,-0.587
-0.14,-0.587
-0.139,-0.587
-0.138,-0.587
-0.137,-0.587
-0.136,-0.587
-0.135,-0.587
-0.134,-0.587
-0.133,-0.587
-0.132,-0.587
-0.131,-0.587
-0.13,-0.587
-0.129,-0.587
-0.128,-0.587
-0.127,-0.587
-0.126,-0.587
-0.125,-0.587
-0.124,-0.587
-0.123,-0.587
-0.122,-0.587
-0.121,-0.587
-0.12,-0.587
-0.119,-0.587
-0.118,-0.587
-0.117,-0.587
-0.116,-0.587
-0.115,-0.587
-0.114,-0.587
-0.113,-0.587
-0.112,-0.587
-0.111,-0.587
-0.11,-0.587
-0.109,-0.587
-0.108,-0.587
-0.107,-0.587
-0.106,-0.587
-0.105,-0.587
-0.104,-0.587
-0.103,-0.587
-0.102,-0.587
-0.101,-0.587
-0.1,-0.587
-0.099,-0.587
-0.098,-0.587
-0.097,-0.587
-0.096,-0.587
-0.095,-0.587
-0.094,-0.587
-0.093,-0.587
-0.092,-0.587
-0.091,-0.587
-0.09,-0.587
-0.089,-0.587
-0.088,-0.587
-0.087,-0.587
-0.086,-0.587
-0.085,-0.587
-0.084,-0.587
-0.083,-0.587
-0.082,-0.587
-0.081,-0.587
-0.08,-0.587
-0.079,-0.587
-0.078,-0.587
-0.077,-0.587
-0.076,-0.587
-0.075,-0.587
-0.074,-0.587
-0.073,-0.587
-0.072,-0.587
-0.071,-0.587
-0.07,-0.587
-0.069,-0.587
-0.068,-0.587
-0.067,-0.587
-0.066,-0.587
-0.065,-0.587
-0.064,-0.587
-0.063,-0.587
-0.062,-0.587
-0.061,-0.587
-0.06,-0.587
-0.059,-0.587
-0.058,-0.587
-0.057,-0.587
-0.056,-0.587
-0.055,-0.587
-0.054,-0.587
-0.053,-0.587
-0.052,-0.587
-0.051,-0.587
-0.05,-0.587
-0.049,-0.587
-0.048,-0.587
-0.047,-0.587
-0.046,-0.587
-0.045,-0.587
-0.044,-0.587
-0.043,-0.587
-0.042,-0.587
-0.041,-0.587
-0.04,-0.587
-0.039,-0.587
-0.038,-0.587
-0.037,-0.587
-0.036,-0.587
-0.035,-0.587
-0.034,-0.587
-0.033,-0.587
-0.032,-0.587
-0.031,-0.587
-0.03,-0.587
-0.029,-0.587
-0.028,-0.587
-0.027,-0.587
-0.026,-0.587
-0.025,-0.587
-0.024,-0.587
-0.023,-0.587
-0.022,-0.587
-0.021,-0.587
-0.02,-0.587
-0.019,-0.587
-0.018,-0.587
-0.017,-0.587
-0.016,-0.587
-0.015,-0.587
-0.014,-0.587
-0.013,-0.587
-0.012,-0.587
-0.011,-0.587
-0.01,-0.587
-0.009,-0.587
-0.008,-0.587
-0.007,-0.587
-0.006,-0.587
-0.005,-0.587
-0.004,-0.587
-0.003,-0.587
-0.002,-0.587
-0.001,-0.587
0.0,-0.587
0.001,-0.587
0.002,-0.587
0.003,-0.587
0.004,-0.587
0.005,-0.587
0.006,-0.587
0.007,-0.587
0.008,-0.587
0.009,-0.587
0.01,-0.587
0.011,-0.587
0.012,-0.587
0.013,-0.587
0.014,-0.587
0.015,-0.587
0.016,-0.587
0.017,-0.587
0.018,-0.587
0.019,-0.587
0.02,-0.587
0.021,-0.587
0.022,-0.587
0.023,-0.587
0.024,-0.587
0.025,-0.587
0.026,-0.587
0.027,-0.587
0.028,-0.587
0.029,-0.587
0.03,-0.587
0.031,-0.587
0.032,-0.587
0.033,-0.587
0.034,-0.587
0.035,-0.587
0.036,-0.587
0.037,-0.587
0.038,-0.587
0.039,-0.587
0.04,-0.587
0.041,-0.587
0.042,-0.587
0.043,-0.587
0.044,-0.587
0.045,-0.587
0.046,-0.587
0.047,-0.587
0.048,-0.587
0.049,-0.587
0.05,-0.587
0.051,-0.587
0.052,-0.587
0.053,-0.587
0.054,-0.587
0.055,-0.587
0.056,-0.587
0.057,-0.587
0.058,-0.587
0.059,-0.587
0.06,-0.587
0.061,-0.587
0.062,-0.587
0.063,-0.587
0.064,-0.587
0.065,-0.587
0.066,-0.587
0.067,-0.587
0.068,-0.587
0.069,-0.587
0.07,-0.587
0.071,-0.587
0.072,-0.587
0.073,-0.587
0.074,-0.587
0.075,-0.587
0.076,-0.587
0.077,-0.587
0.078,-0.587
0.079,-0.587
0.08,-0.587
0.081,-0.587
0.082,-0.587
0.083,-0.587
0.084,-0.587
0.085,-0.587
0.086,-0.587
0.087,-0.587
0.088,-0.587
0.089,-0.587
0.09,-0.587
0.091,-0.587
0.092,-0.587
0.093,-0.587
0.094,-0.587
0.095,-0.587
0.096,-0.587
0.097,-0.587
0.098,-0.587
0.099,-0.587
0.1,-0.587
0.101,-0.587
0.102,-0.587
0.103,-0.587
0.104,-0.587
0.105,-0.587
0.106,-0.587
0.107,-0.587
0.108,-0.587
0.109,-0.587
0.11,-0.587
0.111,-0.587
0.112,-0.587
0.113,-0.587
0.114,-0.587
0.115,-0.587
0.116,-0.587
0.117,-0.587
0.118,-0.587
0.119,-0.587
0.12,-0.587
0.121,-0.587
0.122,-0.587
0.123,-0.587
0.124,-0.587
0.125,-0.587
0.126,-0.587
0.127,-0.587
0.128,-0.587
0.129,-0.587
0.13,-0.587
0.131,-0.587
0.132,-0.587
0.133,-0.587
0.134,-0.587
0.135,-0.587
0.14,-0.587
0.141,-0.587
0.142,-0.587
0.144,-0.587
0.149,-0.587
0.151,-0.587
0.153,-0.587
0.154,-0.587
0.155,-0.587
0.185,-0.587
0.188,-0.587
0.189,-0.587
0.244,-0.587
0.263,-0.587
0.27,-0.587
0.272,-0.587
0.273,-0.587
0.274,-0.587
0.36,-0.587
-0.543,-0.586
-0.538,-0.586
-0.537,-0.586
-0.536,-0.586
-0.535,-0.586
-0.534,-0.586
-0.533,-0.586
-0.532,-0.586
-0.531,-0.586
-0.53,-0.586
-0.529,-0.586
-0.528,-0.586
-0.527,-0.586
-0.526,-0.586
-0.525,-0.586
-0.524,-0.586
-0.523,-0.586
-0.522,-0.586
-0.521,-0.586
-0.52,-0.586
-0.519,-0.586
-0.518,-0.586
-0.517,-0.586
-0.516,-0.586
-0.515,-0.586
-0.514,-0.586
-0.513,-0.586
-0.512,-0.586
-0.511,-0.586
-0.51,-0.586
-0.509,-0.586
-0.508,-0.586
-0.507,-0.586
-0.506,-0.586
-0.505,-0.586
-0.504,-0.586
-0.503,-0.586
-0.502,-0.586
-0.501,-0.586
-0.5,-0.586
-0.499,-0.586
-0.498,-0.586
-0.497,-0.586
-0.496,-0.586
-0.495,-0.586
-0.494,-0.586
-0.493,-0.586
-0.492,-0.586
-0.491,-0.586
-0.49,-0.586
-0.489,-0.586
-0.488,-0.586
-0.487,-0.586
-0.486,-0.586
-0.485,-0.586
-0.484,-0.586
-0.483,-0.586
-0.482,-0.586
-0.481,-0.586
-0.48,-0.586
-0.479,-0.586
-0.478,-0.586
-0.477,-0.586
-0.476,-0.586
-0.475,-0.586
-0.474,-0.586
-0.473,-0.586
-0.472,-0.586
-0.471,-0.586
-0.47,-0.586
-0.469,-0.586
-0.468,-0.586
-0.465,-0.586
-0.42,-0.586
-0.419,-0.586
-0.418,-0.586
-0.417,-0.586
-0.415,-0.586
-0.414,-0.586
-0.413,-0.586
-0.412,-0.586
-0.411,-0.586
-0.41,-0.586
-0.409,-0.586
-0.408,-0.586
-0.407,-0.586
-0.406,-0.586
-0.405,-0.586
-0.404,-0.586
-0.403,-0.586
-0.402,-0.586
-0.401,-0.586
-0.4,-0.586
-0.397,-0.586
-0.396,-0.586
-0.394,-0.586
-0.393,-0.586
-0.392,-0.586
-0.391,-0.586
-0.39,-0.586
-0.389,-0.586
-0.388,-0.586
-0.387,-0.586
-0.386,-0.586
-0.385,-0.586
-0.384,-0.586
-0.383,-0.586
-0.382,-0.586
-0.381,-0.586
-0.38,-0.586
-0.379,-0.586
-0.378,-0.586
-0.377,-0.586
-0.376,-0.586
-0.375,-0.586
-0.374,-0.586
-0.373,-0.586
-0.372,-0.586
-0.371,-0.586
-0.37,-0.586
-0.369,-0.586
-0.368,-0.586
-0.367,-0.586
-0.366,-0.586
-0.365,-0.586
-0.364,-0.586
-0.363,-0.586
-0.362,-0.586
-0.361,-0.586
-0.36,-0.586
-0.359,-0.586
-0.358,-0.586
-0.357,-0.586
-0.356,-0.586
-0.355,-0.586
-0.354,-0.586
-0.353,-0.586
-0.352,-0.586
-0.351,-0.586
-0.35,-0.586
-0.349,-0.586
-0.348,-0.586
-0.347,-0.586
-0.346,-0.586
-0.345,-0.586
-0.344,-0.586
-0.343,-0.586
-0.342,-0.586
-0.341,-0.586
-0.34,-0.586
-0.339,-0.586
-0.338,-0.586
-0.337,-0.586
-0.336,-0.586
-0.335,-0.586
-0.334,-0.586
-0.333,-0.586
-0.332,-0.586
-0.331,-0.586
-0.33,-0.586
-0.329,-0.586
-0.328,-0.586
-0.327,-0.586
-0.326,-0.586
-0.325,-0.586
-0.324,-0.586
-0.323,-0.586
-0.322,-0.586
-0.321,-0.586
-0.32,-0.586
-0.319,-0.586
-0.318,-0.586
-0.317,-0.586
-0.316,-0.586
-0.315,-0.586
-0.314,-0.586
-0.313,-0.586
-0.312,-0.586
-0.311,-0.586
-0.31,-0.586
-0.309,-0.586
-0.308,-0.586
-0.307,-0.586
-0.306,-0.586
-0.305,-0.586
-0.304,-0.586
-0.303,-0.586
-0.302,-0.586
-0.301,-0.586
-0.3,-0.586
-0.299,-0.586
-0.298,-0.586
-0.297,-0.586
-0.296,-0.586
-0.295,-0.586
-0.294,-0.586
-0.293,-0.586
-0.292,-0.586
-0.291,-0.586
-0.29,-0.586
-0.289,-0.586
-0.288,-0.586
-0.287,-0.586
-0.286,-0.586
-0.285,-0.586
-0.284,-0.586
-0.283,-0.586
-0.282,-0.586
-0.281,-0.586
-0.28,-0.586
-0.279,-0.586
-0.278,-0.586
-0.277,-0.586
-0.276,-0.586
-0.275,-0.586
-0.274,-0.586
-0.273,-0.586
-0.272,-0.586
-0.271,-0.586
-0.27,-0.586
-0.269,-0.586
-0.268,-0.586
-0.267,-0.586
-0.266,-0.586
-0.265,-0.586
-0.264,-0.586
-0.263,-0.586
-0.262,-0.586
-0.261,-0.586
-0.26,-0.586
-0.259,-0.586
-0.258,-0.586
-0.257,-0.586
-0.256,-0.586
-0.255,-0.586
-0.254,-0.586
-0.253,-0.586
-0.252,-0.586
-0.251,-0.586
-0.25,-0.586
-0.249,-0.586
-0.248,-0.586
-0.247,-0.586
-0.246,-0.586
-0.245,-0.586
-0.244,-0.586
-0.243,-0.586
-0.242,-0.586
-0.241,-0.586
-0.24,-0.586
-0.239,-0.586
-0.238,-0.586
-0.237,-0.586
-0.236,-0.586
-0.235,-0.586
-0.234,-0.586
-0.233,-0.586
-0.232,-0.586
-0.231,-0.586
-0.23,-0.586
-0.229,-0.586
-0.228,-0.586
-0.227,-0.586
-0.226,-0.586
-0.225,-0.586
-0.224,-0.586
-0.223,-0.586
-0.222,-0.586
-0.221,-0.586
-0.22,-0.586
-0.219,-0.586
-0.218,-0.586
-0.217,-0.586
-0.216,-0.586
-0.215,-0.586
-0.214,-0.586
-0.213,-0.586
-0.212,-0.586
-0.211,-0.586
-0.21,-0.586
-0.209,-0.586
-0.208,-0.586
-0.207,-0.586
-0.206,-0.586
-0.205,-0.586
-0.204,-0.586
-0.203,-0.586
-0.202,-0.586
-0.201,-0.586
-0.2,-0.586
-0.199,-0.586
-0.198,-0.586
-0.197,-0.586
-0.196,-0.586
-0.195,-0.586
-0.194,-0.586
-0.193,-0.586
-0.192,-0.586
-0.191,-0.586
-0.19,-0.586
-0.189,-0.586
-0.188,-0.586
-0.187,-0.586
-0.186,-0.586
-0.185,-0.586
-0.184,-0.586
-0.183,-0.586
-0.182,-0.586
-0.181,-0.586
-0.18,-0.586
-0.179,-0.586
-0.178,-0.586
-0.177,-0.586
-0.176,-0.586
-0.175,-0.586
-0.174,-0.586
-0.173,-0.586
-0.172,-0.586
-0.171,-0.586
-0.17,-0.586
-0.169,-0.586
-0.168,-0.586
-0.167,-0.586
-0.166,-0.586
-0.165,-0.586
-0.164,-0.586
-0.163,-0.586
-0.162,-0.586
-0.161,-0.586
-0.16,-0.586
-0.159,-0.586
-0.158,-0.586
-0.157,-0.586
-0.156,-0.586
-0.155,-0.586
-0.154,-0.586
-0.153,-0.586
-0.152,-0.586
-0.151,-0.586
-0.15,-0.586
-0.149,-0.586
-0.148,-0.586
-0.147,-0.586
-0.146,-0.586
-0.145,-0.586
-0.144,-0.586
-0.143,-0.586
-0.142,-0.586
-0.141,-0.586
-0.14,-0.586
-0.139,-0.586
-0.138,-0.586
-0.137,-0.586
-0.136,-0.586
-0.135,-0.586
-0.134,-0.586
-0.133,-0.586
-0.132,-0.586
-0.131,-0.586
-0.13,-0.586
-0.129,-0.586
-0.128,-0.586
-0.127,-0.586
-0.126,-0.586
-0.125,-0.586
-0.124,-0.586
-0.123,-0.586
-0.122,-0.586
-0.121,-0.586
-0.12,-0.586
-0.119,-0.586
-0.118,-0.586
-0.117,-0.586
-0.116,-0.586
-0.115,-0.586
-0.114,-0.586
-0.113,-0.586
-0.112,-0.586
-0.111,-0.586
-0.11,-0.586
-0.109,-0.586
-0.108,-0.586
-0.107,-0.586
-0.106,-0.586
-0.105,-0.586
-0.104,-0.586
-0.103,-0.586
-0.102,-0.586
-0.101,-0.586
-0.1,-0.586
-0.099,-0.586
-0.098,-0.586
-0.097,-0.586
-0.096,-0.586
-0.095,-0.586
-0.094,-0.586
-0.093,-0.586
-0.092,-0.586
-0.091,-0.586
-0.09,-0.586
-0.089,-0.586
-0.088,-0.586
-0.087,-0.586
-0.086,-0.586
-0.085,-0.586
-0.084,-0.586
-0.083,-0.586
-0.082,-0.586
-0.081,-0.586
-0.08,-0.586
-0.079,-0.586
-0.078,-0.586
-0.077,-0.586
-0.076,-0.586
-0.075,-0.586
-0.074,-0.586
-0.073,-0.586
-0.072,-0.586
-0.071,-0.586
-0.07,-0.586
-0.069,-0.586
-0.068,-0.586
-0.067,-0.586
-0.066,-0.586
-0.065,-0.586
-0.064,-0.586
-0.063,-0.586
-0.062,-0.586
-0.061,-0.586
-0.06,-0.586
-0.059,-0.586
-0.058,-0.586
-0.057,-0.586
-0.056,-0.586
-0.055,-0.586
-0.054,-0.586
-0.053,-0.586
-0.052,-0.586
-0.051,-0.586
-0.05,-0.586
-0.049,-0.586
-0.048,-0.586
-0.047,-0.586
-0.046,-0.586
-0.045,-0.586
-0.044,-0.586
-0.043,-0.586
-0.042,-0.586
-0.041,-0.586
-0.04,-0.586
-0.039,-0.586
-0.038,-0.586
-0.037,-0.586
-0.036,-0.586
-0.035,-0.586
-0.034,-0.586
-0.033,-0.586
-0.032,-0.586
-0.031,-0.586
-0.03,-0.586
-0.029,-0.586
-0.028,-0.586
-0.027,-0.586
-0.026,-0.586
-0.025,-0.586
-0.024,-0.586
-0.023,-0.586
-0.022,-0.586
-0.021,-0.586
-0.02,-0.586
-0.019,-0.586
-0.018,-0.586
-0.017,-0.586
-0.016,-0.586
-0.015,-0.586
-0.014,-0.586
-0.013,-0.586
-0.012,-0.586
-0.011,-0.586
-0.01,-0.586
-0.009,-0.586
-0.008,-0.586
-0.007,-0.586
-0.006,-0.586
-0.005,-0.586
-0.004,-0.586
-0.003,-0.586
-0.002,-0.586
-0.001,-0.586
0.0,-0.586
0.001,-0.586
0.002,-0.586
0.003,-0.586
0.004,-0.586
0.005,-0.586
0.006,-0.586
0.007,-0.586
0.008,-0.586
0.009,-0.586
0.01,-0.586
0.011,-0.586
0.012,-0.586
0.013,-0.586
0.014,-0.586
0.015,-0.586
0.016,-0.586
0.017,-0.586
0.018,-0.586
0.019,-0.586
0.02,-0.586
0.021,-0.586
0.022,-0.586
0.023,-0.586
0.024,-0.586
0.025,-0.586
0.026,-0.586
0.027,-0.586
0.028,-0.586
0.029,-0.586
0.03,-0.586
0.031,-0.586
0.032,-0.586
0.033,-0.586
0.034,-0.586
0.035,-0.586
0.036,-0.586
0.037,-0.586
0.038,-0.586
0.039,-0.586
0.04,-0.586
0.041,-0.586
0.042,-0.586
0.043,-0.586
0.044,-0.586
0.045,-0.586
0.046,-0.586
0.047,-0.586
0.048,-0.586
0.049,-0.586
0.05,-0.586
0.051,-0.586
0.052,-0.586
0.053,-0.586
0.054,-0.586
0.055,-0.586
0.056,-0.586
0.057,-0.586
0.058,-0.586
0.059,-0.586
0.06,-0.586
0.061,-0.586
0.062,-0.586
0.063,-0.586
0.064,-0.586
0.065,-0.586
0.066,-0.586
0.067,-0.586
0.068,-0.586
0.069,-0.586
0.07,-0.586
0.071,-0.586
0.072,-0.586
0.073,-0.586
0.074,-0.586
0.075,-0.586
0.076,-0.586
0.077,-0.586
0.078,-0.586
0.079,-0.586
0.08,-0.586
0.081,-0.586
0.082,-0.586
0.083,-0.586
0.084,-0.586
0.085,-0.586
0.086,-0.586
0.087,-0.586
0.088,-0.586
0.089,-0.586
0.09,-0.586
0.091,-0.586
0.092,-0.586
0.093,-0.586
0.094,-0.586
0.095,-0.586
0.096,-0.586
0.097,-0.586
0.098,-0.586
0.099,-0.586
0.1,-0.586
0.101,-0.586
0.102,-0.586
0.103,-0.586
0.104,-0.586
0.105,-0.586
0.106,-0.586
0.107,-0.586
0.108,-0.586
0.109,-0.586
0.11,-0.586
0.111,-0.586
0.112,-0.586
0.113,-0.586
0.114,-0.586
0.115,-0.586
0.116,-0.586
0.117,-0.586
0.118,-0.586
0.119,-0.586
0.12,-0.586
0.121,-0.586
0.122,-0.586
0.123,-0.586
0.124,-0.586
0.125,-0.586
0.126,-0.586
0.127,-0.586
0.128,-0.586
0.129,-0.586
0.13,-0.586
0.131,-0.586
0.132,-0.586
0.133,-0.586
0.134,-0.586
0.135,-0.586
0.136,-0.586
0.138,-0.586
0.139,-0.586
0.14,-0.586
0.141,-0.586
0.143,-0.586
0.144,-0.586
0.152,-0.586
0.153,-0.586
0.154,-0.586
0.155,-0.586
0.156,-0.586
0.158,-0.586
0.159,-0.586
0.184,-0.586
0.187,-0.586
0.197,-0.586
0.251,-0.586
0.269,-0.586
0.271,-0.586
0.272,-0.586
0.273,-0.586
0.274,-0.586
0.276,-0.586
0.279,-0.586
0.281,-0.586
0.288,-0.586
0.362,-0.586
-0.545,-0.585
-0.539,-0.585
-0.538,-0.585
-0.537,-0.585
-0.536,-0.585
-0.535,-0.585
-0.534,-0.585
-0.533,-0.585
-0.532,-0.585
-0.531,-0.585
-0.53,-0.585
-0.529,-0.585
-0.528,-0.585
-0.527,-0.585
-0.526,-0.585
-0.525,-0.585
-0.524,-0.585
-0.523,-0.585
-0.522,-0.585
-0.521,-0.585
-0.52,-0.585
-0.519,-0.585
-0.518,-0.585
-0.517,-0.585
-0.516,-0.585
-0.515,-0.585
-0.514,-0.585
-0.513,-0.585
-0.512,-0.585
-0.511,-0.585
-0.51,-0.585
-0.509,-0.585
-0.508,-0.585
-0.507,-0.585
-0.506,-0.585
-0.505,-0.585
-0.504,-0.585
-0.503,-0.585
-0.502,-0.585
-0.501,-0.585
-0.5,-0.585
-0.499,-0.585
-0.498,-0.585
-0.497,-0.585
-0.496,-0.585
-0.495,-0.585
-0.494,-0.585
-0.493,-0.585
-0.492,-0.585
-0.491,-0.585
-0.49,-0.585
-0.489,-0.585
-0.488,-0.585
-0.487,-0.585
-0.486,-0.585
-0.485,-0.585
-0.484,-0.585
-0.483,-0.585
-0.482,-0.585
-0.481,-0.585
-0.48,-0.585
-0.479,-0.585
-0.478,-0.585
-0.477,-0.585
-0.476,-0.585
-0.475,-0.585
-0.474,-0.585
-0.473,-0.585
-0.472,-0.585
-0.471,-0.585
-0.47,-0.585
-0.469,-0.585
-0.468,-0.585
-0.467,-0.585
-0.466,-0.585
-0.465,-0.585
-0.461,-0.585
-0.432,-0.585
-0.421,-0.585
-0.419,-0.585
-0.418,-0.585
-0.417,-0.585
-0.416,-0.585
-0.415,-0.585
-0.414,-0.585
-0.413,-0.585
-0.412,-0.585
-0.411,-0.585
-0.41,-0.585
-0.409,-0.585
-0.408,-0.585
-0.407,-0.585
-0.406,-0.585
-0.405,-0.585
-0.404,-0.585
-0.403,-0.585
-0.402,-0.585
-0.401,-0.585
-0.4,-0.585
-0.397,-0.585
-0.396,-0.585
-0.395,-0.585
-0.394,-0.585
-0.393,-0.585
-0.392,-0.585
-0.391,-0.585
-0.39,-0.585
-0.389,-0.585
-0.388,-0.585
-0.387,-0.585
-0.386,-0.585
-0.385,-0.585
-0.384,-0.585
-0.383,-0.585
-0.382,-0.585
-0.381,-0.585
-0.38,-0.585
-0.379,-0.585
-0.378,-0.585
-0.377,-0.585
-0.376,-0.585
-0.375,-0.585
-0.374,-0.585
-0.373,-0.585
-0.372,-0.585
-0.371,-0.585
-0.37,-0.585
-0.369,-0.585
-0.368,-0.585
-0.367,-0.585
-0.366,-0.585
-0.365,-0.585
-0.364,-0.585
-0.363,-0.585
-0.362,-0.585
-0.361,-0.585
-0.36,-0.585
-0.359,-0.585
-0.358,-0.585
-0.357,-0.585
-0.356,-0.585
-0.355,-0.585
-0.354,-0.585
-0.353,-0.585
-0.352,-0.585
-0.351,-0.585
-0.35,-0.585
-0.349,-0.585
-0.348,-0.585
-0.347,-0.585
-0.346,-0.585
-0.345,-0.585
-0.344,-0.585
-0.343,-0.585
-0.342,-0.585
-0.341,-0.585
-0.34,-0.585
-0.339,-0.585
-0.338,-0.585
-0.337,-0.585
-0.336,-0.585
-0.335,-0.585
-0.334,-0.585
-0.333,-0.585
-0.332,-0.585
-0.331,-0.585
-0.33,-0.585
-0.329,-0.585
-0.328,-0.585
-0.327,-0.585
-0.326,-0.585
-0.325,-0.585
-0.324,-0.585
-0.323,-0.585
-0.322,-0.585
-0.321,-0.585
-0.32,-0.585
-0.319,-0.585
-0.318,-0.585
-0.317,-0.585
-0.316,-0.585
-0.315,-0.585
-0.314,-0.585
-0.313,-0.585
-0.312,-0.585
-0.311,-0.585
-0.31,-0.585
-0.309,-0.585
-0.308,-0.585
-0.307,-0.585
-0.306,-0.585
-0.305,-0.585
-0.304,-0.585
-0.303,-0.585
-0.302,-0.585
-0.301,-0.585
-0.3,-0.585
-0.299,-0.585
-0.298,-0.585
-0.297,-0.585
-0.296,-0.585
-0.295,-0.585
-0.294,-0.585
-0.293,-0.585
-0.292,-0.585
-0.291,-0.585
-0.29,-0.585
-0.289,-0.585
-0.288,-0.585
-0.287,-0.585
-0.286,-0.585
-0.285,-0.585
-0.284,-0.585
-0.283,-0.585
-0.282,-0.585
-0.281,-0.585
-0.28,-0.585
-0.279,-0.585
-0.278,-0.585
-0.277,-0.585
-0.276,-0.585
-0.275,-0.585
-0.274,-0.585
-0.273,-0.585
-0.272,-0.585
-0.271,-0.585
-0.27,-0.585
-0.269,-0.585
-0.268,-0.585
-0.267,-0.585
-0.266,-0.585
-0.265,-0.585
-0.264,-0.585
-0.263,-0.585
-0.262,-0.585
-0.261,-0.585
-0.26,-0.585
-0.259,-0.585
-0.258,-0.585
-0.257,-0.585
-0.256,-0.585
-0.255,-0.585
-0.254,-0.585
-0.253,-0.585
-0.252,-0.585
-0.251,-0.585
-0.25,-0.585
-0.249,-0.585
-0.248,-0.585
-0.247,-0.585
-0.246,-0.585
-0.245,-0.585
-0.244,-0.585
-0.243,-0.585
-0.242,-0.585
-0.241,-0.585
-0.24,-0.585
-0.239,-0.585
-0.238,-0.585
-0.237,-0.585
-0.236,-0.585
-0.235,-0.585
-0.234,-0.585
-0.233,-0.585
-0.232,-0.585
-0.231,-0.585
-0.23,-0.585
-0.229,-0.585
-0.228,-0.585
-0.227,-0.585
-0.226,-0.585
-0.225,-0.585
-0.224,-0.585
-0.223,-0.585
-0.222,-0.585
-0.221,-0.585
-0.22,-0.585
-0.219,-0.585
-0.218,-0.585
-0.217,-0.585
-0.216,-0.585
-0.215,-0.585
-0.214,-0.585
-0.213,-0.585
-0.212,-0.585
-0.211,-0.585
-0.21,-0.585
-0.209,-0.585
-0.208,-0.585
-0.207,-0.585
-0.206,-0.585
-0.205,-0.585
-0.204,-0.585
-0.203,-0.585
-0.202,-0.585
-0.201,-0.585
-0.2,-0.585
-0.199,-0.585
-0.198,-0.585
-0.197,-0.585
-0.196,-0.585
-0.195,-0.585
-0.194,-0.585
-0.193,-0.585
-0.192,-0.585
-0.191,-0.585
-0.19,-0.585
-0.189,-0.585
-0.188,-0.585
-0.187,-0.585
-0.186,-0.585
-0.185,-0.585
-0.184,-0.585
-0.183,-0.585
-0.182,-0.585
-0.181,-0.585
-0.18,-0.585
-0.179,-0.585
-0.178,-0.585
-0.177,-0.585
-0.176,-0.585
-0.175,-0.585
-0.174,-0.585
-0.173,-0.585
-0.172,-0.585
-0.171,-0.585
-0.17,-0.585
-0.169,-0.585
-0.168,-0.585
-0.167,-0.585
-0.166,-0.585
-0.165,-0.585
-0.164,-0.585
-0.163,-0.585
-0.162,-0.585
-0.161,-0.585
-0.16,-0.585
-0.159,-0.585
-0.158,-0.585
-0.157,-0.585
-0.156,-0.585
-0.155,-0.585
-0.154,-0.585
-0.153,-0.585
-0.152,-0.585
-0.151,-0.585
-0.15,-0.585
-0.149,-0.585
-0.148,-0.585
-0.147,-0.585
-0.146,-0.585
-0.145,-0.585
-0.144,-0.585
-0.143,-0.585
-0.142,-0.585
-0.141,-0.585
-0.14,-0.585
-0.139,-0.585
-0.138,-0.585
-0.137,-0.585
-0.136,-0.585
-0.135,-0.585
-0.134,-0.585
-0.133,-0.585
-0.132,-0.585
-0.131,-0.585
-0.13,-0.585
-0.129,-0.585
-0.128,-0.585
-0.127,-0.585
-0.126,-0.585
-0.125,-0.585
-0.124,-0.585
-0.123,-0.585
-0.122,-0.585
-0.121,-0.585
-0.12,-0.585
-0.119,-0.585
-0.118,-0.585
-0.117,-0.585
-0.116,-0.585
-0.115,-0.585
-0.114,-0.585
-0.113,-0.585
-0.112,-0.585
-0.111,-0.585
-0.11,-0.585
-0.109,-0.585
-0.108,-0.585
-0.107,-0.585
-0.106,-0.585
-0.105,-0.585
-0.104,-0.585
-0.103,-0.585
-0.102,-0.585
-0.101,-0.585
-0.1,-0.585
-0.099,-0.585
-0.098,-0.585
-0.097,-0.585
-0.096,-0.585
-0.095,-0.585
-0.094,-0.585
-0.093,-0.585
-0.092,-0.585
-0.091,-0.585
-0.09,-0.585
-0.089,-0.585
-0.088,-0.585
-0.087,-0.585
-0.086,-0.585
-0.085,-0.585
-0.084,-0.585
-0.083,-0.585
-0.082,-0.585
-0.081,-0.585
-0.08,-0.585
-0.079,-0.585
-0.078,-0.585
-0.077,-0.585
-0.076,-0.585
-0.075,-0.585
-0.074,-0.585
-0.073,-0.585
-0.072,-0.585
-0.071,-0.585
-0.07,-0.585
-0.069,-0.585
-0.068,-0.585
-0.067,-0.585
-0.066,-0.585
-0.065,-0.585
-0.064,-0.585
-0.063,-0.585
-0.062,-0.585
-0.061,-0.585
-0.06,-0.585
-0.059,-0.585
-0.058,-0.585
-0.057,-0.585
-0.056,-0.585
-0.055,-0.585
-0.054,-0.585
-0.053,-0.585
-0.052,-0.585
-0.051,-0.585
-0.05,-0.585
-0.049,-0.585
-0.048,-0.585
-0.047,-0.585
-0.046,-0.585
-0.045,-0.585
-0.044,-0.585
-0.043,-0.585
-0.042,-0.585
-0.041,-0.585
-0.04,-0.585
-0.039,-0.585
-0.038,-0.585
-0.037,-0.585
-0.036,-0.585
-0.035,-0.585
-0.034,-0.585
-0.033,-0.585
-0.032,-0.585
-0.031,-0.585
-0.03,-0.585
-0.029,-0.585
-0.028,-0.585
-0.027,-0.585
-0.026,-0.585
-0.025,-0.585
-0.024,-0.585
-0.023,-0.585
-0.022,-0.585
-0.021,-0.585
-0.02,-0.585
-0.019,-0.585
-0.018,-0.585
-0.017,-0.585
-0.016,-0.585
-0.015,-0.585
-0.014,-0.585
-0.013,-0.585
-0.012,-0.585
-0.011,-0.585
-0.01,-0.585
-0.009,-0.585
-0.008,-0.585
-0.007,-0.585
-0.006,-0.585
-0.005,-0.585
-0.004,-0.585
-0.003,-0.585
-0.002,-0.585
-0.001,-0.585
0.0,-0.585
0.001,-0.585
0.002,-0.585
0.003,-0.585
0.004,-0.585
0.005,-0.585
0.006,-0.585
0.007,-0.585
0.008,-0.585
0.009,-0.585
0.01,-0.585
0.011,-0.585
0.012,-0.585
0.013,-0.585
0.014,-0.585
0.015,-0.585
0.016,-0.585
0.017,-0.585
0.018,-0.585
0.019,-0.585
0.02,-0.585
0.021,-0.585
0.022,-0.585
0.023,-0.585
0.024,-0.585
0.025,-0.585
0.026,-0.585
0.027,-0.585
0.028,-0.585
0.029,-0.585
0.03,-0.585
0.031,-0.585
0.032,-0.585
0.033,-0.585
0.034,-0.585
0.035,-0.585
0.036,-0.585
0.037,-0.585
0.038,-0.585
0.039,-0.585
0.04,-0.585
0.041,-0.585
0.042,-0.585
0.043,-0.585
0.044,-0.585
0.045,-0.585
0.046,-0.585
0.047,-0.585
0.048,-0.585
0.049,-0.585
0.05,-0.585
0.051,-0.585
0.052,-0.585
0.053,-0.585
0.054,-0.585
0.055,-0.585
0.056,-0.585
0.057,-0.585
0.058,-0.585
0.059,-0.585
0.06,-0.585
0.061,-0.585
0.062,-0.585
0.063,-0.585
0.064,-0.585
0.065,-0.585
0.066,-0.585
0.067,-0.585
0.068,-0.585
0.069,-0.585
0.07,-0.585
0.071,-0.585
0.072,-0.585
0.073,-0.585
0.074,-0.585
0.075,-0.585
0.076,-0.585
0.077,-0.585
0.078,-0.585
0.079,-0.585
0.08,-0.585
0.081,-0.585
0.082,-0.585
0.083,-0.585
0.084,-0.585
0.085,-0.585
0.086,-0.585
0.087,-0.585
0.088,-0.585
0.089,-0.585
0.09,-0.585
0.091,-0.585
0.092,-0.585
0.093,-0.585
0.094,-0.585
0.095,-0.585
0.096,-0.585
0.097,-0.585
0.098,-0.585
0.099,-0.585
0.1,-0.585
0.101,-0.585
0.102,-0.585
0.103,-0.585
0.104,-0.585
0.105,-0.585
0.106,-0.585
0.107,-0.585
0.108,-0.585
0.109,-0.585
0.11,-0.585
0.111,-0.585
0.112,-0.585
0.113,-0.585
0.114,-0.585
0.115,-0.585
0.116,-0.585
0.117,-0.585
0.118,-0.585
0.119,-0.585
0.12,-0.585
0.121,-0.585
0.122,-0.585
0.123,-0.585
0.124,-0.585
0.125,-0.585
0.126,-0.585
0.127,-0.585
0.128,-0.585
0.129,-0.585
0.13,-0.585
0.131,-0.585
0.132,-0.585
0.133,-0.585
0.134,-0.585
0.135,-0.585
0.136,-0.585
0.137,-0.585
0.138,-0.585
0.139,-0.585
0.14,-0.585
0.141,-0.585
0.142,-0.585
0.146,-0.585
0.147,-0.585
0.148,-0.585
0.15,-0.585
0.151,-0.585
0.152,-0.585
0.153,-0.585
0.154,-0.585
0.155,-0.585
0.169,-0.585
0.171,-0.585
0.183,-0.585
0.191,-0.585
0.194,-0.585
0.265,-0.585
0.271,-0.585
0.272,-0.585
0.273,-0.585
0.274,-0.585
0.275,-0.585
0.276,-0.585
0.279,-0.585
0.28,-0.585
0.322,-0.585
-0.551,-0.584
-0.541,-0.584
-0.538,-0.584
-0.537,-0.584
-0.536,-0.584
-0.535,-0.584
-0.534,-0.584
-0.533,-0.584
-0.532,-0.584
-0.531,-0.584
-0.53,-0.584
-0.529,-0.584
-0.528,-0.584
-0.527,-0.584
-0.526,-0.584
-0.525,-0.584
-0.524,-0.584
-0.523,-0.584
-0.522,-0.584
-0.521,-0.584
-0.52,-0.584
-0.519,-0.584
-0.518,-0.584
-0.517,-0.584
-0.516,-0.584
-0.515,-0.584
-0.514,-0.584
-0.513,-0.584
-0.512,-0.584
-0.511,-0.584
-0.51,-0.584
-0.509,-0.584
-0.508,-0.584
-0.507,-0.584
-0.506,-0.584
-0.505,-0.584
-0.504,-0.584
-0.503,-0.584
-0.502,-0.584
-0.501,-0.584
-0.5,-0.584
-0.499,-0.584
-0.498,-0.584
-0.497,-0.584
-0.496,-0.584
-0.495,-0.584
-0.494,-0.584
-0.493,-0.584
-0.492,-0.584
-0.491,-0.584
-0.49,-0.584
-0.489,-0.584
-0.488,-0.584
-0.487,-0.584
-0.486,-0.584
-0.485,-0.584
-0.484,-0.584
-0.483,-0.584
-0.482,-0.584
-0.481,-0.584
-0.48,-0.584
-0.479,-0.584
-0.478,-0.584
-0.477,-0.584
-0.476,-0.584
-0.475,-0.584
-0.474,-0.584
-0.473,-0.584
-0.472,-0.584
-0.471,-0.584
-0.47,-0.584
-0.469,-0.584
-0.468,-0.584
-0.463,-0.584
-0.462,-0.584
-0.431,-0.584
-0.417,-0.584
-0.415,-0.584
-0.414,-0.584
-0.413,-0.584
-0.412,-0.584
-0.411,-0.584
-0.41,-0.584
-0.409,-0.584
-0.408,-0.584
-0.407,-0.584
-0.406,-0.584
-0.405,-0.584
-0.404,-0.584
-0.403,-0.584
-0.402,-0.584
-0.401,-0.584
-0.4,-0.584
-0.399,-0.584
-0.398,-0.584
-0.397,-0.584
-0.396,-0.584
-0.395,-0.584
-0.394,-0.584
-0.393,-0.584
-0.392,-0.584
-0.391,-0.584
-0.39,-0.584
-0.389,-0.584
-0.388,-0.584
-0.387,-0.584
-0.386,-0.584
-0.385,-0.584
-0.384,-0.584
-0.383,-0.584
-0.382,-0.584
-0.381,-0.584
-0.38,-0.584
-0.379,-0.584
-0.378,-0.584
-0.377,-0.584
-0.376,-0.584
-0.375,-0.584
-0.374,-0.584
-0.373,-0.584
-0.372,-0.584
-0.371,-0.584
-0.37,-0.584
-0.369,-0.584
-0.368,-0.584
-0.367,-0.584
-0.366,-0.584
-0.365,-0.584
-0.364,-0.584
-0.363,-0.584
-0.362,-0.584
-0.361,-0.584
-0.36,-0.584
-0.359,-0.584
-0.358,-0.584
-0.357,-0.584
-0.356,-0.584
-0.355,-0.584
-0.354,-0.584
-0.353,-0.584
-0.352,-0.584
-0.351,-0.584
-0.35,-0.584
-0.349,-0.584
-0.348,-0.584
-0.347,-0.584
-0.346,-0.584
-0.345,-0.584
-0.344,-0.584
-0.343,-0.584
-0.342,-0.584
-0.341,-0.584
-0.34,-0.584
-0.339,-0.584
-0.338,-0.584
-0.337,-0.584
-0.336,-0.584
-0.335,-0.584
-0.334,-0.584
-0.333,-0.584
-0.332,-0.584
-0.331,-0.584
-0.33,-0.584
-0.329,-0.584
-0.328,-0.584
-0.327,-0.584
-0.326,-0.584
-0.325,-0.584
-0.324,-0.584
-0.323,-0.584
-0.322,-0.584
-0.321,-0.584
-0.32,-0.584
-0.319,-0.584
-0.318,-0.584
-0.317,-0.584
-0.316,-0.584
-0.315,-0.584
-0.314,-0.584
-0.313,-0.584
-0.312,-0.584
-0.311,-0.584
-0.31,-0.584
-0.309,-0.584
-0.308,-0.584
-0.307,-0.584
-0.306,-0.584
-0.305,-0.584
-0.304,-0.584
-0.303,-0.584
-0.302,-0.584
-0.301,-0.584
-0.3,-0.584
-0.299,-0.584
-0.298,-0.584
-0.297,-0.584
-0.296,-0.584
-0.295,-0.584
-0.294,-0.584
-0.293,-0.584
-0.292,-0.584
-0.291,-0.584
-0.29,-0.584
-0.289,-0.584
-0.288,-0.584
-0.287,-0.584
-0.286,-0.584
-0.285,-0.584
-0.284,-0.584
-0.283,-0.584
-0.282,-0.584
-0.281,-0.584
-0.28,-0.584
-0.279,-0.584
-0.278,-0.584
-0.277,-0.584
-0.276,-0.584
-0.275,-0.584
-0.274,-0.584
-0.273,-0.584
-0.272,-0.584
-0.271,-0.584
-0.27,-0.584
-0.269,-0.584
-0.268,-0.584
-0.267,-0.584
-0.266,-0.584
-0.265,-0.584
-0.264,-0.584
-0.263,-0.584
-0.262,-0.584
-0.261,-0.584
-0.26,-0.584
-0.259,-0.584
-0.258,-0.584
-0.257,-0.584
-0.256,-0.584
-0.255,-0.584
-0.254,-0.584
-0.253,-0.584
-0.252,-0.584
-0.251,-0.584
-0.25,-0.584
-0.249,-0.584
-0.248,-0.584
-0.247,-0.584
-0.246,-0.584
-0.245,-0.584
-0.244,-0.584
-0.243,-0.584
-0.242,-0.584
-0.241,-0.584
-0.24,-0.584
-0.239,-0.584
-0.238,-0.584
-0.237,-0.584
-0.236,-0.584
-0.235,-0.584
-0.234,-0.584
-0.233,-0.584
-0.232,-0.584
-0.231,-0.584
-0.23,-0.584
-0.229,-0.584
-0.228,-0.584
-0.227,-0.584
-0.226,-0.584
-0.225,-0.584
-0.224,-0.584
-0.223,-0.584
-0.222,-0.584
-0.221,-0.584
-0.22,-0.584
-0.219,-0.584
-0.218,-0.584
-0.217,-0.584
-0.216,-0.584
-0.215,-0.584
-0.214,-0.584
-0.213,-0.584
-0.212,-0.584
-0.211,-0.584
-0.21,-0.584
-0.209,-0.584
-0.208,-0.584
-0.207,-0.584
-0.206,-0.584
-0.205,-0.584
-0.204,-0.584
-0.203,-0.584
-0.202,-0.584
-0.201,-0.584
-0.2,-0.584
-0.199,-0.584
-0.198,-0.584
-0.197,-0.584
-0.196,-0.584
-0.195,-0.584
-0.194,-0.584
-0.193,-0.584
-0.192,-0.584
-0.191,-0.584
-0.19,-0.584
-0.189,-0.584
-0.188,-0.584
-0.187,-0.584
-0.186,-0.584
-0.185,-0.584
-0.184,-0.584
-0.183,-0.584
-0.182,-0.584
-0.181,-0.584
-0.18,-0.584
-0.179,-0.584
-0.178,-0.584
-0.177,-0.584
-0.176,-0.584
-0.175,-0.584
-0.174,-0.584
-0.173,-0.584
-0.172,-0.584
-0.171,-0.584
-0.17,-0.584
-0.169,-0.584
-0.168,-0.584
-0.167,-0.584
-0.166,-0.584
-0.165,-0.584
-0.164,-0.584
-0.163,-0.584
-0.162,-0.584
-0.161,-0.584
-0.16,-0.584
-0.159,-0.584
-0.158,-0.584
-0.157,-0.584
-0.156,-0.584
-0.155,-0.584
-0.154,-0.584
-0.153,-0.584
-0.152,-0.584
-0.151,-0.584
-0.15,-0.584
-0.149,-0.584
-0.148,-0.584
-0.147,-0.584
-0.146,-0.584
-0.145,-0.584
-0.144,-0.584
-0.143,-0.584
-0.142,-0.584
-0.141,-0.584
-0.14,-0.584
-0.139,-0.584
-0.138,-0.584
-0.137,-0.584
-0.136,-0.584
-0.135,-0.584
-0.134,-0.584
-0.133,-0.584
-0.132,-0.584
-0.131,-0.584
-0.13,-0.584
-0.129,-0.584
-0.128,-0.584
-0.127,-0.584
-0.126,-0.584
-0.125,-0.584
-0.124,-0.584
-0.123,-0.584
-0.122,-0.584
-0.121,-0.584
-0.12,-0.584
-0.119,-0.584
-0.118,-0.584
-0.117,-0.584
-0.116,-0.584
-0.115,-0.584
-0.114,-0.584
-0.113,-0.584
-0.112,-0.584
-0.111,-0.584
-0.11,-0.584
-0.109,-0.584
-0.108,-0.584
-0.107,-0.584
-0.106,-0.584
-0.105,-0.584
-0.104,-0.584
-0.103,-0.584
-0.102,-0.584
-0.101,-0.584
-0.1,-0.584
-0.099,-0.584
-0.098,-0.584
-0.097,-0.584
-0.096,-0.584
-0.095,-0.584
-0.094,-0.584
-0.093,-0.584
-0.092,-0.584
-0.091,-0.584
-0.09,-0.584
-0.089,-0.584
-0.088,-0.584
-0.087,-0.584
-0.086,-0.584
-0.085,-0.584
-0.084,-0.584
-0.083,-0.584
-0.082,-0.584
-0.081,-0.584
-0.08,-0.584
-0.079,-0.584
-0.078,-0.584
-0.077,-0.584
-0.076,-0.584
-0.075,-0.584
-0.074,-0.584
-0.073,-0.584
-0.072,-0.584
-0.071,-0.584
-0.07,-0.584
-0.069,-0.584
-0.068,-0.584
-0.067,-0.584
-0.066,-0.584
-0.065,-0.584
-0.064,-0.584
-0.063,-0.584
-0.062,-0.584
-0.061,-0.584
-0.06,-0.584
-0.059,-0.584
-0.058,-0.584
-0.057,-0.584
-0.056,-0.584
-0.055,-0.584
-0.054,-0.584
-0.053,-0.584
-0.052,-0.584
-0.051,-0.584
-0.05,-0.584
-0.049,-0.584
-0.048,-0.584
-0.047,-0.584
-0.046,-0.584
-0.045,-0.584
-0.044,-0.584
-0.043,-0.584
-0.042,-0.584
-0.041,-0.584
-0.04,-0.584
-0.039,-0.584
-0.038,-0.584
-0.037,-0.584
-0.036,-0.584
-0.035,-0.584
-0.034,-0.584
-0.033,-0.584
-0.032,-0.584
-0.031,-0.584
-0.03,-0.584
-0.029,-0.584
-0.028,-0.584
-0.027,-0.584
-0.026,-0.584
-0.025,-0.584
-0.024,-0.584
-0.023,-0.584
-0.022,-0.584
-0.021,-0.584
-0.02,-0.584
-0.019,-0.584
-0.018,-0.584
-0.017,-0.584
-0.016,-0.584
-0.015,-0.584
-0.014,-0.584
-0.013,-0.584
-0.012,-0.584
-0.011,-0.584
-0.01,-0.584
-0.009,-0.584
-0.008,-0.584
-0.007,-0.584
-0.006,-0.584
-0.005,-0.584
-0.004,-0.584
-0.003,-0.584
-0.002,-0.584
-0.001,-0.584
0.0,-0.584
0.001,-0.584
0.002,-0.584
0.003,-0.584
0.004,-0.584
0.005,-0.584
0.006,-0.584
0.007,-0.584
0.008,-0.584
0.009,-0.584
0.01,-0.584
0.011,-0.584
0.012,-0.584
0.013,-0.584
0.014,-0.584
0.015,-0.584
0.016,-0.584
0.017,-0.584
0.018,-0.584
0.019,-0.584
0.02,-0.584
0.021,-0.584
0.022,-0.584
0.023,-0.584
0.024,-0.584
0.025,-0.584
0.026,-0.584
0.027,-0.584
0.028,-0.584
0.029,-0.584
0.03,-0.584
0.031,-0.584
0.032,-0.584
0.033,-0.584
0.034,-0.584
0.035,-0.584
0.036,-0.584
0.037,-0.584
0.038,-0.584
0.039,-0.584
0.04,-0.584
0.041,-0.584
0.042,-0.584
0.043,-0.584
0.044,-0.584
0.045,-0.584
0.046,-0.584
0.047,-0.584
0.048,-0.584
0.049,-0.584
0.05,-0.584
0.051,-0.584
0.052,-0.584
0.053,-0.584
0.054,-0.584
0.055,-0.584
0.056,-0.584
0.057,-0.584
0.058,-0.584
0.059,-0.584
0.06,-0.584
0.061,-0.584
0.062,-0.584
0.063,-0.584
0.064,-0.584
0.065,-0.584
0.066,-0.584
0.067,-0.584
0.068,-0.584
0.069,-0.584
0.07,-0.584
0.071,-0.584
0.072,-0.584
0.073,-0.584
0.074,-0.584
0.075,-0.584
0.076,-0.584
0.077,-0.584
0.078,-0.584
0.079,-0.584
0.08,-0.584
0.081,-0.584
0.082,-0.584
0.083,-0.584
0.084,-0.584
0.085,-0.584
0.086,-0.584
0.087,-0.584
0.088,-0.584
0.089,-0.584
0.09,-0.584
0.091,-0.584
0.092,-0.584
0.093,-0.584
0.094,-0.584
0.095,-0.584
0.096,-0.584
0.097,-0.584
0.098,-0.584
0.099,-0.584
0.1,-0.584
0.101,-0.584
0.102,-0.584
0.103,-0.584
0.104,-0.584
0.105,-0.584
0.106,-0.584
0.107,-0.584
0.108,-0.584
0.109,-0.584
0.11,-0.584
0.111,-0.584
0.112,-0.584
0.113,-0.584
0.114,-0.584
0.115,-0.584
0.116,-0.584
0.117,-0.584
0.118,-0.584
0.119,-0.584
0.12,-0.584
0.121,-0.584
0.122,-0.584
0.123,-0.584
0.124,-0.584
0.125,-0.584
0.126,-0.584
0.127,-0.584
0.128,-0.584
0.129,-0.584
0.13,-0.584
0.131,-0.584
0.132,-0.584
0.133,-0.584
0.134,-0.584
0.135,-0.584
0.136,-0.584
0.137,-0.584
0.138,-0.584
0.139,-0.584
0.14,-0.584
0.141,-0.584
0.142,-0.584
0.146,-0.584
0.147,-0.584
0.148,-0.584
0.15,-0.584
0.151,-0.584
0.152,-0.584
0.153,-0.584
0.154,-0.584
0.157,-0.584
0.164,-0.584
0.165,-0.584
0.166,-0.584
0.168,-0.584
0.176,-0.584
0.178,-0.584
0.18,-0.584
0.181,-0.584
0.182,-0.584
0.186,-0.584
0.19,-0.584
0.265,-0.584
0.266,-0.584
0.267,-0.584
0.271,-0.584
0.272,-0.584
0.273,-0.584
0.274,-0.584
0.275,-0.584
0.276,-0.584
0.277,-0.584
0.278,-0.584
0.279,-0.584
0.321,-0.584
-0.542,-0.583
-0.541,-0.583
-0.54,-0.583
-0.539,-0.583
-0.538,-0.583
-0.537,-0.583
-0.536,-0.583
-0.535,-0.583
-0.534,-0.583
-0.533,-0.583
-0.532,-0.583
-0.531,-0.583
-0.53,-0.583
-0.529,-0.583
-0.528,-0.583
-0.527,-0.583
-0.526,-0.583
-0.525,-0.583
-0.524,-0.583
-0.523,-0.583
-0.522,-0.583
-0.521,-0.583
-0.52,-0.583
-0.519,-0.583
-0.518,-0.583
-0.517,-0.583
-0.516,-0.583
-0.515,-0.583
-0.514,-0.583
-0.513,-0.583
-0.512,-0.583
-0.511,-0.583
-0.51,-0.583
-0.509,-0.583
-0.508,-0.583
-0.507,-0.583
-0.506,-0.583
-0.505,-0.583
-0.504,-0.583
-0.503,-0.583
-0.502,-0.583
-0.501,-0.583
-0.5,-0.583
-0.499,-0.583
-0.498,-0.583
-0.497,-0.583
-0.496,-0.583
-0.495,-0.583
-0.494,-0.583
-0.493,-0.583
-0.492,-0.583
-0.491,-0.583
-0.49,-0.583
-0.489,-0.583
-0.488,-0.583
-0.487,-0.583
-0.486,-0.583
-0.485,-0.583
-0.484,-0.583
-0.483,-0.583
-0.482,-0.583
-0.481,-0.583
-0.48,-0.583
-0.479,-0.583
-0.478,-0.583
-0.477,-0.583
-0.476,-0.583
-0.475,-0.583
-0.474,-0.583
-0.473,-0.583
-0.472,-0.583
-0.471,-0.583
-0.47,-0.583
-0.467,-0.583
-0.437,-0.583
-0.435,-0.583
-0.432,-0.583
-0.431,-0.583
-0.427,-0.583
-0.418,-0.583
-0.417,-0.583
-0.414,-0.583
-0.413,-0.583
-0.412,-0.583
-0.411,-0.583
-0.41,-0.583
-0.409,-0.583
-0.408,-0.583
-0.407,-0.583
-0.406,-0.583
-0.405,-0.583
-0.404,-0.583
-0.403,-0.583
-0.402,-0.583
-0.401,-0.583
-0.399,-0.583
-0.398,-0.583
-0.397,-0.583
-0.396,-0.583
-0.395,-0.583
-0.394,-0.583
-0.393,-0.583
-0.392,-0.583
-0.391,-0.583
-0.39,-0.583
-0.389,-0.583
-0.388,-0.583
-0.387,-0.583
-0.386,-0.583
-0.385,-0.583
-0.384,-0.583
-0.383,-0.583
-0.382,-0.583
-0.381,-0.583
-0.38,-0.583
-0.379,-0.583
-0.378,-0.583
-0.377,-0.583
-0.376,-0.583
-0.375,-0.583
-0.374,-0.583
-0.373,-0.583
-0.372,-0.583
-0.371,-0.583
-0.37,-0.583
-0.369,-0.583
-0.368,-0.583
-0.367,-0.583
-0.366,-0.583
-0.365,-0.583
-0.364,-0.583
-0.363,-0.583
-0.362,-0.583
-0.361,-0.583
-0.36,-0.583
-0.359,-0.583
-0.358,-0.583
-0.357,-0.583
-0.356,-0.583
-0.355,-0.583
-0.354,-0.583
-0.353,-0.583
-0.352,-0.583
-0.351,-0.583
-0.35,-0.583
-0.349,-0.583
-0.348,-0.583
-0.347,-0.583
-0.346,-0.583
-0.345,-0.583
-0.344,-0.583
-0.343,-0.583
-0.342,-0.583
-0.341,-0.583
-0.34,-0.583
-0.339,-0.583
-0.338,-0.583
-0.337,-0.583
-0.336,-0.583
-0.335,-0.583
-0.334,-0.583
-0.333,-0.583
-0.332,-0.583
-0.331,-0.583
-0.33,-0.583
-0.329,-0.583
-0.328,-0.583
-0.327,-0.583
-0.326,-0.583
-0.325,-0.583
-0.324,-0.583
-0.323,-0.583
-0.322,-0.583
-0.321,-0.583
-0.32,-0.583
-0.319,-0.583
-0.318,-0.583
-0.317,-0.583
-0.316,-0.583
-0.315,-0.583
-0.314,-0.583
-0.313,-0.583
-0.312,-0.583
-0.311,-0.583
-0.31,-0.583
-0.309,-0.583
-0.308,-0.583
-0.307,-0.583
-0.306,-0.583
-0.305,-0.583
-0.304,-0.583
-0.303,-0.583
-0.302,-0.583
-0.301,-0.583
-0.3,-0.583
-0.299,-0.583
-0.298,-0.583
-0.297,-0.583
-0.296,-0.583
-0.295,-0.583
-0.294,-0.583
-0.293,-0.583
-0.292,-0.583
-0.291,-0.583
-0.29,-0.583
-0.289,-0.583
-0.288,-0.583
-0.287,-0.583
-0.286,-0.583
-0.285,-0.583
-0.284,-0.583
-0.283,-0.583
-0.282,-0.583
-0.281,-0.583
-0.28,-0.583
-0.279,-0.583
-0.278,-0.583
-0.277,-0.583
-0.276,-0.583
-0.275,-0.583
-0.274,-0.583
-0.273,-0.583
-0.272,-0.583
-0.271,-0.583
-0.27,-0.583
-0.269,-0.583
-0.268,-0.583
-0.267,-0.583
-0.266,-0.583
-0.265,-0.583
-0.264,-0.583
-0.263,-0.583
-0.262,-0.583
-0.261,-0.583
-0.26,-0.583
-0.259,-0.583
-0.258,-0.583
-0.257,-0.583
-0.256,-0.583
-0.255,-0.583
-0.254,-0.583
-0.253,-0.583
-0.252,-0.583
-0.251,-0.583
-0.25,-0.583
-0.249,-0.583
-0.248,-0.583
-0.247,-0.583
-0.246,-0.583
-0.245,-0.583
-0.244,-0.583
-0.243,-0.583
-0.242,-0.583
-0.241,-0.583
-0.24,-0.583
-0.239,-0.583
-0.238,-0.583
-0.237,-0.583
-0.236,-0.583
-0.235,-0.583
-0.234,-0.583
-0.233,-0.583
-0.232,-0.583
-0.231,-0.583
-0.23,-0.583
-0.229,-0.583
-0.228,-0.583
-0.227,-0.583
-0.226,-0.583
-0.225,-0.583
-0.224,-0.583
-0.223,-0.583
-0.222,-0.583
-0.221,-0.583
-0.22,-0.583
-0.219,-0.583
-0.218,-0.583
-0.217,-0.583
-0.216,-0.583
-0.215,-0.583
-0.214,-0.583
-0.213,-0.583
-0.212,-0.583
-0.211,-0.583
-0.21,-0.583
-0.209,-0.583
-0.208,-0.583
-0.207,-0.583
-0.206,-0.583
-0.205,-0.583
-0.204,-0.583
-0.203,-0.583
-0.202,-0.583
-0.201,-0.583
-0.2,-0.583
-0.199,-0.583
-0.198,-0.583
-0.197,-0.583
-0.196,-0.583
-0.195,-0.583
-0.194,-0.583
-0.193,-0.583
-0.192,-0.583
-0.191,-0.583
-0.19,-0.583
-0.189,-0.583
-0.188,-0.583
-0.187,-0.583
-0.186,-0.583
-0.185,-0.583
-0.184,-0.583
-0.183,-0.583
-0.182,-0.583
-0.181,-0.583
-0.18,-0.583
-0.179,-0.583
-0.178,-0.583
-0.177,-0.583
-0.176,-0.583
-0.175,-0.583
-0.174,-0.583
-0.173,-0.583
-0.172,-0.583
-0.171,-0.583
-0.17,-0.583
-0.169,-0.583
-0.168,-0.583
-0.167,-0.583
-0.166,-0.583
-0.165,-0.583
-0.164,-0.583
-0.163,-0.583
-0.162,-0.583
-0.161,-0.583
-0.16,-0.583
-0.159,-0.583
-0.158,-0.583
-0.157,-0.583
-0.156,-0.583
-0.155,-0.583
-0.154,-0.583
-0.153,-0.583
-0.152,-0.583
-0.151,-0.583
-0.15,-0.583
-0.149,-0.583
-0.148,-0.583
-0.147,-0.583
-0.146,-0.583
-0.145,-0.583
-0.144,-0.583
-0.143,-0.583
-0.142,-0.583
-0.141,-0.583
-0.14,-0.583
-0.139,-0.583
-0.138,-0.583
-0.137,-0.583
-0.136,-0.583
-0.135,-0.583
-0.134,-0.583
-0.133,-0.583
-0.132,-0.583
-0.131,-0.583
-0.13,-0.583
-0.129,-0.583
-0.128,-0.583
-0.127,-0.583
-0.126,-0.583
-0.125,-0.583
-0.124,-0.583
-0.123,-0.583
-0.122,-0.583
-0.121,-0.583
-0.12,-0.583
-0.119,-0.583
-0.118,-0.583
-0.117,-0.583
-0.116,-0.583
-0.115,-0.583
-0.114,-0.583
-0.113,-0.583
-0.112,-0.583
-0.111,-0.583
-0.11,-0.583
-0.109,-0.583
-0.108,-0.583
-0.107,-0.583
-0.106,-0.583
-0.105,-0.583
-0.104,-0.583
-0.103,-0.583
-0.102,-0.583
-0.101,-0.583
-0.1,-0.583
-0.099,-0.583
-0.098,-0.583
-0.097,-0.583
-0.096,-0.583
-0.095,-0.583
-0.094,-0.583
-0.093,-0.583
-0.092,-0.583
-0.091,-0.583
-0.09,-0.583
-0.089,-0.583
-0.088,-0.583
-0.087,-0.583
-0.086,-0.583
-0.085,-0.583
-0.084,-0.583
-0.083,-0.583
-0.082,-0.583
-0.081,-0.583
-0.08,-0.583
-0.079,-0.583
-0.078,-0.583
-0.077,-0.583
-0.076,-0.583
-0.075,-0.583
-0.074,-0.583
-0.073,-0.583
-0.072,-0.583
-0.071,-0.583
-0.07,-0.583
-0.069,-0.583
-0.068,-0.583
-0.067,-0.583
-0.066,-0.583
-0.065,-0.583
-0.064,-0.583
-0.063,-0.583
-0.062,-0.583
-0.061,-0.583
-0.06,-0.583
-0.059,-0.583
-0.058,-0.583
-0.057,-0.583
-0.056,-0.583
-0.055,-0.583
-0.054,-0.583
-0.053,-0.583
-0.052,-0.583
-0.051,-0.583
-0.05,-0.583
-0.049,-0.583
-0.048,-0.583
-0.047,-0.583
-0.046,-0.583
-0.045,-0.583
-0.044,-0.583
-0.043,-0.583
-0.042,-0.583
-0.041,-0.583
-0.04,-0.583
-0.039,-0.583
-0.038,-0.583
-0.037,-0.583
-0.036,-0.583
-0.035,-0.583
-0.034,-0.583
-0.033,-0.583
-0.032,-0.583
-0.031,-0.583
-0.03,-0.583
-0.029,-0.583
-0.028,-0.583
-0.027,-0.583
-0.026,-0.583
-0.025,-0.583
-0.024,-0.583
-0.023,-0.583
-0.022,-0.583
-0.021,-0.583
-0.02,-0.583
-0.019,-0.583
-0.018,-0.583
-0.017,-0.583
-0.016,-0.583
-0.015,-0.583
-0.014,-0.583
-0.013,-0.583
-0.012,-0.583
-0.011,-0.583
-0.01,-0.583
-0.009,-0.583
-0.008,-0.583
-0.007,-0.583
-0.006,-0.583
-0.005,-0.583
-0.004,-0.583
-0.003,-0.583
-0.002,-0.583
-0.001,-0.583
0.0,-0.583
0.001,-0.583
0.002,-0.583
0.003,-0.583
0.004,-0.583
0.005,-0.583
0.006,-0.583
0.007,-0.583
0.008,-0.583
0.009,-0.583
0.01,-0.583
0.011,-0.583
0.012,-0.583
0.013,-0.583
0.014,-0.583
0.015,-0.583
0.016,-0.583
0.017,-0.583
0.018,-0.583
0.019,-0.583
0.02,-0.583
0.021,-0.583
0.022,-0.583
0.023,-0.583
0.024,-0.583
0.025,-0.583
0.026,-0.583
0.027,-0.583
0.028,-0.583
0.029,-0.583
0.03,-0.583
0.031,-0.583
0.032,-0.583
0.033,-0.583
0.034,-0.583
0.035,-0.583
0.036,-0.583
0.037,-0.583
0.038,-0.583
0.039,-0.583
0.04,-0.583
0.041,-0.583
0.042,-0.583
0.043,-0.583
0.044,-0.583
0.045,-0.583
0.046,-0.583
0.047,-0.583
0.048,-0.583
0.049,-0.583
0.05,-0.583
0.051,-0.583
0.052,-0.583
0.053,-0.583
0.054,-0.583
0.055,-0.583
0.056,-0.583
0.057,-0.583
0.058,-0.583
0.059,-0.583
0.06,-0.583
0.061,-0.583
0.062,-0.583
0.063,-0.583
0.064,-0.583
0.065,-0.583
0.066,-0.583
0.067,-0.583
0.068,-0.583
0.069,-0.583
0.07,-0.583
0.071,-0.583
0.072,-0.583
0.073,-0.583
0.074,-0.583
0.075,-0.583
0.076,-0.583
0.077,-0.583
0.078,-0.583
0.079,-0.583
0.08,-0.583
0.081,-0.583
0.082,-0.583
0.083,-0.583
0.084,-0.583
0.085,-0.583
0.086,-0.583
0.087,-0.583
0.088,-0.583
0.089,-0.583
0.09,-0.583
0.091,-0.583
0.092,-0.583
0.093,-0.583
0.094,-0.583
0.095,-0.583
0.096,-0.583
0.097,-0.583
0.098,-0.583
0.099,-0.583
0.1,-0.583
0.101,-0.583
0.102,-0.583
0.103,-0.583
0.104,-0.583
0.105,-0.583
0.106,-0.583
0.107,-0.583
0.108,-0.583
0.109,-0.583
0.11,-0.583
0.111,-0.583
0.112,-0.583
0.113,-0.583
0.114,-0.583
0.115,-0.583
0.116,-0.583
0.117,-0.583
0.118,-0.583
0.119,-0.583
0.12,-0.583
0.121,-0.583
0.122,-0.583
0.123,-0.583
0.124,-0.583
0.125,-0.583
0.126,-0.583
0.127,-0.583
0.128,-0.583
0.129,-0.583
0.13,-0.583
0.131,-0.583
0.132,-0.583
0.133,-0.583
0.134,-0.583
0.135,-0.583
0.136,-0.583
0.137,-0.583
0.138,-0.583
0.139,-0.583
0.14,-0.583
0.141,-0.583
0.143,-0.583
0.144,-0.583
0.146,-0.583
0.147,-0.583
0.148,-0.583
0.149,-0.583
0.15,-0.583
0.151,-0.583
0.152,-0.583
0.153,-0.583
0.155,-0.583
0.156,-0.583
0.157,-0.583
0.158,-0.583
0.166,-0.583
0.167,-0.583
0.168,-0.583
0.169,-0.583
0.17,-0.583
0.176,-0.583
0.177,-0.583
0.178,-0.583
0.179,-0.583
0.18,-0.583
0.181,-0.583
0.182,-0.583
0.183,-0.583
0.187,-0.583
0.192,-0.583
0.239,-0.583
0.267,-0.583
0.27,-0.583
0.271,-0.583
0.272,-0.583
0.273,-0.583
0.274,-0.583
0.275,-0.583
0.276,-0.583
0.277,-0.583
0.278,-0.583
0.279,-0.583
0.298,-0.583
0.326,-0.583
-0.542,-0.582
-0.541,-0.582
-0.54,-0.582
-0.539,-0.582
-0.538,-0.582
-0.537,-0.582
-0.536,-0.582
-0.535,-0.582
-0.534,-0.582
-0.533,-0.582
-0.532,-0.582
-0.531,-0.582
-0.53,-0.582
-0.529,-0.582
-0.528,-0.582
-0.527,-0.582
-0.526,-0.582
-0.525,-0.582
-0.524,-0.582
-0.523,-0.582
-0.522,-0.582
-0.521,-0.582
-0.52,-0.582
-0.519,-0.582
-0.518,-0.582
-0.517,-0.582
-0.516,-0.582
-0.515,-0.582
-0.514,-0.582
-0.513,-0.582
-0.512,-0.582
-0.511,-0.582
-0.51,-0.582
-0.509,-0.582
-0.508,-0.582
-0.507,-0.582
-0.506,-0.582
-0.505,-0.582
-0.504,-0.582
-0.503,-0.582
-0.502,-0.582
-0.501,-0.582
-0.5,-0.582
-0.499,-0.582
-0.498,-0.582
-0.497,-0.582
-0.496,-0.582
-0.495,-0.582
-0.494,-0.582
-0.493,-0.582
-0.492,-0.582
-0.491,-0.582
-0.49,-0.582
-0.489,-0.582
-0.488,-0.582
-0.487,-0.582
-0.486,-0.582
-0.485,-0.582
-0.484,-0.582
-0.483,-0.582
-0.482,-0.582
-0.481,-0.582
-0.48,-0.582
-0.479,-0.582
-0.478,-0.582
-0.477,-0.582
-0.476,-0.582
-0.475,-0.582
-0.474,-0.582
-0.473,-0.582
-0.472,-0.582
-0.471,-0.582
-0.47,-0.582
-0.467,-0.582
-0.466,-0.582
-0.43,-0.582
-0.428,-0.582
-0.427,-0.582
-0.418,-0.582
-0.415,-0.582
-0.414,-0.582
-0.413,-0.582
