-0.198,-1.1
-0.165,-1.039
-0.164,-1.039
-0.163,-1.039
-0.162,-1.039
-0.157,-1.039
-0.164,-1.038
-0.163,-1.038
-0.162,-1.038
-0.161,-1.038
-0.158,-1.038
-0.157,-1.038
-0.156,-1.038
-0.154,-1.038
-0.164,-1.037
-0.163,-1.037
-0.162,-1.037
-0.161,-1.037
-0.16,-1.037
-0.159,-1.037
-0.158,-1.037
-0.157,-1.037
-0.156,-1.037
-0.155,-1.037
-0.154,-1.037
-0.164,-1.036
-0.163,-1.036
-0.162,-1.036
-0.161,-1.036
-0.16,-1.036
-0.159,-1.036
-0.158,-1.036
-0.157,-1.036
-0.156,-1.036
-0.155,-1.036
-0.154,-1.036
-0.153,-1.036
-0.162,-1.035
-0.161,-1.035
-0.16,-1.035
-0.159,-1.035
-0.158,-1.035
-0.157,-1.035
-0.156,-1.035
-0.155,-1.035
-0.154,-1.035
-0.153,-1.035
-0.152,-1.035
-0.162,-1.034
-0.161,-1.034
-0.16,-1.034
-0.159,-1.034
-0.158,-1.034
-0.157,-1.034
-0.156,-1.034
-0.155,-1.034
-0.154,-1.034
-0.153,-1.034
-0.163,-1.033
-0.162,-1.033
-0.161,-1.033
-0.16,-1.033
-0.159,-1.033
-0.158,-1.033
-0.157,-1.033
-0.156,-1.033
-0.155,-1.033
-0.154,-1.033
-0.153,-1.033
-0.162,-1.032
-0.161,-1.032
-0.16,-1.032
-0.159,-1.032
-0.158,-1.032
-0.157,-1.032
-0.156,-1.032
-0.155,-1.032
-0.154,-1.032
-0.153,-1.032
-0.163,-1.031
-0.162,-1.031
-0.161,-1.031
-0.16,-1.031
-0.159,-1.031
-0.158,-1.031
-0.157,-1.031
-0.156,-1.031
-0.155,-1.031
-0.154,-1.031
-0.162,-1.03
-0.161,-1.03
-0.16,-1.03
-0.159,-1.03
-0.158,-1.03
-0.157,-1.03
-0.156,-1.03
-0.155,-1.03
-0.161,-1.029
-0.16,-1.029
-0.159,-1.029
-0.158,-1.029
-0.157,-1.029
-0.156,-1.029
-0.155,-1.029
-0.163,-1.028
-0.162,-1.028
-0.161,-1.028
-0.16,-1.028
-0.159,-1.028
-0.158,-1.028
-0.157,-1.028
-0.156,-1.028
-0.162,-1.027
-0.161,-1.027
-0.159,-1.027
-0.157,-1.027
-0.157,-1.026
0.0,-1.0
-0.128,-0.989
-0.127,-0.989
-0.043,-0.989
-0.129,-0.988
-0.128,-0.988
-0.127,-0.988
-0.045,-0.988
-0.044,-0.988
-0.043,-0.988
-0.042,-0.988
-0.128,-0.987
-0.127,-0.987
-0.045,-0.987
-0.044,-0.987
-0.043,-0.987
-0.042,-0.987
-0.045,-0.986
-0.044,-0.986
-0.043,-0.986
-0.042,-0.986
-0.041,-0.986
-0.04,-0.986
-0.045,-0.985
-0.044,-0.985
-0.043,-0.985
-0.041,-0.985
-0.044,-0.984
-0.074,-0.971
-0.074,-0.97
-0.114,-0.969
-0.105,-0.927
-0.105,-0.926
-0.107,-0.925
-0.106,-0.925
-0.105,-0.925
-0.104,-0.925
-0.107,-0.924
-0.106,-0.924
-0.105,-0.924
-0.104,-0.924
-0.109,-0.923
-0.105,-0.923
-0.104,-0.923
-0.107,-0.912
-0.113,-0.897
-0.109,-0.897
-0.119,-0.896
-0.11,-0.895
-0.109,-0.895
-0.111,-0.894
-0.11,-0.894
-0.109,-0.894
-0.108,-0.894
-0.113,-0.893
-0.112,-0.893
-0.111,-0.893
-0.11,-0.893
-0.109,-0.893
-0.108,-0.893
-0.114,-0.892
-0.113,-0.892
-0.112,-0.892
-0.111,-0.892
-0.11,-0.892
-0.109,-0.892
-0.108,-0.892
-0.107,-0.892
-0.102,-0.892
-0.115,-0.891
-0.114,-0.891
-0.113,-0.891
-0.112,-0.891
-0.111,-0.891
-0.11,-0.891
-0.109,-0.891
-0.108,-0.891
-0.107,-0.891
-0.106,-0.891
-0.104,-0.891
-0.119,-0.89
-0.116,-0.89
-0.115,-0.89
-0.114,-0.89
-0.113,-0.89
-0.112,-0.89
-0.111,-0.89
-0.11,-0.89
-0.109,-0.89
-0.108,-0.89
-0.107,-0.89
-0.106,-0.89
-0.105,-0.89
-0.104,-0.89
-0.116,-0.889
-0.115,-0.889
-0.114,-0.889
-0.113,-0.889
-0.112,-0.889
-0.111,-0.889
-0.11,-0.889
-0.109,-0.889
-0.108,-0.889
-0.107,-0.889
-0.106,-0.889
-0.105,-0.889
-0.116,-0.888
-0.115,-0.888
-0.114,-0.888
-0.113,-0.888
-0.112,-0.888
-0.111,-0.888
-0.11,-0.888
-0.109,-0.888
-0.108,-0.888
-0.107,-0.888
-0.106,-0.888
-0.105,-0.888
-0.14,-0.887
-0.119,-0.887
-0.118,-0.887
-0.117,-0.887
-0.116,-0.887
-0.115,-0.887
-0.114,-0.887
-0.113,-0.887
-0.112,-0.887
-0.111,-0.887
-0.11,-0.887
-0.109,-0.887
-0.108,-0.887
-0.107,-0.887
-0.106,-0.887
-0.105,-0.887
-0.104,-0.887
-0.126,-0.886
-0.116,-0.886
-0.115,-0.886
-0.114,-0.886
-0.113,-0.886
-0.112,-0.886
-0.111,-0.886
-0.11,-0.886
-0.109,-0.886
-0.108,-0.886
-0.107,-0.886
-0.106,-0.886
-0.105,-0.886
-0.138,-0.885
-0.121,-0.885
-0.115,-0.885
-0.114,-0.885
-0.113,-0.885
-0.112,-0.885
-0.111,-0.885
-0.11,-0.885
-0.109,-0.885
-0.108,-0.885
-0.107,-0.885
-0.106,-0.885
-0.105,-0.885
-0.104,-0.885
-0.121,-0.884
-0.114,-0.884
-0.113,-0.884
-0.112,-0.884
-0.111,-0.884
-0.11,-0.884
-0.109,-0.884
-0.108,-0.884
-0.107,-0.884
-0.106,-0.884
-0.126,-0.883
-0.125,-0.883
-0.121,-0.883
-0.119,-0.883
-0.118,-0.883
-0.117,-0.883
-0.116,-0.883
-0.115,-0.883
-0.114,-0.883
-0.113,-0.883
-0.112,-0.883
-0.111,-0.883
-0.11,-0.883
-0.109,-0.883
-0.108,-0.883
-0.107,-0.883
-0.136,-0.882
-0.127,-0.882
-0.126,-0.882
-0.125,-0.882
-0.124,-0.882
-0.122,-0.882
-0.121,-0.882
-0.12,-0.882
-0.119,-0.882
-0.118,-0.882
-0.117,-0.882
-0.116,-0.882
-0.115,-0.882
-0.114,-0.882
-0.113,-0.882
-0.112,-0.882
-0.111,-0.882
-0.11,-0.882
-0.109,-0.882
-0.108,-0.882
-0.107,-0.882
-0.1,-0.882
-0.137,-0.881
-0.126,-0.881
-0.125,-0.881
-0.124,-0.881
-0.123,-0.881
-0.122,-0.881
-0.121,-0.881
-0.12,-0.881
-0.119,-0.881
-0.118,-0.881
-0.117,-0.881
-0.116,-0.881
-0.115,-0.881
-0.114,-0.881
-0.113,-0.881
-0.112,-0.881
-0.111,-0.881
-0.11,-0.881
-0.109,-0.881
-0.108,-0.881
-0.107,-0.881
-0.106,-0.881
-0.105,-0.881
-0.104,-0.881
-0.103,-0.881
-0.101,-0.881
-0.138,-0.88
-0.133,-0.88
-0.125,-0.88
-0.124,-0.88
-0.123,-0.88
-0.122,-0.88
-0.121,-0.88
-0.12,-0.88
-0.119,-0.88
-0.118,-0.88
-0.117,-0.88
-0.116,-0.88
-0.115,-0.88
-0.114,-0.88
-0.113,-0.88
-0.112,-0.88
-0.111,-0.88
-0.11,-0.88
-0.109,-0.88
-0.108,-0.88
-0.107,-0.88
-0.106,-0.88
-0.105,-0.88
-0.104,-0.88
-0.103,-0.88
-0.102,-0.88
-0.101,-0.88
-0.098,-0.88
-0.082,-0.88
-0.135,-0.879
-0.133,-0.879
-0.128,-0.879
-0.127,-0.879
-0.126,-0.879
-0.125,-0.879
-0.124,-0.879
-0.123,-0.879
-0.122,-0.879
-0.121,-0.879
-0.12,-0.879
-0.119,-0.879
-0.118,-0.879
-0.117,-0.879
-0.116,-0.879
-0.115,-0.879
-0.114,-0.879
-0.113,-0.879
-0.112,-0.879
-0.111,-0.879
-0.11,-0.879
-0.109,-0.879
-0.108,-0.879
-0.107,-0.879
-0.106,-0.879
-0.105,-0.879
-0.104,-0.879
-0.103,-0.879
-0.102,-0.879
-0.101,-0.879
-0.1,-0.879
-0.099,-0.879
-0.098,-0.879
-0.097,-0.879
-0.096,-0.879
-0.084,-0.879
-0.138,-0.878
-0.136,-0.878
-0.135,-0.878
-0.134,-0.878
-0.133,-0.878
-0.132,-0.878
-0.131,-0.878
-0.128,-0.878
-0.127,-0.878
-0.126,-0.878
-0.125,-0.878
-0.124,-0.878
-0.123,-0.878
-0.122,-0.878
-0.121,-0.878
-0.12,-0.878
-0.119,-0.878
-0.118,-0.878
-0.117,-0.878
-0.116,-0.878
-0.115,-0.878
-0.114,-0.878
-0.113,-0.878
-0.112,-0.878
-0.111,-0.878
-0.11,-0.878
-0.109,-0.878
-0.108,-0.878
-0.107,-0.878
-0.106,-0.878
-0.105,-0.878
-0.104,-0.878
-0.103,-0.878
-0.102,-0.878
-0.101,-0.878
-0.1,-0.878
-0.099,-0.878
-0.098,-0.878
-0.097,-0.878
-0.136,-0.877
-0.135,-0.877
-0.134,-0.877
-0.133,-0.877
-0.132,-0.877
-0.131,-0.877
-0.129,-0.877
-0.128,-0.877
-0.127,-0.877
-0.126,-0.877
-0.125,-0.877
-0.124,-0.877
-0.123,-0.877
-0.122,-0.877
-0.121,-0.877
-0.12,-0.877
-0.119,-0.877
-0.118,-0.877
-0.117,-0.877
-0.116,-0.877
-0.115,-0.877
-0.114,-0.877
-0.113,-0.877
-0.112,-0.877
-0.111,-0.877
-0.11,-0.877
-0.109,-0.877
-0.108,-0.877
-0.107,-0.877
-0.106,-0.877
-0.105,-0.877
-0.104,-0.877
-0.103,-0.877
-0.102,-0.877
-0.101,-0.877
-0.1,-0.877
-0.099,-0.877
-0.098,-0.877
-0.097,-0.877
-0.136,-0.876
-0.135,-0.876
-0.134,-0.876
-0.133,-0.876
-0.132,-0.876
-0.131,-0.876
-0.13,-0.876
-0.129,-0.876
-0.128,-0.876
-0.127,-0.876
-0.126,-0.876
-0.125,-0.876
-0.124,-0.876
-0.123,-0.876
-0.122,-0.876
-0.121,-0.876
-0.12,-0.876
-0.119,-0.876
-0.118,-0.876
-0.117,-0.876
-0.116,-0.876
-0.115,-0.876
-0.114,-0.876
-0.113,-0.876
-0.112,-0.876
-0.111,-0.876
-0.11,-0.876
-0.109,-0.876
-0.108,-0.876
-0.107,-0.876
-0.106,-0.876
-0.105,-0.876
-0.104,-0.876
-0.103,-0.876
-0.102,-0.876
-0.101,-0.876
-0.1,-0.876
-0.099,-0.876
-0.098,-0.876
-0.097,-0.876
-0.095,-0.876
-0.084,-0.876
-0.137,-0.875
-0.136,-0.875
-0.135,-0.875
-0.134,-0.875
-0.133,-0.875
-0.132,-0.875
-0.131,-0.875
-0.13,-0.875
-0.129,-0.875
-0.128,-0.875
-0.127,-0.875
-0.126,-0.875
-0.125,-0.875
-0.124,-0.875
-0.123,-0.875
-0.122,-0.875
-0.121,-0.875
-0.12,-0.875
-0.119,-0.875
-0.118,-0.875
-0.117,-0.875
-0.116,-0.875
-0.115,-0.875
-0.114,-0.875
-0.113,-0.875
-0.112,-0.875
-0.111,-0.875
-0.11,-0.875
-0.109,-0.875
-0.108,-0.875
-0.107,-0.875
-0.106,-0.875
-0.105,-0.875
-0.104,-0.875
-0.103,-0.875
-0.102,-0.875
-0.101,-0.875
-0.1,-0.875
-0.099,-0.875
-0.098,-0.875
-0.097,-0.875
-0.096,-0.875
-0.095,-0.875
-0.091,-0.875
-0.086,-0.875
-0.085,-0.875
-0.084,-0.875
-0.136,-0.874
-0.135,-0.874
-0.134,-0.874
-0.133,-0.874
-0.132,-0.874
-0.131,-0.874
-0.13,-0.874
-0.129,-0.874
-0.128,-0.874
-0.127,-0.874
-0.126,-0.874
-0.125,-0.874
-0.124,-0.874
-0.123,-0.874
-0.122,-0.874
-0.121,-0.874
-0.12,-0.874
-0.119,-0.874
-0.118,-0.874
-0.117,-0.874
-0.116,-0.874
-0.115,-0.874
-0.114,-0.874
-0.113,-0.874
-0.112,-0.874
-0.111,-0.874
-0.11,-0.874
-0.109,-0.874
-0.108,-0.874
-0.107,-0.874
-0.106,-0.874
-0.105,-0.874
-0.104,-0.874
-0.103,-0.874
-0.102,-0.874
-0.101,-0.874
-0.1,-0.874
-0.099,-0.874
-0.098,-0.874
-0.097,-0.874
-0.096,-0.874
-0.095,-0.874
-0.092,-0.874
-0.091,-0.874
-0.09,-0.874
-0.136,-0.873
-0.135,-0.873
-0.134,-0.873
-0.133,-0.873
-0.132,-0.873
-0.131,-0.873
-0.13,-0.873
-0.129,-0.873
-0.128,-0.873
-0.127,-0.873
-0.126,-0.873
-0.125,-0.873
-0.124,-0.873
-0.123,-0.873
-0.122,-0.873
-0.121,-0.873
-0.12,-0.873
-0.119,-0.873
-0.118,-0.873
-0.117,-0.873
-0.116,-0.873
-0.115,-0.873
-0.114,-0.873
-0.113,-0.873
-0.112,-0.873
-0.111,-0.873
-0.11,-0.873
-0.109,-0.873
-0.108,-0.873
-0.107,-0.873
-0.106,-0.873
-0.105,-0.873
-0.104,-0.873
-0.103,-0.873
-0.102,-0.873
-0.101,-0.873
-0.1,-0.873
-0.099,-0.873
-0.098,-0.873
-0.097,-0.873
-0.096,-0.873
-0.095,-0.873
-0.093,-0.873
-0.092,-0.873
-0.091,-0.873
-0.09,-0.873
-0.088,-0.873
-0.134,-0.872
-0.133,-0.872
-0.132,-0.872
-0.131,-0.872
-0.13,-0.872
-0.129,-0.872
-0.128,-0.872
-0.127,-0.872
-0.126,-0.872
-0.125,-0.872
-0.124,-0.872
-0.123,-0.872
-0.122,-0.872
-0.121,-0.872
-0.12,-0.872
-0.119,-0.872
-0.118,-0.872
-0.117,-0.872
-0.116,-0.872
-0.115,-0.872
-0.114,-0.872
-0.113,-0.872
-0.112,-0.872
-0.111,-0.872
-0.11,-0.872
-0.109,-0.872
-0.108,-0.872
-0.107,-0.872
-0.106,-0.872
-0.105,-0.872
-0.104,-0.872
-0.103,-0.872
-0.102,-0.872
-0.101,-0.872
-0.1,-0.872
-0.099,-0.872
-0.098,-0.872
-0.097,-0.872
-0.096,-0.872
-0.095,-0.872
-0.094,-0.872
-0.093,-0.872
-0.092,-0.872
-0.091,-0.872
-0.09,-0.872
-0.089,-0.872
-0.088,-0.872
-0.087,-0.872
-0.086,-0.872
-0.134,-0.871
-0.133,-0.871
-0.132,-0.871
-0.131,-0.871
-0.13,-0.871
-0.129,-0.871
-0.128,-0.871
-0.127,-0.871
-0.126,-0.871
-0.125,-0.871
-0.124,-0.871
-0.123,-0.871
-0.122,-0.871
-0.121,-0.871
-0.12,-0.871
-0.119,-0.871
-0.118,-0.871
-0.117,-0.871
-0.116,-0.871
-0.115,-0.871
-0.114,-0.871
-0.113,-0.871
-0.112,-0.871
-0.111,-0.871
-0.11,-0.871
-0.109,-0.871
-0.108,-0.871
-0.107,-0.871
-0.106,-0.871
-0.105,-0.871
-0.104,-0.871
-0.103,-0.871
-0.102,-0.871
-0.101,-0.871
-0.1,-0.871
-0.099,-0.871
-0.098,-0.871
-0.097,-0.871
-0.096,-0.871
-0.095,-0.871
-0.094,-0.871
-0.093,-0.871
-0.092,-0.871
-0.091,-0.871
-0.09,-0.871
-0.089,-0.871
-0.088,-0.871
-0.134,-0.87
-0.133,-0.87
-0.132,-0.87
-0.131,-0.87
-0.13,-0.87
-0.129,-0.87
-0.128,-0.87
-0.127,-0.87
-0.126,-0.87
-0.125,-0.87
-0.124,-0.87
-0.123,-0.87
-0.122,-0.87
-0.121,-0.87
-0.12,-0.87
-0.119,-0.87
-0.118,-0.87
-0.117,-0.87
-0.116,-0.87
-0.115,-0.87
-0.114,-0.87
-0.113,-0.87
-0.112,-0.87
-0.111,-0.87
-0.11,-0.87
-0.109,-0.87
-0.108,-0.87
-0.107,-0.87
-0.106,-0.87
-0.105,-0.87
-0.104,-0.87
-0.103,-0.87
-0.102,-0.87
-0.101,-0.87
-0.1,-0.87
-0.099,-0.87
-0.098,-0.87
-0.097,-0.87
-0.096,-0.87
-0.095,-0.87
-0.094,-0.87
-0.093,-0.87
-0.092,-0.87
-0.091,-0.87
-0.09,-0.87
-0.089,-0.87
-0.137,-0.869
-0.136,-0.869
-0.135,-0.869
-0.134,-0.869
-0.133,-0.869
-0.132,-0.869
-0.131,-0.869
-0.13,-0.869
-0.129,-0.869
-0.128,-0.869
-0.127,-0.869
-0.126,-0.869
-0.125,-0.869
-0.124,-0.869
-0.123,-0.869
-0.122,-0.869
-0.121,-0.869
-0.12,-0.869
-0.119,-0.869
-0.118,-0.869
-0.117,-0.869
-0.116,-0.869
-0.115,-0.869
-0.114,-0.869
-0.113,-0.869
-0.112,-0.869
-0.111,-0.869
-0.11,-0.869
-0.109,-0.869
-0.108,-0.869
-0.107,-0.869
-0.106,-0.869
-0.105,-0.869
-0.104,-0.869
-0.103,-0.869
-0.102,-0.869
-0.101,-0.869
-0.1,-0.869
-0.099,-0.869
-0.098,-0.869
-0.097,-0.869
-0.096,-0.869
-0.095,-0.869
-0.094,-0.869
-0.093,-0.869
-0.092,-0.869
-0.091,-0.869
-0.09,-0.869
-0.089,-0.869
-0.088,-0.869
-0.087,-0.869
-0.086,-0.869
-0.142,-0.868
-0.135,-0.868
-0.134,-0.868
-0.133,-0.868
-0.132,-0.868
-0.131,-0.868
-0.13,-0.868
-0.129,-0.868
-0.128,-0.868
-0.127,-0.868
-0.126,-0.868
-0.125,-0.868
-0.124,-0.868
-0.123,-0.868
-0.122,-0.868
-0.121,-0.868
-0.12,-0.868
-0.119,-0.868
-0.118,-0.868
-0.117,-0.868
-0.116,-0.868
-0.115,-0.868
-0.114,-0.868
-0.113,-0.868
-0.112,-0.868
-0.111,-0.868
-0.11,-0.868
-0.109,-0.868
-0.108,-0.868
-0.107,-0.868
-0.106,-0.868
-0.105,-0.868
-0.104,-0.868
-0.103,-0.868
-0.102,-0.868
-0.101,-0.868
-0.1,-0.868
-0.099,-0.868
-0.098,-0.868
-0.097,-0.868
-0.096,-0.868
-0.095,-0.868
-0.094,-0.868
-0.093,-0.868
-0.092,-0.868
-0.091,-0.868
-0.09,-0.868
-0.088,-0.868
-0.14,-0.867
-0.138,-0.867
-0.136,-0.867
-0.135,-0.867
-0.134,-0.867
-0.133,-0.867
-0.132,-0.867
-0.131,-0.867
-0.13,-0.867
-0.129,-0.867
-0.128,-0.867
-0.127,-0.867
-0.126,-0.867
-0.125,-0.867
-0.124,-0.867
-0.123,-0.867
-0.122,-0.867
-0.121,-0.867
-0.12,-0.867
-0.119,-0.867
-0.118,-0.867
-0.117,-0.867
-0.116,-0.867
-0.115,-0.867
-0.114,-0.867
-0.113,-0.867
-0.112,-0.867
-0.111,-0.867
-0.11,-0.867
-0.109,-0.867
-0.108,-0.867
-0.107,-0.867
-0.106,-0.867
-0.105,-0.867
-0.104,-0.867
-0.103,-0.867
-0.102,-0.867
-0.101,-0.867
-0.1,-0.867
-0.099,-0.867
-0.098,-0.867
-0.097,-0.867
-0.096,-0.867
-0.095,-0.867
-0.094,-0.867
-0.093,-0.867
-0.092,-0.867
-0.089,-0.867
-0.147,-0.866
-0.142,-0.866
-0.138,-0.866
-0.136,-0.866
-0.135,-0.866
-0.134,-0.866
-0.133,-0.866
-0.132,-0.866
-0.131,-0.866
-0.13,-0.866
-0.129,-0.866
-0.128,-0.866
-0.127,-0.866
-0.126,-0.866
-0.125,-0.866
-0.124,-0.866
-0.123,-0.866
-0.122,-0.866
-0.121,-0.866
-0.12,-0.866
-0.119,-0.866
-0.118,-0.866
-0.117,-0.866
-0.116,-0.866
-0.115,-0.866
-0.114,-0.866
-0.113,-0.866
-0.112,-0.866
-0.111,-0.866
-0.11,-0.866
-0.109,-0.866
-0.108,-0.866
-0.107,-0.866
-0.106,-0.866
-0.105,-0.866
-0.104,-0.866
-0.103,-0.866
-0.102,-0.866
-0.101,-0.866
-0.1,-0.866
-0.099,-0.866
-0.098,-0.866
-0.097,-0.866
-0.096,-0.866
-0.095,-0.866
-0.094,-0.866
-0.093,-0.866
-0.092,-0.866
-0.091,-0.866
-0.09,-0.866
-0.142,-0.865
-0.141,-0.865
-0.138,-0.865
-0.137,-0.865
-0.136,-0.865
-0.135,-0.865
-0.134,-0.865
-0.133,-0.865
-0.132,-0.865
-0.131,-0.865
-0.13,-0.865
-0.129,-0.865
-0.128,-0.865
-0.127,-0.865
-0.126,-0.865
-0.125,-0.865
-0.124,-0.865
-0.123,-0.865
-0.122,-0.865
-0.121,-0.865
-0.12,-0.865
-0.119,-0.865
-0.118,-0.865
-0.117,-0.865
-0.116,-0.865
-0.115,-0.865
-0.114,-0.865
-0.113,-0.865
-0.112,-0.865
-0.111,-0.865
-0.11,-0.865
-0.109,-0.865
-0.108,-0.865
-0.107,-0.865
-0.106,-0.865
-0.105,-0.865
-0.104,-0.865
-0.103,-0.865
-0.102,-0.865
-0.101,-0.865
-0.1,-0.865
-0.099,-0.865
-0.098,-0.865
-0.097,-0.865
-0.096,-0.865
-0.095,-0.865
-0.094,-0.865
-0.093,-0.865
-0.092,-0.865
-0.091,-0.865
-0.09,-0.865
-0.089,-0.865
-0.088,-0.865
-0.14,-0.864
-0.139,-0.864
-0.138,-0.864
-0.137,-0.864
-0.136,-0.864
-0.135,-0.864
-0.134,-0.864
-0.133,-0.864
-0.132,-0.864
-0.131,-0.864
-0.13,-0.864
-0.129,-0.864
-0.128,-0.864
-0.127,-0.864
-0.126,-0.864
-0.125,-0.864
-0.124,-0.864
-0.123,-0.864
-0.122,-0.864
-0.121,-0.864
-0.12,-0.864
-0.119,-0.864
-0.118,-0.864
-0.117,-0.864
-0.116,-0.864
-0.115,-0.864
-0.114,-0.864
-0.113,-0.864
-0.112,-0.864
-0.111,-0.864
-0.11,-0.864
-0.109,-0.864
-0.108,-0.864
-0.107,-0.864
-0.106,-0.864
-0.105,-0.864
-0.104,-0.864
-0.103,-0.864
-0.102,-0.864
-0.101,-0.864
-0.1,-0.864
-0.099,-0.864
-0.098,-0.864
-0.097,-0.864
-0.096,-0.864
-0.095,-0.864
-0.094,-0.864
-0.093,-0.864
-0.092,-0.864
-0.091,-0.864
-0.09,-0.864
-0.139,-0.863
-0.138,-0.863
-0.137,-0.863
-0.136,-0.863
-0.135,-0.863
-0.134,-0.863
-0.133,-0.863
-0.132,-0.863
-0.131,-0.863
-0.13,-0.863
-0.129,-0.863
-0.128,-0.863
-0.127,-0.863
-0.126,-0.863
-0.125,-0.863
-0.124,-0.863
-0.123,-0.863
-0.122,-0.863
-0.121,-0.863
-0.12,-0.863
-0.119,-0.863
-0.118,-0.863
-0.117,-0.863
-0.116,-0.863
-0.115,-0.863
-0.114,-0.863
-0.113,-0.863
-0.112,-0.863
-0.111,-0.863
-0.11,-0.863
-0.109,-0.863
-0.108,-0.863
-0.107,-0.863
-0.106,-0.863
-0.105,-0.863
-0.104,-0.863
-0.103,-0.863
-0.102,-0.863
-0.101,-0.863
-0.1,-0.863
-0.099,-0.863
-0.098,-0.863
-0.097,-0.863
-0.096,-0.863
-0.095,-0.863
-0.094,-0.863
-0.093,-0.863
-0.092,-0.863
-0.091,-0.863
-0.09,-0.863
-0.144,-0.862
-0.139,-0.862
-0.138,-0.862
-0.137,-0.862
-0.136,-0.862
-0.135,-0.862
-0.134,-0.862
-0.133,-0.862
-0.132,-0.862
-0.131,-0.862
-0.13,-0.862
-0.129,-0.862
-0.128,-0.862
-0.127,-0.862
-0.126,-0.862
-0.125,-0.862
-0.124,-0.862
-0.123,-0.862
-0.122,-0.862
-0.121,-0.862
-0.12,-0.862
-0.119,-0.862
-0.118,-0.862
-0.117,-0.862
-0.116,-0.862
-0.115,-0.862
-0.114,-0.862
-0.113,-0.862
-0.112,-0.862
-0.111,-0.862
-0.11,-0.862
-0.109,-0.862
-0.108,-0.862
-0.107,-0.862
-0.106,-0.862
-0.105,-0.862
-0.104,-0.862
-0.103,-0.862
-0.102,-0.862
-0.101,-0.862
-0.1,-0.862
-0.099,-0.862
-0.098,-0.862
-0.097,-0.862
-0.096,-0.862
-0.095,-0.862
-0.094,-0.862
-0.093,-0.862
-0.092,-0.862
-0.091,-0.862
-0.137,-0.861
-0.136,-0.861
-0.135,-0.861
-0.134,-0.861
-0.133,-0.861
-0.132,-0.861
-0.131,-0.861
-0.13,-0.861
-0.129,-0.861
-0.128,-0.861
-0.127,-0.861
-0.126,-0.861
-0.125,-0.861
-0.124,-0.861
-0.123,-0.861
-0.122,-0.861
-0.121,-0.861
-0.12,-0.861
-0.119,-0.861
-0.118,-0.861
-0.117,-0.861
-0.116,-0.861
-0.115,-0.861
-0.114,-0.861
-0.113,-0.861
-0.112,-0.861
-0.111,-0.861
-0.11,-0.861
-0.109,-0.861
-0.108,-0.861
-0.107,-0.861
-0.106,-0.861
-0.105,-0.861
-0.104,-0.861
-0.103,-0.861
-0.102,-0.861
-0.101,-0.861
-0.1,-0.861
-0.099,-0.861
-0.098,-0.861
-0.097,-0.861
-0.096,-0.861
-0.095,-0.861
-0.094,-0.861
-0.093,-0.861
-0.092,-0.861
-0.091,-0.861
-0.138,-0.86
-0.137,-0.86
-0.136,-0.86
-0.135,-0.86
-0.134,-0.86
-0.133,-0.86
-0.132,-0.86
-0.131,-0.86
-0.13,-0.86
-0.129,-0.86
-0.128,-0.86
-0.127,-0.86
-0.126,-0.86
-0.125,-0.86
-0.124,-0.86
-0.123,-0.86
-0.122,-0.86
-0.121,-0.86
-0.12,-0.86
-0.119,-0.86
-0.118,-0.86
-0.117,-0.86
-0.116,-0.86
-0.115,-0.86
-0.114,-0.86
-0.113,-0.86
-0.112,-0.86
-0.111,-0.86
-0.11,-0.86
-0.109,-0.86
-0.108,-0.86
-0.107,-0.86
-0.106,-0.86
-0.105,-0.86
-0.104,-0.86
-0.103,-0.86
-0.102,-0.86
-0.101,-0.86
-0.1,-0.86
-0.099,-0.86
-0.098,-0.86
-0.097,-0.86
-0.096,-0.86
-0.095,-0.86
-0.094,-0.86
-0.093,-0.86
-0.092,-0.86
-0.091,-0.86
-0.09,-0.86
-0.089,-0.86
-0.088,-0.86
-0.146,-0.859
-0.137,-0.859
-0.136,-0.859
-0.135,-0.859
-0.134,-0.859
-0.133,-0.859
-0.132,-0.859
-0.131,-0.859
-0.13,-0.859
-0.129,-0.859
-0.128,-0.859
-0.127,-0.859
-0.126,-0.859
-0.125,-0.859
-0.124,-0.859
-0.123,-0.859
-0.122,-0.859
-0.121,-0.859
-0.12,-0.859
-0.119,-0.859
-0.118,-0.859
-0.117,-0.859
-0.116,-0.859
-0.115,-0.859
-0.114,-0.859
-0.113,-0.859
-0.112,-0.859
-0.111,-0.859
-0.11,-0.859
-0.109,-0.859
-0.108,-0.859
-0.107,-0.859
-0.106,-0.859
-0.105,-0.859
-0.104,-0.859
-0.103,-0.859
-0.102,-0.859
-0.101,-0.859
-0.1,-0.859
-0.099,-0.859
-0.098,-0.859
-0.097,-0.859
-0.096,-0.859
-0.095,-0.859
-0.094,-0.859
-0.093,-0.859
-0.092,-0.859
-0.091,-0.859
-0.09,-0.859
-0.089,-0.859
-0.088,-0.859
-0.086,-0.859
-0.085,-0.859
-0.142,-0.858
-0.137,-0.858
-0.136,-0.858
-0.135,-0.858
-0.134,-0.858
-0.133,-0.858
-0.132,-0.858
-0.131,-0.858
-0.13,-0.858
-0.129,-0.858
-0.128,-0.858
-0.127,-0.858
-0.126,-0.858
-0.125,-0.858
-0.124,-0.858
-0.123,-0.858
-0.122,-0.858
-0.121,-0.858
-0.12,-0.858
-0.119,-0.858
-0.118,-0.858
-0.117,-0.858
-0.116,-0.858
-0.115,-0.858
-0.114,-0.858
-0.113,-0.858
-0.112,-0.858
-0.111,-0.858
-0.11,-0.858
-0.109,-0.858
-0.108,-0.858
-0.107,-0.858
-0.106,-0.858
-0.105,-0.858
-0.104,-0.858
-0.103,-0.858
-0.102,-0.858
-0.101,-0.858
-0.1,-0.858
-0.099,-0.858
-0.098,-0.858
-0.097,-0.858
-0.096,-0.858
-0.095,-0.858
-0.094,-0.858
-0.093,-0.858
-0.092,-0.858
-0.091,-0.858
-0.09,-0.858
-0.089,-0.858
-0.088,-0.858
-0.087,-0.858
-0.139,-0.857
-0.138,-0.857
-0.137,-0.857
-0.136,-0.857
-0.135,-0.857
-0.134,-0.857
-0.133,-0.857
-0.132,-0.857
-0.131,-0.857
-0.13,-0.857
-0.129,-0.857
-0.128,-0.857
-0.127,-0.857
-0.126,-0.857
-0.125,-0.857
-0.124,-0.857
-0.123,-0.857
-0.122,-0.857
-0.121,-0.857
-0.12,-0.857
-0.119,-0.857
-0.118,-0.857
-0.117,-0.857
-0.116,-0.857
-0.115,-0.857
-0.114,-0.857
-0.113,-0.857
-0.112,-0.857
-0.111,-0.857
-0.11,-0.857
-0.109,-0.857
-0.108,-0.857
-0.107,-0.857
-0.106,-0.857
-0.105,-0.857
-0.104,-0.857
-0.103,-0.857
-0.102,-0.857
-0.101,-0.857
-0.1,-0.857
-0.099,-0.857
-0.098,-0.857
-0.097,-0.857
-0.096,-0.857
-0.095,-0.857
-0.094,-0.857
-0.093,-0.857
-0.092,-0.857
-0.091,-0.857
-0.09,-0.857
-0.089,-0.857
-0.087,-0.857
-0.139,-0.856
-0.138,-0.856
-0.137,-0.856
-0.136,-0.856
-0.135,-0.856
-0.134,-0.856
-0.133,-0.856
-0.132,-0.856
-0.131,-0.856
-0.13,-0.856
-0.129,-0.856
-0.128,-0.856
-0.127,-0.856
-0.126,-0.856
-0.125,-0.856
-0.124,-0.856
-0.123,-0.856
-0.122,-0.856
-0.121,-0.856
-0.12,-0.856
-0.119,-0.856
-0.118,-0.856
-0.117,-0.856
-0.116,-0.856
-0.115,-0.856
-0.114,-0.856
-0.113,-0.856
-0.112,-0.856
-0.111,-0.856
-0.11,-0.856
-0.109,-0.856
-0.108,-0.856
-0.107,-0.856
-0.106,-0.856
-0.105,-0.856
-0.104,-0.856
-0.103,-0.856
-0.102,-0.856
-0.101,-0.856
-0.1,-0.856
-0.099,-0.856
-0.098,-0.856
-0.097,-0.856
-0.096,-0.856
-0.095,-0.856
-0.094,-0.856
-0.093,-0.856
-0.092,-0.856
-0.091,-0.856
-0.089,-0.856
-0.139,-0.855
-0.138,-0.855
-0.137,-0.855
-0.136,-0.855
-0.135,-0.855
-0.134,-0.855
-0.133,-0.855
-0.132,-0.855
-0.131,-0.855
-0.13,-0.855
-0.129,-0.855
-0.128,-0.855
-0.127,-0.855
-0.126,-0.855
-0.125,-0.855
-0.124,-0.855
-0.123,-0.855
-0.122,-0.855
-0.121,-0.855
-0.12,-0.855
-0.119,-0.855
-0.118,-0.855
-0.117,-0.855
-0.116,-0.855
-0.115,-0.855
-0.114,-0.855
-0.113,-0.855
-0.112,-0.855
-0.111,-0.855
-0.11,-0.855
-0.109,-0.855
-0.108,-0.855
-0.107,-0.855
-0.106,-0.855
-0.105,-0.855
-0.104,-0.855
-0.103,-0.855
-0.102,-0.855
-0.101,-0.855
-0.1,-0.855
-0.099,-0.855
-0.098,-0.855
-0.097,-0.855
-0.096,-0.855
-0.095,-0.855
-0.094,-0.855
-0.093,-0.855
-0.092,-0.855
-0.091,-0.855
-0.138,-0.854
-0.136,-0.854
-0.135,-0.854
-0.134,-0.854
-0.133,-0.854
-0.132,-0.854
-0.131,-0.854
-0.13,-0.854
-0.129,-0.854
-0.128,-0.854
-0.127,-0.854
-0.126,-0.854
-0.125,-0.854
-0.124,-0.854
-0.123,-0.854
-0.122,-0.854
-0.121,-0.854
-0.12,-0.854
-0.119,-0.854
-0.118,-0.854
-0.117,-0.854
-0.116,-0.854
-0.115,-0.854
-0.114,-0.854
-0.113,-0.854
-0.112,-0.854
-0.111,-0.854
-0.11,-0.854
-0.109,-0.854
-0.108,-0.854
-0.107,-0.854
-0.106,-0.854
-0.105,-0.854
-0.104,-0.854
-0.103,-0.854
-0.102,-0.854
-0.101,-0.854
-0.1,-0.854
-0.099,-0.854
-0.098,-0.854
-0.097,-0.854
-0.096,-0.854
-0.095,-0.854
-0.094,-0.854
-0.093,-0.854
-0.092,-0.854
-0.091,-0.854
-0.177,-0.853
-0.135,-0.853
-0.134,-0.853
-0.133,-0.853
-0.132,-0.853
-0.131,-0.853
-0.13,-0.853
-0.129,-0.853
-0.128,-0.853
-0.127,-0.853
-0.126,-0.853
-0.125,-0.853
-0.124,-0.853
-0.123,-0.853
-0.122,-0.853
-0.121,-0.853
-0.12,-0.853
-0.119,-0.853
-0.118,-0.853
-0.117,-0.853
-0.116,-0.853
-0.115,-0.853
-0.114,-0.853
-0.113,-0.853
-0.112,-0.853
-0.111,-0.853
-0.11,-0.853
-0.109,-0.853
-0.108,-0.853
-0.107,-0.853
-0.106,-0.853
-0.105,-0.853
-0.104,-0.853
-0.103,-0.853
-0.102,-0.853
-0.101,-0.853
-0.1,-0.853
-0.099,-0.853
-0.098,-0.853
-0.097,-0.853
-0.096,-0.853
-0.095,-0.853
-0.094,-0.853
-0.093,-0.853
-0.092,-0.853
-0.088,-0.853
-0.138,-0.852
-0.136,-0.852
-0.135,-0.852
-0.134,-0.852
-0.133,-0.852
-0.132,-0.852
-0.131,-0.852
-0.13,-0.852
-0.129,-0.852
-0.128,-0.852
-0.127,-0.852
-0.126,-0.852
-0.125,-0.852
-0.124,-0.852
-0.123,-0.852
-0.122,-0.852
-0.121,-0.852
-0.12,-0.852
-0.119,-0.852
-0.118,-0.852
-0.117,-0.852
-0.116,-0.852
-0.115,-0.852
-0.114,-0.852
-0.113,-0.852
-0.112,-0.852
-0.111,-0.852
-0.11,-0.852
-0.109,-0.852
-0.108,-0.852
-0.107,-0.852
-0.106,-0.852
-0.105,-0.852
-0.104,-0.852
-0.103,-0.852
-0.102,-0.852
-0.101,-0.852
-0.1,-0.852
-0.099,-0.852
-0.098,-0.852
-0.097,-0.852
-0.096,-0.852
-0.095,-0.852
-0.094,-0.852
-0.093,-0.852
-0.092,-0.852
-0.091,-0.852
-0.137,-0.851
-0.136,-0.851
-0.135,-0.851
-0.134,-0.851
-0.133,-0.851
-0.132,-0.851
-0.131,-0.851
-0.13,-0.851
-0.129,-0.851
-0.128,-0.851
-0.127,-0.851
-0.126,-0.851
-0.125,-0.851
-0.124,-0.851
-0.123,-0.851
-0.122,-0.851
-0.121,-0.851
-0.12,-0.851
-0.119,-0.851
-0.118,-0.851
-0.117,-0.851
-0.116,-0.851
-0.115,-0.851
-0.114,-0.851
-0.113,-0.851
-0.112,-0.851
-0.111,-0.851
-0.11,-0.851
-0.109,-0.851
-0.108,-0.851
-0.107,-0.851
-0.106,-0.851
-0.105,-0.851
-0.104,-0.851
-0.103,-0.851
-0.102,-0.851
-0.101,-0.851
-0.1,-0.851
-0.099,-0.851
-0.098,-0.851
-0.097,-0.851
-0.096,-0.851
-0.095,-0.851
-0.094,-0.851
-0.093,-0.851
-0.092,-0.851
-0.091,-0.851
-0.09,-0.851
-0.089,-0.851
-0.081,-0.851
-0.136,-0.85
-0.134,-0.85
-0.133,-0.85
-0.132,-0.85
-0.131,-0.85
-0.13,-0.85
-0.129,-0.85
-0.128,-0.85
-0.127,-0.85
-0.126,-0.85
-0.125,-0.85
-0.124,-0.85
-0.123,-0.85
-0.122,-0.85
-0.121,-0.85
-0.12,-0.85
-0.119,-0.85
-0.118,-0.85
-0.117,-0.85
-0.116,-0.85
-0.115,-0.85
-0.114,-0.85
-0.113,-0.85
-0.112,-0.85
-0.111,-0.85
-0.11,-0.85
-0.109,-0.85
-0.108,-0.85
-0.107,-0.85
-0.106,-0.85
-0.105,-0.85
-0.104,-0.85
-0.103,-0.85
-0.102,-0.85
-0.101,-0.85
-0.1,-0.85
-0.099,-0.85
-0.098,-0.85
-0.097,-0.85
-0.096,-0.85
-0.095,-0.85
-0.094,-0.85
-0.093,-0.85
-0.092,-0.85
-0.091,-0.85
-0.09,-0.85
-0.089,-0.85
-0.136,-0.849
-0.134,-0.849
-0.133,-0.849
-0.132,-0.849
-0.131,-0.849
-0.13,-0.849
-0.129,-0.849
-0.128,-0.849
-0.127,-0.849
-0.126,-0.849
-0.125,-0.849
-0.124,-0.849
-0.123,-0.849
-0.122,-0.849
-0.121,-0.849
-0.12,-0.849
-0.119,-0.849
-0.118,-0.849
-0.117,-0.849
-0.116,-0.849
-0.115,-0.849
-0.114,-0.849
-0.113,-0.849
-0.112,-0.849
-0.111,-0.849
-0.11,-0.849
-0.109,-0.849
-0.108,-0.849
-0.107,-0.849
-0.106,-0.849
-0.105,-0.849
-0.104,-0.849
-0.103,-0.849
-0.102,-0.849
-0.101,-0.849
-0.1,-0.849
-0.099,-0.849
-0.098,-0.849
-0.097,-0.849
-0.096,-0.849
-0.095,-0.849
-0.094,-0.849
-0.093,-0.849
-0.258,-0.848
-0.157,-0.848
-0.136,-0.848
-0.135,-0.848
-0.134,-0.848
-0.133,-0.848
-0.132,-0.848
-0.131,-0.848
-0.13,-0.848
-0.129,-0.848
-0.128,-0.848
-0.127,-0.848
-0.126,-0.848
-0.125,-0.848
-0.124,-0.848
-0.123,-0.848
-0.122,-0.848
-0.121,-0.848
-0.12,-0.848
-0.119,-0.848
-0.118,-0.848
-0.117,-0.848
-0.116,-0.848
-0.115,-0.848
-0.114,-0.848
-0.113,-0.848
-0.112,-0.848
-0.111,-0.848
-0.11,-0.848
-0.109,-0.848
-0.108,-0.848
-0.107,-0.848
-0.106,-0.848
-0.105,-0.848
-0.104,-0.848
-0.103,-0.848
-0.102,-0.848
-0.101,-0.848
-0.1,-0.848
-0.099,-0.848
-0.098,-0.848
-0.097,-0.848
-0.096,-0.848
-0.095,-0.848
-0.094,-0.848
0.015,-0.848
-0.181,-0.847
-0.138,-0.847
-0.133,-0.847
-0.132,-0.847
-0.131,-0.847
-0.13,-0.847
-0.129,-0.847
-0.128,-0.847
-0.127,-0.847
-0.126,-0.847
-0.125,-0.847
-0.124,-0.847
-0.123,-0.847
-0.122,-0.847
-0.121,-0.847
-0.12,-0.847
-0.119,-0.847
-0.118,-0.847
-0.117,-0.847
-0.116,-0.847
-0.115,-0.847
-0.114,-0.847
-0.113,-0.847
-0.112,-0.847
-0.111,-0.847
-0.11,-0.847
-0.109,-0.847
-0.108,-0.847
-0.107,-0.847
-0.106,-0.847
-0.105,-0.847
-0.104,-0.847
-0.103,-0.847
-0.102,-0.847
-0.101,-0.847
-0.1,-0.847
-0.099,-0.847
-0.098,-0.847
-0.097,-0.847
-0.096,-0.847
-0.095,-0.847
-0.094,-0.847
-0.093,-0.847
-0.148,-0.846
-0.134,-0.846
-0.133,-0.846
-0.132,-0.846
-0.131,-0.846
-0.13,-0.846
-0.129,-0.846
-0.128,-0.846
-0.127,-0.846
-0.126,-0.846
-0.125,-0.846
-0.124,-0.846
-0.123,-0.846
-0.122,-0.846
-0.121,-0.846
-0.12,-0.846
-0.119,-0.846
-0.118,-0.846
-0.117,-0.846
-0.116,-0.846
-0.115,-0.846
-0.114,-0.846
-0.113,-0.846
-0.112,-0.846
-0.111,-0.846
-0.11,-0.846
-0.109,-0.846
-0.108,-0.846
-0.107,-0.846
-0.106,-0.846
-0.105,-0.846
-0.104,-0.846
-0.103,-0.846
-0.102,-0.846
-0.101,-0.846
-0.1,-0.846
-0.099,-0.846
-0.098,-0.846
-0.097,-0.846
-0.096,-0.846
-0.095,-0.846
-0.094,-0.846
-0.087,-0.846
-0.131,-0.845
-0.13,-0.845
-0.129,-0.845
-0.128,-0.845
-0.127,-0.845
-0.126,-0.845
-0.125,-0.845
-0.124,-0.845
-0.123,-0.845
-0.122,-0.845
-0.121,-0.845
-0.12,-0.845
-0.119,-0.845
-0.118,-0.845
-0.117,-0.845
-0.116,-0.845
-0.115,-0.845
-0.114,-0.845
-0.113,-0.845
-0.112,-0.845
-0.111,-0.845
-0.11,-0.845
-0.109,-0.845
-0.108,-0.845
-0.107,-0.845
-0.106,-0.845
-0.105,-0.845
-0.104,-0.845
-0.103,-0.845
-0.102,-0.845
-0.101,-0.845
-0.1,-0.845
-0.099,-0.845
-0.098,-0.845
-0.097,-0.845
-0.096,-0.845
-0.089,-0.845
-0.159,-0.844
-0.133,-0.844
-0.132,-0.844
-0.131,-0.844
-0.13,-0.844
-0.129,-0.844
-0.128,-0.844
-0.127,-0.844
-0.126,-0.844
-0.125,-0.844
-0.124,-0.844
-0.123,-0.844
-0.122,-0.844
-0.121,-0.844
-0.12,-0.844
-0.119,-0.844
-0.118,-0.844
-0.117,-0.844
-0.116,-0.844
-0.115,-0.844
-0.114,-0.844
-0.113,-0.844
-0.112,-0.844
-0.111,-0.844
-0.11,-0.844
-0.109,-0.844
-0.108,-0.844
-0.107,-0.844
-0.106,-0.844
-0.105,-0.844
-0.104,-0.844
-0.103,-0.844
-0.102,-0.844
-0.101,-0.844
-0.1,-0.844
-0.099,-0.844
-0.098,-0.844
-0.097,-0.844
-0.096,-0.844
-0.095,-0.844
-0.094,-0.844
-0.149,-0.843
-0.143,-0.843
-0.142,-0.843
-0.131,-0.843
-0.129,-0.843
-0.128,-0.843
-0.127,-0.843
-0.126,-0.843
-0.125,-0.843
-0.124,-0.843
-0.123,-0.843
-0.122,-0.843
-0.121,-0.843
-0.12,-0.843
-0.119,-0.843
-0.118,-0.843
-0.117,-0.843
-0.116,-0.843
-0.115,-0.843
-0.114,-0.843
-0.113,-0.843
-0.112,-0.843
-0.111,-0.843
-0.11,-0.843
-0.109,-0.843
-0.108,-0.843
-0.107,-0.843
-0.106,-0.843
-0.105,-0.843
-0.104,-0.843
-0.103,-0.843
-0.102,-0.843
-0.101,-0.843
-0.1,-0.843
-0.099,-0.843
-0.098,-0.843
-0.097,-0.843
-0.272,-0.842
-0.271,-0.842
-0.18,-0.842
-0.159,-0.842
-0.158,-0.842
-0.147,-0.842
-0.141,-0.842
-0.128,-0.842
-0.127,-0.842
-0.126,-0.842
-0.125,-0.842
-0.124,-0.842
-0.123,-0.842
-0.122,-0.842
-0.121,-0.842
-0.12,-0.842
-0.119,-0.842
-0.118,-0.842
-0.117,-0.842
-0.116,-0.842
-0.115,-0.842
-0.114,-0.842
-0.113,-0.842
-0.112,-0.842
-0.111,-0.842
-0.11,-0.842
-0.109,-0.842
-0.108,-0.842
-0.107,-0.842
-0.106,-0.842
-0.105,-0.842
-0.104,-0.842
-0.103,-0.842
-0.102,-0.842
-0.101,-0.842
-0.1,-0.842
-0.098,-0.842
-0.097,-0.842
-0.272,-0.841
-0.175,-0.841
-0.159,-0.841
-0.158,-0.841
-0.149,-0.841
-0.148,-0.841
-0.147,-0.841
-0.138,-0.841
-0.135,-0.841
-0.127,-0.841
-0.126,-0.841
-0.125,-0.841
-0.124,-0.841
-0.123,-0.841
-0.122,-0.841
-0.121,-0.841
-0.12,-0.841
-0.119,-0.841
-0.118,-0.841
-0.117,-0.841
-0.116,-0.841
-0.115,-0.841
-0.114,-0.841
-0.113,-0.841
-0.112,-0.841
-0.111,-0.841
-0.11,-0.841
-0.109,-0.841
-0.108,-0.841
-0.107,-0.841
-0.106,-0.841
-0.105,-0.841
-0.104,-0.841
-0.103,-0.841
-0.102,-0.841
-0.101,-0.841
-0.1,-0.841
-0.099,-0.841
-0.096,-0.841
0.003,-0.841
-0.176,-0.84
-0.175,-0.84
-0.16,-0.84
-0.159,-0.84
-0.158,-0.84
-0.157,-0.84
-0.156,-0.84
-0.151,-0.84
-0.15,-0.84
-0.149,-0.84
-0.148,-0.84
-0.145,-0.84
-0.144,-0.84
-0.143,-0.84
-0.142,-0.84
-0.141,-0.84
-0.139,-0.84
-0.138,-0.84
-0.137,-0.84
-0.136,-0.84
-0.135,-0.84
-0.124,-0.84
-0.123,-0.84
-0.122,-0.84
-0.121,-0.84
-0.12,-0.84
-0.119,-0.84
-0.118,-0.84
-0.117,-0.84
-0.116,-0.84
-0.115,-0.84
-0.114,-0.84
-0.113,-0.84
-0.112,-0.84
-0.111,-0.84
-0.11,-0.84
-0.109,-0.84
-0.108,-0.84
-0.107,-0.84
-0.106,-0.84
-0.105,-0.84
-0.104,-0.84
-0.103,-0.84
-0.102,-0.84
-0.177,-0.839
-0.176,-0.839
-0.161,-0.839
-0.16,-0.839
-0.159,-0.839
-0.152,-0.839
-0.15,-0.839
-0.149,-0.839
-0.148,-0.839
-0.143,-0.839
-0.142,-0.839
-0.139,-0.839
-0.138,-0.839
-0.136,-0.839
-0.135,-0.839
-0.133,-0.839
-0.132,-0.839
-0.131,-0.839
-0.13,-0.839
-0.129,-0.839
-0.128,-0.839
-0.127,-0.839
-0.126,-0.839
-0.125,-0.839
-0.124,-0.839
-0.123,-0.839
-0.122,-0.839
-0.121,-0.839
-0.12,-0.839
-0.119,-0.839
-0.118,-0.839
-0.117,-0.839
-0.116,-0.839
-0.115,-0.839
-0.114,-0.839
-0.113,-0.839
-0.112,-0.839
-0.111,-0.839
-0.11,-0.839
-0.109,-0.839
-0.108,-0.839
-0.107,-0.839
-0.106,-0.839
-0.105,-0.839
-0.104,-0.839
-0.083,-0.839
-0.073,-0.839
-0.178,-0.838
-0.177,-0.838
-0.159,-0.838
-0.158,-0.838
-0.157,-0.838
-0.156,-0.838
-0.15,-0.838
-0.149,-0.838
-0.148,-0.838
-0.147,-0.838
-0.145,-0.838
-0.144,-0.838
-0.143,-0.838
-0.142,-0.838
-0.141,-0.838
-0.14,-0.838
-0.139,-0.838
-0.138,-0.838
-0.137,-0.838
-0.136,-0.838
-0.135,-0.838
-0.134,-0.838
-0.133,-0.838
-0.132,-0.838
-0.131,-0.838
-0.13,-0.838
-0.129,-0.838
-0.128,-0.838
-0.127,-0.838
-0.126,-0.838
-0.125,-0.838
-0.124,-0.838
-0.123,-0.838
-0.122,-0.838
-0.121,-0.838
-0.12,-0.838
-0.119,-0.838
-0.118,-0.838
-0.117,-0.838
-0.116,-0.838
-0.115,-0.838
-0.114,-0.838
-0.113,-0.838
-0.112,-0.838
-0.111,-0.838
-0.11,-0.838
-0.109,-0.838
-0.108,-0.838
-0.083,-0.838
-0.081,-0.838
-0.18,-0.837
-0.179,-0.837
-0.16,-0.837
-0.159,-0.837
-0.158,-0.837
-0.157,-0.837
-0.156,-0.837
-0.155,-0.837
-0.15,-0.837
-0.149,-0.837
-0.148,-0.837
-0.147,-0.837
-0.146,-0.837
-0.145,-0.837
-0.144,-0.837
-0.143,-0.837
-0.142,-0.837
-0.141,-0.837
-0.14,-0.837
-0.139,-0.837
-0.138,-0.837
-0.137,-0.837
-0.136,-0.837
-0.135,-0.837
-0.134,-0.837
-0.133,-0.837
-0.132,-0.837
-0.131,-0.837
-0.13,-0.837
-0.129,-0.837
-0.128,-0.837
-0.127,-0.837
-0.126,-0.837
-0.125,-0.837
-0.124,-0.837
-0.123,-0.837
-0.122,-0.837
-0.121,-0.837
-0.12,-0.837
-0.119,-0.837
-0.118,-0.837
-0.117,-0.837
-0.116,-0.837
-0.115,-0.837
-0.114,-0.837
-0.113,-0.837
-0.112,-0.837
-0.111,-0.837
-0.11,-0.837
-0.109,-0.837
-0.108,-0.837
-0.107,-0.837
-0.106,-0.837
-0.105,-0.837
-0.102,-0.837
-0.101,-0.837
-0.089,-0.837
-0.072,-0.837
-0.24,-0.836
-0.182,-0.836
-0.181,-0.836
-0.179,-0.836
-0.178,-0.836
-0.176,-0.836
-0.162,-0.836
-0.161,-0.836
-0.16,-0.836
-0.159,-0.836
-0.158,-0.836
-0.157,-0.836
-0.156,-0.836
-0.155,-0.836
-0.153,-0.836
-0.152,-0.836
-0.15,-0.836
-0.149,-0.836
-0.148,-0.836
-0.147,-0.836
-0.146,-0.836
-0.145,-0.836
-0.144,-0.836
-0.143,-0.836
-0.142,-0.836
-0.141,-0.836
-0.14,-0.836
-0.139,-0.836
-0.138,-0.836
-0.137,-0.836
-0.136,-0.836
-0.135,-0.836
-0.134,-0.836
-0.133,-0.836
-0.132,-0.836
-0.131,-0.836
-0.13,-0.836
-0.129,-0.836
-0.128,-0.836
-0.127,-0.836
-0.126,-0.836
-0.125,-0.836
-0.124,-0.836
-0.123,-0.836
-0.122,-0.836
-0.121,-0.836
-0.12,-0.836
-0.119,-0.836
-0.118,-0.836
-0.117,-0.836
-0.116,-0.836
-0.115,-0.836
-0.114,-0.836
-0.113,-0.836
-0.112,-0.836
-0.111,-0.836
-0.11,-0.836
-0.109,-0.836
-0.108,-0.836
-0.107,-0.836
-0.106,-0.836
-0.105,-0.836
-0.104,-0.836
-0.103,-0.836
-0.102,-0.836
-0.101,-0.836
-0.1,-0.836
-0.099,-0.836
-0.098,-0.836
-0.097,-0.836
-0.096,-0.836
-0.094,-0.836
-0.09,-0.836
-0.084,-0.836
-0.083,-0.836
-0.077,-0.836
-0.24,-0.835
-0.183,-0.835
-0.179,-0.835
-0.178,-0.835
-0.177,-0.835
-0.176,-0.835
-0.175,-0.835
-0.173,-0.835
-0.172,-0.835
-0.171,-0.835
-0.161,-0.835
-0.16,-0.835
-0.159,-0.835
-0.158,-0.835
-0.157,-0.835
-0.156,-0.835
-0.155,-0.835
-0.152,-0.835
-0.151,-0.835
-0.15,-0.835
-0.149,-0.835
-0.148,-0.835
-0.147,-0.835
-0.146,-0.835
-0.145,-0.835
-0.144,-0.835
-0.143,-0.835
-0.142,-0.835
-0.141,-0.835
-0.14,-0.835
-0.139,-0.835
-0.138,-0.835
-0.137,-0.835
-0.136,-0.835
-0.135,-0.835
-0.134,-0.835
-0.133,-0.835
-0.132,-0.835
-0.131,-0.835
-0.13,-0.835
-0.129,-0.835
-0.128,-0.835
-0.127,-0.835
-0.126,-0.835
-0.125,-0.835
-0.124,-0.835
-0.123,-0.835
-0.122,-0.835
-0.121,-0.835
-0.12,-0.835
-0.119,-0.835
-0.118,-0.835
-0.117,-0.835
-0.116,-0.835
-0.115,-0.835
-0.114,-0.835
-0.113,-0.835
-0.112,-0.835
-0.111,-0.835
-0.11,-0.835
-0.109,-0.835
-0.108,-0.835
-0.107,-0.835
-0.106,-0.835
-0.105,-0.835
-0.104,-0.835
-0.103,-0.835
-0.102,-0.835
-0.101,-0.835
-0.1,-0.835
-0.099,-0.835
-0.098,-0.835
-0.097,-0.835
-0.096,-0.835
-0.094,-0.835
-0.093,-0.835
-0.092,-0.835
-0.09,-0.835
-0.089,-0.835
-0.085,-0.835
-0.084,-0.835
-0.178,-0.834
-0.177,-0.834
-0.176,-0.834
-0.175,-0.834
-0.174,-0.834
-0.171,-0.834
-0.165,-0.834
-0.164,-0.834
-0.16,-0.834
-0.159,-0.834
-0.158,-0.834
-0.157,-0.834
-0.156,-0.834
-0.155,-0.834
-0.154,-0.834
-0.153,-0.834
-0.152,-0.834
-0.151,-0.834
-0.15,-0.834
-0.149,-0.834
-0.148,-0.834
-0.147,-0.834
-0.146,-0.834
-0.145,-0.834
-0.144,-0.834
-0.143,-0.834
-0.142,-0.834
-0.141,-0.834
-0.14,-0.834
-0.139,-0.834
-0.138,-0.834
-0.137,-0.834
-0.136,-0.834
-0.135,-0.834
-0.134,-0.834
-0.133,-0.834
-0.132,-0.834
-0.131,-0.834
-0.13,-0.834
-0.129,-0.834
-0.128,-0.834
-0.127,-0.834
-0.126,-0.834
-0.125,-0.834
-0.124,-0.834
-0.123,-0.834
-0.122,-0.834
-0.121,-0.834
-0.12,-0.834
-0.119,-0.834
-0.118,-0.834
-0.117,-0.834
-0.116,-0.834
-0.115,-0.834
-0.114,-0.834
-0.113,-0.834
-0.112,-0.834
-0.111,-0.834
-0.11,-0.834
-0.109,-0.834
-0.108,-0.834
-0.107,-0.834
-0.106,-0.834
-0.105,-0.834
-0.104,-0.834
-0.103,-0.834
-0.102,-0.834
-0.101,-0.834
-0.1,-0.834
-0.099,-0.834
-0.098,-0.834
-0.097,-0.834
-0.096,-0.834
-0.095,-0.834
-0.094,-0.834
-0.093,-0.834
-0.092,-0.834
-0.091,-0.834
-0.09,-0.834
-0.089,-0.834
-0.084,-0.834
-0.083,-0.834
-0.081,-0.834
-0.073,-0.834
-0.179,-0.833
-0.178,-0.833
-0.177,-0.833
-0.176,-0.833
-0.175,-0.833
-0.174,-0.833
-0.173,-0.833
-0.172,-0.833
-0.171,-0.833
-0.166,-0.833
-0.165,-0.833
-0.164,-0.833
-0.163,-0.833
-0.159,-0.833
-0.158,-0.833
-0.157,-0.833
-0.156,-0.833
-0.155,-0.833
-0.154,-0.833
-0.153,-0.833
-0.152,-0.833
-0.151,-0.833
-0.15,-0.833
-0.149,-0.833
-0.148,-0.833
-0.147,-0.833
-0.146,-0.833
-0.145,-0.833
-0.144,-0.833
-0.143,-0.833
-0.142,-0.833
-0.141,-0.833
-0.14,-0.833
-0.139,-0.833
-0.138,-0.833
-0.137,-0.833
-0.136,-0.833
-0.135,-0.833
-0.134,-0.833
-0.133,-0.833
-0.132,-0.833
-0.131,-0.833
-0.13,-0.833
-0.129,-0.833
-0.128,-0.833
-0.127,-0.833
-0.126,-0.833
-0.125,-0.833
-0.124,-0.833
-0.123,-0.833
-0.122,-0.833
-0.121,-0.833
-0.12,-0.833
-0.119,-0.833
-0.118,-0.833
-0.117,-0.833
-0.116,-0.833
-0.115,-0.833
-0.114,-0.833
-0.113,-0.833
-0.112,-0.833
-0.111,-0.833
-0.11,-0.833
-0.109,-0.833
-0.108,-0.833
-0.107,-0.833
-0.106,-0.833
-0.105,-0.833
-0.104,-0.833
-0.103,-0.833
-0.102,-0.833
-0.101,-0.833
-0.1,-0.833
-0.099,-0.833
-0.098,-0.833
-0.097,-0.833
-0.096,-0.833
-0.095,-0.833
-0.094,-0.833
-0.093,-0.833
-0.092,-0.833
-0.091,-0.833
-0.09,-0.833
-0.089,-0.833
-0.084,-0.833
-0.083,-0.833
-0.082,-0.833
-0.077,-0.833
-0.071,-0.833
-0.178,-0.832
-0.177,-0.832
-0.176,-0.832
-0.175,-0.832
-0.174,-0.832
-0.173,-0.832
-0.172,-0.832
-0.171,-0.832
-0.17,-0.832
-0.169,-0.832
-0.165,-0.832
-0.164,-0.832
-0.163,-0.832
-0.162,-0.832
-0.161,-0.832
-0.16,-0.832
-0.159,-0.832
-0.158,-0.832
-0.157,-0.832
-0.156,-0.832
-0.155,-0.832
-0.154,-0.832
-0.153,-0.832
-0.152,-0.832
-0.151,-0.832
-0.15,-0.832
-0.149,-0.832
-0.148,-0.832
-0.147,-0.832
-0.146,-0.832
-0.145,-0.832
-0.144,-0.832
-0.143,-0.832
-0.142,-0.832
-0.141,-0.832
-0.14,-0.832
-0.139,-0.832
-0.138,-0.832
-0.137,-0.832
-0.136,-0.832
-0.135,-0.832
-0.134,-0.832
-0.133,-0.832
-0.132,-0.832
-0.131,-0.832
-0.13,-0.832
-0.129,-0.832
-0.128,-0.832
-0.127,-0.832
-0.126,-0.832
-0.125,-0.832
-0.124,-0.832
-0.123,-0.832
-0.122,-0.832
-0.121,-0.832
-0.12,-0.832
-0.119,-0.832
-0.118,-0.832
-0.117,-0.832
-0.116,-0.832
-0.115,-0.832
-0.114,-0.832
-0.113,-0.832
-0.112,-0.832
-0.111,-0.832
-0.11,-0.832
-0.109,-0.832
-0.108,-0.832
-0.107,-0.832
-0.106,-0.832
-0.105,-0.832
-0.104,-0.832
-0.103,-0.832
-0.102,-0.832
-0.101,-0.832
-0.1,-0.832
-0.099,-0.832
-0.098,-0.832
-0.097,-0.832
-0.096,-0.832
-0.095,-0.832
-0.094,-0.832
-0.093,-0.832
-0.092,-0.832
-0.091,-0.832
-0.09,-0.832
-0.089,-0.832
-0.088,-0.832
-0.087,-0.832
-0.086,-0.832
-0.085,-0.832
-0.084,-0.832
-0.083,-0.832
-0.076,-0.832
-0.075,-0.832
-0.074,-0.832
-0.073,-0.832
-0.072,-0.832
-0.053,-0.832
-0.18,-0.831
-0.179,-0.831
-0.178,-0.831
-0.177,-0.831
-0.176,-0.831
-0.175,-0.831
-0.174,-0.831
-0.173,-0.831
-0.172,-0.831
-0.171,-0.831
-0.17,-0.831
-0.167,-0.831
-0.165,-0.831
-0.164,-0.831
-0.163,-0.831
-0.162,-0.831
-0.161,-0.831
-0.16,-0.831
-0.159,-0.831
-0.158,-0.831
-0.157,-0.831
-0.156,-0.831
-0.155,-0.831
-0.154,-0.831
-0.153,-0.831
-0.152,-0.831
-0.151,-0.831
-0.15,-0.831
-0.149,-0.831
-0.148,-0.831
-0.147,-0.831
-0.146,-0.831
-0.145,-0.831
-0.144,-0.831
-0.143,-0.831
-0.142,-0.831
-0.141,-0.831
-0.14,-0.831
-0.139,-0.831
-0.138,-0.831
-0.137,-0.831
-0.136,-0.831
-0.135,-0.831
-0.134,-0.831
-0.133,-0.831
-0.132,-0.831
-0.131,-0.831
-0.13,-0.831
-0.129,-0.831
-0.128,-0.831
-0.127,-0.831
-0.126,-0.831
-0.125,-0.831
-0.124,-0.831
-0.123,-0.831
-0.122,-0.831
-0.121,-0.831
-0.12,-0.831
-0.119,-0.831
-0.118,-0.831
-0.117,-0.831
-0.116,-0.831
-0.115,-0.831
-0.114,-0.831
-0.113,-0.831
-0.112,-0.831
-0.111,-0.831
-0.11,-0.831
-0.109,-0.831
-0.108,-0.831
-0.107,-0.831
-0.106,-0.831
-0.105,-0.831
-0.104,-0.831
-0.103,-0.831
-0.102,-0.831
-0.101,-0.831
-0.1,-0.831
-0.099,-0.831
-0.098,-0.831
-0.097,-0.831
-0.096,-0.831
-0.095,-0.831
-0.094,-0.831
-0.093,-0.831
-0.092,-0.831
-0.091,-0.831
-0.09,-0.831
-0.089,-0.831
-0.088,-0.831
-0.087,-0.831
-0.086,-0.831
-0.085,-0.831
-0.084,-0.831
-0.083,-0.831
-0.077,-0.831
-0.076,-0.831
-0.074,-0.831
-0.073,-0.831
-0.205,-0.83
-0.181,-0.83
-0.179,-0.83
-0.178,-0.83
-0.177,-0.83
-0.176,-0.83
-0.175,-0.83
-0.174,-0.83
-0.173,-0.83
-0.172,-0.83
-0.171,-0.83
-0.17,-0.83
-0.167,-0.83
-0.166,-0.83
-0.165,-0.83
-0.164,-0.83
-0.163,-0.83
-0.162,-0.83
-0.161,-0.83
-0.16,-0.83
-0.159,-0.83
-0.158,-0.83
-0.157,-0.83
-0.156,-0.83
-0.155,-0.83
-0.154,-0.83
-0.153,-0.83
-0.152,-0.83
-0.151,-0.83
-0.15,-0.83
-0.149,-0.83
-0.148,-0.83
-0.147,-0.83
-0.146,-0.83
-0.145,-0.83
-0.144,-0.83
-0.143,-0.83
-0.142,-0.83
-0.141,-0.83
-0.14,-0.83
-0.139,-0.83
-0.138,-0.83
-0.137,-0.83
-0.136,-0.83
-0.135,-0.83
-0.134,-0.83
-0.133,-0.83
-0.132,-0.83
-0.131,-0.83
-0.13,-0.83
-0.129,-0.83
-0.128,-0.83
-0.127,-0.83
-0.126,-0.83
-0.125,-0.83
-0.124,-0.83
-0.123,-0.83
-0.122,-0.83
-0.121,-0.83
-0.12,-0.83
-0.119,-0.83
-0.118,-0.83
-0.117,-0.83
-0.116,-0.83
-0.115,-0.83
-0.114,-0.83
-0.113,-0.83
-0.112,-0.83
-0.111,-0.83
-0.11,-0.83
-0.109,-0.83
-0.108,-0.83
-0.107,-0.83
-0.106,-0.83
-0.105,-0.83
-0.104,-0.83
-0.103,-0.83
-0.102,-0.83
-0.101,-0.83
-0.1,-0.83
-0.099,-0.83
-0.098,-0.83
-0.097,-0.83
-0.096,-0.83
-0.095,-0.83
-0.094,-0.83
-0.093,-0.83
-0.092,-0.83
-0.091,-0.83
-0.09,-0.83
-0.089,-0.83
-0.088,-0.83
-0.087,-0.83
-0.086,-0.83
-0.085,-0.83
-0.084,-0.83
-0.083,-0.83
-0.078,-0.83
-0.077,-0.83
-0.075,-0.83
-0.074,-0.83
-0.073,-0.83
-0.071,-0.83
-0.054,-0.83
-0.051,-0.83
-0.204,-0.829
-0.181,-0.829
-0.18,-0.829
-0.179,-0.829
-0.178,-0.829
-0.177,-0.829
-0.176,-0.829
-0.175,-0.829
-0.174,-0.829
-0.173,-0.829
-0.172,-0.829
-0.171,-0.829
-0.17,-0.829
-0.168,-0.829
-0.167,-0.829
-0.166,-0.829
-0.165,-0.829
-0.164,-0.829
-0.163,-0.829
-0.162,-0.829
-0.161,-0.829
-0.16,-0.829
-0.159,-0.829
-0.158,-0.829
-0.157,-0.829
-0.156,-0.829
-0.155,-0.829
-0.154,-0.829
-0.153,-0.829
-0.152,-0.829
-0.151,-0.829
-0.15,-0.829
-0.149,-0.829
-0.148,-0.829
-0.147,-0.829
-0.146,-0.829
-0.145,-0.829
-0.144,-0.829
-0.143,-0.829
-0.142,-0.829
-0.141,-0.829
-0.14,-0.829
-0.139,-0.829
-0.138,-0.829
-0.137,-0.829
-0.136,-0.829
-0.135,-0.829
-0.134,-0.829
-0.133,-0.829
-0.132,-0.829
-0.131,-0.829
-0.13,-0.829
-0.129,-0.829
-0.128,-0.829
-0.127,-0.829
-0.126,-0.829
-0.125,-0.829
-0.124,-0.829
-0.123,-0.829
-0.122,-0.829
-0.121,-0.829
-0.12,-0.829
-0.119,-0.829
-0.118,-0.829
-0.117,-0.829
-0.116,-0.829
-0.115,-0.829
-0.114,-0.829
-0.113,-0.829
-0.112,-0.829
-0.111,-0.829
-0.11,-0.829
-0.109,-0.829
-0.108,-0.829
-0.107,-0.829
-0.106,-0.829
-0.105,-0.829
-0.104,-0.829
-0.103,-0.829
-0.102,-0.829
-0.101,-0.829
-0.1,-0.829
-0.099,-0.829
-0.098,-0.829
-0.097,-0.829
-0.096,-0.829
-0.095,-0.829
-0.094,-0.829
-0.093,-0.829
-0.092,-0.829
-0.091,-0.829
-0.09,-0.829
-0.089,-0.829
-0.088,-0.829
-0.087,-0.829
-0.086,-0.829
-0.085,-0.829
-0.084,-0.829
-0.083,-0.829
-0.082,-0.829
-0.081,-0.829
-0.08,-0.829
-0.078,-0.829
-0.077,-0.829
-0.076,-0.829
-0.075,-0.829
-0.074,-0.829
-0.073,-0.829
-0.058,-0.829
-0.057,-0.829
-0.235,-0.828
-0.21,-0.828
-0.181,-0.828
-0.179,-0.828
-0.178,-0.828
-0.177,-0.828
-0.176,-0.828
-0.175,-0.828
-0.174,-0.828
-0.173,-0.828
-0.172,-0.828
-0.171,-0.828
-0.17,-0.828
-0.169,-0.828
-0.168,-0.828
-0.167,-0.828
-0.166,-0.828
-0.165,-0.828
-0.164,-0.828
-0.163,-0.828
-0.162,-0.828
-0.161,-0.828
-0.16,-0.828
-0.159,-0.828
-0.158,-0.828
-0.157,-0.828
-0.156,-0.828
-0.155,-0.828
-0.154,-0.828
-0.153,-0.828
-0.152,-0.828
-0.151,-0.828
-0.15,-0.828
-0.149,-0.828
-0.148,-0.828
-0.147,-0.828
-0.146,-0.828
-0.145,-0.828
-0.144,-0.828
-0.143,-0.828
-0.142,-0.828
-0.141,-0.828
-0.14,-0.828
-0.139,-0.828
-0.138,-0.828
-0.137,-0.828
-0.136,-0.828
-0.135,-0.828
-0.134,-0.828
-0.133,-0.828
-0.132,-0.828
-0.131,-0.828
-0.13,-0.828
-0.129,-0.828
-0.128,-0.828
-0.127,-0.828
-0.126,-0.828
-0.125,-0.828
-0.124,-0.828
-0.123,-0.828
-0.122,-0.828
-0.121,-0.828
-0.12,-0.828
-0.119,-0.828
-0.118,-0.828
-0.117,-0.828
-0.116,-0.828
-0.115,-0.828
-0.114,-0.828
-0.113,-0.828
-0.112,-0.828
-0.111,-0.828
-0.11,-0.828
-0.109,-0.828
-0.108,-0.828
-0.107,-0.828
-0.106,-0.828
-0.105,-0.828
-0.104,-0.828
-0.103,-0.828
-0.102,-0.828
-0.101,-0.828
-0.1,-0.828
-0.099,-0.828
-0.098,-0.828
-0.097,-0.828
-0.096,-0.828
-0.095,-0.828
-0.094,-0.828
-0.093,-0.828
-0.092,-0.828
-0.091,-0.828
-0.09,-0.828
-0.089,-0.828
-0.088,-0.828
-0.087,-0.828
-0.086,-0.828
-0.085,-0.828
-0.084,-0.828
-0.083,-0.828
-0.082,-0.828
-0.081,-0.828
-0.08,-0.828
-0.078,-0.828
-0.077,-0.828
-0.076,-0.828
-0.075,-0.828
-0.074,-0.828
-0.073,-0.828
-0.072,-0.828
-0.064,-0.828
-0.058,-0.828
-0.051,-0.828
-0.235,-0.827
-0.234,-0.827
-0.211,-0.827
-0.191,-0.827
-0.179,-0.827
-0.178,-0.827
-0.177,-0.827
-0.176,-0.827
-0.175,-0.827
-0.174,-0.827
-0.173,-0.827
-0.172,-0.827
-0.171,-0.827
-0.17,-0.827
-0.169,-0.827
-0.168,-0.827
-0.167,-0.827
-0.166,-0.827
-0.165,-0.827
-0.164,-0.827
-0.163,-0.827
-0.162,-0.827
-0.161,-0.827
-0.16,-0.827
-0.159,-0.827
-0.158,-0.827
-0.157,-0.827
-0.156,-0.827
-0.155,-0.827
-0.154,-0.827
-0.153,-0.827
-0.152,-0.827
-0.151,-0.827
-0.15,-0.827
-0.149,-0.827
-0.148,-0.827
-0.147,-0.827
-0.146,-0.827
-0.145,-0.827
-0.144,-0.827
-0.143,-0.827
-0.142,-0.827
-0.141,-0.827
-0.14,-0.827
-0.139,-0.827
-0.138,-0.827
-0.137,-0.827
-0.136,-0.827
-0.135,-0.827
-0.134,-0.827
-0.133,-0.827
-0.132,-0.827
-0.131,-0.827
-0.13,-0.827
-0.129,-0.827
-0.128,-0.827
-0.127,-0.827
-0.126,-0.827
-0.125,-0.827
-0.124,-0.827
-0.123,-0.827
-0.122,-0.827
-0.121,-0.827
-0.12,-0.827
-0.119,-0.827
-0.118,-0.827
-0.117,-0.827
-0.116,-0.827
-0.115,-0.827
-0.114,-0.827
-0.113,-0.827
-0.112,-0.827
-0.111,-0.827
-0.11,-0.827
-0.109,-0.827
-0.108,-0.827
-0.107,-0.827
-0.106,-0.827
-0.105,-0.827
-0.104,-0.827
-0.103,-0.827
-0.102,-0.827
-0.101,-0.827
-0.1,-0.827
-0.099,-0.827
-0.098,-0.827
-0.097,-0.827
-0.096,-0.827
-0.095,-0.827
-0.094,-0.827
-0.093,-0.827
-0.092,-0.827
-0.091,-0.827
-0.09,-0.827
-0.089,-0.827
-0.088,-0.827
-0.087,-0.827
-0.086,-0.827
-0.085,-0.827
-0.084,-0.827
-0.083,-0.827
-0.082,-0.827
-0.081,-0.827
-0.08,-0.827
-0.079,-0.827
-0.078,-0.827
-0.077,-0.827
-0.076,-0.827
-0.075,-0.827
-0.074,-0.827
-0.073,-0.827
-0.064,-0.827
-0.062,-0.827
-0.057,-0.827
-0.056,-0.827
-0.055,-0.827
-0.235,-0.826
-0.234,-0.826
-0.232,-0.826
-0.179,-0.826
-0.177,-0.826
-0.176,-0.826
-0.175,-0.826
-0.174,-0.826
-0.173,-0.826
-0.172,-0.826
-0.171,-0.826
-0.17,-0.826
-0.169,-0.826
-0.168,-0.826
-0.167,-0.826
-0.166,-0.826
-0.165,-0.826
-0.164,-0.826
-0.163,-0.826
-0.162,-0.826
-0.161,-0.826
-0.16,-0.826
-0.159,-0.826
-0.158,-0.826
-0.157,-0.826
-0.156,-0.826
-0.155,-0.826
-0.154,-0.826
-0.153,-0.826
-0.152,-0.826
-0.151,-0.826
-0.15,-0.826
-0.149,-0.826
-0.148,-0.826
-0.147,-0.826
-0.146,-0.826
-0.145,-0.826
-0.144,-0.826
-0.143,-0.826
-0.142,-0.826
-0.141,-0.826
-0.14,-0.826
-0.139,-0.826
-0.138,-0.826
-0.137,-0.826
-0.136,-0.826
-0.135,-0.826
-0.134,-0.826
-0.133,-0.826
-0.132,-0.826
-0.131,-0.826
-0.13,-0.826
-0.129,-0.826
-0.128,-0.826
-0.127,-0.826
-0.126,-0.826
-0.125,-0.826
-0.124,-0.826
-0.123,-0.826
-0.122,-0.826
-0.121,-0.826
-0.12,-0.826
-0.119,-0.826
-0.118,-0.826
-0.117,-0.826
-0.116,-0.826
-0.115,-0.826
-0.114,-0.826
-0.113,-0.826
-0.112,-0.826
-0.111,-0.826
-0.11,-0.826
-0.109,-0.826
-0.108,-0.826
-0.107,-0.826
-0.106,-0.826
-0.105,-0.826
-0.104,-0.826
-0.103,-0.826
-0.102,-0.826
-0.101,-0.826
-0.1,-0.826
-0.099,-0.826
-0.098,-0.826
-0.097,-0.826
-0.096,-0.826
-0.095,-0.826
-0.094,-0.826
-0.093,-0.826
-0.092,-0.826
-0.091,-0.826
-0.09,-0.826
-0.089,-0.826
-0.088,-0.826
-0.087,-0.826
-0.086,-0.826
-0.085,-0.826
-0.084,-0.826
-0.083,-0.826
-0.082,-0.826
-0.081,-0.826
-0.08,-0.826
-0.079,-0.826
-0.078,-0.826
-0.077,-0.826
-0.076,-0.826
-0.075,-0.826
-0.074,-0.826
-0.072,-0.826
-0.064,-0.826
-0.062,-0.826
-0.06,-0.826
-0.055,-0.826
-0.19,-0.825
-0.182,-0.825
-0.176,-0.825
-0.175,-0.825
-0.174,-0.825
-0.173,-0.825
-0.172,-0.825
-0.171,-0.825
-0.17,-0.825
-0.169,-0.825
-0.168,-0.825
-0.167,-0.825
-0.166,-0.825
-0.165,-0.825
-0.164,-0.825
-0.163,-0.825
-0.162,-0.825
-0.161,-0.825
-0.16,-0.825
-0.159,-0.825
-0.158,-0.825
-0.157,-0.825
-0.156,-0.825
-0.155,-0.825
-0.154,-0.825
-0.153,-0.825
-0.152,-0.825
-0.151,-0.825
-0.15,-0.825
-0.149,-0.825
-0.148,-0.825
-0.147,-0.825
-0.146,-0.825
-0.145,-0.825
-0.144,-0.825
-0.143,-0.825
-0.142,-0.825
-0.141,-0.825
-0.14,-0.825
-0.139,-0.825
-0.138,-0.825
-0.137,-0.825
-0.136,-0.825
-0.135,-0.825
-0.134,-0.825
-0.133,-0.825
-0.132,-0.825
-0.131,-0.825
-0.13,-0.825
-0.129,-0.825
-0.128,-0.825
-0.127,-0.825
-0.126,-0.825
-0.125,-0.825
-0.124,-0.825
-0.123,-0.825
-0.122,-0.825
-0.121,-0.825
-0.12,-0.825
-0.119,-0.825
-0.118,-0.825
-0.117,-0.825
-0.116,-0.825
-0.115,-0.825
-0.114,-0.825
-0.113,-0.825
-0.112,-0.825
-0.111,-0.825
-0.11,-0.825
-0.109,-0.825
-0.108,-0.825
-0.107,-0.825
-0.106,-0.825
-0.105,-0.825
-0.104,-0.825
-0.103,-0.825
-0.102,-0.825
-0.101,-0.825
-0.1,-0.825
-0.099,-0.825
-0.098,-0.825
-0.097,-0.825
-0.096,-0.825
-0.095,-0.825
-0.094,-0.825
-0.093,-0.825
-0.092,-0.825
-0.091,-0.825
-0.09,-0.825
-0.089,-0.825
-0.088,-0.825
-0.087,-0.825
-0.086,-0.825
-0.085,-0.825
-0.084,-0.825
-0.083,-0.825
-0.082,-0.825
-0.081,-0.825
-0.08,-0.825
-0.079,-0.825
-0.078,-0.825
-0.077,-0.825
-0.076,-0.825
-0.075,-0.825
-0.07,-0.825
-0.065,-0.825
-0.064,-0.825
-0.063,-0.825
-0.062,-0.825
-0.059,-0.825
-0.057,-0.825
-0.056,-0.825
-0.211,-0.824
-0.21,-0.824
-0.177,-0.824
-0.176,-0.824
-0.175,-0.824
-0.174,-0.824
-0.173,-0.824
-0.172,-0.824
-0.171,-0.824
-0.17,-0.824
-0.169,-0.824
-0.168,-0.824
-0.167,-0.824
-0.166,-0.824
-0.165,-0.824
-0.164,-0.824
-0.163,-0.824
-0.162,-0.824
-0.161,-0.824
-0.16,-0.824
-0.159,-0.824
-0.158,-0.824
-0.157,-0.824
-0.156,-0.824
-0.155,-0.824
-0.154,-0.824
-0.153,-0.824
-0.152,-0.824
-0.151,-0.824
-0.15,-0.824
-0.149,-0.824
-0.148,-0.824
-0.147,-0.824
-0.146,-0.824
-0.145,-0.824
-0.144,-0.824
-0.143,-0.824
-0.142,-0.824
-0.141,-0.824
-0.14,-0.824
-0.139,-0.824
-0.138,-0.824
-0.137,-0.824
-0.136,-0.824
-0.135,-0.824
-0.134,-0.824
-0.133,-0.824
-0.132,-0.824
-0.131,-0.824
-0.13,-0.824
-0.129,-0.824
-0.128,-0.824
-0.127,-0.824
-0.126,-0.824
-0.125,-0.824
-0.124,-0.824
-0.123,-0.824
-0.122,-0.824
-0.121,-0.824
-0.12,-0.824
-0.119,-0.824
-0.118,-0.824
-0.117,-0.824
-0.116,-0.824
-0.115,-0.824
-0.114,-0.824
-0.113,-0.824
-0.112,-0.824
-0.111,-0.824
-0.11,-0.824
-0.109,-0.824
-0.108,-0.824
-0.107,-0.824
-0.106,-0.824
-0.105,-0.824
-0.104,-0.824
-0.103,-0.824
-0.102,-0.824
-0.101,-0.824
-0.1,-0.824
-0.099,-0.824
-0.098,-0.824
-0.097,-0.824
-0.096,-0.824
-0.095,-0.824
-0.094,-0.824
-0.093,-0.824
-0.092,-0.824
-0.091,-0.824
-0.09,-0.824
-0.089,-0.824
-0.088,-0.824
-0.087,-0.824
-0.086,-0.824
-0.085,-0.824
-0.084,-0.824
-0.083,-0.824
-0.082,-0.824
-0.081,-0.824
-0.08,-0.824
-0.079,-0.824
-0.078,-0.824
-0.077,-0.824
-0.076,-0.824
-0.075,-0.824
-0.074,-0.824
-0.073,-0.824
-0.07,-0.824
-0.069,-0.824
-0.068,-0.824
-0.064,-0.824
-0.063,-0.824
-0.059,-0.824
-0.058,-0.824
-0.057,-0.824
-0.056,-0.824
-0.055,-0.824
-0.212,-0.823
-0.188,-0.823
-0.182,-0.823
-0.181,-0.823
-0.179,-0.823
-0.178,-0.823
-0.177,-0.823
-0.176,-0.823
-0.175,-0.823
-0.174,-0.823
-0.173,-0.823
-0.172,-0.823
-0.171,-0.823
-0.17,-0.823
-0.169,-0.823
-0.168,-0.823
-0.167,-0.823
-0.166,-0.823
-0.165,-0.823
-0.164,-0.823
-0.163,-0.823
-0.162,-0.823
-0.161,-0.823
-0.16,-0.823
-0.159,-0.823
-0.158,-0.823
-0.157,-0.823
-0.156,-0.823
-0.155,-0.823
-0.154,-0.823
-0.153,-0.823
-0.152,-0.823
-0.151,-0.823
-0.15,-0.823
-0.149,-0.823
-0.148,-0.823
-0.147,-0.823
-0.146,-0.823
-0.145,-0.823
-0.144,-0.823
-0.143,-0.823
-0.142,-0.823
-0.141,-0.823
-0.14,-0.823
-0.139,-0.823
-0.138,-0.823
-0.137,-0.823
-0.136,-0.823
-0.135,-0.823
-0.134,-0.823
-0.133,-0.823
-0.132,-0.823
-0.131,-0.823
-0.13,-0.823
-0.129,-0.823
-0.128,-0.823
-0.127,-0.823
-0.126,-0.823
-0.125,-0.823
-0.124,-0.823
-0.123,-0.823
-0.122,-0.823
-0.121,-0.823
-0.12,-0.823
-0.119,-0.823
-0.118,-0.823
-0.117,-0.823
-0.116,-0.823
-0.115,-0.823
-0.114,-0.823
-0.113,-0.823
-0.112,-0.823
-0.111,-0.823
-0.11,-0.823
-0.109,-0.823
-0.108,-0.823
-0.107,-0.823
-0.106,-0.823
-0.105,-0.823
-0.104,-0.823
-0.103,-0.823
-0.102,-0.823
-0.101,-0.823
-0.1,-0.823
-0.099,-0.823
-0.098,-0.823
-0.097,-0.823
-0.096,-0.823
-0.095,-0.823
-0.094,-0.823
-0.093,-0.823
-0.092,-0.823
-0.091,-0.823
-0.09,-0.823
-0.089,-0.823
-0.088,-0.823
-0.087,-0.823
-0.086,-0.823
-0.085,-0.823
-0.084,-0.823
-0.083,-0.823
-0.082,-0.823
-0.081,-0.823
-0.08,-0.823
-0.079,-0.823
-0.078,-0.823
-0.077,-0.823
-0.076,-0.823
-0.075,-0.823
-0.074,-0.823
-0.073,-0.823
-0.072,-0.823
-0.071,-0.823
-0.07,-0.823
-0.069,-0.823
-0.065,-0.823
-0.063,-0.823
-0.062,-0.823
-0.061,-0.823
-0.06,-0.823
-0.059,-0.823
-0.058,-0.823
-0.057,-0.823
-0.189,-0.822
-0.188,-0.822
-0.182,-0.822
-0.181,-0.822
-0.18,-0.822
-0.179,-0.822
-0.178,-0.822
-0.177,-0.822
-0.176,-0.822
-0.175,-0.822
-0.174,-0.822
-0.173,-0.822
-0.172,-0.822
-0.171,-0.822
-0.17,-0.822
-0.169,-0.822
-0.168,-0.822
-0.167,-0.822
-0.166,-0.822
-0.165,-0.822
-0.164,-0.822
-0.163,-0.822
-0.162,-0.822
-0.161,-0.822
-0.16,-0.822
-0.159,-0.822
-0.158,-0.822
-0.157,-0.822
-0.156,-0.822
-0.155,-0.822
-0.154,-0.822
-0.153,-0.822
-0.152,-0.822
-0.151,-0.822
-0.15,-0.822
-0.149,-0.822
-0.148,-0.822
-0.147,-0.822
-0.146,-0.822
-0.145,-0.822
-0.144,-0.822
-0.143,-0.822
-0.142,-0.822
-0.141,-0.822
-0.14,-0.822
-0.139,-0.822
-0.138,-0.822
-0.137,-0.822
-0.136,-0.822
-0.135,-0.822
-0.134,-0.822
-0.133,-0.822
-0.132,-0.822
-0.131,-0.822
-0.13,-0.822
-0.129,-0.822
-0.128,-0.822
-0.127,-0.822
-0.126,-0.822
-0.125,-0.822
-0.124,-0.822
-0.123,-0.822
-0.122,-0.822
-0.121,-0.822
-0.12,-0.822
-0.119,-0.822
-0.118,-0.822
-0.117,-0.822
-0.116,-0.822
-0.115,-0.822
-0.114,-0.822
-0.113,-0.822
-0.112,-0.822
-0.111,-0.822
-0.11,-0.822
-0.109,-0.822
-0.108,-0.822
-0.107,-0.822
-0.106,-0.822
-0.105,-0.822
-0.104,-0.822
-0.103,-0.822
-0.102,-0.822
-0.101,-0.822
-0.1,-0.822
-0.099,-0.822
-0.098,-0.822
-0.097,-0.822
-0.096,-0.822
-0.095,-0.822
-0.094,-0.822
-0.093,-0.822
-0.092,-0.822
-0.091,-0.822
-0.09,-0.822
-0.089,-0.822
-0.088,-0.822
-0.087,-0.822
-0.086,-0.822
-0.085,-0.822
-0.084,-0.822
-0.083,-0.822
-0.082,-0.822
-0.081,-0.822
-0.08,-0.822
-0.079,-0.822
-0.078,-0.822
-0.077,-0.822
-0.076,-0.822
-0.075,-0.822
-0.074,-0.822
-0.073,-0.822
-0.072,-0.822
-0.071,-0.822
-0.07,-0.822
-0.069,-0.822
-0.065,-0.822
-0.064,-0.822
-0.063,-0.822
-0.062,-0.822
-0.061,-0.822
-0.06,-0.822
-0.059,-0.822
-0.058,-0.822
-0.057,-0.822
-0.056,-0.822
-0.053,-0.822
-0.211,-0.821
-0.189,-0.821
-0.188,-0.821
-0.187,-0.821
-0.185,-0.821
-0.184,-0.821
-0.182,-0.821
-0.181,-0.821
-0.18,-0.821
-0.179,-0.821
-0.178,-0.821
-0.177,-0.821
-0.176,-0.821
-0.175,-0.821
-0.174,-0.821
-0.173,-0.821
-0.172,-0.821
-0.171,-0.821
-0.17,-0.821
-0.169,-0.821
-0.168,-0.821
-0.167,-0.821
-0.166,-0.821
-0.165,-0.821
-0.164,-0.821
-0.163,-0.821
-0.162,-0.821
-0.161,-0.821
-0.16,-0.821
-0.159,-0.821
-0.158,-0.821
-0.157,-0.821
-0.156,-0.821
-0.155,-0.821
-0.154,-0.821
-0.153,-0.821
-0.152,-0.821
-0.151,-0.821
-0.15,-0.821
-0.149,-0.821
-0.148,-0.821
-0.147,-0.821
-0.146,-0.821
-0.145,-0.821
-0.144,-0.821
-0.143,-0.821
-0.142,-0.821
-0.141,-0.821
-0.14,-0.821
-0.139,-0.821
-0.138,-0.821
-0.137,-0.821
-0.136,-0.821
-0.135,-0.821
-0.134,-0.821
-0.133,-0.821
-0.132,-0.821
-0.131,-0.821
-0.13,-0.821
-0.129,-0.821
-0.128,-0.821
-0.127,-0.821
-0.126,-0.821
-0.125,-0.821
-0.124,-0.821
-0.123,-0.821
-0.122,-0.821
-0.121,-0.821
-0.12,-0.821
-0.119,-0.821
-0.118,-0.821
-0.117,-0.821
-0.116,-0.821
-0.115,-0.821
-0.114,-0.821
-0.113,-0.821
-0.112,-0.821
-0.111,-0.821
-0.11,-0.821
-0.109,-0.821
-0.108,-0.821
-0.107,-0.821
-0.106,-0.821
-0.105,-0.821
-0.104,-0.821
-0.103,-0.821
-0.102,-0.821
-0.101,-0.821
-0.1,-0.821
-0.099,-0.821
-0.098,-0.821
-0.097,-0.821
-0.096,-0.821
-0.095,-0.821
-0.094,-0.821
-0.093,-0.821
-0.092,-0.821
-0.091,-0.821
-0.09,-0.821
-0.089,-0.821
-0.088,-0.821
-0.087,-0.821
-0.086,-0.821
-0.085,-0.821
-0.084,-0.821
-0.083,-0.821
-0.082,-0.821
-0.081,-0.821
-0.08,-0.821
-0.079,-0.821
-0.078,-0.821
-0.077,-0.821
-0.076,-0.821
-0.075,-0.821
-0.074,-0.821
-0.073,-0.821
-0.072,-0.821
-0.071,-0.821
-0.07,-0.821
-0.069,-0.821
-0.068,-0.821
-0.065,-0.821
-0.064,-0.821
-0.063,-0.821
-0.062,-0.821
-0.061,-0.821
-0.06,-0.821
-0.059,-0.821
-0.058,-0.821
-0.057,-0.821
-0.211,-0.82
-0.205,-0.82
-0.188,-0.82
-0.187,-0.82
-0.186,-0.82
-0.185,-0.82
-0.184,-0.82
-0.182,-0.82
-0.181,-0.82
-0.18,-0.82
-0.179,-0.82
-0.178,-0.82
-0.177,-0.82
-0.176,-0.82
-0.175,-0.82
-0.174,-0.82
-0.173,-0.82
-0.172,-0.82
-0.171,-0.82
-0.17,-0.82
-0.169,-0.82
-0.168,-0.82
-0.167,-0.82
-0.166,-0.82
-0.165,-0.82
-0.164,-0.82
-0.163,-0.82
-0.162,-0.82
-0.161,-0.82
-0.16,-0.82
-0.159,-0.82
-0.158,-0.82
-0.157,-0.82
-0.156,-0.82
-0.155,-0.82
-0.154,-0.82
-0.153,-0.82
-0.152,-0.82
-0.151,-0.82
-0.15,-0.82
-0.149,-0.82
-0.148,-0.82
-0.147,-0.82
-0.146,-0.82
-0.145,-0.82
-0.144,-0.82
-0.143,-0.82
-0.142,-0.82
-0.141,-0.82
-0.14,-0.82
-0.139,-0.82
-0.138,-0.82
-0.137,-0.82
-0.136,-0.82
-0.135,-0.82
-0.134,-0.82
-0.133,-0.82
-0.132,-0.82
-0.131,-0.82
-0.13,-0.82
-0.129,-0.82
-0.128,-0.82
-0.127,-0.82
-0.126,-0.82
-0.125,-0.82
-0.124,-0.82
-0.123,-0.82
-0.122,-0.82
-0.121,-0.82
-0.12,-0.82
-0.119,-0.82
-0.118,-0.82
-0.117,-0.82
-0.116,-0.82
-0.115,-0.82
-0.114,-0.82
-0.113,-0.82
-0.112,-0.82
-0.111,-0.82
-0.11,-0.82
-0.109,-0.82
-0.108,-0.82
-0.107,-0.82
-0.106,-0.82
-0.105,-0.82
-0.104,-0.82
-0.103,-0.82
-0.102,-0.82
-0.101,-0.82
-0.1,-0.82
-0.099,-0.82
-0.098,-0.82
-0.097,-0.82
-0.096,-0.82
-0.095,-0.82
-0.094,-0.82
-0.093,-0.82
-0.092,-0.82
-0.091,-0.82
-0.09,-0.82
-0.089,-0.82
-0.088,-0.82
-0.087,-0.82
-0.086,-0.82
-0.085,-0.82
-0.084,-0.82
-0.083,-0.82
-0.082,-0.82
-0.081,-0.82
-0.08,-0.82
-0.079,-0.82
-0.078,-0.82
-0.077,-0.82
-0.076,-0.82
-0.075,-0.82
-0.074,-0.82
-0.073,-0.82
-0.072,-0.82
-0.071,-0.82
-0.07,-0.82
-0.069,-0.82
-0.068,-0.82
-0.067,-0.82
-0.065,-0.82
-0.064,-0.82
-0.063,-0.82
-0.062,-0.82
-0.061,-0.82
-0.06,-0.82
-0.059,-0.82
-0.058,-0.82
-0.057,-0.82
-0.054,-0.82
-0.211,-0.819
-0.21,-0.819
-0.19,-0.819
-0.187,-0.819
-0.186,-0.819
-0.185,-0.819
-0.184,-0.819
-0.183,-0.819
-0.182,-0.819
-0.181,-0.819
-0.18,-0.819
-0.179,-0.819
-0.178,-0.819
-0.177,-0.819
-0.176,-0.819
-0.175,-0.819
-0.174,-0.819
-0.173,-0.819
-0.172,-0.819
-0.171,-0.819
-0.17,-0.819
-0.169,-0.819
-0.168,-0.819
-0.167,-0.819
-0.166,-0.819
-0.165,-0.819
-0.164,-0.819
-0.163,-0.819
-0.162,-0.819
-0.161,-0.819
-0.16,-0.819
-0.159,-0.819
-0.158,-0.819
-0.157,-0.819
-0.156,-0.819
-0.155,-0.819
-0.154,-0.819
-0.153,-0.819
-0.152,-0.819
-0.151,-0.819
-0.15,-0.819
-0.149,-0.819
-0.148,-0.819
-0.147,-0.819
-0.146,-0.819
-0.145,-0.819
-0.144,-0.819
-0.143,-0.819
-0.142,-0.819
-0.141,-0.819
-0.14,-0.819
-0.139,-0.819
-0.138,-0.819
-0.137,-0.819
-0.136,-0.819
-0.135,-0.819
-0.134,-0.819
-0.133,-0.819
-0.132,-0.819
-0.131,-0.819
-0.13,-0.819
-0.129,-0.819
-0.128,-0.819
-0.127,-0.819
-0.126,-0.819
-0.125,-0.819
-0.124,-0.819
-0.123,-0.819
-0.122,-0.819
-0.121,-0.819
-0.12,-0.819
-0.119,-0.819
-0.118,-0.819
-0.117,-0.819
-0.116,-0.819
-0.115,-0.819
-0.114,-0.819
-0.113,-0.819
-0.112,-0.819
-0.111,-0.819
-0.11,-0.819
-0.109,-0.819
-0.108,-0.819
-0.107,-0.819
-0.106,-0.819
-0.105,-0.819
-0.104,-0.819
-0.103,-0.819
-0.102,-0.819
-0.101,-0.819
-0.1,-0.819
-0.099,-0.819
-0.098,-0.819
-0.097,-0.819
-0.096,-0.819
-0.095,-0.819
-0.094,-0.819
-0.093,-0.819
-0.092,-0.819
-0.091,-0.819
-0.09,-0.819
-0.089,-0.819
-0.088,-0.819
-0.087,-0.819
-0.086,-0.819
-0.085,-0.819
-0.084,-0.819
-0.083,-0.819
-0.082,-0.819
-0.081,-0.819
-0.08,-0.819
-0.079,-0.819
-0.078,-0.819
-0.077,-0.819
-0.076,-0.819
-0.075,-0.819
-0.074,-0.819
-0.073,-0.819
-0.072,-0.819
-0.071,-0.819
-0.07,-0.819
-0.069,-0.819
-0.068,-0.819
-0.067,-0.819
-0.065,-0.819
-0.064,-0.819
-0.063,-0.819
-0.062,-0.819
-0.061,-0.819
-0.06,-0.819
-0.059,-0.819
-0.058,-0.819
-0.057,-0.819
-0.054,-0.819
-0.232,-0.818
-0.231,-0.818
-0.212,-0.818
-0.211,-0.818
-0.21,-0.818
-0.195,-0.818
-0.193,-0.818
-0.189,-0.818
-0.188,-0.818
-0.187,-0.818
-0.186,-0.818
-0.185,-0.818
-0.184,-0.818
-0.183,-0.818
-0.182,-0.818
-0.181,-0.818
-0.18,-0.818
-0.179,-0.818
-0.178,-0.818
-0.177,-0.818
-0.176,-0.818
-0.175,-0.818
-0.174,-0.818
-0.173,-0.818
-0.172,-0.818
-0.171,-0.818
-0.17,-0.818
-0.169,-0.818
-0.168,-0.818
-0.167,-0.818
-0.166,-0.818
-0.165,-0.818
-0.164,-0.818
-0.163,-0.818
-0.162,-0.818
-0.161,-0.818
-0.16,-0.818
-0.159,-0.818
-0.158,-0.818
-0.157,-0.818
-0.156,-0.818
-0.155,-0.818
-0.154,-0.818
-0.153,-0.818
-0.152,-0.818
-0.151,-0.818
-0.15,-0.818
-0.149,-0.818
-0.148,-0.818
-0.147,-0.818
-0.146,-0.818
-0.145,-0.818
-0.144,-0.818
-0.143,-0.818
-0.142,-0.818
-0.141,-0.818
-0.14,-0.818
-0.139,-0.818
-0.138,-0.818
-0.137,-0.818
-0.136,-0.818
-0.135,-0.818
-0.134,-0.818
-0.133,-0.818
-0.132,-0.818
-0.131,-0.818
-0.13,-0.818
-0.129,-0.818
-0.128,-0.818
-0.127,-0.818
-0.126,-0.818
-0.125,-0.818
-0.124,-0.818
-0.123,-0.818
-0.122,-0.818
-0.121,-0.818
-0.12,-0.818
-0.119,-0.818
-0.118,-0.818
-0.117,-0.818
-0.116,-0.818
-0.115,-0.818
-0.114,-0.818
-0.113,-0.818
-0.112,-0.818
-0.111,-0.818
-0.11,-0.818
-0.109,-0.818
-0.108,-0.818
-0.107,-0.818
-0.106,-0.818
-0.105,-0.818
-0.104,-0.818
-0.103,-0.818
-0.102,-0.818
-0.101,-0.818
-0.1,-0.818
-0.099,-0.818
-0.098,-0.818
-0.097,-0.818
-0.096,-0.818
-0.095,-0.818
-0.094,-0.818
-0.093,-0.818
-0.092,-0.818
-0.091,-0.818
-0.09,-0.818
-0.089,-0.818
-0.088,-0.818
-0.087,-0.818
-0.086,-0.818
-0.085,-0.818
-0.084,-0.818
-0.083,-0.818
-0.082,-0.818
-0.081,-0.818
-0.08,-0.818
-0.079,-0.818
-0.078,-0.818
-0.077,-0.818
-0.076,-0.818
-0.075,-0.818
-0.074,-0.818
-0.073,-0.818
-0.072,-0.818
-0.071,-0.818
-0.07,-0.818
-0.069,-0.818
-0.068,-0.818
-0.067,-0.818
-0.066,-0.818
-0.065,-0.818
-0.064,-0.818
-0.063,-0.818
-0.062,-0.818
-0.061,-0.818
-0.06,-0.818
-0.059,-0.818
-0.058,-0.818
-0.057,-0.818
-0.056,-0.818
-0.055,-0.818
-0.226,-0.817
-0.212,-0.817
-0.211,-0.817
-0.21,-0.817
-0.209,-0.817
-0.204,-0.817
-0.191,-0.817
-0.188,-0.817
-0.187,-0.817
-0.186,-0.817
-0.185,-0.817
-0.184,-0.817
-0.183,-0.817
-0.182,-0.817
-0.181,-0.817
-0.18,-0.817
-0.179,-0.817
-0.178,-0.817
-0.177,-0.817
-0.176,-0.817
-0.175,-0.817
-0.174,-0.817
-0.173,-0.817
-0.172,-0.817
-0.171,-0.817
-0.17,-0.817
-0.169,-0.817
-0.168,-0.817
-0.167,-0.817
-0.166,-0.817
-0.165,-0.817
-0.164,-0.817
-0.163,-0.817
-0.162,-0.817
-0.161,-0.817
-0.16,-0.817
-0.159,-0.817
-0.158,-0.817
-0.157,-0.817
-0.156,-0.817
-0.155,-0.817
-0.154,-0.817
-0.153,-0.817
-0.152,-0.817
-0.151,-0.817
-0.15,-0.817
-0.149,-0.817
-0.148,-0.817
-0.147,-0.817
-0.146,-0.817
-0.145,-0.817
-0.144,-0.817
-0.143,-0.817
-0.142,-0.817
-0.141,-0.817
-0.14,-0.817
-0.139,-0.817
-0.138,-0.817
-0.137,-0.817
-0.136,-0.817
-0.135,-0.817
-0.134,-0.817
-0.133,-0.817
-0.132,-0.817
-0.131,-0.817
-0.13,-0.817
-0.129,-0.817
-0.128,-0.817
-0.127,-0.817
-0.126,-0.817
-0.125,-0.817
-0.124,-0.817
-0.123,-0.817
-0.122,-0.817
-0.121,-0.817
-0.12,-0.817
-0.119,-0.817
-0.118,-0.817
-0.117,-0.817
-0.116,-0.817
-0.115,-0.817
-0.114,-0.817
-0.113,-0.817
-0.112,-0.817
-0.111,-0.817
-0.11,-0.817
-0.109,-0.817
-0.108,-0.817
-0.107,-0.817
-0.106,-0.817
-0.105,-0.817
-0.104,-0.817
-0.103,-0.817
-0.102,-0.817
-0.101,-0.817
-0.1,-0.817
-0.099,-0.817
-0.098,-0.817
-0.097,-0.817
-0.096,-0.817
-0.095,-0.817
-0.094,-0.817
-0.093,-0.817
-0.092,-0.817
-0.091,-0.817
-0.09,-0.817
-0.089,-0.817
-0.088,-0.817
-0.087,-0.817
-0.086,-0.817
-0.085,-0.817
-0.084,-0.817
-0.083,-0.817
-0.082,-0.817
-0.081,-0.817
-0.08,-0.817
-0.079,-0.817
-0.078,-0.817
-0.077,-0.817
-0.076,-0.817
-0.075,-0.817
-0.074,-0.817
-0.073,-0.817
-0.072,-0.817
-0.071,-0.817
-0.07,-0.817
-0.069,-0.817
-0.068,-0.817
-0.067,-0.817
-0.066,-0.817
-0.065,-0.817
-0.064,-0.817
-0.063,-0.817
-0.062,-0.817
-0.061,-0.817
-0.06,-0.817
-0.059,-0.817
-0.058,-0.817
-0.057,-0.817
-0.047,-0.817
-0.23,-0.816
-0.222,-0.816
-0.216,-0.816
-0.215,-0.816
-0.214,-0.816
-0.212,-0.816
-0.211,-0.816
-0.21,-0.816
-0.209,-0.816
-0.206,-0.816
-0.204,-0.816
-0.199,-0.816
-0.191,-0.816
-0.19,-0.816
-0.188,-0.816
-0.187,-0.816
-0.186,-0.816
-0.185,-0.816
-0.184,-0.816
-0.183,-0.816
-0.182,-0.816
-0.181,-0.816
-0.18,-0.816
-0.179,-0.816
-0.178,-0.816
-0.177,-0.816
-0.176,-0.816
-0.175,-0.816
-0.174,-0.816
-0.173,-0.816
-0.172,-0.816
-0.171,-0.816
-0.17,-0.816
-0.169,-0.816
-0.168,-0.816
-0.167,-0.816
-0.166,-0.816
-0.165,-0.816
-0.164,-0.816
-0.163,-0.816
-0.162,-0.816
-0.161,-0.816
-0.16,-0.816
-0.159,-0.816
-0.158,-0.816
-0.157,-0.816
-0.156,-0.816
-0.155,-0.816
-0.154,-0.816
-0.153,-0.816
-0.152,-0.816
-0.151,-0.816
-0.15,-0.816
-0.149,-0.816
-0.148,-0.816
-0.147,-0.816
-0.146,-0.816
-0.145,-0.816
-0.144,-0.816
-0.143,-0.816
-0.142,-0.816
-0.141,-0.816
-0.14,-0.816
-0.139,-0.816
-0.138,-0.816
-0.137,-0.816
-0.136,-0.816
-0.135,-0.816
-0.134,-0.816
-0.133,-0.816
-0.132,-0.816
-0.131,-0.816
-0.13,-0.816
-0.129,-0.816
-0.128,-0.816
-0.127,-0.816
-0.126,-0.816
-0.125,-0.816
-0.124,-0.816
-0.123,-0.816
-0.122,-0.816
-0.121,-0.816
-0.12,-0.816
-0.119,-0.816
-0.118,-0.816
-0.117,-0.816
-0.116,-0.816
-0.115,-0.816
-0.114,-0.816
-0.113,-0.816
-0.112,-0.816
-0.111,-0.816
-0.11,-0.816
-0.109,-0.816
-0.108,-0.816
-0.107,-0.816
-0.106,-0.816
-0.105,-0.816
-0.104,-0.816
-0.103,-0.816
-0.102,-0.816
-0.101,-0.816
-0.1,-0.816
-0.099,-0.816
-0.098,-0.816
-0.097,-0.816
-0.096,-0.816
-0.095,-0.816
-0.094,-0.816
-0.093,-0.816
-0.092,-0.816
-0.091,-0.816
-0.09,-0.816
-0.089,-0.816
-0.088,-0.816
-0.087,-0.816
-0.086,-0.816
-0.085,-0.816
-0.084,-0.816
-0.083,-0.816
-0.082,-0.816
-0.081,-0.816
-0.08,-0.816
-0.079,-0.816
-0.078,-0.816
-0.077,-0.816
-0.076,-0.816
-0.075,-0.816
-0.074,-0.816
-0.073,-0.816
-0.072,-0.816
-0.071,-0.816
-0.07,-0.816
-0.069,-0.816
-0.068,-0.816
-0.067,-0.816
-0.066,-0.816
-0.065,-0.816
-0.064,-0.816
-0.063,-0.816
-0.062,-0.816
-0.061,-0.816
-0.06,-0.816
-0.059,-0.816
-0.058,-0.816
-0.057,-0.816
-0.055,-0.816
-0.23,-0.815
-0.229,-0.815
-0.228,-0.815
-0.22,-0.815
-0.216,-0.815
-0.215,-0.815
-0.214,-0.815
-0.213,-0.815
-0.212,-0.815
-0.211,-0.815
-0.21,-0.815
-0.209,-0.815
-0.208,-0.815
-0.207,-0.815
-0.206,-0.815
-0.205,-0.815
-0.204,-0.815
-0.202,-0.815
-0.201,-0.815
-0.193,-0.815
-0.192,-0.815
-0.19,-0.815
-0.188,-0.815
-0.187,-0.815
-0.186,-0.815
-0.185,-0.815
-0.184,-0.815
-0.183,-0.815
-0.182,-0.815
-0.181,-0.815
-0.18,-0.815
-0.179,-0.815
-0.178,-0.815
-0.177,-0.815
-0.176,-0.815
-0.175,-0.815
-0.174,-0.815
-0.173,-0.815
-0.172,-0.815
-0.171,-0.815
-0.17,-0.815
-0.169,-0.815
-0.168,-0.815
-0.167,-0.815
-0.166,-0.815
-0.165,-0.815
-0.164,-0.815
-0.163,-0.815
-0.162,-0.815
-0.161,-0.815
-0.16,-0.815
-0.159,-0.815
-0.158,-0.815
-0.157,-0.815
-0.156,-0.815
-0.155,-0.815
-0.154,-0.815
-0.153,-0.815
-0.152,-0.815
-0.151,-0.815
-0.15,-0.815
-0.149,-0.815
-0.148,-0.815
-0.147,-0.815
-0.146,-0.815
-0.145,-0.815
-0.144,-0.815
-0.143,-0.815
-0.142,-0.815
-0.141,-0.815
-0.14,-0.815
-0.139,-0.815
-0.138,-0.815
-0.137,-0.815
-0.136,-0.815
-0.135,-0.815
-0.134,-0.815
-0.133,-0.815
-0.132,-0.815
-0.131,-0.815
-0.13,-0.815
-0.129,-0.815
-0.128,-0.815
-0.127,-0.815
-0.126,-0.815
-0.125,-0.815
-0.124,-0.815
-0.123,-0.815
-0.122,-0.815
-0.121,-0.815
-0.12,-0.815
-0.119,-0.815
-0.118,-0.815
-0.117,-0.815
-0.116,-0.815
-0.115,-0.815
-0.114,-0.815
-0.113,-0.815
-0.112,-0.815
-0.111,-0.815
-0.11,-0.815
-0.109,-0.815
-0.108,-0.815
-0.107,-0.815
-0.106,-0.815
-0.105,-0.815
-0.104,-0.815
-0.103,-0.815
-0.102,-0.815
-0.101,-0.815
-0.1,-0.815
-0.099,-0.815
-0.098,-0.815
-0.097,-0.815
-0.096,-0.815
-0.095,-0.815
-0.094,-0.815
-0.093,-0.815
-0.092,-0.815
-0.091,-0.815
-0.09,-0.815
-0.089,-0.815
-0.088,-0.815
-0.087,-0.815
-0.086,-0.815
-0.085,-0.815
-0.084,-0.815
-0.083,-0.815
-0.082,-0.815
-0.081,-0.815
-0.08,-0.815
-0.079,-0.815
-0.078,-0.815
-0.077,-0.815
-0.076,-0.815
-0.075,-0.815
-0.074,-0.815
-0.073,-0.815
-0.072,-0.815
-0.071,-0.815
-0.07,-0.815
-0.069,-0.815
-0.068,-0.815
-0.067,-0.815
-0.066,-0.815
-0.065,-0.815
-0.064,-0.815
-0.063,-0.815
-0.062,-0.815
-0.061,-0.815
-0.06,-0.815
-0.059,-0.815
-0.056,-0.815
-0.235,-0.814
-0.227,-0.814
-0.223,-0.814
-0.222,-0.814
-0.221,-0.814
-0.22,-0.814
-0.217,-0.814
-0.216,-0.814
-0.215,-0.814
-0.214,-0.814
-0.213,-0.814
-0.212,-0.814
-0.211,-0.814
-0.21,-0.814
-0.209,-0.814
-0.208,-0.814
-0.207,-0.814
-0.206,-0.814
-0.205,-0.814
-0.204,-0.814
-0.201,-0.814
-0.2,-0.814
-0.193,-0.814
-0.192,-0.814
-0.191,-0.814
-0.19,-0.814
-0.189,-0.814
-0.188,-0.814
-0.187,-0.814
-0.186,-0.814
-0.185,-0.814
-0.184,-0.814
-0.183,-0.814
-0.182,-0.814
-0.181,-0.814
-0.18,-0.814
-0.179,-0.814
-0.178,-0.814
-0.177,-0.814
-0.176,-0.814
-0.175,-0.814
-0.174,-0.814
-0.173,-0.814
-0.172,-0.814
-0.171,-0.814
-0.17,-0.814
-0.169,-0.814
-0.168,-0.814
-0.167,-0.814
-0.166,-0.814
-0.165,-0.814
-0.164,-0.814
-0.163,-0.814
-0.162,-0.814
-0.161,-0.814
-0.16,-0.814
-0.159,-0.814
-0.158,-0.814
-0.157,-0.814
-0.156,-0.814
-0.155,-0.814
-0.154,-0.814
-0.153,-0.814
-0.152,-0.814
-0.151,-0.814
-0.15,-0.814
-0.149,-0.814
-0.148,-0.814
-0.147,-0.814
-0.146,-0.814
-0.145,-0.814
-0.144,-0.814
-0.143,-0.814
-0.142,-0.814
-0.141,-0.814
-0.14,-0.814
-0.139,-0.814
-0.138,-0.814
-0.137,-0.814
-0.136,-0.814
-0.135,-0.814
-0.134,-0.814
-0.133,-0.814
-0.132,-0.814
-0.131,-0.814
-0.13,-0.814
-0.129,-0.814
-0.128,-0.814
-0.127,-0.814
-0.126,-0.814
-0.125,-0.814
-0.124,-0.814
-0.123,-0.814
-0.122,-0.814
-0.121,-0.814
-0.12,-0.814
-0.119,-0.814
-0.118,-0.814
-0.117,-0.814
-0.116,-0.814
-0.115,-0.814
-0.114,-0.814
-0.113,-0.814
-0.112,-0.814
-0.111,-0.814
-0.11,-0.814
-0.109,-0.814
-0.108,-0.814
-0.107,-0.814
-0.106,-0.814
-0.105,-0.814
-0.104,-0.814
-0.103,-0.814
-0.102,-0.814
-0.101,-0.814
-0.1,-0.814
-0.099,-0.814
-0.098,-0.814
-0.097,-0.814
-0.096,-0.814
-0.095,-0.814
-0.094,-0.814
-0.093,-0.814
-0.092,-0.814
-0.091,-0.814
-0.09,-0.814
-0.089,-0.814
-0.088,-0.814
-0.087,-0.814
-0.086,-0.814
-0.085,-0.814
-0.084,-0.814
-0.083,-0.814
-0.082,-0.814
-0.081,-0.814
-0.08,-0.814
-0.079,-0.814
-0.078,-0.814
-0.077,-0.814
-0.076,-0.814
-0.075,-0.814
-0.074,-0.814
-0.073,-0.814
-0.072,-0.814
-0.071,-0.814
-0.07,-0.814
-0.069,-0.814
-0.068,-0.814
-0.067,-0.814
-0.066,-0.814
-0.065,-0.814
-0.064,-0.814
-0.063,-0.814
-0.062,-0.814
-0.061,-0.814
-0.002,-0.814
-0.23,-0.813
-0.225,-0.813
-0.224,-0.813
-0.223,-0.813
-0.222,-0.813
-0.221,-0.813
-0.22,-0.813
-0.219,-0.813
-0.218,-0.813
-0.217,-0.813
-0.216,-0.813
-0.215,-0.813
-0.214,-0.813
-0.213,-0.813
-0.212,-0.813
-0.211,-0.813
-0.21,-0.813
-0.209,-0.813
-0.208,-0.813
-0.207,-0.813
-0.206,-0.813
-0.205,-0.813
-0.204,-0.813
-0.203,-0.813
-0.202,-0.813
-0.201,-0.813
-0.192,-0.813
-0.191,-0.813
-0.19,-0.813
-0.189,-0.813
-0.188,-0.813
-0.187,-0.813
-0.186,-0.813
-0.185,-0.813
-0.184,-0.813
-0.183,-0.813
-0.182,-0.813
-0.181,-0.813
-0.18,-0.813
-0.179,-0.813
-0.178,-0.813
-0.177,-0.813
-0.176,-0.813
-0.175,-0.813
-0.174,-0.813
-0.173,-0.813
-0.172,-0.813
-0.171,-0.813
-0.17,-0.813
-0.169,-0.813
-0.168,-0.813
-0.167,-0.813
-0.166,-0.813
-0.165,-0.813
-0.164,-0.813
-0.163,-0.813
-0.162,-0.813
-0.161,-0.813
-0.16,-0.813
-0.159,-0.813
-0.158,-0.813
-0.157,-0.813
-0.156,-0.813
-0.155,-0.813
-0.154,-0.813
-0.153,-0.813
-0.152,-0.813
-0.151,-0.813
-0.15,-0.813
-0.149,-0.813
-0.148,-0.813
-0.147,-0.813
-0.146,-0.813
-0.145,-0.813
-0.144,-0.813
-0.143,-0.813
-0.142,-0.813
-0.141,-0.813
-0.14,-0.813
-0.139,-0.813
-0.138,-0.813
-0.137,-0.813
-0.136,-0.813
-0.135,-0.813
-0.134,-0.813
-0.133,-0.813
-0.132,-0.813
-0.131,-0.813
-0.13,-0.813
-0.129,-0.813
-0.128,-0.813
-0.127,-0.813
-0.126,-0.813
-0.125,-0.813
-0.124,-0.813
-0.123,-0.813
-0.122,-0.813
-0.121,-0.813
-0.12,-0.813
-0.119,-0.813
-0.118,-0.813
-0.117,-0.813
-0.116,-0.813
-0.115,-0.813
-0.114,-0.813
-0.113,-0.813
-0.112,-0.813
-0.111,-0.813
-0.11,-0.813
-0.109,-0.813
-0.108,-0.813
-0.107,-0.813
-0.106,-0.813
-0.105,-0.813
-0.104,-0.813
-0.103,-0.813
-0.102,-0.813
-0.101,-0.813
-0.1,-0.813
-0.099,-0.813
-0.098,-0.813
-0.097,-0.813
-0.096,-0.813
-0.095,-0.813
-0.094,-0.813
-0.093,-0.813
-0.092,-0.813
-0.091,-0.813
-0.09,-0.813
-0.089,-0.813
-0.088,-0.813
-0.087,-0.813
-0.086,-0.813
-0.085,-0.813
-0.084,-0.813
-0.083,-0.813
-0.082,-0.813
-0.081,-0.813
-0.08,-0.813
-0.079,-0.813
-0.078,-0.813
-0.077,-0.813
-0.076,-0.813
-0.075,-0.813
-0.074,-0.813
-0.073,-0.813
-0.072,-0.813
-0.071,-0.813
-0.07,-0.813
-0.069,-0.813
-0.068,-0.813
-0.067,-0.813
-0.066,-0.813
-0.065,-0.813
-0.064,-0.813
-0.063,-0.813
-0.062,-0.813
-0.061,-0.813
-0.06,-0.813
-0.058,-0.813
-0.055,-0.813
-0.047,-0.813
-0.225,-0.812
-0.224,-0.812
-0.223,-0.812
-0.222,-0.812
-0.221,-0.812
-0.22,-0.812
-0.219,-0.812
-0.218,-0.812
-0.217,-0.812
-0.216,-0.812
-0.215,-0.812
-0.214,-0.812
-0.213,-0.812
-0.212,-0.812
-0.211,-0.812
-0.21,-0.812
-0.209,-0.812
-0.208,-0.812
-0.207,-0.812
-0.206,-0.812
-0.205,-0.812
-0.204,-0.812
-0.203,-0.812
-0.202,-0.812
-0.201,-0.812
-0.193,-0.812
-0.191,-0.812
-0.19,-0.812
-0.189,-0.812
-0.188,-0.812
-0.187,-0.812
-0.186,-0.812
-0.185,-0.812
-0.184,-0.812
-0.183,-0.812
-0.182,-0.812
-0.181,-0.812
-0.18,-0.812
-0.179,-0.812
-0.178,-0.812
-0.177,-0.812
-0.176,-0.812
-0.175,-0.812
-0.174,-0.812
-0.173,-0.812
-0.172,-0.812
-0.171,-0.812
-0.17,-0.812
-0.169,-0.812
-0.168,-0.812
-0.167,-0.812
-0.166,-0.812
-0.165,-0.812
-0.164,-0.812
-0.163,-0.812
-0.162,-0.812
-0.161,-0.812
-0.16,-0.812
-0.159,-0.812
-0.158,-0.812
-0.157,-0.812
-0.156,-0.812
-0.155,-0.812
-0.154,-0.812
-0.153,-0.812
-0.152,-0.812
-0.151,-0.812
-0.15,-0.812
-0.149,-0.812
-0.148,-0.812
-0.147,-0.812
-0.146,-0.812
-0.145,-0.812
-0.144,-0.812
-0.143,-0.812
-0.142,-0.812
-0.141,-0.812
-0.14,-0.812
-0.139,-0.812
-0.138,-0.812
-0.137,-0.812
-0.136,-0.812
-0.135,-0.812
-0.134,-0.812
-0.133,-0.812
-0.132,-0.812
-0.131,-0.812
-0.13,-0.812
-0.129,-0.812
-0.128,-0.812
-0.127,-0.812
-0.126,-0.812
-0.125,-0.812
-0.124,-0.812
-0.123,-0.812
-0.122,-0.812
-0.121,-0.812
-0.12,-0.812
-0.119,-0.812
-0.118,-0.812
-0.117,-0.812
-0.116,-0.812
-0.115,-0.812
-0.114,-0.812
-0.113,-0.812
-0.112,-0.812
-0.111,-0.812
-0.11,-0.812
-0.109,-0.812
-0.108,-0.812
-0.107,-0.812
-0.106,-0.812
-0.105,-0.812
-0.104,-0.812
-0.103,-0.812
-0.102,-0.812
-0.101,-0.812
-0.1,-0.812
-0.099,-0.812
-0.098,-0.812
-0.097,-0.812
-0.096,-0.812
-0.095,-0.812
-0.094,-0.812
-0.093,-0.812
-0.092,-0.812
-0.091,-0.812
-0.09,-0.812
-0.089,-0.812
-0.088,-0.812
-0.087,-0.812
-0.086,-0.812
-0.085,-0.812
-0.084,-0.812
-0.083,-0.812
-0.082,-0.812
-0.081,-0.812
-0.08,-0.812
-0.079,-0.812
-0.078,-0.812
-0.077,-0.812
-0.076,-0.812
-0.075,-0.812
-0.074,-0.812
-0.073,-0.812
-0.072,-0.812
-0.071,-0.812
-0.07,-0.812
-0.069,-0.812
-0.068,-0.812
-0.067,-0.812
-0.066,-0.812
-0.065,-0.812
-0.064,-0.812
-0.063,-0.812
-0.062,-0.812
-0.061,-0.812
-0.06,-0.812
-0.059,-0.812
-0.058,-0.812
-0.056,-0.812
-0.055,-0.812
-0.052,-0.812
-0.051,-0.812
-0.029,-0.812
-0.224,-0.811
-0.223,-0.811
-0.222,-0.811
-0.221,-0.811
-0.22,-0.811
-0.219,-0.811
-0.218,-0.811
-0.217,-0.811
-0.216,-0.811
-0.215,-0.811
-0.214,-0.811
-0.213,-0.811
-0.212,-0.811
-0.211,-0.811
-0.21,-0.811
-0.209,-0.811
-0.208,-0.811
-0.207,-0.811
-0.206,-0.811
-0.205,-0.811
-0.204,-0.811
-0.203,-0.811
-0.202,-0.811
-0.201,-0.811
-0.2,-0.811
-0.195,-0.811
-0.194,-0.811
-0.193,-0.811
-0.192,-0.811
-0.191,-0.811
-0.19,-0.811
-0.189,-0.811
-0.188,-0.811
-0.187,-0.811
-0.186,-0.811
-0.185,-0.811
-0.184,-0.811
-0.183,-0.811
-0.182,-0.811
-0.181,-0.811
-0.18,-0.811
-0.179,-0.811
-0.178,-0.811
-0.177,-0.811
-0.176,-0.811
-0.175,-0.811
-0.174,-0.811
-0.173,-0.811
-0.172,-0.811
-0.171,-0.811
-0.17,-0.811
-0.169,-0.811
-0.168,-0.811
-0.167,-0.811
-0.166,-0.811
-0.165,-0.811
-0.164,-0.811
-0.163,-0.811
-0.162,-0.811
-0.161,-0.811
-0.16,-0.811
-0.159,-0.811
-0.158,-0.811
-0.157,-0.811
-0.156,-0.811
-0.155,-0.811
-0.154,-0.811
-0.153,-0.811
-0.152,-0.811
-0.151,-0.811
-0.15,-0.811
-0.149,-0.811
-0.148,-0.811
-0.147,-0.811
-0.146,-0.811
-0.145,-0.811
-0.144,-0.811
-0.143,-0.811
-0.142,-0.811
-0.141,-0.811
-0.14,-0.811
-0.139,-0.811
-0.138,-0.811
-0.137,-0.811
-0.136,-0.811
-0.135,-0.811
-0.134,-0.811
-0.133,-0.811
-0.132,-0.811
-0.131,-0.811
-0.13,-0.811
-0.129,-0.811
-0.128,-0.811
-0.127,-0.811
-0.126,-0.811
-0.125,-0.811
-0.124,-0.811
-0.123,-0.811
-0.122,-0.811
-0.121,-0.811
-0.12,-0.811
-0.119,-0.811
-0.118,-0.811
-0.117,-0.811
-0.116,-0.811
-0.115,-0.811
-0.114,-0.811
-0.113,-0.811
-0.112,-0.811
-0.111,-0.811
-0.11,-0.811
-0.109,-0.811
-0.108,-0.811
-0.107,-0.811
-0.106,-0.811
-0.105,-0.811
-0.104,-0.811
-0.103,-0.811
-0.102,-0.811
-0.101,-0.811
-0.1,-0.811
-0.099,-0.811
-0.098,-0.811
-0.097,-0.811
-0.096,-0.811
-0.095,-0.811
-0.094,-0.811
-0.093,-0.811
-0.092,-0.811
-0.091,-0.811
-0.09,-0.811
-0.089,-0.811
-0.088,-0.811
-0.087,-0.811
-0.086,-0.811
-0.085,-0.811
-0.084,-0.811
-0.083,-0.811
-0.082,-0.811
-0.081,-0.811
-0.08,-0.811
-0.079,-0.811
-0.078,-0.811
-0.077,-0.811
-0.076,-0.811
-0.075,-0.811
-0.074,-0.811
-0.073,-0.811
-0.072,-0.811
-0.071,-0.811
-0.07,-0.811
-0.069,-0.811
-0.068,-0.811
-0.067,-0.811
-0.066,-0.811
-0.065,-0.811
-0.064,-0.811
-0.063,-0.811
-0.062,-0.811
-0.061,-0.811
-0.06,-0.811
-0.059,-0.811
-0.058,-0.811
-0.057,-0.811
-0.056,-0.811
-0.055,-0.811
-0.051,-0.811
-0.05,-0.811
-0.028,-0.811
-0.225,-0.81
-0.224,-0.81
-0.223,-0.81
-0.222,-0.81
-0.221,-0.81
-0.22,-0.81
-0.219,-0.81
-0.218,-0.81
-0.217,-0.81
-0.216,-0.81
-0.215,-0.81
-0.214,-0.81
-0.213,-0.81
-0.212,-0.81
-0.211,-0.81
-0.21,-0.81
-0.209,-0.81
-0.208,-0.81
-0.207,-0.81
-0.206,-0.81
-0.205,-0.81
-0.204,-0.81
-0.203,-0.81
-0.202,-0.81
-0.201,-0.81
-0.2,-0.81
-0.194,-0.81
-0.193,-0.81
-0.192,-0.81
-0.191,-0.81
-0.19,-0.81
-0.189,-0.81
-0.188,-0.81
-0.187,-0.81
-0.186,-0.81
-0.185,-0.81
-0.184,-0.81
-0.183,-0.81
-0.182,-0.81
-0.181,-0.81
-0.18,-0.81
-0.179,-0.81
-0.178,-0.81
-0.177,-0.81
-0.176,-0.81
-0.175,-0.81
-0.174,-0.81
-0.173,-0.81
-0.172,-0.81
-0.171,-0.81
-0.17,-0.81
-0.169,-0.81
-0.168,-0.81
-0.167,-0.81
-0.166,-0.81
-0.165,-0.81
-0.164,-0.81
-0.163,-0.81
-0.162,-0.81
-0.161,-0.81
-0.16,-0.81
-0.159,-0.81
-0.158,-0.81
-0.157,-0.81
-0.156,-0.81
-0.155,-0.81
-0.154,-0.81
-0.153,-0.81
-0.152,-0.81
-0.151,-0.81
-0.15,-0.81
-0.149,-0.81
-0.148,-0.81
-0.147,-0.81
-0.146,-0.81
-0.145,-0.81
-0.144,-0.81
-0.143,-0.81
-0.142,-0.81
-0.141,-0.81
-0.14,-0.81
-0.139,-0.81
-0.138,-0.81
-0.137,-0.81
-0.136,-0.81
-0.135,-0.81
-0.134,-0.81
-0.133,-0.81
-0.132,-0.81
-0.131,-0.81
-0.13,-0.81
-0.129,-0.81
-0.128,-0.81
-0.127,-0.81
-0.126,-0.81
-0.125,-0.81
-0.124,-0.81
-0.123,-0.81
-0.122,-0.81
-0.121,-0.81
-0.12,-0.81
-0.119,-0.81
-0.118,-0.81
-0.117,-0.81
-0.116,-0.81
-0.115,-0.81
-0.114,-0.81
-0.113,-0.81
-0.112,-0.81
-0.111,-0.81
-0.11,-0.81
-0.109,-0.81
-0.108,-0.81
-0.107,-0.81
-0.106,-0.81
-0.105,-0.81
-0.104,-0.81
-0.103,-0.81
-0.102,-0.81
-0.101,-0.81
-0.1,-0.81
-0.099,-0.81
-0.098,-0.81
-0.097,-0.81
-0.096,-0.81
-0.095,-0.81
-0.094,-0.81
-0.093,-0.81
-0.092,-0.81
-0.091,-0.81
-0.09,-0.81
-0.089,-0.81
-0.088,-0.81
-0.087,-0.81
-0.086,-0.81
-0.085,-0.81
-0.084,-0.81
-0.083,-0.81
-0.082,-0.81
-0.081,-0.81
-0.08,-0.81
-0.079,-0.81
-0.078,-0.81
-0.077,-0.81
-0.076,-0.81
-0.075,-0.81
-0.074,-0.81
-0.073,-0.81
-0.072,-0.81
-0.071,-0.81
-0.07,-0.81
-0.069,-0.81
-0.068,-0.81
-0.067,-0.81
-0.066,-0.81
-0.065,-0.81
-0.064,-0.81
-0.063,-0.81
-0.062,-0.81
-0.061,-0.81
-0.06,-0.81
-0.059,-0.81
-0.058,-0.81
-0.057,-0.81
-0.056,-0.81
-0.053,-0.81
-0.052,-0.81
-0.05,-0.81
-0.049,-0.81
-0.228,-0.809
-0.226,-0.809
-0.224,-0.809
-0.223,-0.809
-0.222,-0.809
-0.221,-0.809
-0.22,-0.809
-0.219,-0.809
-0.218,-0.809
-0.217,-0.809
-0.216,-0.809
-0.215,-0.809
-0.214,-0.809
-0.213,-0.809
-0.212,-0.809
-0.211,-0.809
-0.21,-0.809
-0.209,-0.809
-0.208,-0.809
-0.207,-0.809
-0.206,-0.809
-0.205,-0.809
-0.204,-0.809
-0.203,-0.809
-0.202,-0.809
-0.201,-0.809
-0.2,-0.809
-0.199,-0.809
-0.198,-0.809
-0.196,-0.809
-0.195,-0.809
-0.194,-0.809
-0.193,-0.809
-0.192,-0.809
-0.191,-0.809
-0.19,-0.809
-0.189,-0.809
-0.188,-0.809
-0.187,-0.809
-0.186,-0.809
-0.185,-0.809
-0.184,-0.809
-0.183,-0.809
-0.182,-0.809
-0.181,-0.809
-0.18,-0.809
-0.179,-0.809
-0.178,-0.809
-0.177,-0.809
-0.176,-0.809
-0.175,-0.809
-0.174,-0.809
-0.173,-0.809
-0.172,-0.809
-0.171,-0.809
-0.17,-0.809
-0.169,-0.809
-0.168,-0.809
-0.167,-0.809
-0.166,-0.809
-0.165,-0.809
-0.164,-0.809
-0.163,-0.809
-0.162,-0.809
-0.161,-0.809
-0.16,-0.809
-0.159,-0.809
-0.158,-0.809
-0.157,-0.809
-0.156,-0.809
-0.155,-0.809
-0.154,-0.809
-0.153,-0.809
-0.152,-0.809
-0.151,-0.809
-0.15,-0.809
-0.149,-0.809
-0.148,-0.809
-0.147,-0.809
-0.146,-0.809
-0.145,-0.809
-0.144,-0.809
-0.143,-0.809
-0.142,-0.809
-0.141,-0.809
-0.14,-0.809
-0.139,-0.809
-0.138,-0.809
-0.137,-0.809
-0.136,-0.809
-0.135,-0.809
-0.134,-0.809
-0.133,-0.809
-0.132,-0.809
-0.131,-0.809
-0.13,-0.809
-0.129,-0.809
-0.128,-0.809
-0.127,-0.809
-0.126,-0.809
-0.125,-0.809
-0.124,-0.809
-0.123,-0.809
-0.122,-0.809
-0.121,-0.809
-0.12,-0.809
-0.119,-0.809
-0.118,-0.809
-0.117,-0.809
-0.116,-0.809
-0.115,-0.809
-0.114,-0.809
-0.113,-0.809
-0.112,-0.809
-0.111,-0.809
-0.11,-0.809
-0.109,-0.809
-0.108,-0.809
-0.107,-0.809
-0.106,-0.809
-0.105,-0.809
-0.104,-0.809
-0.103,-0.809
-0.102,-0.809
-0.101,-0.809
-0.1,-0.809
-0.099,-0.809
-0.098,-0.809
-0.097,-0.809
-0.096,-0.809
-0.095,-0.809
-0.094,-0.809
-0.093,-0.809
-0.092,-0.809
-0.091,-0.809
-0.09,-0.809
-0.089,-0.809
-0.088,-0.809
-0.087,-0.809
-0.086,-0.809
-0.085,-0.809
-0.084,-0.809
-0.083,-0.809
-0.082,-0.809
-0.081,-0.809
-0.08,-0.809
-0.079,-0.809
-0.078,-0.809
-0.077,-0.809
-0.076,-0.809
-0.075,-0.809
-0.074,-0.809
-0.073,-0.809
-0.072,-0.809
-0.071,-0.809
-0.07,-0.809
-0.069,-0.809
-0.068,-0.809
-0.067,-0.809
-0.066,-0.809
-0.065,-0.809
-0.064,-0.809
-0.063,-0.809
-0.062,-0.809
-0.061,-0.809
-0.06,-0.809
-0.059,-0.809
-0.058,-0.809
-0.057,-0.809
-0.056,-0.809
-0.055,-0.809
-0.054,-0.809
-0.053,-0.809
-0.052,-0.809
-0.051,-0.809
-0.05,-0.809
-0.049,-0.809
-0.048,-0.809
-0.047,-0.809
-0.224,-0.808
-0.222,-0.808
-0.221,-0.808
-0.22,-0.808
-0.219,-0.808
-0.218,-0.808
-0.217,-0.808
-0.216,-0.808
-0.215,-0.808
-0.214,-0.808
-0.213,-0.808
-0.212,-0.808
-0.211,-0.808
-0.21,-0.808
-0.209,-0.808
-0.208,-0.808
-0.207,-0.808
-0.206,-0.808
-0.205,-0.808
-0.204,-0.808
-0.203,-0.808
-0.202,-0.808
-0.201,-0.808
-0.2,-0.808
-0.197,-0.808
-0.195,-0.808
-0.194,-0.808
-0.193,-0.808
-0.192,-0.808
-0.191,-0.808
-0.19,-0.808
-0.189,-0.808
-0.188,-0.808
-0.187,-0.808
-0.186,-0.808
-0.185,-0.808
-0.184,-0.808
-0.183,-0.808
-0.182,-0.808
-0.181,-0.808
-0.18,-0.808
-0.179,-0.808
-0.178,-0.808
-0.177,-0.808
-0.176,-0.808
-0.175,-0.808
-0.174,-0.808
-0.173,-0.808
-0.172,-0.808
-0.171,-0.808
-0.17,-0.808
-0.169,-0.808
-0.168,-0.808
-0.167,-0.808
-0.166,-0.808
-0.165,-0.808
-0.164,-0.808
-0.163,-0.808
-0.162,-0.808
-0.161,-0.808
-0.16,-0.808
-0.159,-0.808
-0.158,-0.808
-0.157,-0.808
-0.156,-0.808
-0.155,-0.808
-0.154,-0.808
-0.153,-0.808
-0.152,-0.808
-0.151,-0.808
-0.15,-0.808
-0.149,-0.808
-0.148,-0.808
-0.147,-0.808
-0.146,-0.808
-0.145,-0.808
-0.144,-0.808
-0.143,-0.808
-0.142,-0.808
-0.141,-0.808
-0.14,-0.808
-0.139,-0.808
-0.138,-0.808
-0.137,-0.808
-0.136,-0.808
-0.135,-0.808
-0.134,-0.808
-0.133,-0.808
-0.132,-0.808
-0.131,-0.808
-0.13,-0.808
-0.129,-0.808
-0.128,-0.808
-0.127,-0.808
-0.126,-0.808
-0.125,-0.808
-0.124,-0.808
-0.123,-0.808
-0.122,-0.808
-0.121,-0.808
-0.12,-0.808
-0.119,-0.808
-0.118,-0.808
-0.117,-0.808
-0.116,-0.808
-0.115,-0.808
-0.114,-0.808
-0.113,-0.808
-0.112,-0.808
-0.111,-0.808
-0.11,-0.808
-0.109,-0.808
-0.108,-0.808
-0.107,-0.808
-0.106,-0.808
-0.105,-0.808
-0.104,-0.808
-0.103,-0.808
-0.102,-0.808
-0.101,-0.808
-0.1,-0.808
-0.099,-0.808
-0.098,-0.808
-0.097,-0.808
-0.096,-0.808
-0.095,-0.808
-0.094,-0.808
-0.093,-0.808
-0.092,-0.808
-0.091,-0.808
-0.09,-0.808
-0.089,-0.808
-0.088,-0.808
-0.087,-0.808
-0.086,-0.808
-0.085,-0.808
-0.084,-0.808
-0.083,-0.808
-0.082,-0.808
-0.081,-0.808
-0.08,-0.808
-0.079,-0.808
-0.078,-0.808
-0.077,-0.808
-0.076,-0.808
-0.075,-0.808
-0.074,-0.808
-0.073,-0.808
-0.072,-0.808
-0.071,-0.808
-0.07,-0.808
-0.069,-0.808
-0.068,-0.808
-0.067,-0.808
-0.066,-0.808
-0.065,-0.808
-0.064,-0.808
-0.063,-0.808
-0.062,-0.808
-0.061,-0.808
-0.06,-0.808
-0.059,-0.808
-0.058,-0.808
-0.057,-0.808
-0.056,-0.808
-0.055,-0.808
-0.054,-0.808
-0.053,-0.808
-0.052,-0.808
-0.051,-0.808
-0.05,-0.808
-0.049,-0.808
-0.037,-0.808
-0.024,-0.808
-0.227,-0.807
-0.224,-0.807
-0.221,-0.807
-0.22,-0.807
-0.219,-0.807
-0.218,-0.807
-0.217,-0.807
-0.216,-0.807
-0.215,-0.807
-0.214,-0.807
-0.213,-0.807
-0.212,-0.807
-0.211,-0.807
-0.21,-0.807
-0.209,-0.807
-0.208,-0.807
-0.207,-0.807
-0.206,-0.807
-0.205,-0.807
-0.204,-0.807
-0.203,-0.807
-0.202,-0.807
-0.201,-0.807
-0.2,-0.807
-0.196,-0.807
-0.195,-0.807
-0.194,-0.807
-0.193,-0.807
-0.192,-0.807
-0.191,-0.807
-0.19,-0.807
-0.189,-0.807
-0.188,-0.807
-0.187,-0.807
-0.186,-0.807
-0.185,-0.807
-0.184,-0.807
-0.183,-0.807
-0.182,-0.807
-0.181,-0.807
-0.18,-0.807
-0.179,-0.807
-0.178,-0.807
-0.177,-0.807
-0.176,-0.807
-0.175,-0.807
-0.174,-0.807
-0.173,-0.807
-0.172,-0.807
-0.171,-0.807
-0.17,-0.807
-0.169,-0.807
-0.168,-0.807
-0.167,-0.807
-0.166,-0.807
-0.165,-0.807
-0.164,-0.807
-0.163,-0.807
-0.162,-0.807
-0.161,-0.807
-0.16,-0.807
-0.159,-0.807
-0.158,-0.807
-0.157,-0.807
-0.156,-0.807
-0.155,-0.807
-0.154,-0.807
-0.153,-0.807
-0.152,-0.807
-0.151,-0.807
-0.15,-0.807
-0.149,-0.807
-0.148,-0.807
-0.147,-0.807
-0.146,-0.807
-0.145,-0.807
-0.144,-0.807
-0.143,-0.807
-0.142,-0.807
-0.141,-0.807
-0.14,-0.807
-0.139,-0.807
-0.138,-0.807
-0.137,-0.807
-0.136,-0.807
-0.135,-0.807
-0.134,-0.807
-0.133,-0.807
-0.132,-0.807
-0.131,-0.807
-0.13,-0.807
-0.129,-0.807
-0.128,-0.807
-0.127,-0.807
-0.126,-0.807
-0.125,-0.807
-0.124,-0.807
-0.123,-0.807
-0.122,-0.807
-0.121,-0.807
-0.12,-0.807
-0.119,-0.807
-0.118,-0.807
-0.117,-0.807
-0.116,-0.807
-0.115,-0.807
-0.114,-0.807
-0.113,-0.807
-0.112,-0.807
-0.111,-0.807
-0.11,-0.807
-0.109,-0.807
-0.108,-0.807
-0.107,-0.807
-0.106,-0.807
-0.105,-0.807
-0.104,-0.807
-0.103,-0.807
-0.102,-0.807
-0.101,-0.807
-0.1,-0.807
-0.099,-0.807
-0.098,-0.807
-0.097,-0.807
-0.096,-0.807
-0.095,-0.807
-0.094,-0.807
-0.093,-0.807
-0.092,-0.807
-0.091,-0.807
-0.09,-0.807
-0.089,-0.807
-0.088,-0.807
-0.087,-0.807
-0.086,-0.807
-0.085,-0.807
-0.084,-0.807
-0.083,-0.807
-0.082,-0.807
-0.081,-0.807
-0.08,-0.807
-0.079,-0.807
-0.078,-0.807
-0.077,-0.807
-0.076,-0.807
-0.075,-0.807
-0.074,-0.807
-0.073,-0.807
-0.072,-0.807
-0.071,-0.807
-0.07,-0.807
-0.069,-0.807
-0.068,-0.807
-0.067,-0.807
-0.066,-0.807
-0.065,-0.807
-0.064,-0.807
-0.063,-0.807
-0.062,-0.807
-0.061,-0.807
-0.06,-0.807
-0.059,-0.807
-0.058,-0.807
-0.057,-0.807
-0.056,-0.807
-0.055,-0.807
-0.054,-0.807
-0.053,-0.807
-0.052,-0.807
-0.051,-0.807
-0.05,-0.807
-0.049,-0.807
-0.007,-0.807
-0.006,-0.807
-0.222,-0.806
-0.221,-0.806
-0.22,-0.806
-0.219,-0.806
-0.218,-0.806
-0.217,-0.806
-0.216,-0.806
-0.215,-0.806
-0.214,-0.806
-0.213,-0.806
-0.212,-0.806
-0.211,-0.806
-0.21,-0.806
-0.209,-0.806
-0.208,-0.806
-0.207,-0.806
-0.206,-0.806
-0.205,-0.806
-0.204,-0.806
-0.203,-0.806
-0.202,-0.806
-0.201,-0.806
-0.2,-0.806
-0.197,-0.806
-0.196,-0.806
-0.195,-0.806
-0.194,-0.806
-0.193,-0.806
-0.192,-0.806
-0.191,-0.806
-0.19,-0.806
-0.189,-0.806
-0.188,-0.806
-0.187,-0.806
-0.186,-0.806
-0.185,-0.806
-0.184,-0.806
-0.183,-0.806
-0.182,-0.806
-0.181,-0.806
-0.18,-0.806
-0.179,-0.806
-0.178,-0.806
-0.177,-0.806
-0.176,-0.806
-0.175,-0.806
-0.174,-0.806
-0.173,-0.806
-0.172,-0.806
-0.171,-0.806
-0.17,-0.806
-0.169,-0.806
-0.168,-0.806
-0.167,-0.806
-0.166,-0.806
-0.165,-0.806
-0.164,-0.806
-0.163,-0.806
-0.162,-0.806
-0.161,-0.806
-0.16,-0.806
-0.159,-0.806
-0.158,-0.806
-0.157,-0.806
-0.156,-0.806
-0.155,-0.806
-0.154,-0.806
-0.153,-0.806
-0.152,-0.806
-0.151,-0.806
-0.15,-0.806
-0.149,-0.806
-0.148,-0.806
-0.147,-0.806
-0.146,-0.806
-0.145,-0.806
-0.144,-0.806
-0.143,-0.806
-0.142,-0.806
-0.141,-0.806
-0.14,-0.806
-0.139,-0.806
-0.138,-0.806
-0.137,-0.806
-0.136,-0.806
-0.135,-0.806
-0.134,-0.806
-0.133,-0.806
-0.132,-0.806
-0.131,-0.806
-0.13,-0.806
-0.129,-0.806
-0.128,-0.806
-0.127,-0.806
-0.126,-0.806
-0.125,-0.806
-0.124,-0.806
-0.123,-0.806
-0.122,-0.806
-0.121,-0.806
-0.12,-0.806
-0.119,-0.806
-0.118,-0.806
-0.117,-0.806
-0.116,-0.806
-0.115,-0.806
-0.114,-0.806
-0.113,-0.806
-0.112,-0.806
-0.111,-0.806
-0.11,-0.806
-0.109,-0.806
-0.108,-0.806
-0.107,-0.806
-0.106,-0.806
-0.105,-0.806
-0.104,-0.806
-0.103,-0.806
-0.102,-0.806
-0.101,-0.806
-0.1,-0.806
-0.099,-0.806
-0.098,-0.806
-0.097,-0.806
-0.096,-0.806
-0.095,-0.806
-0.094,-0.806
-0.093,-0.806
-0.092,-0.806
-0.091,-0.806
-0.09,-0.806
-0.089,-0.806
-0.088,-0.806
-0.087,-0.806
-0.086,-0.806
-0.085,-0.806
-0.084,-0.806
-0.083,-0.806
-0.082,-0.806
-0.081,-0.806
-0.08,-0.806
-0.079,-0.806
-0.078,-0.806
-0.077,-0.806
-0.076,-0.806
-0.075,-0.806
-0.074,-0.806
-0.073,-0.806
-0.072,-0.806
-0.071,-0.806
-0.07,-0.806
-0.069,-0.806
-0.068,-0.806
-0.067,-0.806
-0.066,-0.806
-0.065,-0.806
-0.064,-0.806
-0.063,-0.806
-0.062,-0.806
-0.061,-0.806
-0.06,-0.806
-0.059,-0.806
-0.058,-0.806
-0.057,-0.806
-0.056,-0.806
-0.055,-0.806
-0.054,-0.806
-0.053,-0.806
-0.052,-0.806
-0.051,-0.806
-0.05,-0.806
-0.038,-0.806
-0.008,-0.806
-0.007,-0.806
-0.222,-0.805
-0.221,-0.805
-0.22,-0.805
-0.219,-0.805
-0.218,-0.805
-0.217,-0.805
-0.216,-0.805
-0.215,-0.805
-0.214,-0.805
-0.213,-0.805
-0.212,-0.805
-0.211,-0.805
-0.21,-0.805
-0.209,-0.805
-0.208,-0.805
-0.207,-0.805
-0.206,-0.805
-0.205,-0.805
-0.204,-0.805
-0.203,-0.805
-0.202,-0.805
-0.201,-0.805
-0.2,-0.805
-0.197,-0.805
-0.196,-0.805
-0.195,-0.805
-0.194,-0.805
-0.193,-0.805
-0.192,-0.805
-0.191,-0.805
-0.19,-0.805
-0.189,-0.805
-0.188,-0.805
-0.187,-0.805
-0.186,-0.805
-0.185,-0.805
-0.184,-0.805
-0.183,-0.805
-0.182,-0.805
-0.181,-0.805
-0.18,-0.805
-0.179,-0.805
-0.178,-0.805
-0.177,-0.805
-0.176,-0.805
-0.175,-0.805
-0.174,-0.805
-0.173,-0.805
-0.172,-0.805
-0.171,-0.805
-0.17,-0.805
-0.169,-0.805
-0.168,-0.805
-0.167,-0.805
-0.166,-0.805
-0.165,-0.805
-0.164,-0.805
-0.163,-0.805
-0.162,-0.805
-0.161,-0.805
-0.16,-0.805
-0.159,-0.805
-0.158,-0.805
-0.157,-0.805
-0.156,-0.805
-0.155,-0.805
-0.154,-0.805
-0.153,-0.805
-0.152,-0.805
-0.151,-0.805
-0.15,-0.805
-0.149,-0.805
-0.148,-0.805
-0.147,-0.805
-0.146,-0.805
-0.145,-0.805
-0.144,-0.805
-0.143,-0.805
-0.142,-0.805
-0.141,-0.805
-0.14,-0.805
-0.139,-0.805
-0.138,-0.805
-0.137,-0.805
-0.136,-0.805
-0.135,-0.805
-0.134,-0.805
-0.133,-0.805
-0.132,-0.805
-0.131,-0.805
-0.13,-0.805
-0.129,-0.805
-0.128,-0.805
-0.127,-0.805
-0.126,-0.805
-0.125,-0.805
-0.124,-0.805
-0.123,-0.805
-0.122,-0.805
-0.121,-0.805
-0.12,-0.805
-0.119,-0.805
-0.118,-0.805
-0.117,-0.805
-0.116,-0.805
-0.115,-0.805
-0.114,-0.805
-0.113,-0.805
-0.112,-0.805
-0.111,-0.805
-0.11,-0.805
-0.109,-0.805
-0.108,-0.805
-0.107,-0.805
-0.106,-0.805
-0.105,-0.805
-0.104,-0.805
-0.103,-0.805
-0.102,-0.805
-0.101,-0.805
-0.1,-0.805
-0.099,-0.805
-0.098,-0.805
-0.097,-0.805
-0.096,-0.805
-0.095,-0.805
-0.094,-0.805
-0.093,-0.805
-0.092,-0.805
-0.091,-0.805
-0.09,-0.805
-0.089,-0.805
-0.088,-0.805
-0.087,-0.805
-0.086,-0.805
-0.085,-0.805
-0.084,-0.805
-0.083,-0.805
-0.082,-0.805
-0.081,-0.805
-0.08,-0.805
-0.079,-0.805
-0.078,-0.805
-0.077,-0.805
-0.076,-0.805
-0.075,-0.805
-0.074,-0.805
-0.073,-0.805
-0.072,-0.805
-0.071,-0.805
-0.07,-0.805
-0.069,-0.805
-0.068,-0.805
-0.067,-0.805
-0.066,-0.805
-0.065,-0.805
-0.064,-0.805
-0.063,-0.805
-0.062,-0.805
-0.061,-0.805
-0.06,-0.805
-0.059,-0.805
-0.058,-0.805
-0.057,-0.805
-0.056,-0.805
-0.055,-0.805
-0.054,-0.805
-0.053,-0.805
-0.052,-0.805
-0.045,-0.805
-0.029,-0.805
-0.026,-0.805
-0.223,-0.804
-0.222,-0.804
-0.221,-0.804
-0.22,-0.804
-0.219,-0.804
-0.218,-0.804
-0.217,-0.804
-0.216,-0.804
-0.215,-0.804
-0.214,-0.804
-0.213,-0.804
-0.212,-0.804
-0.211,-0.804
-0.21,-0.804
-0.209,-0.804
-0.208,-0.804
-0.207,-0.804
-0.206,-0.804
-0.205,-0.804
-0.204,-0.804
-0.203,-0.804
-0.202,-0.804
-0.201,-0.804
-0.2,-0.804
-0.199,-0.804
-0.198,-0.804
-0.197,-0.804
-0.196,-0.804
-0.195,-0.804
-0.194,-0.804
-0.193,-0.804
-0.192,-0.804
-0.191,-0.804
-0.19,-0.804
-0.189,-0.804
-0.188,-0.804
-0.187,-0.804
-0.186,-0.804
-0.185,-0.804
-0.184,-0.804
-0.183,-0.804
-0.182,-0.804
-0.181,-0.804
-0.18,-0.804
-0.179,-0.804
-0.178,-0.804
-0.177,-0.804
-0.176,-0.804
-0.175,-0.804
-0.174,-0.804
-0.173,-0.804
-0.172,-0.804
-0.171,-0.804
-0.17,-0.804
-0.169,-0.804
-0.168,-0.804
-0.167,-0.804
-0.166,-0.804
-0.165,-0.804
-0.164,-0.804
-0.163,-0.804
-0.162,-0.804
-0.161,-0.804
-0.16,-0.804
-0.159,-0.804
-0.158,-0.804
-0.157,-0.804
-0.156,-0.804
-0.155,-0.804
-0.154,-0.804
-0.153,-0.804
-0.152,-0.804
-0.151,-0.804
-0.15,-0.804
-0.149,-0.804
-0.148,-0.804
-0.147,-0.804
-0.146,-0.804
-0.145,-0.804
-0.144,-0.804
-0.143,-0.804
-0.142,-0.804
-0.141,-0.804
-0.14,-0.804
-0.139,-0.804
-0.138,-0.804
-0.137,-0.804
-0.136,-0.804
-0.135,-0.804
-0.134,-0.804
-0.133,-0.804
-0.132,-0.804
-0.131,-0.804
-0.13,-0.804
-0.129,-0.804
-0.128,-0.804
-0.127,-0.804
-0.126,-0.804
-0.125,-0.804
-0.124,-0.804
-0.123,-0.804
-0.122,-0.804
-0.121,-0.804
-0.12,-0.804
-0.119,-0.804
-0.118,-0.804
-0.117,-0.804
-0.116,-0.804
-0.115,-0.804
-0.114,-0.804
-0.113,-0.804
-0.112,-0.804
-0.111,-0.804
-0.11,-0.804
-0.109,-0.804
-0.108,-0.804
-0.107,-0.804
-0.106,-0.804
-0.105,-0.804
-0.104,-0.804
-0.103,-0.804
-0.102,-0.804
-0.101,-0.804
-0.1,-0.804
-0.099,-0.804
-0.098,-0.804
-0.097,-0.804
-0.096,-0.804
-0.095,-0.804
-0.094,-0.804
-0.093,-0.804
-0.092,-0.804
-0.091,-0.804
-0.09,-0.804
-0.089,-0.804
-0.088,-0.804
-0.087,-0.804
-0.086,-0.804
-0.085,-0.804
-0.084,-0.804
-0.083,-0.804
-0.082,-0.804
-0.081,-0.804
-0.08,-0.804
-0.079,-0.804
-0.078,-0.804
-0.077,-0.804
-0.076,-0.804
-0.075,-0.804
-0.074,-0.804
-0.073,-0.804
-0.072,-0.804
-0.071,-0.804
-0.07,-0.804
-0.069,-0.804
-0.068,-0.804
-0.067,-0.804
-0.066,-0.804
-0.065,-0.804
-0.064,-0.804
-0.063,-0.804
-0.062,-0.804
-0.061,-0.804
-0.06,-0.804
-0.059,-0.804
-0.058,-0.804
-0.057,-0.804
-0.056,-0.804
-0.055,-0.804
-0.054,-0.804
-0.053,-0.804
-0.052,-0.804
-0.051,-0.804
-0.05,-0.804
-0.048,-0.804
-0.047,-0.804
-0.046,-0.804
-0.035,-0.804
-0.034,-0.804
-0.03,-0.804
-0.029,-0.804
-0.229,-0.803
-0.222,-0.803
-0.221,-0.803
-0.22,-0.803
-0.219,-0.803
-0.218,-0.803
-0.217,-0.803
-0.216,-0.803
-0.215,-0.803
-0.214,-0.803
-0.213,-0.803
-0.212,-0.803
-0.211,-0.803
-0.21,-0.803
-0.209,-0.803
-0.208,-0.803
-0.207,-0.803
-0.206,-0.803
-0.205,-0.803
-0.204,-0.803
-0.203,-0.803
-0.202,-0.803
-0.201,-0.803
-0.2,-0.803
-0.199,-0.803
-0.198,-0.803
-0.197,-0.803
-0.196,-0.803
-0.195,-0.803
-0.194,-0.803
-0.193,-0.803
-0.192,-0.803
-0.191,-0.803
-0.19,-0.803
-0.189,-0.803
-0.188,-0.803
-0.187,-0.803
-0.186,-0.803
-0.185,-0.803
-0.184,-0.803
-0.183,-0.803
-0.182,-0.803
-0.181,-0.803
-0.18,-0.803
-0.179,-0.803
-0.178,-0.803
-0.177,-0.803
-0.176,-0.803
-0.175,-0.803
-0.174,-0.803
-0.173,-0.803
-0.172,-0.803
-0.171,-0.803
-0.17,-0.803
-0.169,-0.803
-0.168,-0.803
-0.167,-0.803
-0.166,-0.803
-0.165,-0.803
-0.164,-0.803
-0.163,-0.803
-0.162,-0.803
-0.161,-0.803
-0.16,-0.803
-0.159,-0.803
-0.158,-0.803
-0.157,-0.803
-0.156,-0.803
-0.155,-0.803
-0.154,-0.803
-0.153,-0.803
-0.152,-0.803
-0.151,-0.803
-0.15,-0.803
-0.149,-0.803
-0.148,-0.803
-0.147,-0.803
-0.146,-0.803
-0.145,-0.803
-0.144,-0.803
-0.143,-0.803
-0.142,-0.803
-0.141,-0.803
-0.14,-0.803
-0.139,-0.803
-0.138,-0.803
-0.137,-0.803
-0.136,-0.803
-0.135,-0.803
-0.134,-0.803
-0.133,-0.803
-0.132,-0.803
-0.131,-0.803
-0.13,-0.803
-0.129,-0.803
-0.128,-0.803
-0.127,-0.803
-0.126,-0.803
-0.125,-0.803
-0.124,-0.803
-0.123,-0.803
-0.122,-0.803
-0.121,-0.803
-0.12,-0.803
-0.119,-0.803
-0.118,-0.803
-0.117,-0.803
-0.116,-0.803
-0.115,-0.803
-0.114,-0.803
-0.113,-0.803
-0.112,-0.803
-0.111,-0.803
-0.11,-0.803
-0.109,-0.803
-0.108,-0.803
-0.107,-0.803
-0.106,-0.803
-0.105,-0.803
-0.104,-0.803
-0.103,-0.803
-0.102,-0.803
-0.101,-0.803
-0.1,-0.803
-0.099,-0.803
-0.098,-0.803
-0.097,-0.803
-0.096,-0.803
-0.095,-0.803
-0.094,-0.803
-0.093,-0.803
-0.092,-0.803
-0.091,-0.803
-0.09,-0.803
-0.089,-0.803
-0.088,-0.803
-0.087,-0.803
-0.086,-0.803
-0.085,-0.803
-0.084,-0.803
-0.083,-0.803
-0.082,-0.803
-0.081,-0.803
-0.08,-0.803
-0.079,-0.803
-0.078,-0.803
-0.077,-0.803
-0.076,-0.803
-0.075,-0.803
-0.074,-0.803
-0.073,-0.803
-0.072,-0.803
-0.071,-0.803
-0.07,-0.803
-0.069,-0.803
-0.068,-0.803
-0.067,-0.803
-0.066,-0.803
-0.065,-0.803
-0.064,-0.803
-0.063,-0.803
-0.062,-0.803
-0.061,-0.803
-0.06,-0.803
-0.059,-0.803
-0.058,-0.803
-0.057,-0.803
-0.056,-0.803
-0.055,-0.803
-0.054,-0.803
-0.053,-0.803
-0.052,-0.803
-0.051,-0.803
-0.05,-0.803
-0.049,-0.803
-0.048,-0.803
-0.047,-0.803
-0.046,-0.803
-0.036,-0.803
-0.031,-0.803
-0.03,-0.803
-0.029,-0.803
-0.026,-0.803
-0.221,-0.802
-0.22,-0.802
-0.219,-0.802
-0.218,-0.802
-0.217,-0.802
-0.216,-0.802
-0.215,-0.802
-0.214,-0.802
-0.213,-0.802
-0.212,-0.802
-0.211,-0.802
-0.21,-0.802
-0.209,-0.802
-0.208,-0.802
-0.207,-0.802
-0.206,-0.802
-0.205,-0.802
-0.204,-0.802
-0.203,-0.802
-0.202,-0.802
-0.201,-0.802
-0.2,-0.802
-0.199,-0.802
-0.198,-0.802
-0.197,-0.802
-0.196,-0.802
-0.195,-0.802
-0.194,-0.802
-0.193,-0.802
-0.192,-0.802
-0.191,-0.802
-0.19,-0.802
-0.189,-0.802
-0.188,-0.802
-0.187,-0.802
-0.186,-0.802
-0.185,-0.802
-0.184,-0.802
-0.183,-0.802
-0.182,-0.802
-0.181,-0.802
-0.18,-0.802
-0.179,-0.802
-0.178,-0.802
-0.177,-0.802
-0.176,-0.802
-0.175,-0.802
-0.174,-0.802
-0.173,-0.802
-0.172,-0.802
-0.171,-0.802
-0.17,-0.802
-0.169,-0.802
-0.168,-0.802
-0.167,-0.802
-0.166,-0.802
-0.165,-0.802
-0.164,-0.802
-0.163,-0.802
-0.162,-0.802
-0.161,-0.802
-0.16,-0.802
-0.159,-0.802
-0.158,-0.802
-0.157,-0.802
-0.156,-0.802
-0.155,-0.802
-0.154,-0.802
-0.153,-0.802
-0.152,-0.802
-0.151,-0.802
-0.15,-0.802
-0.149,-0.802
-0.148,-0.802
-0.147,-0.802
-0.146,-0.802
-0.145,-0.802
-0.144,-0.802
-0.143,-0.802
-0.142,-0.802
-0.141,-0.802
-0.14,-0.802
-0.139,-0.802
-0.138,-0.802
-0.137,-0.802
-0.136,-0.802
-0.135,-0.802
-0.134,-0.802
-0.133,-0.802
-0.132,-0.802
-0.131,-0.802
-0.13,-0.802
-0.129,-0.802
-0.128,-0.802
-0.127,-0.802
-0.126,-0.802
-0.125,-0.802
-0.124,-0.802
-0.123,-0.802
-0.122,-0.802
-0.121,-0.802
-0.12,-0.802
-0.119,-0.802
-0.118,-0.802
-0.117,-0.802
-0.116,-0.802
-0.115,-0.802
-0.114,-0.802
-0.113,-0.802
-0.112,-0.802
-0.111,-0.802
-0.11,-0.802
-0.109,-0.802
-0.108,-0.802
-0.107,-0.802
-0.106,-0.802
-0.105,-0.802
-0.104,-0.802
-0.103,-0.802
-0.102,-0.802
-0.101,-0.802
-0.1,-0.802
-0.099,-0.802
-0.098,-0.802
-0.097,-0.802
-0.096,-0.802
-0.095,-0.802
-0.094,-0.802
-0.093,-0.802
-0.092,-0.802
-0.091,-0.802
-0.09,-0.802
-0.089,-0.802
-0.088,-0.802
-0.087,-0.802
-0.086,-0.802
-0.085,-0.802
-0.084,-0.802
-0.083,-0.802
-0.082,-0.802
-0.081,-0.802
-0.08,-0.802
-0.079,-0.802
-0.078,-0.802
-0.077,-0.802
-0.076,-0.802
-0.075,-0.802
-0.074,-0.802
-0.073,-0.802
-0.072,-0.802
-0.071,-0.802
-0.07,-0.802
-0.069,-0.802
-0.068,-0.802
-0.067,-0.802
-0.066,-0.802
-0.065,-0.802
-0.064,-0.802
-0.063,-0.802
-0.062,-0.802
-0.061,-0.802
-0.06,-0.802
-0.059,-0.802
-0.058,-0.802
-0.057,-0.802
-0.056,-0.802
-0.055,-0.802
-0.054,-0.802
-0.053,-0.802
-0.052,-0.802
-0.051,-0.802
-0.05,-0.802
-0.049,-0.802
-0.048,-0.802
-0.047,-0.802
-0.036,-0.802
-0.032,-0.802
-0.031,-0.802
-0.03,-0.802
-0.029,-0.802
-0.028,-0.802
-0.027,-0.802
-0.221,-0.801
-0.22,-0.801
-0.219,-0.801
-0.218,-0.801
-0.217,-0.801
-0.216,-0.801
-0.215,-0.801
-0.214,-0.801
-0.213,-0.801
-0.212,-0.801
-0.211,-0.801
-0.21,-0.801
-0.209,-0.801
-0.208,-0.801
-0.207,-0.801
-0.206,-0.801
-0.205,-0.801
-0.204,-0.801
-0.203,-0.801
-0.202,-0.801
-0.201,-0.801
-0.2,-0.801
-0.199,-0.801
-0.198,-0.801
-0.197,-0.801
-0.196,-0.801
-0.195,-0.801
-0.194,-0.801
-0.193,-0.801
-0.192,-0.801
-0.191,-0.801
-0.19,-0.801
-0.189,-0.801
-0.188,-0.801
-0.187,-0.801
-0.186,-0.801
-0.185,-0.801
-0.184,-0.801
-0.183,-0.801
-0.182,-0.801
-0.181,-0.801
-0.18,-0.801
-0.179,-0.801
-0.178,-0.801
-0.177,-0.801
-0.176,-0.801
-0.175,-0.801
-0.174,-0.801
-0.173,-0.801
-0.172,-0.801
-0.171,-0.801
-0.17,-0.801
-0.169,-0.801
-0.168,-0.801
-0.167,-0.801
-0.166,-0.801
-0.165,-0.801
-0.164,-0.801
-0.163,-0.801
-0.162,-0.801
-0.161,-0.801
-0.16,-0.801
-0.159,-0.801
-0.158,-0.801
-0.157,-0.801
-0.156,-0.801
-0.155,-0.801
-0.154,-0.801
-0.153,-0.801
-0.152,-0.801
-0.151,-0.801
-0.15,-0.801
-0.149,-0.801
-0.148,-0.801
-0.147,-0.801
-0.146,-0.801
-0.145,-0.801
-0.144,-0.801
-0.143,-0.801
-0.142,-0.801
-0.141,-0.801
-0.14,-0.801
-0.139,-0.801
-0.138,-0.801
-0.137,-0.801
-0.136,-0.801
-0.135,-0.801
-0.134,-0.801
-0.133,-0.801
-0.132,-0.801
-0.131,-0.801
-0.13,-0.801
-0.129,-0.801
-0.128,-0.801
-0.127,-0.801
-0.126,-0.801
-0.125,-0.801
-0.124,-0.801
-0.123,-0.801
-0.122,-0.801
-0.121,-0.801
-0.12,-0.801
-0.119,-0.801
-0.118,-0.801
-0.117,-0.801
-0.116,-0.801
-0.115,-0.801
-0.114,-0.801
-0.113,-0.801
-0.112,-0.801
-0.111,-0.801
-0.11,-0.801
-0.109,-0.801
-0.108,-0.801
-0.107,-0.801
-0.106,-0.801
-0.105,-0.801
-0.104,-0.801
-0.103,-0.801
-0.102,-0.801
-0.101,-0.801
-0.1,-0.801
-0.099,-0.801
-0.098,-0.801
-0.097,-0.801
-0.096,-0.801
-0.095,-0.801
-0.094,-0.801
-0.093,-0.801
-0.092,-0.801
-0.091,-0.801
-0.09,-0.801
-0.089,-0.801
-0.088,-0.801
-0.087,-0.801
-0.086,-0.801
-0.085,-0.801
-0.084,-0.801
-0.083,-0.801
-0.082,-0.801
-0.081,-0.801
-0.08,-0.801
-0.079,-0.801
-0.078,-0.801
-0.077,-0.801
-0.076,-0.801
-0.075,-0.801
-0.074,-0.801
-0.073,-0.801
-0.072,-0.801
-0.071,-0.801
-0.07,-0.801
-0.069,-0.801
-0.068,-0.801
-0.067,-0.801
-0.066,-0.801
-0.065,-0.801
-0.064,-0.801
-0.063,-0.801
-0.062,-0.801
-0.061,-0.801
-0.06,-0.801
-0.059,-0.801
-0.058,-0.801
-0.057,-0.801
-0.056,-0.801
-0.055,-0.801
-0.054,-0.801
-0.053,-0.801
-0.052,-0.801
-0.051,-0.801
-0.05,-0.801
-0.049,-0.801
-0.048,-0.801
-0.038,-0.801
-0.037,-0.801
-0.036,-0.801
-0.035,-0.801
-0.034,-0.801
-0.033,-0.801
-0.032,-0.801
-0.031,-0.801
-0.03,-0.801
-0.029,-0.801
-0.028,-0.801
-0.027,-0.801
-0.026,-0.801
-0.222,-0.8
-0.221,-0.8
-0.22,-0.8
-0.219,-0.8
-0.218,-0.8
-0.217,-0.8
-0.216,-0.8
-0.215,-0.8
-0.214,-0.8
-0.213,-0.8
-0.212,-0.8
-0.211,-0.8
-0.21,-0.8
-0.209,-0.8
-0.208,-0.8
-0.207,-0.8
-0.206,-0.8
-0.205,-0.8
-0.204,-0.8
-0.203,-0.8
-0.202,-0.8
-0.201,-0.8
-0.2,-0.8
-0.199,-0.8
-0.198,-0.8
-0.197,-0.8
-0.196,-0.8
-0.195,-0.8
-0.194,-0.8
-0.193,-0.8
-0.192,-0.8
-0.191,-0.8
-0.19,-0.8
-0.189,-0.8
-0.188,-0.8
-0.187,-0.8
-0.186,-0.8
-0.185,-0.8
-0.184,-0.8
-0.183,-0.8
-0.182,-0.8
-0.181,-0.8
-0.18,-0.8
-0.179,-0.8
-0.178,-0.8
-0.177,-0.8
-0.176,-0.8
-0.175,-0.8
-0.174,-0.8
-0.173,-0.8
-0.172,-0.8
-0.171,-0.8
-0.17,-0.8
-0.169,-0.8
-0.168,-0.8
-0.167,-0.8
-0.166,-0.8
-0.165,-0.8
-0.164,-0.8
-0.163,-0.8
-0.162,-0.8
-0.161,-0.8
-0.16,-0.8
-0.159,-0.8
-0.158,-0.8
-0.157,-0.8
-0.156,-0.8
-0.155,-0.8
-0.154,-0.8
-0.153,-0.8
-0.152,-0.8
-0.151,-0.8
-0.15,-0.8
-0.149,-0.8
-0.148,-0.8
-0.147,-0.8
-0.146,-0.8
-0.145,-0.8
-0.144,-0.8
-0.143,-0.8
-0.142,-0.8
-0.141,-0.8
-0.14,-0.8
-0.139,-0.8
-0.138,-0.8
-0.137,-0.8
-0.136,-0.8
-0.135,-0.8
-0.134,-0.8
-0.133,-0.8
-0.132,-0.8
-0.131,-0.8
-0.13,-0.8
-0.129,-0.8
-0.128,-0.8
-0.127,-0.8
-0.126,-0.8
-0.125,-0.8
-0.124,-0.8
-0.123,-0.8
-0.122,-0.8
-0.121,-0.8
-0.12,-0.8
-0.119,-0.8
-0.118,-0.8
-0.117,-0.8
-0.116,-0.8
-0.115,-0.8
-0.114,-0.8
-0.113,-0.8
-0.112,-0.8
-0.111,-0.8
-0.11,-0.8
-0.109,-0.8
-0.108,-0.8
-0.107,-0.8
-0.106,-0.8
-0.105,-0.8
-0.104,-0.8
-0.103,-0.8
-0.102,-0.8
-0.101,-0.8
-0.1,-0.8
-0.099,-0.8
-0.098,-0.8
-0.097,-0.8
-0.096,-0.8
-0.095,-0.8
-0.094,-0.8
-0.093,-0.8
-0.092,-0.8
-0.091,-0.8
-0.09,-0.8
-0.089,-0.8
-0.088,-0.8
-0.087,-0.8
-0.086,-0.8
-0.085,-0.8
-0.084,-0.8
-0.083,-0.8
-0.082,-0.8
-0.081,-0.8
-0.08,-0.8
-0.079,-0.8
-0.078,-0.8
-0.077,-0.8
-0.076,-0.8
-0.075,-0.8
-0.074,-0.8
-0.073,-0.8
-0.072,-0.8
-0.071,-0.8
-0.07,-0.8
-0.069,-0.8
-0.068,-0.8
-0.067,-0.8
-0.066,-0.8
-0.065,-0.8
-0.064,-0.8
-0.063,-0.8
-0.062,-0.8
-0.061,-0.8
-0.06,-0.8
-0.059,-0.8
-0.058,-0.8
-0.057,-0.8
-0.056,-0.8
-0.055,-0.8
-0.054,-0.8
-0.053,-0.8
-0.052,-0.8
-0.051,-0.8
-0.05,-0.8
-0.049,-0.8
-0.048,-0.8
-0.046,-0.8
-0.045,-0.8
-0.039,-0.8
-0.037,-0.8
-0.036,-0.8
-0.035,-0.8
-0.034,-0.8
-0.033,-0.8
-0.032,-0.8
-0.031,-0.8
-0.03,-0.8
-0.029,-0.8
-0.028,-0.8
-0.027,-0.8
-0.026,-0.8
-0.025,-0.8
-0.018,-0.8
-0.229,-0.799
-0.222,-0.799
-0.221,-0.799
-0.22,-0.799
-0.219,-0.799
-0.218,-0.799
-0.217,-0.799
-0.216,-0.799
-0.215,-0.799
-0.214,-0.799
-0.213,-0.799
-0.212,-0.799
-0.211,-0.799
-0.21,-0.799
-0.209,-0.799
-0.208,-0.799
-0.207,-0.799
-0.206,-0.799
-0.205,-0.799
-0.204,-0.799
-0.203,-0.799
-0.202,-0.799
-0.201,-0.799
-0.2,-0.799
-0.199,-0.799
-0.198,-0.799
-0.197,-0.799
-0.196,-0.799
-0.195,-0.799
-0.194,-0.799
-0.193,-0.799
-0.192,-0.799
-0.191,-0.799
-0.19,-0.799
-0.189,-0.799
-0.188,-0.799
-0.187,-0.799
-0.186,-0.799
-0.185,-0.799
-0.184,-0.799
-0.183,-0.799
-0.182,-0.799
-0.181,-0.799
-0.18,-0.799
-0.179,-0.799
-0.178,-0.799
-0.177,-0.799
-0.176,-0.799
-0.175,-0.799
-0.174,-0.799
-0.173,-0.799
-0.172,-0.799
-0.171,-0.799
-0.17,-0.799
-0.169,-0.799
-0.168,-0.799
-0.167,-0.799
-0.166,-0.799
-0.165,-0.799
-0.164,-0.799
-0.163,-0.799
-0.162,-0.799
-0.161,-0.799
-0.16,-0.799
-0.159,-0.799
-0.158,-0.799
-0.157,-0.799
-0.156,-0.799
-0.155,-0.799
-0.154,-0.799
-0.153,-0.799
-0.152,-0.799
-0.151,-0.799
-0.15,-0.799
-0.149,-0.799
-0.148,-0.799
-0.147,-0.799
-0.146,-0.799
-0.145,-0.799
-0.144,-0.799
-0.143,-0.799
-0.142,-0.799
-0.141,-0.799
-0.14,-0.799
-0.139,-0.799
-0.138,-0.799
-0.137,-0.799
-0.136,-0.799
-0.135,-0.799
-0.134,-0.799
-0.133,-0.799
-0.132,-0.799
-0.131,-0.799
-0.13,-0.799
-0.129,-0.799
-0.128,-0.799
-0.127,-0.799
-0.126,-0.799
-0.125,-0.799
-0.124,-0.799
-0.123,-0.799
-0.122,-0.799
-0.121,-0.799
-0.12,-0.799
-0.119,-0.799
-0.118,-0.799
-0.117,-0.799
-0.116,-0.799
-0.115,-0.799
-0.114,-0.799
-0.113,-0.799
-0.112,-0.799
-0.111,-0.799
-0.11,-0.799
-0.109,-0.799
-0.108,-0.799
-0.107,-0.799
-0.106,-0.799
-0.105,-0.799
-0.104,-0.799
-0.103,-0.799
-0.102,-0.799
-0.101,-0.799
-0.1,-0.799
-0.099,-0.799
-0.098,-0.799
-0.097,-0.799
-0.096,-0.799
-0.095,-0.799
-0.094,-0.799
-0.093,-0.799
-0.092,-0.799
-0.091,-0.799
-0.09,-0.799
-0.089,-0.799
-0.088,-0.799
-0.087,-0.799
-0.086,-0.799
-0.085,-0.799
-0.084,-0.799
-0.083,-0.799
-0.082,-0.799
-0.081,-0.799
-0.08,-0.799
-0.079,-0.799
-0.078,-0.799
-0.077,-0.799
-0.076,-0.799
-0.075,-0.799
-0.074,-0.799
-0.073,-0.799
-0.072,-0.799
-0.071,-0.799
-0.07,-0.799
-0.069,-0.799
-0.068,-0.799
-0.067,-0.799
-0.066,-0.799
-0.065,-0.799
-0.064,-0.799
-0.063,-0.799
-0.062,-0.799
-0.061,-0.799
-0.06,-0.799
-0.059,-0.799
-0.058,-0.799
-0.057,-0.799
-0.056,-0.799
-0.055,-0.799
-0.054,-0.799
-0.053,-0.799
-0.052,-0.799
-0.051,-0.799
-0.05,-0.799
-0.049,-0.799
-0.048,-0.799
-0.047,-0.799
-0.046,-0.799
-0.045,-0.799
-0.04,-0.799
-0.039,-0.799
-0.038,-0.799
-0.037,-0.799
-0.036,-0.799
-0.035,-0.799
-0.034,-0.799
-0.033,-0.799
-0.032,-0.799
-0.031,-0.799
-0.03,-0.799
-0.029,-0.799
-0.028,-0.799
-0.027,-0.799
-0.026,-0.799
-0.024,-0.799
-0.022,-0.799
-0.225,-0.798
-0.223,-0.798
-0.222,-0.798
-0.221,-0.798
-0.22,-0.798
-0.219,-0.798
-0.218,-0.798
-0.217,-0.798
-0.216,-0.798
-0.215,-0.798
-0.214,-0.798
-0.213,-0.798
-0.212,-0.798
-0.211,-0.798
-0.21,-0.798
-0.209,-0.798
-0.208,-0.798
-0.207,-0.798
-0.206,-0.798
-0.205,-0.798
-0.204,-0.798
-0.203,-0.798
-0.202,-0.798
-0.201,-0.798
-0.2,-0.798
-0.199,-0.798
-0.198,-0.798
-0.197,-0.798
-0.196,-0.798
-0.195,-0.798
-0.194,-0.798
-0.193,-0.798
-0.192,-0.798
-0.191,-0.798
-0.19,-0.798
-0.189,-0.798
-0.188,-0.798
-0.187,-0.798
-0.186,-0.798
-0.185,-0.798
-0.184,-0.798
-0.183,-0.798
-0.182,-0.798
-0.181,-0.798
-0.18,-0.798
-0.179,-0.798
-0.178,-0.798
-0.177,-0.798
-0.176,-0.798
-0.175,-0.798
-0.174,-0.798
-0.173,-0.798
-0.172,-0.798
-0.171,-0.798
-0.17,-0.798
-0.169,-0.798
-0.168,-0.798
-0.167,-0.798
-0.166,-0.798
-0.165,-0.798
-0.164,-0.798
-0.163,-0.798
-0.162,-0.798
-0.161,-0.798
-0.16,-0.798
-0.159,-0.798
-0.158,-0.798
-0.157,-0.798
-0.156,-0.798
-0.155,-0.798
-0.154,-0.798
-0.153,-0.798
-0.152,-0.798
-0.151,-0.798
-0.15,-0.798
-0.149,-0.798
-0.148,-0.798
-0.147,-0.798
-0.146,-0.798
-0.145,-0.798
-0.144,-0.798
-0.143,-0.798
-0.142,-0.798
-0.141,-0.798
-0.14,-0.798
-0.139,-0.798
-0.138,-0.798
-0.137,-0.798
-0.136,-0.798
-0.135,-0.798
-0.134,-0.798
-0.133,-0.798
-0.132,-0.798
-0.131,-0.798
-0.13,-0.798
-0.129,-0.798
-0.128,-0.798
-0.127,-0.798
-0.126,-0.798
-0.125,-0.798
-0.124,-0.798
-0.123,-0.798
-0.122,-0.798
-0.121,-0.798
-0.12,-0.798
-0.119,-0.798
-0.118,-0.798
-0.117,-0.798
-0.116,-0.798
-0.115,-0.798
-0.114,-0.798
-0.113,-0.798
-0.112,-0.798
-0.111,-0.798
-0.11,-0.798
-0.109,-0.798
-0.108,-0.798
-0.107,-0.798
-0.106,-0.798
-0.105,-0.798
-0.104,-0.798
-0.103,-0.798
-0.102,-0.798
-0.101,-0.798
-0.1,-0.798
-0.099,-0.798
-0.098,-0.798
-0.097,-0.798
-0.096,-0.798
-0.095,-0.798
-0.094,-0.798
-0.093,-0.798
-0.092,-0.798
-0.091,-0.798
-0.09,-0.798
-0.089,-0.798
-0.088,-0.798
-0.087,-0.798
-0.086,-0.798
-0.085,-0.798
-0.084,-0.798
-0.083,-0.798
-0.082,-0.798
-0.081,-0.798
-0.08,-0.798
-0.079,-0.798
-0.078,-0.798
-0.077,-0.798
-0.076,-0.798
-0.075,-0.798
-0.074,-0.798
-0.073,-0.798
-0.072,-0.798
-0.071,-0.798
-0.07,-0.798
-0.069,-0.798
-0.068,-0.798
-0.067,-0.798
-0.066,-0.798
-0.065,-0.798
-0.064,-0.798
-0.063,-0.798
-0.062,-0.798
-0.061,-0.798
-0.06,-0.798
-0.059,-0.798
-0.058,-0.798
-0.057,-0.798
-0.056,-0.798
-0.055,-0.798
-0.054,-0.798
-0.053,-0.798
-0.052,-0.798
-0.051,-0.798
-0.05,-0.798
-0.049,-0.798
-0.048,-0.798
-0.047,-0.798
-0.046,-0.798
-0.04,-0.798
-0.039,-0.798
-0.038,-0.798
-0.037,-0.798
-0.036,-0.798
-0.035,-0.798
-0.034,-0.798
-0.033,-0.798
-0.032,-0.798
-0.031,-0.798
-0.03,-0.798
-0.029,-0.798
-0.028,-0.798
-0.027,-0.798
-0.026,-0.798
-0.025,-0.798
-0.02,-0.798
-0.013,-0.798
-0.219,-0.797
-0.218,-0.797
-0.217,-0.797
-0.216,-0.797
-0.215,-0.797
-0.214,-0.797
-0.213,-0.797
-0.212,-0.797
-0.211,-0.797
-0.21,-0.797
-0.209,-0.797
-0.208,-0.797
-0.207,-0.797
-0.206,-0.797
-0.205,-0.797
-0.204,-0.797
-0.203,-0.797
-0.202,-0.797
-0.201,-0.797
-0.2,-0.797
-0.199,-0.797
-0.198,-0.797
-0.197,-0.797
-0.196,-0.797
-0.195,-0.797
-0.194,-0.797
-0.193,-0.797
-0.192,-0.797
-0.191,-0.797
-0.19,-0.797
-0.189,-0.797
-0.188,-0.797
-0.187,-0.797
-0.186,-0.797
-0.185,-0.797
-0.184,-0.797
-0.183,-0.797
-0.182,-0.797
-0.181,-0.797
-0.18,-0.797
-0.179,-0.797
-0.178,-0.797
-0.177,-0.797
-0.176,-0.797
-0.175,-0.797
-0.174,-0.797
-0.173,-0.797
-0.172,-0.797
-0.171,-0.797
-0.17,-0.797
-0.169,-0.797
-0.168,-0.797
-0.167,-0.797
-0.166,-0.797
-0.165,-0.797
-0.164,-0.797
-0.163,-0.797
-0.162,-0.797
-0.161,-0.797
-0.16,-0.797
-0.159,-0.797
-0.158,-0.797
-0.157,-0.797
-0.156,-0.797
-0.155,-0.797
-0.154,-0.797
-0.153,-0.797
-0.152,-0.797
-0.151,-0.797
-0.15,-0.797
-0.149,-0.797
-0.148,-0.797
-0.147,-0.797
-0.146,-0.797
-0.145,-0.797
-0.144,-0.797
-0.143,-0.797
-0.142,-0.797
-0.141,-0.797
-0.14,-0.797
-0.139,-0.797
-0.138,-0.797
-0.137,-0.797
-0.136,-0.797
-0.135,-0.797
-0.134,-0.797
-0.133,-0.797
-0.132,-0.797
-0.131,-0.797
-0.13,-0.797
-0.129,-0.797
-0.128,-0.797
-0.127,-0.797
-0.126,-0.797
-0.125,-0.797
-0.124,-0.797
-0.123,-0.797
-0.122,-0.797
-0.121,-0.797
-0.12,-0.797
-0.119,-0.797
-0.118,-0.797
-0.117,-0.797
-0.116,-0.797
-0.115,-0.797
-0.114,-0.797
-0.113,-0.797
-0.112,-0.797
-0.111,-0.797
-0.11,-0.797
-0.109,-0.797
-0.108,-0.797
-0.107,-0.797
-0.106,-0.797
-0.105,-0.797
-0.104,-0.797
-0.103,-0.797
-0.102,-0.797
-0.101,-0.797
-0.1,-0.797
-0.099,-0.797
-0.098,-0.797
-0.097,-0.797
-0.096,-0.797
-0.095,-0.797
-0.094,-0.797
-0.093,-0.797
-0.092,-0.797
-0.091,-0.797
-0.09,-0.797
-0.089,-0.797
-0.088,-0.797
-0.087,-0.797
-0.086,-0.797
-0.085,-0.797
-0.084,-0.797
-0.083,-0.797
-0.082,-0.797
-0.081,-0.797
-0.08,-0.797
-0.079,-0.797
-0.078,-0.797
-0.077,-0.797
-0.076,-0.797
-0.075,-0.797
-0.074,-0.797
-0.073,-0.797
-0.072,-0.797
-0.071,-0.797
-0.07,-0.797
-0.069,-0.797
-0.068,-0.797
-0.067,-0.797
-0.066,-0.797
-0.065,-0.797
-0.064,-0.797
-0.063,-0.797
-0.062,-0.797
-0.061,-0.797
-0.06,-0.797
-0.059,-0.797
-0.058,-0.797
-0.057,-0.797
-0.056,-0.797
-0.055,-0.797
-0.054,-0.797
-0.053,-0.797
-0.052,-0.797
-0.051,-0.797
-0.05,-0.797
-0.049,-0.797
-0.048,-0.797
-0.047,-0.797
-0.046,-0.797
-0.045,-0.797
-0.041,-0.797
-0.04,-0.797
-0.039,-0.797
-0.038,-0.797
-0.037,-0.797
-0.036,-0.797
-0.035,-0.797
-0.034,-0.797
-0.033,-0.797
-0.032,-0.797
-0.031,-0.797
-0.03,-0.797
-0.029,-0.797
-0.028,-0.797
-0.027,-0.797
-0.026,-0.797
-0.025,-0.797
-0.024,-0.797
-0.023,-0.797
-0.022,-0.797
-0.021,-0.797
-0.02,-0.797
-0.019,-0.797
-0.018,-0.797
-0.016,-0.797
-0.015,-0.797
-0.011,-0.797
-0.226,-0.796
-0.218,-0.796
-0.217,-0.796
-0.216,-0.796
-0.215,-0.796
-0.214,-0.796
-0.213,-0.796
-0.212,-0.796
-0.211,-0.796
-0.21,-0.796
-0.209,-0.796
-0.208,-0.796
-0.207,-0.796
-0.206,-0.796
-0.205,-0.796
-0.204,-0.796
-0.203,-0.796
-0.202,-0.796
-0.201,-0.796
-0.2,-0.796
-0.199,-0.796
-0.198,-0.796
-0.197,-0.796
-0.196,-0.796
-0.195,-0.796
-0.194,-0.796
-0.193,-0.796
-0.192,-0.796
-0.191,-0.796
-0.19,-0.796
-0.189,-0.796
-0.188,-0.796
-0.187,-0.796
-0.186,-0.796
-0.185,-0.796
-0.184,-0.796
-0.183,-0.796
-0.182,-0.796
-0.181,-0.796
-0.18,-0.796
-0.179,-0.796
-0.178,-0.796
-0.177,-0.796
-0.176,-0.796
-0.175,-0.796
-0.174,-0.796
-0.173,-0.796
-0.172,-0.796
-0.171,-0.796
-0.17,-0.796
-0.169,-0.796
-0.168,-0.796
-0.167,-0.796
-0.166,-0.796
-0.165,-0.796
-0.164,-0.796
-0.163,-0.796
-0.162,-0.796
-0.161,-0.796
-0.16,-0.796
-0.159,-0.796
-0.158,-0.796
-0.157,-0.796
-0.156,-0.796
-0.155,-0.796
-0.154,-0.796
-0.153,-0.796
-0.152,-0.796
-0.151,-0.796
-0.15,-0.796
-0.149,-0.796
-0.148,-0.796
-0.147,-0.796
-0.146,-0.796
-0.145,-0.796
-0.144,-0.796
-0.143,-0.796
-0.142,-0.796
-0.141,-0.796
-0.14,-0.796
-0.139,-0.796
-0.138,-0.796
-0.137,-0.796
-0.136,-0.796
-0.135,-0.796
-0.134,-0.796
-0.133,-0.796
-0.132,-0.796
-0.131,-0.796
-0.13,-0.796
-0.129,-0.796
-0.128,-0.796
-0.127,-0.796
-0.126,-0.796
-0.125,-0.796
-0.124,-0.796
-0.123,-0.796
-0.122,-0.796
-0.121,-0.796
-0.12,-0.796
-0.119,-0.796
-0.118,-0.796
-0.117,-0.796
-0.116,-0.796
-0.115,-0.796
-0.114,-0.796
-0.113,-0.796
-0.112,-0.796
-0.111,-0.796
-0.11,-0.796
-0.109,-0.796
-0.108,-0.796
-0.107,-0.796
-0.106,-0.796
-0.105,-0.796
-0.104,-0.796
-0.103,-0.796
-0.102,-0.796
-0.101,-0.796
-0.1,-0.796
-0.099,-0.796
-0.098,-0.796
-0.097,-0.796
-0.096,-0.796
-0.095,-0.796
-0.094,-0.796
-0.093,-0.796
-0.092,-0.796
-0.091,-0.796
-0.09,-0.796
-0.089,-0.796
-0.088,-0.796
-0.087,-0.796
-0.086,-0.796
-0.085,-0.796
-0.084,-0.796
-0.083,-0.796
-0.082,-0.796
-0.081,-0.796
-0.08,-0.796
-0.079,-0.796
-0.078,-0.796
-0.077,-0.796
-0.076,-0.796
-0.075,-0.796
-0.074,-0.796
-0.073,-0.796
-0.072,-0.796
-0.071,-0.796
-0.07,-0.796
-0.069,-0.796
-0.068,-0.796
-0.067,-0.796
-0.066,-0.796
-0.065,-0.796
-0.064,-0.796
-0.063,-0.796
-0.062,-0.796
-0.061,-0.796
-0.06,-0.796
-0.059,-0.796
-0.058,-0.796
-0.057,-0.796
-0.056,-0.796
-0.055,-0.796
-0.054,-0.796
-0.053,-0.796
-0.052,-0.796
-0.051,-0.796
-0.05,-0.796
-0.049,-0.796
-0.048,-0.796
-0.047,-0.796
-0.046,-0.796
-0.045,-0.796
-0.041,-0.796
-0.04,-0.796
-0.039,-0.796
-0.038,-0.796
-0.037,-0.796
-0.036,-0.796
-0.035,-0.796
-0.034,-0.796
-0.033,-0.796
-0.032,-0.796
-0.031,-0.796
-0.03,-0.796
-0.029,-0.796
-0.028,-0.796
-0.027,-0.796
-0.026,-0.796
-0.025,-0.796
-0.024,-0.796
-0.023,-0.796
-0.022,-0.796
-0.021,-0.796
-0.02,-0.796
-0.019,-0.796
-0.018,-0.796
-0.017,-0.796
-0.226,-0.795
-0.219,-0.795
-0.217,-0.795
-0.216,-0.795
-0.215,-0.795
-0.214,-0.795
-0.213,-0.795
-0.212,-0.795
-0.211,-0.795
-0.21,-0.795
-0.209,-0.795
-0.208,-0.795
-0.207,-0.795
-0.206,-0.795
-0.205,-0.795
-0.204,-0.795
-0.203,-0.795
-0.202,-0.795
-0.201,-0.795
-0.2,-0.795
-0.199,-0.795
-0.198,-0.795
-0.197,-0.795
-0.196,-0.795
-0.195,-0.795
-0.194,-0.795
-0.193,-0.795
-0.192,-0.795
-0.191,-0.795
-0.19,-0.795
-0.189,-0.795
-0.188,-0.795
-0.187,-0.795
-0.186,-0.795
-0.185,-0.795
-0.184,-0.795
-0.183,-0.795
-0.182,-0.795
-0.181,-0.795
-0.18,-0.795
-0.179,-0.795
-0.178,-0.795
-0.177,-0.795
-0.176,-0.795
-0.175,-0.795
-0.174,-0.795
-0.173,-0.795
-0.172,-0.795
-0.171,-0.795
-0.17,-0.795
-0.169,-0.795
-0.168,-0.795
-0.167,-0.795
-0.166,-0.795
-0.165,-0.795
-0.164,-0.795
-0.163,-0.795
-0.162,-0.795
-0.161,-0.795
-0.16,-0.795
-0.159,-0.795
-0.158,-0.795
-0.157,-0.795
-0.156,-0.795
-0.155,-0.795
-0.154,-0.795
-0.153,-0.795
-0.152,-0.795
-0.151,-0.795
-0.15,-0.795
-0.149,-0.795
-0.148,-0.795
-0.147,-0.795
-0.146,-0.795
-0.145,-0.795
-0.144,-0.795
-0.143,-0.795
-0.142,-0.795
-0.141,-0.795
-0.14,-0.795
-0.139,-0.795
-0.138,-0.795
-0.137,-0.795
-0.136,-0.795
-0.135,-0.795
-0.134,-0.795
-0.133,-0.795
-0.132,-0.795
-0.131,-0.795
-0.13,-0.795
-0.129,-0.795
-0.128,-0.795
-0.127,-0.795
-0.126,-0.795
-0.125,-0.795
-0.124,-0.795
-0.123,-0.795
-0.122,-0.795
-0.121,-0.795
-0.12,-0.795
-0.119,-0.795
-0.118,-0.795
-0.117,-0.795
-0.116,-0.795
-0.115,-0.795
-0.114,-0.795
-0.113,-0.795
-0.112,-0.795
-0.111,-0.795
-0.11,-0.795
-0.109,-0.795
-0.108,-0.795
-0.107,-0.795
-0.106,-0.795
-0.105,-0.795
-0.104,-0.795
-0.103,-0.795
-0.102,-0.795
-0.101,-0.795
-0.1,-0.795
-0.099,-0.795
-0.098,-0.795
-0.097,-0.795
-0.096,-0.795
-0.095,-0.795
-0.094,-0.795
-0.093,-0.795
-0.092,-0.795
-0.091,-0.795
-0.09,-0.795
-0.089,-0.795
-0.088,-0.795
-0.087,-0.795
-0.086,-0.795
-0.085,-0.795
-0.084,-0.795
-0.083,-0.795
-0.082,-0.795
-0.081,-0.795
-0.08,-0.795
-0.079,-0.795
-0.078,-0.795
-0.077,-0.795
-0.076,-0.795
-0.075,-0.795
-0.074,-0.795
-0.073,-0.795
-0.072,-0.795
-0.071,-0.795
-0.07,-0.795
-0.069,-0.795
-0.068,-0.795
-0.067,-0.795
-0.066,-0.795
-0.065,-0.795
-0.064,-0.795
-0.063,-0.795
-0.062,-0.795
-0.061,-0.795
-0.06,-0.795
-0.059,-0.795
-0.058,-0.795
-0.057,-0.795
-0.056,-0.795
-0.055,-0.795
-0.054,-0.795
-0.053,-0.795
-0.052,-0.795
-0.051,-0.795
-0.05,-0.795
-0.049,-0.795
-0.048,-0.795
-0.047,-0.795
-0.046,-0.795
-0.045,-0.795
-0.044,-0.795
-0.041,-0.795
-0.04,-0.795
-0.039,-0.795
-0.038,-0.795
-0.037,-0.795
-0.036,-0.795
-0.035,-0.795
-0.034,-0.795
-0.033,-0.795
-0.032,-0.795
-0.031,-0.795
-0.03,-0.795
-0.029,-0.795
-0.028,-0.795
-0.027,-0.795
-0.026,-0.795
-0.025,-0.795
-0.024,-0.795
-0.023,-0.795
-0.022,-0.795
-0.021,-0.795
-0.02,-0.795
-0.019,-0.795
-0.018,-0.795
-0.017,-0.795
-0.01,-0.795
-0.221,-0.794
-0.218,-0.794
-0.217,-0.794
-0.214,-0.794
-0.213,-0.794
-0.212,-0.794
-0.211,-0.794
-0.21,-0.794
-0.209,-0.794
-0.208,-0.794
-0.206,-0.794
-0.205,-0.794
-0.204,-0.794
-0.203,-0.794
-0.202,-0.794
-0.201,-0.794
-0.2,-0.794
-0.199,-0.794
-0.198,-0.794
-0.197,-0.794
-0.196,-0.794
-0.195,-0.794
-0.194,-0.794
-0.193,-0.794
-0.192,-0.794
-0.191,-0.794
-0.19,-0.794
-0.189,-0.794
-0.188,-0.794
-0.187,-0.794
-0.186,-0.794
-0.185,-0.794
-0.184,-0.794
-0.183,-0.794
-0.182,-0.794
-0.181,-0.794
-0.18,-0.794
-0.179,-0.794
-0.178,-0.794
-0.177,-0.794
-0.176,-0.794
-0.175,-0.794
-0.174,-0.794
-0.173,-0.794
-0.172,-0.794
-0.171,-0.794
-0.17,-0.794
-0.169,-0.794
-0.168,-0.794
-0.167,-0.794
-0.166,-0.794
-0.165,-0.794
-0.164,-0.794
-0.163,-0.794
-0.162,-0.794
-0.161,-0.794
-0.16,-0.794
-0.159,-0.794
-0.158,-0.794
-0.157,-0.794
-0.156,-0.794
-0.155,-0.794
-0.154,-0.794
-0.153,-0.794
-0.152,-0.794
-0.151,-0.794
-0.15,-0.794
-0.149,-0.794
-0.148,-0.794
-0.147,-0.794
-0.146,-0.794
-0.145,-0.794
-0.144,-0.794
-0.143,-0.794
-0.142,-0.794
-0.141,-0.794
-0.14,-0.794
-0.139,-0.794
-0.138,-0.794
-0.137,-0.794
-0.136,-0.794
-0.135,-0.794
-0.134,-0.794
-0.133,-0.794
-0.132,-0.794
-0.131,-0.794
-0.13,-0.794
-0.129,-0.794
-0.128,-0.794
-0.127,-0.794
-0.126,-0.794
-0.125,-0.794
-0.124,-0.794
-0.123,-0.794
-0.122,-0.794
-0.121,-0.794
-0.12,-0.794
-0.119,-0.794
-0.118,-0.794
-0.117,-0.794
-0.116,-0.794
-0.115,-0.794
-0.114,-0.794
-0.113,-0.794
-0.112,-0.794
-0.111,-0.794
-0.11,-0.794
-0.109,-0.794
-0.108,-0.794
-0.107,-0.794
-0.106,-0.794
-0.105,-0.794
-0.104,-0.794
-0.103,-0.794
-0.102,-0.794
-0.101,-0.794
-0.1,-0.794
-0.099,-0.794
-0.098,-0.794
-0.097,-0.794
-0.096,-0.794
-0.095,-0.794
-0.094,-0.794
-0.093,-0.794
-0.092,-0.794
-0.091,-0.794
-0.09,-0.794
-0.089,-0.794
-0.088,-0.794
-0.087,-0.794
-0.086,-0.794
-0.085,-0.794
-0.084,-0.794
-0.083,-0.794
-0.082,-0.794
-0.081,-0.794
-0.08,-0.794
-0.079,-0.794
-0.078,-0.794
-0.077,-0.794
-0.076,-0.794
-0.075,-0.794
-0.074,-0.794
-0.073,-0.794
-0.072,-0.794
-0.071,-0.794
-0.07,-0.794
-0.069,-0.794
-0.068,-0.794
-0.067,-0.794
-0.066,-0.794
-0.065,-0.794
-0.064,-0.794
-0.063,-0.794
-0.062,-0.794
-0.061,-0.794
-0.06,-0.794
-0.059,-0.794
-0.058,-0.794
-0.057,-0.794
-0.056,-0.794
-0.055,-0.794
-0.054,-0.794
-0.053,-0.794
-0.052,-0.794
-0.051,-0.794
-0.05,-0.794
-0.049,-0.794
-0.048,-0.794
-0.047,-0.794
-0.046,-0.794
-0.045,-0.794
-0.044,-0.794
-0.042,-0.794
-0.041,-0.794
-0.04,-0.794
-0.039,-0.794
-0.038,-0.794
-0.037,-0.794
-0.036,-0.794
-0.035,-0.794
-0.034,-0.794
-0.033,-0.794
-0.032,-0.794
-0.031,-0.794
-0.03,-0.794
-0.029,-0.794
-0.028,-0.794
-0.027,-0.794
-0.026,-0.794
-0.025,-0.794
-0.024,-0.794
-0.023,-0.794
-0.022,-0.794
-0.021,-0.794
-0.02,-0.794
-0.019,-0.794
-0.018,-0.794
-0.007,-0.794
-0.216,-0.793
-0.215,-0.793
-0.212,-0.793
-0.211,-0.793
-0.21,-0.793
-0.206,-0.793
-0.205,-0.793
-0.204,-0.793
-0.203,-0.793
-0.202,-0.793
-0.201,-0.793
-0.2,-0.793
-0.199,-0.793
-0.198,-0.793
-0.197,-0.793
-0.196,-0.793
-0.195,-0.793
-0.194,-0.793
-0.193,-0.793
-0.192,-0.793
-0.191,-0.793
-0.19,-0.793
-0.189,-0.793
-0.188,-0.793
-0.187,-0.793
-0.186,-0.793
-0.185,-0.793
-0.184,-0.793
-0.183,-0.793
-0.182,-0.793
-0.181,-0.793
-0.18,-0.793
-0.179,-0.793
-0.178,-0.793
-0.177,-0.793
-0.176,-0.793
-0.175,-0.793
-0.174,-0.793
-0.173,-0.793
-0.172,-0.793
-0.171,-0.793
-0.17,-0.793
-0.169,-0.793
-0.168,-0.793
-0.167,-0.793
-0.166,-0.793
-0.165,-0.793
-0.164,-0.793
-0.163,-0.793
-0.162,-0.793
-0.161,-0.793
-0.16,-0.793
-0.159,-0.793
-0.158,-0.793
-0.157,-0.793
-0.156,-0.793
-0.155,-0.793
-0.154,-0.793
-0.153,-0.793
-0.152,-0.793
-0.151,-0.793
-0.15,-0.793
-0.149,-0.793
-0.148,-0.793
-0.147,-0.793
-0.146,-0.793
-0.145,-0.793
-0.144,-0.793
-0.143,-0.793
-0.142,-0.793
-0.141,-0.793
-0.14,-0.793
-0.139,-0.793
-0.138,-0.793
-0.137,-0.793
-0.136,-0.793
-0.135,-0.793
-0.134,-0.793
-0.133,-0.793
-0.132,-0.793
-0.131,-0.793
-0.13,-0.793
-0.129,-0.793
-0.128,-0.793
-0.127,-0.793
-0.126,-0.793
-0.125,-0.793
-0.124,-0.793
-0.123,-0.793
-0.122,-0.793
-0.121,-0.793
-0.12,-0.793
-0.119,-0.793
-0.118,-0.793
-0.117,-0.793
-0.116,-0.793
-0.115,-0.793
-0.114,-0.793
-0.113,-0.793
-0.112,-0.793
-0.111,-0.793
-0.11,-0.793
-0.109,-0.793
-0.108,-0.793
-0.107,-0.793
-0.106,-0.793
-0.105,-0.793
-0.104,-0.793
-0.103,-0.793
-0.102,-0.793
-0.101,-0.793
-0.1,-0.793
-0.099,-0.793
-0.098,-0.793
-0.097,-0.793
-0.096,-0.793
-0.095,-0.793
-0.094,-0.793
-0.093,-0.793
-0.092,-0.793
-0.091,-0.793
-0.09,-0.793
-0.089,-0.793
-0.088,-0.793
-0.087,-0.793
-0.086,-0.793
-0.085,-0.793
-0.084,-0.793
-0.083,-0.793
-0.082,-0.793
-0.081,-0.793
-0.08,-0.793
-0.079,-0.793
-0.078,-0.793
-0.077,-0.793
-0.076,-0.793
-0.075,-0.793
-0.074,-0.793
-0.073,-0.793
-0.072,-0.793
-0.071,-0.793
-0.07,-0.793
-0.069,-0.793
-0.068,-0.793
-0.067,-0.793
-0.066,-0.793
-0.065,-0.793
-0.064,-0.793
-0.063,-0.793
-0.062,-0.793
-0.061,-0.793
-0.06,-0.793
-0.059,-0.793
-0.058,-0.793
-0.057,-0.793
-0.056,-0.793
-0.055,-0.793
-0.054,-0.793
-0.053,-0.793
-0.052,-0.793
-0.051,-0.793
-0.05,-0.793
-0.049,-0.793
-0.048,-0.793
-0.047,-0.793
-0.046,-0.793
-0.045,-0.793
-0.044,-0.793
-0.041,-0.793
-0.04,-0.793
-0.039,-0.793
-0.038,-0.793
-0.037,-0.793
-0.036,-0.793
-0.035,-0.793
-0.034,-0.793
-0.033,-0.793
-0.032,-0.793
-0.031,-0.793
-0.03,-0.793
-0.029,-0.793
-0.028,-0.793
-0.027,-0.793
-0.026,-0.793
-0.025,-0.793
-0.024,-0.793
-0.023,-0.793
-0.022,-0.793
-0.021,-0.793
-0.02,-0.793
-0.019,-0.793
-0.018,-0.793
-0.017,-0.793
-0.223,-0.792
-0.213,-0.792
-0.208,-0.792
-0.207,-0.792
-0.206,-0.792
-0.205,-0.792
-0.204,-0.792
-0.203,-0.792
-0.202,-0.792
-0.201,-0.792
-0.2,-0.792
-0.199,-0.792
-0.198,-0.792
-0.197,-0.792
-0.196,-0.792
-0.195,-0.792
-0.194,-0.792
-0.193,-0.792
-0.192,-0.792
-0.191,-0.792
-0.19,-0.792
-0.189,-0.792
-0.188,-0.792
-0.187,-0.792
-0.186,-0.792
-0.185,-0.792
-0.184,-0.792
-0.183,-0.792
-0.182,-0.792
-0.181,-0.792
-0.18,-0.792
-0.179,-0.792
-0.178,-0.792
-0.177,-0.792
-0.176,-0.792
-0.175,-0.792
-0.174,-0.792
-0.173,-0.792
-0.172,-0.792
-0.171,-0.792
-0.17,-0.792
-0.169,-0.792
-0.168,-0.792
-0.167,-0.792
-0.166,-0.792
-0.165,-0.792
-0.164,-0.792
-0.163,-0.792
-0.162,-0.792
-0.161,-0.792
-0.16,-0.792
-0.159,-0.792
-0.158,-0.792
-0.157,-0.792
-0.156,-0.792
-0.155,-0.792
-0.154,-0.792
-0.153,-0.792
-0.152,-0.792
-0.151,-0.792
-0.15,-0.792
-0.149,-0.792
-0.148,-0.792
-0.147,-0.792
-0.146,-0.792
-0.145,-0.792
-0.144,-0.792
-0.143,-0.792
-0.142,-0.792
-0.141,-0.792
-0.14,-0.792
-0.139,-0.792
-0.138,-0.792
-0.137,-0.792
-0.136,-0.792
-0.135,-0.792
-0.134,-0.792
-0.133,-0.792
-0.132,-0.792
-0.131,-0.792
-0.13,-0.792
-0.129,-0.792
-0.128,-0.792
-0.127,-0.792
-0.126,-0.792
-0.125,-0.792
-0.124,-0.792
-0.123,-0.792
-0.122,-0.792
-0.121,-0.792
-0.12,-0.792
-0.119,-0.792
-0.118,-0.792
-0.117,-0.792
-0.116,-0.792
-0.115,-0.792
-0.114,-0.792
-0.113,-0.792
-0.112,-0.792
-0.111,-0.792
-0.11,-0.792
-0.109,-0.792
-0.108,-0.792
-0.107,-0.792
-0.106,-0.792
-0.105,-0.792
-0.104,-0.792
-0.103,-0.792
-0.102,-0.792
-0.101,-0.792
-0.1,-0.792
-0.099,-0.792
-0.098,-0.792
-0.097,-0.792
-0.096,-0.792
-0.095,-0.792
-0.094,-0.792
-0.093,-0.792
-0.092,-0.792
-0.091,-0.792
-0.09,-0.792
-0.089,-0.792
-0.088,-0.792
-0.087,-0.792
-0.086,-0.792
-0.085,-0.792
-0.084,-0.792
-0.083,-0.792
-0.082,-0.792
-0.081,-0.792
-0.08,-0.792
-0.079,-0.792
-0.078,-0.792
-0.077,-0.792
-0.076,-0.792
-0.075,-0.792
-0.074,-0.792
-0.073,-0.792
-0.072,-0.792
-0.071,-0.792
-0.07,-0.792
-0.069,-0.792
-0.068,-0.792
-0.067,-0.792
-0.066,-0.792
-0.065,-0.792
-0.064,-0.792
-0.063,-0.792
-0.062,-0.792
-0.061,-0.792
-0.06,-0.792
-0.059,-0.792
-0.058,-0.792
-0.057,-0.792
-0.056,-0.792
-0.055,-0.792
-0.054,-0.792
-0.053,-0.792
-0.052,-0.792
-0.051,-0.792
-0.05,-0.792
-0.049,-0.792
-0.048,-0.792
-0.047,-0.792
-0.046,-0.792
-0.045,-0.792
-0.044,-0.792
-0.043,-0.792
-0.042,-0.792
-0.041,-0.792
-0.04,-0.792
-0.039,-0.792
-0.038,-0.792
-0.037,-0.792
-0.036,-0.792
-0.035,-0.792
-0.034,-0.792
-0.033,-0.792
-0.032,-0.792
-0.031,-0.792
-0.03,-0.792
-0.029,-0.792
-0.028,-0.792
-0.027,-0.792
-0.026,-0.792
-0.025,-0.792
-0.024,-0.792
-0.023,-0.792
-0.022,-0.792
-0.021,-0.792
-0.209,-0.791
-0.207,-0.791
-0.206,-0.791
-0.205,-0.791
-0.204,-0.791
-0.203,-0.791
-0.202,-0.791
-0.201,-0.791
-0.2,-0.791
-0.199,-0.791
-0.198,-0.791
-0.197,-0.791
-0.196,-0.791
-0.195,-0.791
-0.194,-0.791
-0.193,-0.791
-0.192,-0.791
-0.191,-0.791
-0.19,-0.791
-0.189,-0.791
-0.188,-0.791
-0.187,-0.791
-0.186,-0.791
-0.185,-0.791
-0.184,-0.791
-0.183,-0.791
-0.182,-0.791
-0.181,-0.791
-0.18,-0.791
-0.179,-0.791
-0.178,-0.791
-0.177,-0.791
-0.176,-0.791
-0.175,-0.791
-0.174,-0.791
-0.173,-0.791
-0.172,-0.791
-0.171,-0.791
-0.17,-0.791
-0.169,-0.791
-0.168,-0.791
-0.167,-0.791
-0.166,-0.791
-0.165,-0.791
-0.164,-0.791
-0.163,-0.791
-0.162,-0.791
-0.161,-0.791
-0.16,-0.791
-0.159,-0.791
-0.158,-0.791
-0.157,-0.791
-0.156,-0.791
-0.155,-0.791
-0.154,-0.791
-0.153,-0.791
-0.152,-0.791
-0.151,-0.791
-0.15,-0.791
-0.149,-0.791
-0.148,-0.791
-0.147,-0.791
-0.146,-0.791
-0.145,-0.791
-0.144,-0.791
-0.143,-0.791
-0.142,-0.791
-0.141,-0.791
-0.14,-0.791
-0.139,-0.791
-0.138,-0.791
-0.137,-0.791
-0.136,-0.791
-0.135,-0.791
-0.134,-0.791
-0.133,-0.791
-0.132,-0.791
-0.131,-0.791
-0.13,-0.791
-0.129,-0.791
-0.128,-0.791
-0.127,-0.791
-0.126,-0.791
-0.125,-0.791
-0.124,-0.791
-0.123,-0.791
-0.122,-0.791
-0.121,-0.791
-0.12,-0.791
-0.119,-0.791
-0.118,-0.791
-0.117,-0.791
-0.116,-0.791
-0.115,-0.791
-0.114,-0.791
-0.113,-0.791
-0.112,-0.791
-0.111,-0.791
-0.11,-0.791
-0.109,-0.791
-0.108,-0.791
-0.107,-0.791
-0.106,-0.791
-0.105,-0.791
-0.104,-0.791
-0.103,-0.791
-0.102,-0.791
-0.101,-0.791
-0.1,-0.791
-0.099,-0.791
-0.098,-0.791
-0.097,-0.791
-0.096,-0.791
-0.095,-0.791
-0.094,-0.791
-0.093,-0.791
-0.092,-0.791
-0.091,-0.791
-0.09,-0.791
-0.089,-0.791
-0.088,-0.791
-0.087,-0.791
-0.086,-0.791
-0.085,-0.791
-0.084,-0.791
-0.083,-0.791
-0.082,-0.791
-0.081,-0.791
-0.08,-0.791
-0.079,-0.791
-0.078,-0.791
-0.077,-0.791
-0.076,-0.791
-0.075,-0.791
-0.074,-0.791
-0.073,-0.791
-0.072,-0.791
-0.071,-0.791
-0.07,-0.791
-0.069,-0.791
-0.068,-0.791
-0.067,-0.791
-0.066,-0.791
-0.065,-0.791
-0.064,-0.791
-0.063,-0.791
-0.062,-0.791
-0.061,-0.791
-0.06,-0.791
-0.059,-0.791
-0.058,-0.791
-0.057,-0.791
-0.056,-0.791
-0.055,-0.791
-0.054,-0.791
-0.053,-0.791
-0.052,-0.791
-0.051,-0.791
-0.05,-0.791
-0.049,-0.791
-0.048,-0.791
-0.047,-0.791
-0.046,-0.791
-0.045,-0.791
-0.044,-0.791
-0.043,-0.791
-0.042,-0.791
-0.041,-0.791
-0.04,-0.791
-0.039,-0.791
-0.038,-0.791
-0.037,-0.791
-0.036,-0.791
-0.035,-0.791
-0.034,-0.791
-0.033,-0.791
-0.032,-0.791
-0.031,-0.791
-0.03,-0.791
-0.029,-0.791
-0.028,-0.791
-0.027,-0.791
-0.026,-0.791
-0.025,-0.791
-0.024,-0.791
-0.023,-0.791
-0.022,-0.791
-0.013,-0.791
-0.209,-0.79
-0.208,-0.79
-0.207,-0.79
-0.206,-0.79
-0.205,-0.79
-0.204,-0.79
-0.203,-0.79
-0.202,-0.79
-0.201,-0.79
-0.2,-0.79
-0.199,-0.79
-0.198,-0.79
-0.197,-0.79
-0.196,-0.79
-0.195,-0.79
-0.194,-0.79
-0.193,-0.79
-0.192,-0.79
-0.191,-0.79
-0.19,-0.79
-0.189,-0.79
-0.188,-0.79
-0.187,-0.79
-0.186,-0.79
-0.185,-0.79
-0.184,-0.79
-0.183,-0.79
-0.182,-0.79
-0.181,-0.79
-0.18,-0.79
-0.179,-0.79
-0.178,-0.79
-0.177,-0.79
-0.176,-0.79
-0.175,-0.79
-0.174,-0.79
-0.173,-0.79
-0.172,-0.79
-0.171,-0.79
-0.17,-0.79
-0.169,-0.79
-0.168,-0.79
-0.167,-0.79
-0.166,-0.79
-0.165,-0.79
-0.164,-0.79
-0.163,-0.79
-0.162,-0.79
-0.161,-0.79
-0.16,-0.79
-0.159,-0.79
-0.158,-0.79
-0.157,-0.79
-0.156,-0.79
-0.155,-0.79
-0.154,-0.79
-0.153,-0.79
-0.152,-0.79
-0.151,-0.79
-0.15,-0.79
-0.149,-0.79
-0.148,-0.79
-0.147,-0.79
-0.146,-0.79
-0.145,-0.79
-0.144,-0.79
-0.143,-0.79
-0.142,-0.79
-0.141,-0.79
-0.14,-0.79
-0.139,-0.79
-0.138,-0.79
-0.137,-0.79
-0.136,-0.79
-0.135,-0.79
-0.134,-0.79
-0.133,-0.79
-0.132,-0.79
-0.131,-0.79
-0.13,-0.79
-0.129,-0.79
-0.128,-0.79
-0.127,-0.79
-0.126,-0.79
-0.125,-0.79
-0.124,-0.79
-0.123,-0.79
-0.122,-0.79
-0.121,-0.79
-0.12,-0.79
-0.119,-0.79
-0.118,-0.79
-0.117,-0.79
-0.116,-0.79
-0.115,-0.79
-0.114,-0.79
-0.113,-0.79
-0.112,-0.79
-0.111,-0.79
-0.11,-0.79
-0.109,-0.79
-0.108,-0.79
-0.107,-0.79
-0.106,-0.79
-0.105,-0.79
-0.104,-0.79
-0.103,-0.79
-0.102,-0.79
-0.101,-0.79
-0.1,-0.79
-0.099,-0.79
-0.098,-0.79
-0.097,-0.79
-0.096,-0.79
-0.095,-0.79
-0.094,-0.79
-0.093,-0.79
-0.092,-0.79
-0.091,-0.79
-0.09,-0.79
-0.089,-0.79
-0.088,-0.79
-0.087,-0.79
-0.086,-0.79
-0.085,-0.79
-0.084,-0.79
-0.083,-0.79
-0.082,-0.79
-0.081,-0.79
-0.08,-0.79
-0.079,-0.79
-0.078,-0.79
-0.077,-0.79
-0.076,-0.79
-0.075,-0.79
-0.074,-0.79
-0.073,-0.79
-0.072,-0.79
-0.071,-0.79
-0.07,-0.79
-0.069,-0.79
-0.068,-0.79
-0.067,-0.79
-0.066,-0.79
-0.065,-0.79
-0.064,-0.79
-0.063,-0.79
-0.062,-0.79
-0.061,-0.79
-0.06,-0.79
-0.059,-0.79
-0.058,-0.79
-0.057,-0.79
-0.056,-0.79
-0.055,-0.79
-0.054,-0.79
-0.053,-0.79
-0.052,-0.79
-0.051,-0.79
-0.05,-0.79
-0.049,-0.79
-0.048,-0.79
-0.047,-0.79
-0.046,-0.79
-0.045,-0.79
-0.044,-0.79
-0.043,-0.79
-0.042,-0.79
-0.041,-0.79
-0.04,-0.79
-0.039,-0.79
-0.038,-0.79
-0.037,-0.79
-0.036,-0.79
-0.035,-0.79
-0.034,-0.79
-0.033,-0.79
-0.032,-0.79
-0.031,-0.79
-0.03,-0.79
-0.029,-0.79
-0.028,-0.79
-0.027,-0.79
-0.026,-0.79
-0.025,-0.79
-0.024,-0.79
-0.023,-0.79
-0.022,-0.79
-0.214,-0.789
-0.21,-0.789
-0.208,-0.789
-0.207,-0.789
-0.206,-0.789
-0.205,-0.789
-0.204,-0.789
-0.203,-0.789
-0.202,-0.789
-0.201,-0.789
-0.2,-0.789
-0.199,-0.789
-0.198,-0.789
-0.197,-0.789
-0.196,-0.789
-0.195,-0.789
-0.194,-0.789
-0.193,-0.789
-0.192,-0.789
-0.191,-0.789
-0.19,-0.789
-0.189,-0.789
-0.188,-0.789
-0.187,-0.789
-0.186,-0.789
-0.185,-0.789
-0.184,-0.789
-0.183,-0.789
-0.182,-0.789
-0.181,-0.789
-0.18,-0.789
-0.179,-0.789
-0.178,-0.789
-0.177,-0.789
-0.176,-0.789
-0.175,-0.789
-0.174,-0.789
-0.173,-0.789
-0.172,-0.789
-0.171,-0.789
-0.17,-0.789
-0.169,-0.789
-0.168,-0.789
-0.167,-0.789
-0.166,-0.789
-0.165,-0.789
-0.164,-0.789
-0.163,-0.789
-0.162,-0.789
-0.161,-0.789
-0.16,-0.789
-0.159,-0.789
-0.158,-0.789
-0.157,-0.789
-0.156,-0.789
-0.155,-0.789
-0.154,-0.789
-0.153,-0.789
-0.152,-0.789
-0.151,-0.789
-0.15,-0.789
-0.149,-0.789
-0.148,-0.789
-0.147,-0.789
-0.146,-0.789
-0.145,-0.789
-0.144,-0.789
-0.143,-0.789
-0.142,-0.789
-0.141,-0.789
-0.14,-0.789
-0.139,-0.789
-0.138,-0.789
-0.137,-0.789
-0.136,-0.789
-0.135,-0.789
-0.134,-0.789
-0.133,-0.789
-0.132,-0.789
-0.131,-0.789
-0.13,-0.789
-0.129,-0.789
-0.128,-0.789
-0.127,-0.789
-0.126,-0.789
-0.125,-0.789
-0.124,-0.789
-0.123,-0.789
-0.122,-0.789
-0.121,-0.789
-0.12,-0.789
-0.119,-0.789
-0.118,-0.789
-0.117,-0.789
-0.116,-0.789
-0.115,-0.789
-0.114,-0.789
-0.113,-0.789
-0.112,-0.789
-0.111,-0.789
-0.11,-0.789
-0.109,-0.789
-0.108,-0.789
-0.107,-0.789
-0.106,-0.789
-0.105,-0.789
-0.104,-0.789
-0.103,-0.789
-0.102,-0.789
-0.101,-0.789
-0.1,-0.789
-0.099,-0.789
-0.098,-0.789
-0.097,-0.789
-0.096,-0.789
-0.095,-0.789
-0.094,-0.789
-0.093,-0.789
-0.092,-0.789
-0.091,-0.789
-0.09,-0.789
-0.089,-0.789
-0.088,-0.789
-0.087,-0.789
-0.086,-0.789
-0.085,-0.789
-0.084,-0.789
-0.083,-0.789
-0.082,-0.789
-0.081,-0.789
-0.08,-0.789
-0.079,-0.789
-0.078,-0.789
-0.077,-0.789
-0.076,-0.789
-0.075,-0.789
-0.074,-0.789
-0.073,-0.789
-0.072,-0.789
-0.071,-0.789
-0.07,-0.789
-0.069,-0.789
-0.068,-0.789
-0.067,-0.789
-0.066,-0.789
-0.065,-0.789
-0.064,-0.789
-0.063,-0.789
-0.062,-0.789
-0.061,-0.789
-0.06,-0.789
-0.059,-0.789
-0.058,-0.789
-0.057,-0.789
-0.056,-0.789
-0.055,-0.789
-0.054,-0.789
-0.053,-0.789
-0.052,-0.789
-0.051,-0.789
-0.05,-0.789
-0.049,-0.789
-0.048,-0.789
-0.047,-0.789
-0.046,-0.789
-0.045,-0.789
-0.044,-0.789
-0.043,-0.789
-0.042,-0.789
-0.041,-0.789
-0.04,-0.789
-0.039,-0.789
-0.038,-0.789
-0.037,-0.789
-0.036,-0.789
-0.035,-0.789
-0.034,-0.789
-0.033,-0.789
-0.032,-0.789
-0.031,-0.789
-0.03,-0.789
-0.029,-0.789
-0.028,-0.789
-0.027,-0.789
-0.026,-0.789
-0.025,-0.789
-0.024,-0.789
-0.023,-0.789
-0.022,-0.789
-0.021,-0.789
-0.212,-0.788
-0.21,-0.788
-0.209,-0.788
-0.208,-0.788
-0.207,-0.788
-0.206,-0.788
-0.205,-0.788
-0.204,-0.788
-0.203,-0.788
-0.202,-0.788
-0.201,-0.788
-0.2,-0.788
-0.199,-0.788
-0.198,-0.788
-0.197,-0.788
-0.196,-0.788
-0.195,-0.788
-0.194,-0.788
-0.193,-0.788
-0.192,-0.788
-0.191,-0.788
-0.19,-0.788
-0.189,-0.788
-0.188,-0.788
-0.187,-0.788
-0.186,-0.788
-0.185,-0.788
-0.184,-0.788
-0.183,-0.788
-0.182,-0.788
-0.181,-0.788
-0.18,-0.788
-0.179,-0.788
-0.178,-0.788
-0.177,-0.788
-0.176,-0.788
-0.175,-0.788
-0.174,-0.788
-0.173,-0.788
-0.172,-0.788
-0.171,-0.788
-0.17,-0.788
-0.169,-0.788
-0.168,-0.788
-0.167,-0.788
-0.166,-0.788
-0.165,-0.788
-0.164,-0.788
-0.163,-0.788
-0.162,-0.788
-0.161,-0.788
-0.16,-0.788
-0.159,-0.788
-0.158,-0.788
-0.157,-0.788
-0.156,-0.788
-0.155,-0.788
-0.154,-0.788
-0.153,-0.788
-0.152,-0.788
-0.151,-0.788
-0.15,-0.788
-0.149,-0.788
-0.148,-0.788
-0.147,-0.788
-0.146,-0.788
-0.145,-0.788
-0.144,-0.788
-0.143,-0.788
-0.142,-0.788
-0.141,-0.788
-0.14,-0.788
-0.139,-0.788
-0.138,-0.788
-0.137,-0.788
-0.136,-0.788
-0.135,-0.788
-0.134,-0.788
-0.133,-0.788
-0.132,-0.788
-0.131,-0.788
-0.13,-0.788
-0.129,-0.788
-0.128,-0.788
-0.127,-0.788
-0.126,-0.788
-0.125,-0.788
-0.124,-0.788
-0.123,-0.788
-0.122,-0.788
-0.121,-0.788
-0.12,-0.788
-0.119,-0.788
-0.118,-0.788
-0.117,-0.788
-0.116,-0.788
-0.115,-0.788
-0.114,-0.788
-0.113,-0.788
-0.112,-0.788
-0.111,-0.788
-0.11,-0.788
-0.109,-0.788
-0.108,-0.788
-0.107,-0.788
-0.106,-0.788
-0.105,-0.788
-0.104,-0.788
-0.103,-0.788
-0.102,-0.788
-0.101,-0.788
-0.1,-0.788
-0.099,-0.788
-0.098,-0.788
-0.097,-0.788
-0.096,-0.788
-0.095,-0.788
-0.094,-0.788
-0.093,-0.788
-0.092,-0.788
-0.091,-0.788
-0.09,-0.788
-0.089,-0.788
-0.088,-0.788
-0.087,-0.788
-0.086,-0.788
-0.085,-0.788
-0.084,-0.788
-0.083,-0.788
-0.082,-0.788
-0.081,-0.788
-0.08,-0.788
-0.079,-0.788
-0.078,-0.788
-0.077,-0.788
-0.076,-0.788
-0.075,-0.788
-0.074,-0.788
-0.073,-0.788
-0.072,-0.788
-0.071,-0.788
-0.07,-0.788
-0.069,-0.788
-0.068,-0.788
-0.067,-0.788
-0.066,-0.788
-0.065,-0.788
-0.064,-0.788
-0.063,-0.788
-0.062,-0.788
-0.061,-0.788
-0.06,-0.788
-0.059,-0.788
-0.058,-0.788
-0.057,-0.788
-0.056,-0.788
-0.055,-0.788
-0.054,-0.788
-0.053,-0.788
-0.052,-0.788
-0.051,-0.788
-0.05,-0.788
-0.049,-0.788
-0.048,-0.788
-0.047,-0.788
-0.046,-0.788
-0.045,-0.788
-0.044,-0.788
-0.043,-0.788
-0.042,-0.788
-0.041,-0.788
-0.04,-0.788
-0.039,-0.788
-0.038,-0.788
-0.037,-0.788
-0.036,-0.788
-0.035,-0.788
-0.034,-0.788
-0.033,-0.788
-0.032,-0.788
-0.031,-0.788
-0.03,-0.788
-0.029,-0.788
-0.028,-0.788
-0.027,-0.788
-0.026,-0.788
-0.025,-0.788
-0.024,-0.788
-0.023,-0.788
-0.022,-0.788
-0.021,-0.788
-0.02,-0.788
-0.212,-0.787
-0.211,-0.787
-0.209,-0.787
-0.208,-0.787
-0.207,-0.787
-0.206,-0.787
-0.205,-0.787
-0.204,-0.787
-0.203,-0.787
-0.202,-0.787
-0.201,-0.787
-0.2,-0.787
-0.199,-0.787
-0.198,-0.787
-0.197,-0.787
-0.196,-0.787
-0.195,-0.787
-0.194,-0.787
-0.193,-0.787
-0.192,-0.787
-0.191,-0.787
-0.19,-0.787
-0.189,-0.787
-0.188,-0.787
-0.187,-0.787
-0.186,-0.787
-0.185,-0.787
-0.184,-0.787
-0.183,-0.787
-0.182,-0.787
-0.181,-0.787
-0.18,-0.787
-0.179,-0.787
-0.178,-0.787
-0.177,-0.787
-0.176,-0.787
-0.175,-0.787
-0.174,-0.787
-0.173,-0.787
-0.172,-0.787
-0.171,-0.787
-0.17,-0.787
-0.169,-0.787
-0.168,-0.787
-0.167,-0.787
-0.166,-0.787
-0.165,-0.787
-0.164,-0.787
-0.163,-0.787
-0.162,-0.787
-0.161,-0.787
-0.16,-0.787
-0.159,-0.787
-0.158,-0.787
-0.157,-0.787
-0.156,-0.787
-0.155,-0.787
-0.154,-0.787
-0.153,-0.787
-0.152,-0.787
-0.151,-0.787
-0.15,-0.787
-0.149,-0.787
-0.148,-0.787
-0.147,-0.787
-0.146,-0.787
-0.145,-0.787
-0.144,-0.787
-0.143,-0.787
-0.142,-0.787
-0.141,-0.787
-0.14,-0.787
-0.139,-0.787
-0.138,-0.787
-0.137,-0.787
-0.136,-0.787
-0.135,-0.787
-0.134,-0.787
-0.133,-0.787
-0.132,-0.787
-0.131,-0.787
-0.13,-0.787
-0.129,-0.787
-0.128,-0.787
-0.127,-0.787
-0.126,-0.787
-0.125,-0.787
-0.124,-0.787
-0.123,-0.787
-0.122,-0.787
-0.121,-0.787
-0.12,-0.787
-0.119,-0.787
-0.118,-0.787
-0.117,-0.787
-0.116,-0.787
-0.115,-0.787
-0.114,-0.787
-0.113,-0.787
-0.112,-0.787
-0.111,-0.787
-0.11,-0.787
-0.109,-0.787
-0.108,-0.787
-0.107,-0.787
-0.106,-0.787
-0.105,-0.787
-0.104,-0.787
-0.103,-0.787
-0.102,-0.787
-0.101,-0.787
-0.1,-0.787
-0.099,-0.787
-0.098,-0.787
-0.097,-0.787
-0.096,-0.787
-0.095,-0.787
-0.094,-0.787
-0.093,-0.787
-0.092,-0.787
-0.091,-0.787
-0.09,-0.787
-0.089,-0.787
-0.088,-0.787
-0.087,-0.787
-0.086,-0.787
-0.085,-0.787
-0.084,-0.787
-0.083,-0.787
-0.082,-0.787
-0.081,-0.787
-0.08,-0.787
-0.079,-0.787
-0.078,-0.787
-0.077,-0.787
-0.076,-0.787
-0.075,-0.787
-0.074,-0.787
-0.073,-0.787
-0.072,-0.787
-0.071,-0.787
-0.07,-0.787
-0.069,-0.787
-0.068,-0.787
-0.067,-0.787
-0.066,-0.787
-0.065,-0.787
-0.064,-0.787
-0.063,-0.787
-0.062,-0.787
-0.061,-0.787
-0.06,-0.787
-0.059,-0.787
-0.058,-0.787
-0.057,-0.787
-0.056,-0.787
-0.055,-0.787
-0.054,-0.787
-0.053,-0.787
-0.052,-0.787
-0.051,-0.787
-0.05,-0.787
-0.049,-0.787
-0.048,-0.787
-0.047,-0.787
-0.046,-0.787
-0.045,-0.787
-0.044,-0.787
-0.043,-0.787
-0.042,-0.787
-0.041,-0.787
-0.04,-0.787
-0.039,-0.787
-0.038,-0.787
-0.037,-0.787
-0.036,-0.787
-0.035,-0.787
-0.034,-0.787
-0.033,-0.787
-0.032,-0.787
-0.031,-0.787
-0.03,-0.787
-0.029,-0.787
-0.028,-0.787
-0.027,-0.787
-0.026,-0.787
-0.025,-0.787
-0.024,-0.787
-0.023,-0.787
-0.022,-0.787
-0.212,-0.786
-0.211,-0.786
-0.21,-0.786
-0.209,-0.786
-0.208,-0.786
-0.207,-0.786
-0.206,-0.786
-0.205,-0.786
-0.204,-0.786
-0.203,-0.786
-0.202,-0.786
-0.201,-0.786
-0.2,-0.786
-0.199,-0.786
-0.198,-0.786
-0.197,-0.786
-0.196,-0.786
-0.195,-0.786
-0.194,-0.786
-0.193,-0.786
-0.192,-0.786
-0.191,-0.786
-0.19,-0.786
-0.189,-0.786
-0.188,-0.786
-0.187,-0.786
-0.186,-0.786
-0.185,-0.786
-0.184,-0.786
-0.183,-0.786
-0.182,-0.786
-0.181,-0.786
-0.18,-0.786
-0.179,-0.786
-0.178,-0.786
-0.177,-0.786
-0.176,-0.786
-0.175,-0.786
-0.174,-0.786
-0.173,-0.786
-0.172,-0.786
-0.171,-0.786
-0.17,-0.786
-0.169,-0.786
-0.168,-0.786
-0.167,-0.786
-0.166,-0.786
-0.165,-0.786
-0.164,-0.786
-0.163,-0.786
-0.162,-0.786
-0.161,-0.786
-0.16,-0.786
-0.159,-0.786
-0.158,-0.786
-0.157,-0.786
-0.156,-0.786
-0.155,-0.786
-0.154,-0.786
-0.153,-0.786
-0.152,-0.786
-0.151,-0.786
-0.15,-0.786
-0.149,-0.786
-0.148,-0.786
-0.147,-0.786
-0.146,-0.786
-0.145,-0.786
-0.144,-0.786
-0.143,-0.786
-0.142,-0.786
-0.141,-0.786
-0.14,-0.786
-0.139,-0.786
-0.138,-0.786
-0.137,-0.786
-0.136,-0.786
-0.135,-0.786
-0.134,-0.786
-0.133,-0.786
-0.132,-0.786
-0.131,-0.786
-0.13,-0.786
-0.129,-0.786
-0.128,-0.786
-0.127,-0.786
-0.126,-0.786
-0.125,-0.786
-0.124,-0.786
-0.123,-0.786
-0.122,-0.786
-0.121,-0.786
-0.12,-0.786
-0.119,-0.786
-0.118,-0.786
-0.117,-0.786
-0.116,-0.786
-0.115,-0.786
-0.114,-0.786
-0.113,-0.786
-0.112,-0.786
-0.111,-0.786
-0.11,-0.786
-0.109,-0.786
-0.108,-0.786
-0.107,-0.786
-0.106,-0.786
-0.105,-0.786
-0.104,-0.786
-0.103,-0.786
-0.102,-0.786
-0.101,-0.786
-0.1,-0.786
-0.099,-0.786
-0.098,-0.786
-0.097,-0.786
-0.096,-0.786
-0.095,-0.786
-0.094,-0.786
-0.093,-0.786
-0.092,-0.786
-0.091,-0.786
-0.09,-0.786
-0.089,-0.786
-0.088,-0.786
-0.087,-0.786
-0.086,-0.786
-0.085,-0.786
-0.084,-0.786
-0.083,-0.786
-0.082,-0.786
-0.081,-0.786
-0.08,-0.786
-0.079,-0.786
-0.078,-0.786
-0.077,-0.786
-0.076,-0.786
-0.075,-0.786
-0.074,-0.786
-0.073,-0.786
-0.072,-0.786
-0.071,-0.786
-0.07,-0.786
-0.069,-0.786
-0.068,-0.786
-0.067,-0.786
-0.066,-0.786
-0.065,-0.786
-0.064,-0.786
-0.063,-0.786
-0.062,-0.786
-0.061,-0.786
-0.06,-0.786
-0.059,-0.786
-0.058,-0.786
-0.057,-0.786
-0.056,-0.786
-0.055,-0.786
-0.054,-0.786
-0.053,-0.786
-0.052,-0.786
-0.051,-0.786
-0.05,-0.786
-0.049,-0.786
-0.048,-0.786
-0.047,-0.786
-0.046,-0.786
-0.045,-0.786
-0.044,-0.786
-0.043,-0.786
-0.042,-0.786
-0.041,-0.786
-0.04,-0.786
-0.039,-0.786
-0.038,-0.786
-0.037,-0.786
-0.036,-0.786
-0.035,-0.786
-0.034,-0.786
-0.033,-0.786
-0.032,-0.786
-0.031,-0.786
-0.03,-0.786
-0.029,-0.786
-0.028,-0.786
-0.027,-0.786
-0.026,-0.786
-0.025,-0.786
-0.024,-0.786
-0.023,-0.786
-0.022,-0.786
-0.021,-0.786
-0.219,-0.785
-0.212,-0.785
-0.211,-0.785
-0.21,-0.785
-0.209,-0.785
-0.208,-0.785
-0.207,-0.785
-0.206,-0.785
-0.205,-0.785
-0.204,-0.785
-0.203,-0.785
-0.202,-0.785
-0.201,-0.785
-0.2,-0.785
-0.199,-0.785
-0.198,-0.785
-0.197,-0.785
-0.196,-0.785
-0.195,-0.785
-0.194,-0.785
-0.193,-0.785
-0.192,-0.785
-0.191,-0.785
-0.19,-0.785
-0.189,-0.785
-0.188,-0.785
-0.187,-0.785
-0.186,-0.785
-0.185,-0.785
-0.184,-0.785
-0.183,-0.785
-0.182,-0.785
-0.181,-0.785
-0.18,-0.785
-0.179,-0.785
-0.178,-0.785
-0.177,-0.785
-0.176,-0.785
-0.175,-0.785
-0.174,-0.785
-0.173,-0.785
-0.172,-0.785
-0.171,-0.785
-0.17,-0.785
-0.169,-0.785
-0.168,-0.785
-0.167,-0.785
-0.166,-0.785
-0.165,-0.785
-0.164,-0.785
-0.163,-0.785
-0.162,-0.785
-0.161,-0.785
-0.16,-0.785
-0.159,-0.785
-0.158,-0.785
-0.157,-0.785
-0.156,-0.785
-0.155,-0.785
-0.154,-0.785
-0.153,-0.785
-0.152,-0.785
-0.151,-0.785
-0.15,-0.785
-0.149,-0.785
-0.148,-0.785
-0.147,-0.785
-0.146,-0.785
-0.145,-0.785
-0.144,-0.785
-0.143,-0.785
-0.142,-0.785
-0.141,-0.785
-0.14,-0.785
-0.139,-0.785
-0.138,-0.785
-0.137,-0.785
-0.136,-0.785
-0.135,-0.785
-0.134,-0.785
-0.133,-0.785
-0.132,-0.785
-0.131,-0.785
-0.13,-0.785
-0.129,-0.785
-0.128,-0.785
-0.127,-0.785
-0.126,-0.785
-0.125,-0.785
-0.124,-0.785
-0.123,-0.785
-0.122,-0.785
-0.121,-0.785
-0.12,-0.785
-0.119,-0.785
-0.118,-0.785
-0.117,-0.785
-0.116,-0.785
-0.115,-0.785
-0.114,-0.785
-0.113,-0.785
-0.112,-0.785
-0.111,-0.785
-0.11,-0.785
-0.109,-0.785
-0.108,-0.785
-0.107,-0.785
-0.106,-0.785
-0.105,-0.785
-0.104,-0.785
-0.103,-0.785
-0.102,-0.785
-0.101,-0.785
-0.1,-0.785
-0.099,-0.785
-0.098,-0.785
-0.097,-0.785
-0.096,-0.785
-0.095,-0.785
-0.094,-0.785
-0.093,-0.785
-0.092,-0.785
-0.091,-0.785
-0.09,-0.785
-0.089,-0.785
-0.088,-0.785
-0.087,-0.785
-0.086,-0.785
-0.085,-0.785
-0.084,-0.785
-0.083,-0.785
-0.082,-0.785
-0.081,-0.785
-0.08,-0.785
-0.079,-0.785
-0.078,-0.785
-0.077,-0.785
-0.076,-0.785
-0.075,-0.785
-0.074,-0.785
-0.073,-0.785
-0.072,-0.785
-0.071,-0.785
-0.07,-0.785
-0.069,-0.785
-0.068,-0.785
-0.067,-0.785
-0.066,-0.785
-0.065,-0.785
-0.064,-0.785
-0.063,-0.785
-0.062,-0.785
-0.061,-0.785
-0.06,-0.785
-0.059,-0.785
-0.058,-0.785
-0.057,-0.785
-0.056,-0.785
-0.055,-0.785
-0.054,-0.785
-0.053,-0.785
-0.052,-0.785
-0.051,-0.785
-0.05,-0.785
-0.049,-0.785
-0.048,-0.785
-0.047,-0.785
-0.046,-0.785
-0.045,-0.785
-0.044,-0.785
-0.043,-0.785
-0.042,-0.785
-0.041,-0.785
-0.04,-0.785
-0.039,-0.785
-0.038,-0.785
-0.037,-0.785
-0.036,-0.785
-0.035,-0.785
-0.034,-0.785
-0.033,-0.785
-0.032,-0.785
-0.031,-0.785
-0.03,-0.785
-0.029,-0.785
-0.028,-0.785
-0.027,-0.785
-0.026,-0.785
-0.025,-0.785
-0.024,-0.785
-0.023,-0.785
-0.022,-0.785
-0.018,-0.785
-0.016,-0.785
-0.227,-0.784
-0.226,-0.784
-0.215,-0.784
-0.214,-0.784
-0.213,-0.784
-0.212,-0.784
-0.211,-0.784
-0.21,-0.784
-0.209,-0.784
-0.208,-0.784
-0.207,-0.784
-0.206,-0.784
-0.205,-0.784
-0.204,-0.784
-0.203,-0.784
-0.202,-0.784
-0.201,-0.784
-0.2,-0.784
-0.199,-0.784
-0.198,-0.784
-0.197,-0.784
-0.196,-0.784
-0.195,-0.784
-0.194,-0.784
-0.193,-0.784
-0.192,-0.784
-0.191,-0.784
-0.19,-0.784
-0.189,-0.784
-0.188,-0.784
-0.187,-0.784
-0.186,-0.784
-0.185,-0.784
-0.184,-0.784
-0.183,-0.784
-0.182,-0.784
-0.181,-0.784
-0.18,-0.784
-0.179,-0.784
-0.178,-0.784
-0.177,-0.784
-0.176,-0.784
-0.175,-0.784
-0.174,-0.784
-0.173,-0.784
-0.172,-0.784
-0.171,-0.784
-0.17,-0.784
-0.169,-0.784
-0.168,-0.784
-0.167,-0.784
-0.166,-0.784
-0.165,-0.784
-0.164,-0.784
-0.163,-0.784
-0.162,-0.784
-0.161,-0.784
-0.16,-0.784
-0.159,-0.784
-0.158,-0.784
-0.157,-0.784
-0.156,-0.784
-0.155,-0.784
-0.154,-0.784
-0.153,-0.784
-0.152,-0.784
-0.151,-0.784
-0.15,-0.784
-0.149,-0.784
-0.148,-0.784
-0.147,-0.784
-0.146,-0.784
-0.145,-0.784
-0.144,-0.784
-0.143,-0.784
-0.142,-0.784
-0.141,-0.784
-0.14,-0.784
-0.139,-0.784
-0.138,-0.784
-0.137,-0.784
-0.136,-0.784
-0.135,-0.784
-0.134,-0.784
-0.133,-0.784
-0.132,-0.784
-0.131,-0.784
-0.13,-0.784
-0.129,-0.784
-0.128,-0.784
-0.127,-0.784
-0.126,-0.784
-0.125,-0.784
-0.124,-0.784
-0.123,-0.784
-0.122,-0.784
-0.121,-0.784
-0.12,-0.784
-0.119,-0.784
-0.118,-0.784
-0.117,-0.784
-0.116,-0.784
-0.115,-0.784
-0.114,-0.784
-0.113,-0.784
-0.112,-0.784
-0.111,-0.784
-0.11,-0.784
-0.109,-0.784
-0.108,-0.784
-0.107,-0.784
-0.106,-0.784
-0.105,-0.784
-0.104,-0.784
-0.103,-0.784
-0.102,-0.784
-0.101,-0.784
-0.1,-0.784
-0.099,-0.784
-0.098,-0.784
-0.097,-0.784
-0.096,-0.784
-0.095,-0.784
-0.094,-0.784
-0.093,-0.784
-0.092,-0.784
-0.091,-0.784
-0.09,-0.784
-0.089,-0.784
-0.088,-0.784
-0.087,-0.784
-0.086,-0.784
-0.085,-0.784
-0.084,-0.784
-0.083,-0.784
-0.082,-0.784
-0.081,-0.784
-0.08,-0.784
-0.079,-0.784
-0.078,-0.784
-0.077,-0.784
-0.076,-0.784
-0.075,-0.784
-0.074,-0.784
-0.073,-0.784
-0.072,-0.784
-0.071,-0.784
-0.07,-0.784
-0.069,-0.784
-0.068,-0.784
-0.067,-0.784
-0.066,-0.784
-0.065,-0.784
-0.064,-0.784
-0.063,-0.784
-0.062,-0.784
-0.061,-0.784
-0.06,-0.784
-0.059,-0.784
-0.058,-0.784
-0.057,-0.784
-0.056,-0.784
-0.055,-0.784
-0.054,-0.784
-0.053,-0.784
-0.052,-0.784
-0.051,-0.784
-0.05,-0.784
-0.049,-0.784
-0.048,-0.784
-0.047,-0.784
-0.046,-0.784
-0.045,-0.784
-0.044,-0.784
-0.043,-0.784
-0.042,-0.784
-0.041,-0.784
-0.04,-0.784
-0.039,-0.784
-0.038,-0.784
-0.037,-0.784
-0.036,-0.784
-0.035,-0.784
-0.034,-0.784
-0.033,-0.784
-0.032,-0.784
-0.031,-0.784
-0.03,-0.784
-0.029,-0.784
-0.028,-0.784
-0.027,-0.784
-0.026,-0.784
-0.025,-0.784
-0.024,-0.784
-0.023,-0.784
-0.022,-0.784
-0.021,-0.784
-0.017,-0.784
-0.225,-0.783
-0.216,-0.783
-0.215,-0.783
-0.214,-0.783
-0.213,-0.783
-0.211,-0.783
-0.21,-0.783
-0.209,-0.783
-0.208,-0.783
-0.207,-0.783
-0.206,-0.783
-0.205,-0.783
-0.204,-0.783
-0.203,-0.783
-0.202,-0.783
-0.201,-0.783
-0.2,-0.783
-0.199,-0.783
-0.198,-0.783
-0.197,-0.783
-0.196,-0.783
-0.195,-0.783
-0.194,-0.783
-0.193,-0.783
-0.192,-0.783
-0.191,-0.783
-0.19,-0.783
-0.189,-0.783
-0.188,-0.783
-0.187,-0.783
-0.186,-0.783
-0.185,-0.783
-0.184,-0.783
-0.183,-0.783
-0.182,-0.783
-0.181,-0.783
-0.18,-0.783
-0.179,-0.783
-0.178,-0.783
-0.177,-0.783
-0.176,-0.783
-0.175,-0.783
-0.174,-0.783
-0.173,-0.783
-0.172,-0.783
-0.171,-0.783
-0.17,-0.783
-0.169,-0.783
-0.168,-0.783
-0.167,-0.783
-0.166,-0.783
-0.165,-0.783
-0.164,-0.783
-0.163,-0.783
-0.162,-0.783
-0.161,-0.783
-0.16,-0.783
-0.159,-0.783
-0.158,-0.783
-0.157,-0.783
-0.156,-0.783
-0.155,-0.783
-0.154,-0.783
-0.153,-0.783
-0.152,-0.783
-0.151,-0.783
-0.15,-0.783
-0.149,-0.783
-0.148,-0.783
-0.147,-0.783
-0.146,-0.783
-0.145,-0.783
-0.144,-0.783
-0.143,-0.783
-0.142,-0.783
-0.141,-0.783
-0.14,-0.783
-0.139,-0.783
-0.138,-0.783
-0.137,-0.783
-0.136,-0.783
-0.135,-0.783
-0.134,-0.783
-0.133,-0.783
-0.132,-0.783
-0.131,-0.783
-0.13,-0.783
-0.129,-0.783
-0.128,-0.783
-0.127,-0.783
-0.126,-0.783
-0.125,-0.783
-0.124,-0.783
-0.123,-0.783
-0.122,-0.783
-0.121,-0.783
-0.12,-0.783
-0.119,-0.783
-0.118,-0.783
-0.117,-0.783
-0.116,-0.783
-0.115,-0.783
-0.114,-0.783
-0.113,-0.783
-0.112,-0.783
-0.111,-0.783
-0.11,-0.783
-0.109,-0.783
-0.108,-0.783
-0.107,-0.783
-0.106,-0.783
-0.105,-0.783
-0.104,-0.783
-0.103,-0.783
-0.102,-0.783
-0.101,-0.783
-0.1,-0.783
-0.099,-0.783
-0.098,-0.783
-0.097,-0.783
-0.096,-0.783
-0.095,-0.783
-0.094,-0.783
-0.093,-0.783
-0.092,-0.783
-0.091,-0.783
-0.09,-0.783
-0.089,-0.783
-0.088,-0.783
-0.087,-0.783
-0.086,-0.783
-0.085,-0.783
-0.084,-0.783
-0.083,-0.783
-0.082,-0.783
-0.081,-0.783
-0.08,-0.783
-0.079,-0.783
-0.078,-0.783
-0.077,-0.783
-0.076,-0.783
-0.075,-0.783
-0.074,-0.783
-0.073,-0.783
-0.072,-0.783
-0.071,-0.783
-0.07,-0.783
-0.069,-0.783
-0.068,-0.783
-0.067,-0.783
-0.066,-0.783
-0.065,-0.783
-0.064,-0.783
-0.063,-0.783
-0.062,-0.783
-0.061,-0.783
-0.06,-0.783
-0.059,-0.783
-0.058,-0.783
-0.057,-0.783
-0.056,-0.783
-0.055,-0.783
-0.054,-0.783
-0.053,-0.783
-0.052,-0.783
-0.051,-0.783
-0.05,-0.783
-0.049,-0.783
-0.048,-0.783
-0.047,-0.783
-0.046,-0.783
-0.045,-0.783
-0.044,-0.783
-0.043,-0.783
-0.042,-0.783
-0.041,-0.783
-0.04,-0.783
-0.039,-0.783
-0.038,-0.783
-0.037,-0.783
-0.036,-0.783
-0.035,-0.783
-0.034,-0.783
-0.033,-0.783
-0.032,-0.783
-0.031,-0.783
-0.03,-0.783
-0.029,-0.783
-0.028,-0.783
-0.027,-0.783
-0.026,-0.783
-0.023,-0.783
-0.022,-0.783
-0.021,-0.783
-0.02,-0.783
-0.016,-0.783
-0.217,-0.782
-0.216,-0.782
-0.215,-0.782
-0.214,-0.782
-0.213,-0.782
-0.212,-0.782
-0.211,-0.782
-0.21,-0.782
-0.209,-0.782
-0.208,-0.782
-0.207,-0.782
-0.206,-0.782
-0.205,-0.782
-0.204,-0.782
-0.203,-0.782
-0.202,-0.782
-0.201,-0.782
-0.2,-0.782
-0.199,-0.782
-0.198,-0.782
-0.197,-0.782
-0.196,-0.782
-0.195,-0.782
-0.194,-0.782
-0.193,-0.782
-0.192,-0.782
-0.191,-0.782
-0.19,-0.782
-0.189,-0.782
-0.188,-0.782
-0.187,-0.782
-0.186,-0.782
-0.185,-0.782
-0.184,-0.782
-0.183,-0.782
-0.182,-0.782
-0.181,-0.782
-0.18,-0.782
-0.179,-0.782
-0.178,-0.782
-0.177,-0.782
-0.176,-0.782
-0.175,-0.782
-0.174,-0.782
-0.173,-0.782
-0.172,-0.782
-0.171,-0.782
-0.17,-0.782
-0.169,-0.782
-0.168,-0.782
-0.167,-0.782
-0.166,-0.782
-0.165,-0.782
-0.164,-0.782
-0.163,-0.782
-0.162,-0.782
-0.161,-0.782
-0.16,-0.782
-0.159,-0.782
-0.158,-0.782
-0.157,-0.782
-0.156,-0.782
-0.155,-0.782
-0.154,-0.782
-0.153,-0.782
-0.152,-0.782
-0.151,-0.782
-0.15,-0.782
-0.149,-0.782
-0.148,-0.782
-0.147,-0.782
-0.146,-0.782
-0.145,-0.782
-0.144,-0.782
-0.143,-0.782
-0.142,-0.782
-0.141,-0.782
-0.14,-0.782
-0.139,-0.782
-0.138,-0.782
-0.137,-0.782
-0.136,-0.782
-0.135,-0.782
-0.134,-0.782
-0.133,-0.782
-0.132,-0.782
-0.131,-0.782
-0.13,-0.782
-0.129,-0.782
-0.128,-0.782
-0.127,-0.782
-0.126,-0.782
-0.125,-0.782
-0.124,-0.782
-0.123,-0.782
-0.122,-0.782
-0.121,-0.782
-0.12,-0.782
-0.119,-0.782
-0.118,-0.782
-0.117,-0.782
-0.116,-0.782
-0.115,-0.782
-0.114,-0.782
-0.113,-0.782
-0.112,-0.782
-0.111,-0.782
-0.11,-0.782
-0.109,-0.782
-0.108,-0.782
-0.107,-0.782
-0.106,-0.782
-0.105,-0.782
-0.104,-0.782
-0.103,-0.782
-0.102,-0.782
-0.101,-0.782
-0.1,-0.782
-0.099,-0.782
-0.098,-0.782
-0.097,-0.782
-0.096,-0.782
-0.095,-0.782
-0.094,-0.782
-0.093,-0.782
-0.092,-0.782
-0.091,-0.782
-0.09,-0.782
-0.089,-0.782
-0.088,-0.782
-0.087,-0.782
-0.086,-0.782
-0.085,-0.782
-0.084,-0.782
-0.083,-0.782
-0.082,-0.782
-0.081,-0.782
-0.08,-0.782
-0.079,-0.782
-0.078,-0.782
-0.077,-0.782
-0.076,-0.782
-0.075,-0.782
-0.074,-0.782
-0.073,-0.782
-0.072,-0.782
-0.071,-0.782
-0.07,-0.782
-0.069,-0.782
-0.068,-0.782
-0.067,-0.782
-0.066,-0.782
-0.065,-0.782
-0.064,-0.782
-0.063,-0.782
-0.062,-0.782
-0.061,-0.782
-0.06,-0.782
-0.059,-0.782
-0.058,-0.782
-0.057,-0.782
-0.056,-0.782
-0.055,-0.782
-0.054,-0.782
-0.053,-0.782
-0.052,-0.782
-0.051,-0.782
-0.05,-0.782
-0.049,-0.782
-0.048,-0.782
-0.047,-0.782
-0.046,-0.782
-0.045,-0.782
-0.044,-0.782
-0.043,-0.782
-0.042,-0.782
-0.041,-0.782
-0.04,-0.782
-0.039,-0.782
-0.038,-0.782
-0.036,-0.782
-0.035,-0.782
-0.034,-0.782
-0.033,-0.782
-0.032,-0.782
-0.031,-0.782
-0.03,-0.782
-0.029,-0.782
-0.028,-0.782
-0.027,-0.782
-0.026,-0.782
-0.023,-0.782
-0.229,-0.781
-0.216,-0.781
-0.214,-0.781
-0.213,-0.781
-0.212,-0.781
-0.211,-0.781
-0.21,-0.781
-0.209,-0.781
-0.208,-0.781
-0.207,-0.781
-0.206,-0.781
-0.205,-0.781
-0.204,-0.781
-0.203,-0.781
-0.202,-0.781
-0.201,-0.781
-0.2,-0.781
-0.199,-0.781
-0.198,-0.781
-0.197,-0.781
-0.196,-0.781
-0.195,-0.781
-0.194,-0.781
-0.193,-0.781
-0.192,-0.781
-0.191,-0.781
-0.19,-0.781
-0.189,-0.781
-0.188,-0.781
-0.187,-0.781
-0.186,-0.781
-0.185,-0.781
-0.184,-0.781
-0.183,-0.781
-0.182,-0.781
-0.181,-0.781
-0.18,-0.781
-0.179,-0.781
-0.178,-0.781
-0.177,-0.781
-0.176,-0.781
-0.175,-0.781
-0.174,-0.781
-0.173,-0.781
-0.172,-0.781
-0.171,-0.781
-0.17,-0.781
-0.169,-0.781
-0.168,-0.781
-0.167,-0.781
-0.166,-0.781
-0.165,-0.781
-0.164,-0.781
-0.163,-0.781
-0.162,-0.781
-0.161,-0.781
-0.16,-0.781
-0.159,-0.781
-0.158,-0.781
-0.157,-0.781
-0.156,-0.781
-0.155,-0.781
-0.154,-0.781
-0.153,-0.781
-0.152,-0.781
-0.151,-0.781
-0.15,-0.781
-0.149,-0.781
-0.148,-0.781
-0.147,-0.781
-0.146,-0.781
-0.145,-0.781
-0.144,-0.781
-0.143,-0.781
-0.142,-0.781
-0.141,-0.781
-0.14,-0.781
-0.139,-0.781
-0.138,-0.781
-0.137,-0.781
-0.136,-0.781
-0.135,-0.781
-0.134,-0.781
-0.133,-0.781
-0.132,-0.781
-0.131,-0.781
-0.13,-0.781
-0.129,-0.781
-0.128,-0.781
-0.127,-0.781
-0.126,-0.781
-0.125,-0.781
-0.124,-0.781
-0.123,-0.781
-0.122,-0.781
-0.121,-0.781
-0.12,-0.781
-0.119,-0.781
-0.118,-0.781
-0.117,-0.781
-0.116,-0.781
-0.115,-0.781
-0.114,-0.781
-0.113,-0.781
-0.112,-0.781
-0.111,-0.781
-0.11,-0.781
-0.109,-0.781
-0.108,-0.781
-0.107,-0.781
-0.106,-0.781
-0.105,-0.781
-0.104,-0.781
-0.103,-0.781
-0.102,-0.781
-0.101,-0.781
-0.1,-0.781
-0.099,-0.781
-0.098,-0.781
-0.097,-0.781
-0.096,-0.781
-0.095,-0.781
-0.094,-0.781
-0.093,-0.781
-0.092,-0.781
-0.091,-0.781
-0.09,-0.781
-0.089,-0.781
-0.088,-0.781
-0.087,-0.781
-0.086,-0.781
-0.085,-0.781
-0.084,-0.781
-0.083,-0.781
-0.082,-0.781
-0.081,-0.781
-0.08,-0.781
-0.079,-0.781
-0.078,-0.781
-0.077,-0.781
-0.076,-0.781
-0.075,-0.781
-0.074,-0.781
-0.073,-0.781
-0.072,-0.781
-0.071,-0.781
-0.07,-0.781
-0.069,-0.781
-0.068,-0.781
-0.067,-0.781
-0.066,-0.781
-0.065,-0.781
-0.064,-0.781
-0.063,-0.781
-0.062,-0.781
-0.061,-0.781
-0.06,-0.781
-0.059,-0.781
-0.058,-0.781
-0.057,-0.781
-0.056,-0.781
-0.055,-0.781
-0.054,-0.781
-0.053,-0.781
-0.052,-0.781
-0.051,-0.781
-0.05,-0.781
-0.049,-0.781
-0.048,-0.781
-0.047,-0.781
-0.046,-0.781
-0.045,-0.781
-0.044,-0.781
-0.043,-0.781
-0.042,-0.781
-0.041,-0.781
-0.04,-0.781
-0.039,-0.781
-0.038,-0.781
-0.037,-0.781
-0.035,-0.781
-0.034,-0.781
-0.033,-0.781
-0.032,-0.781
-0.031,-0.781
-0.03,-0.781
-0.029,-0.781
-0.028,-0.781
-0.027,-0.781
-0.019,-0.781
-0.23,-0.78
-0.22,-0.78
-0.216,-0.78
-0.214,-0.78
-0.213,-0.78
-0.212,-0.78
-0.211,-0.78
-0.21,-0.78
-0.209,-0.78
-0.208,-0.78
-0.207,-0.78
-0.206,-0.78
-0.205,-0.78
-0.204,-0.78
-0.203,-0.78
-0.202,-0.78
-0.201,-0.78
-0.2,-0.78
-0.199,-0.78
-0.198,-0.78
-0.197,-0.78
-0.196,-0.78
-0.195,-0.78
-0.194,-0.78
-0.193,-0.78
-0.192,-0.78
-0.191,-0.78
-0.19,-0.78
-0.189,-0.78
-0.188,-0.78
-0.187,-0.78
-0.186,-0.78
-0.185,-0.78
-0.184,-0.78
-0.183,-0.78
-0.182,-0.78
-0.181,-0.78
-0.18,-0.78
-0.179,-0.78
-0.178,-0.78
-0.177,-0.78
-0.176,-0.78
-0.175,-0.78
-0.174,-0.78
-0.173,-0.78
-0.172,-0.78
-0.171,-0.78
-0.17,-0.78
-0.169,-0.78
-0.168,-0.78
-0.167,-0.78
-0.166,-0.78
-0.165,-0.78
-0.164,-0.78
-0.163,-0.78
-0.162,-0.78
-0.161,-0.78
-0.16,-0.78
-0.159,-0.78
-0.158,-0.78
-0.157,-0.78
-0.156,-0.78
-0.155,-0.78
-0.154,-0.78
-0.153,-0.78
-0.152,-0.78
-0.151,-0.78
-0.15,-0.78
-0.149,-0.78
-0.148,-0.78
-0.147,-0.78
-0.146,-0.78
-0.145,-0.78
-0.144,-0.78
-0.143,-0.78
-0.142,-0.78
-0.141,-0.78
-0.14,-0.78
-0.139,-0.78
-0.138,-0.78
-0.137,-0.78
-0.136,-0.78
-0.135,-0.78
-0.134,-0.78
-0.133,-0.78
-0.132,-0.78
-0.131,-0.78
-0.13,-0.78
-0.129,-0.78
-0.128,-0.78
-0.127,-0.78
-0.126,-0.78
-0.125,-0.78
-0.124,-0.78
-0.123,-0.78
-0.122,-0.78
-0.121,-0.78
-0.12,-0.78
-0.119,-0.78
-0.118,-0.78
-0.117,-0.78
-0.116,-0.78
-0.115,-0.78
-0.114,-0.78
-0.113,-0.78
-0.112,-0.78
-0.111,-0.78
-0.11,-0.78
-0.109,-0.78
-0.108,-0.78
-0.107,-0.78
-0.106,-0.78
-0.105,-0.78
-0.104,-0.78
-0.103,-0.78
-0.102,-0.78
-0.101,-0.78
-0.1,-0.78
-0.099,-0.78
-0.098,-0.78
-0.097,-0.78
-0.096,-0.78
-0.095,-0.78
-0.094,-0.78
-0.093,-0.78
-0.092,-0.78
-0.091,-0.78
-0.09,-0.78
-0.089,-0.78
-0.088,-0.78
-0.087,-0.78
-0.086,-0.78
-0.085,-0.78
-0.084,-0.78
-0.083,-0.78
-0.082,-0.78
-0.081,-0.78
-0.08,-0.78
-0.079,-0.78
-0.078,-0.78
-0.077,-0.78
-0.076,-0.78
-0.075,-0.78
-0.074,-0.78
-0.073,-0.78
-0.072,-0.78
-0.071,-0.78
-0.07,-0.78
-0.069,-0.78
-0.068,-0.78
-0.067,-0.78
-0.066,-0.78
-0.065,-0.78
-0.064,-0.78
-0.063,-0.78
-0.062,-0.78
-0.061,-0.78
-0.06,-0.78
-0.059,-0.78
-0.058,-0.78
-0.057,-0.78
-0.056,-0.78
-0.055,-0.78
-0.054,-0.78
-0.053,-0.78
-0.052,-0.78
-0.051,-0.78
-0.05,-0.78
-0.049,-0.78
-0.048,-0.78
-0.047,-0.78
-0.046,-0.78
-0.045,-0.78
-0.044,-0.78
-0.043,-0.78
-0.042,-0.78
-0.041,-0.78
-0.04,-0.78
-0.039,-0.78
-0.038,-0.78
-0.037,-0.78
-0.032,-0.78
-0.03,-0.78
-0.029,-0.78
-0.026,-0.78
-0.025,-0.78
-0.019,-0.78
-0.226,-0.779
-0.224,-0.779
-0.221,-0.779
-0.213,-0.779
-0.212,-0.779
-0.211,-0.779
-0.21,-0.779
-0.209,-0.779
-0.208,-0.779
-0.207,-0.779
-0.206,-0.779
-0.205,-0.779
-0.204,-0.779
-0.203,-0.779
-0.202,-0.779
-0.201,-0.779
-0.2,-0.779
-0.199,-0.779
-0.198,-0.779
-0.197,-0.779
-0.196,-0.779
-0.195,-0.779
-0.194,-0.779
-0.193,-0.779
-0.192,-0.779
-0.191,-0.779
-0.19,-0.779
-0.189,-0.779
-0.188,-0.779
-0.187,-0.779
-0.186,-0.779
-0.185,-0.779
-0.184,-0.779
-0.183,-0.779
-0.182,-0.779
-0.181,-0.779
-0.18,-0.779
-0.179,-0.779
-0.178,-0.779
-0.177,-0.779
-0.176,-0.779
-0.175,-0.779
-0.174,-0.779
-0.173,-0.779
-0.172,-0.779
-0.171,-0.779
-0.17,-0.779
-0.169,-0.779
-0.168,-0.779
-0.167,-0.779
-0.166,-0.779
-0.165,-0.779
-0.164,-0.779
-0.163,-0.779
-0.162,-0.779
-0.161,-0.779
-0.16,-0.779
-0.159,-0.779
-0.158,-0.779
-0.157,-0.779
-0.156,-0.779
-0.155,-0.779
-0.154,-0.779
-0.153,-0.779
-0.152,-0.779
-0.151,-0.779
-0.15,-0.779
-0.149,-0.779
-0.148,-0.779
-0.147,-0.779
-0.146,-0.779
-0.145,-0.779
-0.144,-0.779
-0.143,-0.779
-0.142,-0.779
-0.141,-0.779
-0.14,-0.779
-0.139,-0.779
-0.138,-0.779
-0.137,-0.779
-0.136,-0.779
-0.135,-0.779
-0.134,-0.779
-0.133,-0.779
-0.132,-0.779
-0.131,-0.779
-0.13,-0.779
-0.129,-0.779
-0.128,-0.779
-0.127,-0.779
-0.126,-0.779
-0.125,-0.779
-0.124,-0.779
-0.123,-0.779
-0.122,-0.779
-0.121,-0.779
-0.12,-0.779
-0.119,-0.779
-0.118,-0.779
-0.117,-0.779
-0.116,-0.779
-0.115,-0.779
-0.114,-0.779
-0.113,-0.779
-0.112,-0.779
-0.111,-0.779
-0.11,-0.779
-0.109,-0.779
-0.108,-0.779
-0.107,-0.779
-0.106,-0.779
-0.105,-0.779
-0.104,-0.779
-0.103,-0.779
-0.102,-0.779
-0.101,-0.779
-0.1,-0.779
-0.099,-0.779
-0.098,-0.779
-0.097,-0.779
-0.096,-0.779
-0.095,-0.779
-0.094,-0.779
-0.093,-0.779
-0.092,-0.779
-0.091,-0.779
-0.09,-0.779
-0.089,-0.779
-0.088,-0.779
-0.087,-0.779
-0.086,-0.779
-0.085,-0.779
-0.084,-0.779
-0.083,-0.779
-0.082,-0.779
-0.081,-0.779
-0.08,-0.779
-0.079,-0.779
-0.078,-0.779
-0.077,-0.779
-0.076,-0.779
-0.075,-0.779
-0.074,-0.779
-0.073,-0.779
-0.072,-0.779
-0.071,-0.779
-0.07,-0.779
-0.069,-0.779
-0.068,-0.779
-0.067,-0.779
-0.066,-0.779
-0.065,-0.779
-0.064,-0.779
-0.063,-0.779
-0.062,-0.779
-0.061,-0.779
-0.06,-0.779
-0.059,-0.779
-0.058,-0.779
-0.057,-0.779
-0.056,-0.779
-0.055,-0.779
-0.054,-0.779
-0.053,-0.779
-0.052,-0.779
-0.051,-0.779
-0.05,-0.779
-0.049,-0.779
-0.048,-0.779
-0.047,-0.779
-0.046,-0.779
-0.045,-0.779
-0.044,-0.779
-0.043,-0.779
-0.042,-0.779
-0.041,-0.779
-0.04,-0.779
-0.039,-0.779
-0.038,-0.779
-0.037,-0.779
-0.036,-0.779
-0.031,-0.779
-0.029,-0.779
-0.026,-0.779
-0.019,-0.779
-0.222,-0.778
-0.215,-0.778
-0.214,-0.778
-0.213,-0.778
-0.212,-0.778
-0.211,-0.778
-0.21,-0.778
-0.209,-0.778
-0.208,-0.778
-0.207,-0.778
-0.206,-0.778
-0.205,-0.778
-0.204,-0.778
-0.203,-0.778
-0.202,-0.778
-0.201,-0.778
-0.2,-0.778
-0.199,-0.778
-0.198,-0.778
-0.197,-0.778
-0.196,-0.778
-0.195,-0.778
-0.194,-0.778
-0.193,-0.778
-0.192,-0.778
-0.191,-0.778
-0.19,-0.778
-0.189,-0.778
-0.188,-0.778
-0.187,-0.778
-0.186,-0.778
-0.185,-0.778
-0.184,-0.778
-0.183,-0.778
-0.182,-0.778
-0.181,-0.778
-0.18,-0.778
-0.179,-0.778
-0.178,-0.778
-0.177,-0.778
-0.176,-0.778
-0.175,-0.778
-0.174,-0.778
-0.173,-0.778
-0.172,-0.778
-0.171,-0.778
-0.17,-0.778
-0.169,-0.778
-0.168,-0.778
-0.167,-0.778
-0.166,-0.778
-0.165,-0.778
-0.164,-0.778
-0.163,-0.778
-0.162,-0.778
-0.161,-0.778
-0.16,-0.778
-0.159,-0.778
-0.158,-0.778
-0.157,-0.778
-0.156,-0.778
-0.155,-0.778
-0.154,-0.778
-0.153,-0.778
-0.152,-0.778
-0.151,-0.778
-0.15,-0.778
-0.149,-0.778
-0.148,-0.778
-0.147,-0.778
-0.146,-0.778
-0.145,-0.778
-0.144,-0.778
-0.143,-0.778
-0.142,-0.778
-0.141,-0.778
-0.14,-0.778
-0.139,-0.778
-0.138,-0.778
-0.137,-0.778
-0.136,-0.778
-0.135,-0.778
-0.134,-0.778
-0.133,-0.778
-0.132,-0.778
-0.131,-0.778
-0.13,-0.778
-0.129,-0.778
-0.128,-0.778
-0.127,-0.778
-0.126,-0.778
-0.125,-0.778
-0.124,-0.778
-0.123,-0.778
-0.122,-0.778
-0.121,-0.778
-0.12,-0.778
-0.119,-0.778
-0.118,-0.778
-0.117,-0.778
-0.116,-0.778
-0.115,-0.778
-0.114,-0.778
-0.113,-0.778
-0.112,-0.778
-0.111,-0.778
-0.11,-0.778
-0.109,-0.778
-0.108,-0.778
-0.107,-0.778
-0.106,-0.778
-0.105,-0.778
-0.104,-0.778
-0.103,-0.778
-0.102,-0.778
-0.101,-0.778
-0.1,-0.778
-0.099,-0.778
-0.098,-0.778
-0.097,-0.778
-0.096,-0.778
-0.095,-0.778
-0.094,-0.778
-0.093,-0.778
-0.092,-0.778
-0.091,-0.778
-0.09,-0.778
-0.089,-0.778
-0.088,-0.778
-0.087,-0.778
-0.086,-0.778
-0.085,-0.778
-0.084,-0.778
-0.083,-0.778
-0.082,-0.778
-0.081,-0.778
-0.08,-0.778
-0.079,-0.778
-0.078,-0.778
-0.077,-0.778
-0.076,-0.778
-0.075,-0.778
-0.074,-0.778
-0.073,-0.778
-0.072,-0.778
-0.071,-0.778
-0.07,-0.778
-0.069,-0.778
-0.068,-0.778
-0.067,-0.778
-0.066,-0.778
-0.065,-0.778
-0.064,-0.778
-0.063,-0.778
-0.062,-0.778
-0.061,-0.778
-0.06,-0.778
-0.059,-0.778
-0.058,-0.778
-0.057,-0.778
-0.056,-0.778
-0.055,-0.778
-0.054,-0.778
-0.053,-0.778
-0.052,-0.778
-0.051,-0.778
-0.05,-0.778
-0.049,-0.778
-0.048,-0.778
-0.047,-0.778
-0.046,-0.778
-0.045,-0.778
-0.044,-0.778
-0.043,-0.778
-0.042,-0.778
-0.041,-0.778
-0.04,-0.778
-0.039,-0.778
-0.038,-0.778
-0.037,-0.778
-0.036,-0.778
-0.035,-0.778
-0.021,-0.778
-0.224,-0.777
-0.222,-0.777
-0.22,-0.777
-0.218,-0.777
-0.217,-0.777
-0.216,-0.777
-0.214,-0.777
-0.213,-0.777
-0.212,-0.777
-0.211,-0.777
-0.21,-0.777
-0.209,-0.777
-0.208,-0.777
-0.207,-0.777
-0.206,-0.777
-0.205,-0.777
-0.204,-0.777
-0.203,-0.777
-0.202,-0.777
-0.201,-0.777
-0.2,-0.777
-0.199,-0.777
-0.198,-0.777
-0.197,-0.777
-0.196,-0.777
-0.195,-0.777
-0.194,-0.777
-0.193,-0.777
-0.192,-0.777
-0.191,-0.777
-0.19,-0.777
-0.189,-0.777
-0.188,-0.777
-0.187,-0.777
-0.186,-0.777
-0.185,-0.777
-0.184,-0.777
-0.183,-0.777
-0.182,-0.777
-0.181,-0.777
-0.18,-0.777
-0.179,-0.777
-0.178,-0.777
-0.177,-0.777
-0.176,-0.777
-0.175,-0.777
-0.174,-0.777
-0.173,-0.777
-0.172,-0.777
-0.171,-0.777
-0.17,-0.777
-0.169,-0.777
-0.168,-0.777
-0.167,-0.777
-0.166,-0.777
-0.165,-0.777
-0.164,-0.777
-0.163,-0.777
-0.162,-0.777
-0.161,-0.777
-0.16,-0.777
-0.159,-0.777
-0.158,-0.777
-0.157,-0.777
-0.156,-0.777
-0.155,-0.777
-0.154,-0.777
-0.153,-0.777
-0.152,-0.777
-0.151,-0.777
-0.15,-0.777
-0.149,-0.777
-0.148,-0.777
-0.147,-0.777
-0.146,-0.777
-0.145,-0.777
-0.144,-0.777
-0.143,-0.777
-0.142,-0.777
-0.141,-0.777
-0.14,-0.777
-0.139,-0.777
-0.138,-0.777
-0.137,-0.777
-0.136,-0.777
-0.135,-0.777
-0.134,-0.777
-0.133,-0.777
-0.132,-0.777
-0.131,-0.777
-0.13,-0.777
-0.129,-0.777
-0.128,-0.777
-0.127,-0.777
-0.126,-0.777
-0.125,-0.777
-0.124,-0.777
-0.123,-0.777
-0.122,-0.777
-0.121,-0.777
-0.12,-0.777
-0.119,-0.777
-0.118,-0.777
-0.117,-0.777
-0.116,-0.777
-0.115,-0.777
-0.114,-0.777
-0.113,-0.777
-0.112,-0.777
-0.111,-0.777
-0.11,-0.777
-0.109,-0.777
-0.108,-0.777
-0.107,-0.777
-0.106,-0.777
-0.105,-0.777
-0.104,-0.777
-0.103,-0.777
-0.102,-0.777
-0.101,-0.777
-0.1,-0.777
-0.099,-0.777
-0.098,-0.777
-0.097,-0.777
-0.096,-0.777
-0.095,-0.777
-0.094,-0.777
-0.093,-0.777
-0.092,-0.777
-0.091,-0.777
-0.09,-0.777
-0.089,-0.777
-0.088,-0.777
-0.087,-0.777
-0.086,-0.777
-0.085,-0.777
-0.084,-0.777
-0.083,-0.777
-0.082,-0.777
-0.081,-0.777
-0.08,-0.777
-0.079,-0.777
-0.078,-0.777
-0.077,-0.777
-0.076,-0.777
-0.075,-0.777
-0.074,-0.777
-0.073,-0.777
-0.072,-0.777
-0.071,-0.777
-0.07,-0.777
-0.069,-0.777
-0.068,-0.777
-0.067,-0.777
-0.066,-0.777
-0.065,-0.777
-0.064,-0.777
-0.063,-0.777
-0.062,-0.777
-0.061,-0.777
-0.06,-0.777
-0.059,-0.777
-0.058,-0.777
-0.057,-0.777
-0.056,-0.777
-0.055,-0.777
-0.054,-0.777
-0.053,-0.777
-0.052,-0.777
-0.051,-0.777
-0.05,-0.777
-0.049,-0.777
-0.048,-0.777
-0.047,-0.777
-0.046,-0.777
-0.045,-0.777
-0.044,-0.777
-0.043,-0.777
-0.042,-0.777
-0.041,-0.777
-0.04,-0.777
-0.039,-0.777
-0.038,-0.777
-0.037,-0.777
-0.036,-0.777
-0.034,-0.777
-0.223,-0.776
-0.222,-0.776
-0.218,-0.776
-0.217,-0.776
-0.216,-0.776
-0.214,-0.776
-0.213,-0.776
-0.212,-0.776
-0.211,-0.776
-0.21,-0.776
-0.209,-0.776
-0.208,-0.776
-0.207,-0.776
-0.206,-0.776
-0.205,-0.776
-0.204,-0.776
-0.203,-0.776
-0.202,-0.776
-0.201,-0.776
-0.2,-0.776
-0.199,-0.776
-0.198,-0.776
-0.197,-0.776
-0.196,-0.776
-0.195,-0.776
-0.194,-0.776
-0.193,-0.776
-0.192,-0.776
-0.191,-0.776
-0.19,-0.776
-0.189,-0.776
-0.188,-0.776
-0.187,-0.776
-0.186,-0.776
-0.185,-0.776
-0.184,-0.776
-0.183,-0.776
-0.182,-0.776
-0.181,-0.776
-0.18,-0.776
-0.179,-0.776
-0.178,-0.776
-0.177,-0.776
-0.176,-0.776
-0.175,-0.776
-0.174,-0.776
-0.173,-0.776
-0.172,-0.776
-0.171,-0.776
-0.17,-0.776
-0.169,-0.776
-0.168,-0.776
-0.167,-0.776
-0.166,-0.776
-0.165,-0.776
-0.164,-0.776
-0.163,-0.776
-0.162,-0.776
-0.161,-0.776
-0.16,-0.776
-0.159,-0.776
-0.158,-0.776
-0.157,-0.776
-0.156,-0.776
-0.155,-0.776
-0.154,-0.776
-0.153,-0.776
-0.152,-0.776
-0.151,-0.776
-0.15,-0.776
-0.149,-0.776
-0.148,-0.776
-0.147,-0.776
-0.146,-0.776
-0.145,-0.776
-0.144,-0.776
-0.143,-0.776
-0.142,-0.776
-0.141,-0.776
-0.14,-0.776
-0.139,-0.776
-0.138,-0.776
-0.137,-0.776
-0.136,-0.776
-0.135,-0.776
-0.134,-0.776
-0.133,-0.776
-0.132,-0.776
-0.131,-0.776
-0.13,-0.776
-0.129,-0.776
-0.128,-0.776
-0.127,-0.776
-0.126,-0.776
-0.125,-0.776
-0.124,-0.776
-0.123,-0.776
-0.122,-0.776
-0.121,-0.776
-0.12,-0.776
-0.119,-0.776
-0.118,-0.776
-0.117,-0.776
-0.116,-0.776
-0.115,-0.776
-0.114,-0.776
-0.113,-0.776
-0.112,-0.776
-0.111,-0.776
-0.11,-0.776
-0.109,-0.776
-0.108,-0.776
-0.107,-0.776
-0.106,-0.776
-0.105,-0.776
-0.104,-0.776
-0.103,-0.776
-0.102,-0.776
-0.101,-0.776
-0.1,-0.776
-0.099,-0.776
-0.098,-0.776
-0.097,-0.776
-0.096,-0.776
-0.095,-0.776
-0.094,-0.776
-0.093,-0.776
-0.092,-0.776
-0.091,-0.776
-0.09,-0.776
-0.089,-0.776
-0.088,-0.776
-0.087,-0.776
-0.086,-0.776
-0.085,-0.776
-0.084,-0.776
-0.083,-0.776
-0.082,-0.776
-0.081,-0.776
-0.08,-0.776
-0.079,-0.776
-0.078,-0.776
-0.077,-0.776
-0.076,-0.776
-0.075,-0.776
-0.074,-0.776
-0.073,-0.776
-0.072,-0.776
-0.071,-0.776
-0.07,-0.776
-0.069,-0.776
-0.068,-0.776
-0.067,-0.776
-0.066,-0.776
-0.065,-0.776
-0.064,-0.776
-0.063,-0.776
-0.062,-0.776
-0.061,-0.776
-0.06,-0.776
-0.059,-0.776
-0.058,-0.776
-0.057,-0.776
-0.056,-0.776
-0.055,-0.776
-0.054,-0.776
-0.053,-0.776
-0.052,-0.776
-0.051,-0.776
-0.05,-0.776
-0.049,-0.776
-0.048,-0.776
-0.047,-0.776
-0.046,-0.776
-0.045,-0.776
-0.044,-0.776
-0.043,-0.776
-0.042,-0.776
-0.041,-0.776
-0.04,-0.776
-0.039,-0.776
-0.038,-0.776
-0.037,-0.776
-0.036,-0.776
-0.035,-0.776
-0.25,-0.775
-0.224,-0.775
-0.223,-0.775
-0.222,-0.775
-0.221,-0.775
-0.22,-0.775
-0.219,-0.775
-0.218,-0.775
-0.217,-0.775
-0.216,-0.775
-0.215,-0.775
-0.214,-0.775
-0.213,-0.775
-0.212,-0.775
-0.211,-0.775
-0.21,-0.775
-0.209,-0.775
-0.208,-0.775
-0.207,-0.775
-0.206,-0.775
-0.205,-0.775
-0.204,-0.775
-0.203,-0.775
-0.202,-0.775
-0.201,-0.775
-0.2,-0.775
-0.199,-0.775
-0.198,-0.775
-0.197,-0.775
-0.196,-0.775
-0.195,-0.775
-0.194,-0.775
-0.193,-0.775
-0.192,-0.775
-0.191,-0.775
-0.19,-0.775
-0.189,-0.775
-0.188,-0.775
-0.187,-0.775
-0.186,-0.775
-0.185,-0.775
-0.184,-0.775
-0.183,-0.775
-0.182,-0.775
-0.181,-0.775
-0.18,-0.775
-0.179,-0.775
-0.178,-0.775
-0.177,-0.775
-0.176,-0.775
-0.175,-0.775
-0.174,-0.775
-0.173,-0.775
-0.172,-0.775
-0.171,-0.775
-0.17,-0.775
-0.169,-0.775
-0.168,-0.775
-0.167,-0.775
-0.166,-0.775
-0.165,-0.775
-0.164,-0.775
-0.163,-0.775
-0.162,-0.775
-0.161,-0.775
-0.16,-0.775
-0.159,-0.775
-0.158,-0.775
-0.157,-0.775
-0.156,-0.775
-0.155,-0.775
-0.154,-0.775
-0.153,-0.775
-0.152,-0.775
-0.151,-0.775
-0.15,-0.775
-0.149,-0.775
-0.148,-0.775
-0.147,-0.775
-0.146,-0.775
-0.145,-0.775
-0.144,-0.775
-0.143,-0.775
-0.142,-0.775
-0.141,-0.775
-0.14,-0.775
-0.139,-0.775
-0.138,-0.775
-0.137,-0.775
-0.136,-0.775
-0.135,-0.775
-0.134,-0.775
-0.133,-0.775
-0.132,-0.775
-0.131,-0.775
-0.13,-0.775
-0.129,-0.775
-0.128,-0.775
-0.127,-0.775
-0.126,-0.775
-0.125,-0.775
-0.124,-0.775
-0.123,-0.775
-0.122,-0.775
-0.121,-0.775
-0.12,-0.775
-0.119,-0.775
-0.118,-0.775
-0.117,-0.775
-0.116,-0.775
-0.115,-0.775
-0.114,-0.775
-0.113,-0.775
-0.112,-0.775
-0.111,-0.775
-0.11,-0.775
-0.109,-0.775
-0.108,-0.775
-0.107,-0.775
-0.106,-0.775
-0.105,-0.775
-0.104,-0.775
-0.103,-0.775
-0.102,-0.775
-0.101,-0.775
-0.1,-0.775
-0.099,-0.775
-0.098,-0.775
-0.097,-0.775
-0.096,-0.775
-0.095,-0.775
-0.094,-0.775
-0.093,-0.775
-0.092,-0.775
-0.091,-0.775
-0.09,-0.775
-0.089,-0.775
-0.088,-0.775
-0.087,-0.775
-0.086,-0.775
-0.085,-0.775
-0.084,-0.775
-0.083,-0.775
-0.082,-0.775
-0.081,-0.775
-0.08,-0.775
-0.079,-0.775
-0.078,-0.775
-0.077,-0.775
-0.076,-0.775
-0.075,-0.775
-0.074,-0.775
-0.073,-0.775
-0.072,-0.775
-0.071,-0.775
-0.07,-0.775
-0.069,-0.775
-0.068,-0.775
-0.067,-0.775
-0.066,-0.775
-0.065,-0.775
-0.064,-0.775
-0.063,-0.775
-0.062,-0.775
-0.061,-0.775
-0.06,-0.775
-0.059,-0.775
-0.058,-0.775
-0.057,-0.775
-0.056,-0.775
-0.055,-0.775
-0.054,-0.775
-0.053,-0.775
-0.052,-0.775
-0.051,-0.775
-0.05,-0.775
-0.049,-0.775
-0.048,-0.775
-0.047,-0.775
-0.046,-0.775
-0.045,-0.775
-0.044,-0.775
-0.043,-0.775
-0.042,-0.775
-0.041,-0.775
-0.04,-0.775
-0.039,-0.775
-0.038,-0.775
-0.037,-0.775
-0.036,-0.775
-0.035,-0.775
-0.033,-0.775
-0.032,-0.775
-0.226,-0.774
-0.225,-0.774
-0.224,-0.774
-0.223,-0.774
-0.222,-0.774
-0.221,-0.774
-0.22,-0.774
-0.219,-0.774
-0.218,-0.774
-0.217,-0.774
-0.216,-0.774
-0.215,-0.774
-0.214,-0.774
-0.213,-0.774
-0.212,-0.774
-0.211,-0.774
-0.21,-0.774
-0.209,-0.774
-0.208,-0.774
-0.207,-0.774
-0.206,-0.774
-0.205,-0.774
-0.204,-0.774
-0.203,-0.774
-0.202,-0.774
-0.201,-0.774
-0.2,-0.774
-0.199,-0.774
-0.198,-0.774
-0.197,-0.774
-0.196,-0.774
-0.195,-0.774
-0.194,-0.774
-0.193,-0.774
-0.192,-0.774
-0.191,-0.774
-0.19,-0.774
-0.189,-0.774
-0.188,-0.774
-0.187,-0.774
-0.186,-0.774
-0.185,-0.774
-0.184,-0.774
-0.183,-0.774
-0.182,-0.774
-0.181,-0.774
-0.18,-0.774
-0.179,-0.774
-0.178,-0.774
-0.177,-0.774
-0.176,-0.774
-0.175,-0.774
-0.174,-0.774
-0.173,-0.774
-0.172,-0.774
-0.171,-0.774
-0.17,-0.774
-0.169,-0.774
-0.168,-0.774
-0.167,-0.774
-0.166,-0.774
-0.165,-0.774
-0.164,-0.774
-0.163,-0.774
-0.162,-0.774
-0.161,-0.774
-0.16,-0.774
-0.159,-0.774
-0.158,-0.774
-0.157,-0.774
-0.156,-0.774
-0.155,-0.774
-0.154,-0.774
-0.153,-0.774
-0.152,-0.774
-0.151,-0.774
-0.15,-0.774
-0.149,-0.774
-0.148,-0.774
-0.147,-0.774
-0.146,-0.774
-0.145,-0.774
-0.144,-0.774
-0.143,-0.774
-0.142,-0.774
-0.141,-0.774
-0.14,-0.774
-0.139,-0.774
-0.138,-0.774
-0.137,-0.774
-0.136,-0.774
-0.135,-0.774
-0.134,-0.774
-0.133,-0.774
-0.132,-0.774
-0.131,-0.774
-0.13,-0.774
-0.129,-0.774
-0.128,-0.774
-0.127,-0.774
-0.126,-0.774
-0.125,-0.774
-0.124,-0.774
-0.123,-0.774
-0.122,-0.774
-0.121,-0.774
-0.12,-0.774
-0.119,-0.774
-0.118,-0.774
-0.117,-0.774
-0.116,-0.774
-0.115,-0.774
-0.114,-0.774
-0.113,-0.774
-0.112,-0.774
-0.111,-0.774
-0.11,-0.774
-0.109,-0.774
-0.108,-0.774
-0.107,-0.774
-0.106,-0.774
-0.105,-0.774
-0.104,-0.774
-0.103,-0.774
-0.102,-0.774
-0.101,-0.774
-0.1,-0.774
-0.099,-0.774
-0.098,-0.774
-0.097,-0.774
-0.096,-0.774
-0.095,-0.774
-0.094,-0.774
-0.093,-0.774
-0.092,-0.774
-0.091,-0.774
-0.09,-0.774
-0.089,-0.774
-0.088,-0.774
-0.087,-0.774
-0.086,-0.774
-0.085,-0.774
-0.084,-0.774
-0.083,-0.774
-0.082,-0.774
-0.081,-0.774
-0.08,-0.774
-0.079,-0.774
-0.078,-0.774
-0.077,-0.774
-0.076,-0.774
-0.075,-0.774
-0.074,-0.774
-0.073,-0.774
-0.072,-0.774
-0.071,-0.774
-0.07,-0.774
-0.069,-0.774
-0.068,-0.774
-0.067,-0.774
-0.066,-0.774
-0.065,-0.774
-0.064,-0.774
-0.063,-0.774
-0.062,-0.774
-0.061,-0.774
-0.06,-0.774
-0.059,-0.774
-0.058,-0.774
-0.057,-0.774
-0.056,-0.774
-0.055,-0.774
-0.054,-0.774
-0.053,-0.774
-0.052,-0.774
-0.051,-0.774
-0.05,-0.774
-0.049,-0.774
-0.048,-0.774
-0.047,-0.774
-0.046,-0.774
-0.045,-0.774
-0.044,-0.774
-0.043,-0.774
-0.042,-0.774
-0.041,-0.774
-0.04,-0.774
-0.039,-0.774
-0.038,-0.774
-0.037,-0.774
-0.036,-0.774
-0.035,-0.774
-0.034,-0.774
-0.033,-0.774
-0.032,-0.774
-0.221,-0.773
-0.22,-0.773
-0.219,-0.773
-0.218,-0.773
-0.217,-0.773
-0.216,-0.773
-0.215,-0.773
-0.214,-0.773
-0.213,-0.773
-0.212,-0.773
-0.211,-0.773
-0.21,-0.773
-0.209,-0.773
-0.208,-0.773
-0.207,-0.773
-0.206,-0.773
-0.205,-0.773
-0.204,-0.773
-0.203,-0.773
-0.202,-0.773
-0.201,-0.773
-0.2,-0.773
-0.199,-0.773
-0.198,-0.773
-0.197,-0.773
-0.196,-0.773
-0.195,-0.773
-0.194,-0.773
-0.193,-0.773
-0.192,-0.773
-0.191,-0.773
-0.19,-0.773
-0.189,-0.773
-0.188,-0.773
-0.187,-0.773
-0.186,-0.773
-0.185,-0.773
-0.184,-0.773
-0.183,-0.773
-0.182,-0.773
-0.181,-0.773
-0.18,-0.773
-0.179,-0.773
-0.178,-0.773
-0.177,-0.773
-0.176,-0.773
-0.175,-0.773
-0.174,-0.773
-0.173,-0.773
-0.172,-0.773
-0.171,-0.773
-0.17,-0.773
-0.169,-0.773
-0.168,-0.773
-0.167,-0.773
-0.166,-0.773
-0.165,-0.773
-0.164,-0.773
-0.163,-0.773
-0.162,-0.773
-0.161,-0.773
-0.16,-0.773
-0.159,-0.773
-0.158,-0.773
-0.157,-0.773
-0.156,-0.773
-0.155,-0.773
-0.154,-0.773
-0.153,-0.773
-0.152,-0.773
-0.151,-0.773
-0.15,-0.773
-0.149,-0.773
-0.148,-0.773
-0.147,-0.773
-0.146,-0.773
-0.145,-0.773
-0.144,-0.773
-0.143,-0.773
-0.142,-0.773
-0.141,-0.773
-0.14,-0.773
-0.139,-0.773
-0.138,-0.773
-0.137,-0.773
-0.136,-0.773
-0.135,-0.773
-0.134,-0.773
-0.133,-0.773
-0.132,-0.773
-0.131,-0.773
-0.13,-0.773
-0.129,-0.773
-0.128,-0.773
-0.127,-0.773
-0.126,-0.773
-0.125,-0.773
-0.124,-0.773
-0.123,-0.773
-0.122,-0.773
-0.121,-0.773
-0.12,-0.773
-0.119,-0.773
-0.118,-0.773
-0.117,-0.773
-0.116,-0.773
-0.115,-0.773
-0.114,-0.773
-0.113,-0.773
-0.112,-0.773
-0.111,-0.773
-0.11,-0.773
-0.109,-0.773
-0.108,-0.773
-0.107,-0.773
-0.106,-0.773
-0.105,-0.773
-0.104,-0.773
-0.103,-0.773
-0.102,-0.773
-0.101,-0.773
-0.1,-0.773
-0.099,-0.773
-0.098,-0.773
-0.097,-0.773
-0.096,-0.773
-0.095,-0.773
-0.094,-0.773
-0.093,-0.773
-0.092,-0.773
-0.091,-0.773
-0.09,-0.773
-0.089,-0.773
-0.088,-0.773
-0.087,-0.773
-0.086,-0.773
-0.085,-0.773
-0.084,-0.773
-0.083,-0.773
-0.082,-0.773
-0.081,-0.773
-0.08,-0.773
-0.079,-0.773
-0.078,-0.773
-0.077,-0.773
-0.076,-0.773
-0.075,-0.773
-0.074,-0.773
-0.073,-0.773
-0.072,-0.773
-0.071,-0.773
-0.07,-0.773
-0.069,-0.773
-0.068,-0.773
-0.067,-0.773
-0.066,-0.773
-0.065,-0.773
-0.064,-0.773
-0.063,-0.773
-0.062,-0.773
-0.061,-0.773
-0.06,-0.773
-0.059,-0.773
-0.058,-0.773
-0.057,-0.773
-0.056,-0.773
-0.055,-0.773
-0.054,-0.773
-0.053,-0.773
-0.052,-0.773
-0.051,-0.773
-0.05,-0.773
-0.049,-0.773
-0.048,-0.773
-0.047,-0.773
-0.046,-0.773
-0.045,-0.773
-0.044,-0.773
-0.043,-0.773
-0.042,-0.773
-0.041,-0.773
-0.04,-0.773
-0.039,-0.773
-0.038,-0.773
-0.037,-0.773
-0.036,-0.773
-0.035,-0.773
-0.034,-0.773
-0.219,-0.772
-0.218,-0.772
-0.217,-0.772
-0.216,-0.772
-0.215,-0.772
-0.214,-0.772
-0.213,-0.772
-0.212,-0.772
-0.211,-0.772
-0.21,-0.772
-0.209,-0.772
-0.208,-0.772
-0.207,-0.772
-0.206,-0.772
-0.205,-0.772
-0.204,-0.772
-0.203,-0.772
-0.202,-0.772
-0.201,-0.772
-0.2,-0.772
-0.199,-0.772
-0.198,-0.772
-0.197,-0.772
-0.196,-0.772
-0.195,-0.772
-0.194,-0.772
-0.193,-0.772
-0.192,-0.772
-0.191,-0.772
-0.19,-0.772
-0.189,-0.772
-0.188,-0.772
-0.187,-0.772
-0.186,-0.772
-0.185,-0.772
-0.184,-0.772
-0.183,-0.772
-0.182,-0.772
-0.181,-0.772
-0.18,-0.772
-0.179,-0.772
-0.178,-0.772
-0.177,-0.772
-0.176,-0.772
-0.175,-0.772
-0.174,-0.772
-0.173,-0.772
-0.172,-0.772
-0.171,-0.772
-0.17,-0.772
-0.169,-0.772
-0.168,-0.772
-0.167,-0.772
-0.166,-0.772
-0.165,-0.772
-0.164,-0.772
-0.163,-0.772
-0.162,-0.772
-0.161,-0.772
-0.16,-0.772
-0.159,-0.772
-0.158,-0.772
-0.157,-0.772
-0.156,-0.772
-0.155,-0.772
-0.154,-0.772
-0.153,-0.772
-0.152,-0.772
-0.151,-0.772
-0.15,-0.772
-0.149,-0.772
-0.148,-0.772
-0.147,-0.772
-0.146,-0.772
-0.145,-0.772
-0.144,-0.772
-0.143,-0.772
-0.142,-0.772
-0.141,-0.772
-0.14,-0.772
-0.139,-0.772
-0.138,-0.772
-0.137,-0.772
-0.136,-0.772
-0.135,-0.772
-0.134,-0.772
-0.133,-0.772
-0.132,-0.772
-0.131,-0.772
-0.13,-0.772
-0.129,-0.772
-0.128,-0.772
-0.127,-0.772
-0.126,-0.772
-0.125,-0.772
-0.124,-0.772
-0.123,-0.772
-0.122,-0.772
-0.121,-0.772
-0.12,-0.772
-0.119,-0.772
-0.118,-0.772
-0.117,-0.772
-0.116,-0.772
-0.115,-0.772
-0.114,-0.772
-0.113,-0.772
-0.112,-0.772
-0.111,-0.772
-0.11,-0.772
-0.109,-0.772
-0.108,-0.772
-0.107,-0.772
-0.106,-0.772
-0.105,-0.772
-0.104,-0.772
-0.103,-0.772
-0.102,-0.772
-0.101,-0.772
-0.1,-0.772
-0.099,-0.772
-0.098,-0.772
-0.097,-0.772
-0.096,-0.772
-0.095,-0.772
-0.094,-0.772
-0.093,-0.772
-0.092,-0.772
-0.091,-0.772
-0.09,-0.772
-0.089,-0.772
-0.088,-0.772
-0.087,-0.772
-0.086,-0.772
-0.085,-0.772
-0.084,-0.772
-0.083,-0.772
-0.082,-0.772
-0.081,-0.772
-0.08,-0.772
-0.079,-0.772
-0.078,-0.772
-0.077,-0.772
-0.076,-0.772
-0.075,-0.772
-0.074,-0.772
-0.073,-0.772
-0.072,-0.772
-0.071,-0.772
-0.07,-0.772
-0.069,-0.772
-0.068,-0.772
-0.067,-0.772
-0.066,-0.772
-0.065,-0.772
-0.064,-0.772
-0.063,-0.772
-0.062,-0.772
-0.061,-0.772
-0.06,-0.772
-0.059,-0.772
-0.058,-0.772
-0.057,-0.772
-0.056,-0.772
-0.055,-0.772
-0.054,-0.772
-0.053,-0.772
-0.052,-0.772
-0.051,-0.772
-0.05,-0.772
-0.049,-0.772
-0.048,-0.772
-0.047,-0.772
-0.046,-0.772
-0.045,-0.772
-0.044,-0.772
-0.043,-0.772
-0.042,-0.772
-0.041,-0.772
-0.04,-0.772
-0.039,-0.772
-0.038,-0.772
-0.037,-0.772
-0.036,-0.772
-0.035,-0.772
-0.034,-0.772
-0.033,-0.772
-0.03,-0.772
-0.028,-0.772
-0.223,-0.771
-0.22,-0.771
-0.219,-0.771
-0.218,-0.771
-0.217,-0.771
-0.216,-0.771
-0.215,-0.771
-0.214,-0.771
-0.213,-0.771
-0.212,-0.771
-0.211,-0.771
-0.21,-0.771
-0.209,-0.771
-0.208,-0.771
-0.207,-0.771
-0.206,-0.771
-0.205,-0.771
-0.204,-0.771
-0.203,-0.771
-0.202,-0.771
-0.201,-0.771
-0.2,-0.771
-0.199,-0.771
-0.198,-0.771
-0.197,-0.771
-0.196,-0.771
-0.195,-0.771
-0.194,-0.771
-0.193,-0.771
-0.192,-0.771
-0.191,-0.771
-0.19,-0.771
-0.189,-0.771
-0.188,-0.771
-0.187,-0.771
-0.186,-0.771
-0.185,-0.771
-0.184,-0.771
-0.183,-0.771
-0.182,-0.771
-0.181,-0.771
-0.18,-0.771
-0.179,-0.771
-0.178,-0.771
-0.177,-0.771
-0.176,-0.771
-0.175,-0.771
-0.174,-0.771
-0.173,-0.771
-0.172,-0.771
-0.171,-0.771
-0.17,-0.771
-0.169,-0.771
-0.168,-0.771
-0.167,-0.771
-0.166,-0.771
-0.165,-0.771
-0.164,-0.771
-0.163,-0.771
-0.162,-0.771
-0.161,-0.771
-0.16,-0.771
-0.159,-0.771
-0.158,-0.771
-0.157,-0.771
-0.156,-0.771
-0.155,-0.771
-0.154,-0.771
-0.153,-0.771
-0.152,-0.771
-0.151,-0.771
-0.15,-0.771
-0.149,-0.771
-0.148,-0.771
-0.147,-0.771
-0.146,-0.771
-0.145,-0.771
-0.144,-0.771
-0.143,-0.771
-0.142,-0.771
-0.141,-0.771
-0.14,-0.771
-0.139,-0.771
-0.138,-0.771
-0.137,-0.771
-0.136,-0.771
-0.135,-0.771
-0.134,-0.771
-0.133,-0.771
-0.132,-0.771
-0.131,-0.771
-0.13,-0.771
-0.129,-0.771
-0.128,-0.771
-0.127,-0.771
-0.126,-0.771
-0.125,-0.771
-0.124,-0.771
-0.123,-0.771
-0.122,-0.771
-0.121,-0.771
-0.12,-0.771
-0.119,-0.771
-0.118,-0.771
-0.117,-0.771
-0.116,-0.771
-0.115,-0.771
-0.114,-0.771
-0.113,-0.771
-0.112,-0.771
-0.111,-0.771
-0.11,-0.771
-0.109,-0.771
-0.108,-0.771
-0.107,-0.771
-0.106,-0.771
-0.105,-0.771
-0.104,-0.771
-0.103,-0.771
-0.102,-0.771
-0.101,-0.771
-0.1,-0.771
-0.099,-0.771
-0.098,-0.771
-0.097,-0.771
-0.096,-0.771
-0.095,-0.771
-0.094,-0.771
-0.093,-0.771
-0.092,-0.771
-0.091,-0.771
-0.09,-0.771
-0.089,-0.771
-0.088,-0.771
-0.087,-0.771
-0.086,-0.771
-0.085,-0.771
-0.084,-0.771
-0.083,-0.771
-0.082,-0.771
-0.081,-0.771
-0.08,-0.771
-0.079,-0.771
-0.078,-0.771
-0.077,-0.771
-0.076,-0.771
-0.075,-0.771
-0.074,-0.771
-0.073,-0.771
-0.072,-0.771
-0.071,-0.771
-0.07,-0.771
-0.069,-0.771
-0.068,-0.771
-0.067,-0.771
-0.066,-0.771
-0.065,-0.771
-0.064,-0.771
-0.063,-0.771
-0.062,-0.771
-0.061,-0.771
-0.06,-0.771
-0.059,-0.771
-0.058,-0.771
-0.057,-0.771
-0.056,-0.771
-0.055,-0.771
-0.054,-0.771
-0.053,-0.771
-0.052,-0.771
-0.051,-0.771
-0.05,-0.771
-0.049,-0.771
-0.048,-0.771
-0.047,-0.771
-0.046,-0.771
-0.045,-0.771
-0.044,-0.771
-0.043,-0.771
-0.042,-0.771
-0.041,-0.771
-0.04,-0.771
-0.039,-0.771
-0.038,-0.771
-0.037,-0.771
-0.036,-0.771
-0.035,-0.771
-0.034,-0.771
-0.033,-0.771
-0.032,-0.771
-0.031,-0.771
-0.03,-0.771
-0.029,-0.771
-0.219,-0.77
-0.216,-0.77
-0.215,-0.77
-0.214,-0.77
-0.213,-0.77
-0.212,-0.77
-0.211,-0.77
-0.21,-0.77
-0.209,-0.77
-0.208,-0.77
-0.207,-0.77
-0.206,-0.77
-0.205,-0.77
-0.204,-0.77
-0.203,-0.77
-0.202,-0.77
-0.201,-0.77
-0.2,-0.77
-0.199,-0.77
-0.198,-0.77
-0.197,-0.77
-0.196,-0.77
-0.195,-0.77
-0.194,-0.77
-0.193,-0.77
-0.192,-0.77
-0.191,-0.77
-0.19,-0.77
-0.189,-0.77
-0.188,-0.77
-0.187,-0.77
-0.186,-0.77
-0.185,-0.77
-0.184,-0.77
-0.183,-0.77
-0.182,-0.77
-0.181,-0.77
-0.18,-0.77
-0.179,-0.77
-0.178,-0.77
-0.177,-0.77
-0.176,-0.77
-0.175,-0.77
-0.174,-0.77
-0.173,-0.77
-0.172,-0.77
-0.171,-0.77
-0.17,-0.77
-0.169,-0.77
-0.168,-0.77
-0.167,-0.77
-0.166,-0.77
-0.165,-0.77
-0.164,-0.77
-0.163,-0.77
-0.162,-0.77
-0.161,-0.77
-0.16,-0.77
-0.159,-0.77
-0.158,-0.77
-0.157,-0.77
-0.156,-0.77
-0.155,-0.77
-0.154,-0.77
-0.153,-0.77
-0.152,-0.77
-0.151,-0.77
-0.15,-0.77
-0.149,-0.77
-0.148,-0.77
-0.147,-0.77
-0.146,-0.77
-0.145,-0.77
-0.144,-0.77
-0.143,-0.77
-0.142,-0.77
-0.141,-0.77
-0.14,-0.77
-0.139,-0.77
-0.138,-0.77
-0.137,-0.77
-0.136,-0.77
-0.135,-0.77
-0.134,-0.77
-0.133,-0.77
-0.132,-0.77
-0.131,-0.77
-0.13,-0.77
-0.129,-0.77
-0.128,-0.77
-0.127,-0.77
-0.126,-0.77
-0.125,-0.77
-0.124,-0.77
-0.123,-0.77
-0.122,-0.77
-0.121,-0.77
-0.12,-0.77
-0.119,-0.77
-0.118,-0.77
-0.117,-0.77
-0.116,-0.77
-0.115,-0.77
-0.114,-0.77
-0.113,-0.77
-0.112,-0.77
-0.111,-0.77
-0.11,-0.77
-0.109,-0.77
-0.108,-0.77
-0.107,-0.77
-0.106,-0.77
-0.105,-0.77
-0.104,-0.77
-0.103,-0.77
-0.102,-0.77
-0.101,-0.77
-0.1,-0.77
-0.099,-0.77
-0.098,-0.77
-0.097,-0.77
-0.096,-0.77
-0.095,-0.77
-0.094,-0.77
-0.093,-0.77
-0.092,-0.77
-0.091,-0.77
-0.09,-0.77
-0.089,-0.77
-0.088,-0.77
-0.087,-0.77
-0.086,-0.77
-0.085,-0.77
-0.084,-0.77
-0.083,-0.77
-0.082,-0.77
-0.081,-0.77
-0.08,-0.77
-0.079,-0.77
-0.078,-0.77
-0.077,-0.77
-0.076,-0.77
-0.075,-0.77
-0.074,-0.77
-0.073,-0.77
-0.072,-0.77
-0.071,-0.77
-0.07,-0.77
-0.069,-0.77
-0.068,-0.77
-0.067,-0.77
-0.066,-0.77
-0.065,-0.77
-0.064,-0.77
-0.063,-0.77
-0.062,-0.77
-0.061,-0.77
-0.06,-0.77
-0.059,-0.77
-0.058,-0.77
-0.057,-0.77
-0.056,-0.77
-0.055,-0.77
-0.054,-0.77
-0.053,-0.77
-0.052,-0.77
-0.051,-0.77
-0.05,-0.77
-0.049,-0.77
-0.048,-0.77
-0.047,-0.77
-0.046,-0.77
-0.045,-0.77
-0.044,-0.77
-0.043,-0.77
-0.042,-0.77
-0.041,-0.77
-0.04,-0.77
-0.039,-0.77
-0.038,-0.77
-0.037,-0.77
-0.036,-0.77
-0.035,-0.77
-0.034,-0.77
-0.033,-0.77
-0.032,-0.77
-0.031,-0.77
-0.03,-0.77
-0.018,-0.77
-0.254,-0.769
-0.216,-0.769
-0.215,-0.769
-0.214,-0.769
-0.213,-0.769
-0.212,-0.769
-0.211,-0.769
-0.21,-0.769
-0.209,-0.769
-0.208,-0.769
-0.207,-0.769
-0.206,-0.769
-0.205,-0.769
-0.204,-0.769
-0.203,-0.769
-0.202,-0.769
-0.201,-0.769
-0.2,-0.769
-0.199,-0.769
-0.198,-0.769
-0.197,-0.769
-0.196,-0.769
-0.195,-0.769
-0.194,-0.769
-0.193,-0.769
-0.192,-0.769
-0.191,-0.769
-0.19,-0.769
-0.189,-0.769
-0.188,-0.769
-0.187,-0.769
-0.186,-0.769
-0.185,-0.769
-0.184,-0.769
-0.183,-0.769
-0.182,-0.769
-0.181,-0.769
-0.18,-0.769
-0.179,-0.769
-0.178,-0.769
-0.177,-0.769
-0.176,-0.769
-0.175,-0.769
-0.174,-0.769
-0.173,-0.769
-0.172,-0.769
-0.171,-0.769
-0.17,-0.769
-0.169,-0.769
-0.168,-0.769
-0.167,-0.769
-0.166,-0.769
-0.165,-0.769
-0.164,-0.769
-0.163,-0.769
-0.162,-0.769
-0.161,-0.769
-0.16,-0.769
-0.159,-0.769
-0.158,-0.769
-0.157,-0.769
-0.156,-0.769
-0.155,-0.769
-0.154,-0.769
-0.153,-0.769
-0.152,-0.769
-0.151,-0.769
-0.15,-0.769
-0.149,-0.769
-0.148,-0.769
-0.147,-0.769
-0.146,-0.769
-0.145,-0.769
-0.144,-0.769
-0.143,-0.769
-0.142,-0.769
-0.141,-0.769
-0.14,-0.769
-0.139,-0.769
-0.138,-0.769
-0.137,-0.769
-0.136,-0.769
-0.135,-0.769
-0.134,-0.769
-0.133,-0.769
-0.132,-0.769
-0.131,-0.769
-0.13,-0.769
-0.129,-0.769
-0.128,-0.769
-0.127,-0.769
-0.126,-0.769
-0.125,-0.769
-0.124,-0.769
-0.123,-0.769
-0.122,-0.769
-0.121,-0.769
-0.12,-0.769
-0.119,-0.769
-0.118,-0.769
-0.117,-0.769
-0.116,-0.769
-0.115,-0.769
-0.114,-0.769
-0.113,-0.769
-0.112,-0.769
-0.111,-0.769
-0.11,-0.769
-0.109,-0.769
-0.108,-0.769
-0.107,-0.769
-0.106,-0.769
-0.105,-0.769
-0.104,-0.769
-0.103,-0.769
-0.102,-0.769
-0.101,-0.769
-0.1,-0.769
-0.099,-0.769
-0.098,-0.769
-0.097,-0.769
-0.096,-0.769
-0.095,-0.769
-0.094,-0.769
-0.093,-0.769
-0.092,-0.769
-0.091,-0.769
-0.09,-0.769
-0.089,-0.769
-0.088,-0.769
-0.087,-0.769
-0.086,-0.769
-0.085,-0.769
-0.084,-0.769
-0.083,-0.769
-0.082,-0.769
-0.081,-0.769
-0.08,-0.769
-0.079,-0.769
-0.078,-0.769
-0.077,-0.769
-0.076,-0.769
-0.075,-0.769
-0.074,-0.769
-0.073,-0.769
-0.072,-0.769
-0.071,-0.769
-0.07,-0.769
-0.069,-0.769
-0.068,-0.769
-0.067,-0.769
-0.066,-0.769
-0.065,-0.769
-0.064,-0.769
-0.063,-0.769
-0.062,-0.769
-0.061,-0.769
-0.06,-0.769
-0.059,-0.769
-0.058,-0.769
-0.057,-0.769
-0.056,-0.769
-0.055,-0.769
-0.054,-0.769
-0.053,-0.769
-0.052,-0.769
-0.051,-0.769
-0.05,-0.769
-0.049,-0.769
-0.048,-0.769
-0.047,-0.769
-0.046,-0.769
-0.045,-0.769
-0.044,-0.769
-0.043,-0.769
-0.042,-0.769
-0.041,-0.769
-0.04,-0.769
-0.039,-0.769
-0.038,-0.769
-0.037,-0.769
-0.036,-0.769
-0.035,-0.769
-0.034,-0.769
-0.033,-0.769
-0.032,-0.769
-0.03,-0.769
-0.219,-0.768
-0.218,-0.768
-0.217,-0.768
-0.216,-0.768
-0.215,-0.768
-0.214,-0.768
-0.213,-0.768
-0.212,-0.768
-0.211,-0.768
-0.21,-0.768
-0.209,-0.768
-0.208,-0.768
-0.207,-0.768
-0.206,-0.768
-0.205,-0.768
-0.204,-0.768
-0.203,-0.768
-0.202,-0.768
-0.201,-0.768
-0.2,-0.768
-0.199,-0.768
-0.198,-0.768
-0.197,-0.768
-0.196,-0.768
-0.195,-0.768
-0.194,-0.768
-0.193,-0.768
-0.192,-0.768
-0.191,-0.768
-0.19,-0.768
-0.189,-0.768
-0.188,-0.768
-0.187,-0.768
-0.186,-0.768
-0.185,-0.768
-0.184,-0.768
-0.183,-0.768
-0.182,-0.768
-0.181,-0.768
-0.18,-0.768
-0.179,-0.768
-0.178,-0.768
-0.177,-0.768
-0.176,-0.768
-0.175,-0.768
-0.174,-0.768
-0.173,-0.768
-0.172,-0.768
-0.171,-0.768
-0.17,-0.768
-0.169,-0.768
-0.168,-0.768
-0.167,-0.768
-0.166,-0.768
-0.165,-0.768
-0.164,-0.768
-0.163,-0.768
-0.162,-0.768
-0.161,-0.768
-0.16,-0.768
-0.159,-0.768
-0.158,-0.768
-0.157,-0.768
-0.156,-0.768
-0.155,-0.768
-0.154,-0.768
-0.153,-0.768
-0.152,-0.768
-0.151,-0.768
-0.15,-0.768
-0.149,-0.768
-0.148,-0.768
-0.147,-0.768
-0.146,-0.768
-0.145,-0.768
-0.144,-0.768
-0.143,-0.768
-0.142,-0.768
-0.141,-0.768
-0.14,-0.768
-0.139,-0.768
-0.138,-0.768
-0.137,-0.768
-0.136,-0.768
-0.135,-0.768
-0.134,-0.768
-0.133,-0.768
-0.132,-0.768
-0.131,-0.768
-0.13,-0.768
-0.129,-0.768
-0.128,-0.768
-0.127,-0.768
-0.126,-0.768
-0.125,-0.768
-0.124,-0.768
-0.123,-0.768
-0.122,-0.768
-0.121,-0.768
-0.12,-0.768
-0.119,-0.768
-0.118,-0.768
-0.117,-0.768
-0.116,-0.768
-0.115,-0.768
-0.114,-0.768
-0.113,-0.768
-0.112,-0.768
-0.111,-0.768
-0.11,-0.768
-0.109,-0.768
-0.108,-0.768
-0.107,-0.768
-0.106,-0.768
-0.105,-0.768
-0.104,-0.768
-0.103,-0.768
-0.102,-0.768
-0.101,-0.768
-0.1,-0.768
-0.099,-0.768
-0.098,-0.768
-0.097,-0.768
-0.096,-0.768
-0.095,-0.768
-0.094,-0.768
-0.093,-0.768
-0.092,-0.768
-0.091,-0.768
-0.09,-0.768
-0.089,-0.768
-0.088,-0.768
-0.087,-0.768
-0.086,-0.768
-0.085,-0.768
-0.084,-0.768
-0.083,-0.768
-0.082,-0.768
-0.081,-0.768
-0.08,-0.768
-0.079,-0.768
-0.078,-0.768
-0.077,-0.768
-0.076,-0.768
-0.075,-0.768
-0.074,-0.768
-0.073,-0.768
-0.072,-0.768
-0.071,-0.768
-0.07,-0.768
-0.069,-0.768
-0.068,-0.768
-0.067,-0.768
-0.066,-0.768
-0.065,-0.768
-0.064,-0.768
-0.063,-0.768
-0.062,-0.768
-0.061,-0.768
-0.06,-0.768
-0.059,-0.768
-0.058,-0.768
-0.057,-0.768
-0.056,-0.768
-0.055,-0.768
-0.054,-0.768
-0.053,-0.768
-0.052,-0.768
-0.051,-0.768
-0.05,-0.768
-0.049,-0.768
-0.048,-0.768
-0.047,-0.768
-0.046,-0.768
-0.045,-0.768
-0.044,-0.768
-0.043,-0.768
-0.042,-0.768
-0.041,-0.768
-0.04,-0.768
-0.039,-0.768
-0.038,-0.768
-0.037,-0.768
-0.036,-0.768
-0.035,-0.768
-0.034,-0.768
-0.033,-0.768
-0.032,-0.768
-0.031,-0.768
-0.03,-0.768
-0.22,-0.767
-0.217,-0.767
-0.216,-0.767
-0.215,-0.767
-0.214,-0.767
-0.213,-0.767
-0.212,-0.767
-0.211,-0.767
-0.21,-0.767
-0.209,-0.767
-0.208,-0.767
-0.207,-0.767
-0.206,-0.767
-0.205,-0.767
-0.204,-0.767
-0.203,-0.767
-0.202,-0.767
-0.201,-0.767
-0.2,-0.767
-0.199,-0.767
-0.198,-0.767
-0.197,-0.767
-0.196,-0.767
-0.195,-0.767
-0.194,-0.767
-0.193,-0.767
-0.192,-0.767
-0.191,-0.767
-0.19,-0.767
-0.189,-0.767
-0.188,-0.767
-0.187,-0.767
-0.186,-0.767
-0.185,-0.767
-0.184,-0.767
-0.183,-0.767
-0.182,-0.767
-0.181,-0.767
-0.18,-0.767
-0.179,-0.767
-0.178,-0.767
-0.177,-0.767
-0.176,-0.767
-0.175,-0.767
-0.174,-0.767
-0.173,-0.767
-0.172,-0.767
-0.171,-0.767
-0.17,-0.767
-0.169,-0.767
-0.168,-0.767
-0.167,-0.767
-0.166,-0.767
-0.165,-0.767
-0.164,-0.767
-0.163,-0.767
-0.162,-0.767
-0.161,-0.767
-0.16,-0.767
-0.159,-0.767
-0.158,-0.767
-0.157,-0.767
-0.156,-0.767
-0.155,-0.767
-0.154,-0.767
-0.153,-0.767
-0.152,-0.767
-0.151,-0.767
-0.15,-0.767
-0.149,-0.767
-0.148,-0.767
-0.147,-0.767
-0.146,-0.767
-0.145,-0.767
-0.144,-0.767
-0.143,-0.767
-0.142,-0.767
-0.141,-0.767
-0.14,-0.767
-0.139,-0.767
-0.138,-0.767
-0.137,-0.767
-0.136,-0.767
-0.135,-0.767
-0.134,-0.767
-0.133,-0.767
-0.132,-0.767
-0.131,-0.767
-0.13,-0.767
-0.129,-0.767
-0.128,-0.767
-0.127,-0.767
-0.126,-0.767
-0.125,-0.767
-0.124,-0.767
-0.123,-0.767
-0.122,-0.767
-0.121,-0.767
-0.12,-0.767
-0.119,-0.767
-0.118,-0.767
-0.117,-0.767
-0.116,-0.767
-0.115,-0.767
-0.114,-0.767
-0.113,-0.767
-0.112,-0.767
-0.111,-0.767
-0.11,-0.767
-0.109,-0.767
-0.108,-0.767
-0.107,-0.767
-0.106,-0.767
-0.105,-0.767
-0.104,-0.767
-0.103,-0.767
-0.102,-0.767
-0.101,-0.767
-0.1,-0.767
-0.099,-0.767
-0.098,-0.767
-0.097,-0.767
-0.096,-0.767
-0.095,-0.767
-0.094,-0.767
-0.093,-0.767
-0.092,-0.767
-0.091,-0.767
-0.09,-0.767
-0.089,-0.767
-0.088,-0.767
-0.087,-0.767
-0.086,-0.767
-0.085,-0.767
-0.084,-0.767
-0.083,-0.767
-0.082,-0.767
-0.081,-0.767
-0.08,-0.767
-0.079,-0.767
-0.078,-0.767
-0.077,-0.767
-0.076,-0.767
-0.075,-0.767
-0.074,-0.767
-0.073,-0.767
-0.072,-0.767
-0.071,-0.767
-0.07,-0.767
-0.069,-0.767
-0.068,-0.767
-0.067,-0.767
-0.066,-0.767
-0.065,-0.767
-0.064,-0.767
-0.063,-0.767
-0.062,-0.767
-0.061,-0.767
-0.06,-0.767
-0.059,-0.767
-0.058,-0.767
-0.057,-0.767
-0.056,-0.767
-0.055,-0.767
-0.054,-0.767
-0.053,-0.767
-0.052,-0.767
-0.051,-0.767
-0.05,-0.767
-0.049,-0.767
-0.048,-0.767
-0.047,-0.767
-0.046,-0.767
-0.045,-0.767
-0.044,-0.767
-0.043,-0.767
-0.042,-0.767
-0.041,-0.767
-0.04,-0.767
-0.039,-0.767
-0.038,-0.767
-0.037,-0.767
-0.036,-0.767
-0.035,-0.767
-0.034,-0.767
-0.033,-0.767
-0.032,-0.767
-0.026,-0.767
-0.221,-0.766
-0.22,-0.766
-0.219,-0.766
-0.218,-0.766
-0.217,-0.766
-0.216,-0.766
-0.215,-0.766
-0.214,-0.766
-0.213,-0.766
-0.212,-0.766
-0.211,-0.766
-0.21,-0.766
-0.209,-0.766
-0.208,-0.766
-0.207,-0.766
-0.206,-0.766
-0.205,-0.766
-0.204,-0.766
-0.203,-0.766
-0.202,-0.766
-0.201,-0.766
-0.2,-0.766
-0.199,-0.766
-0.198,-0.766
-0.197,-0.766
-0.196,-0.766
-0.195,-0.766
-0.194,-0.766
-0.193,-0.766
-0.192,-0.766
-0.191,-0.766
-0.19,-0.766
-0.189,-0.766
-0.188,-0.766
-0.187,-0.766
-0.186,-0.766
-0.185,-0.766
-0.184,-0.766
-0.183,-0.766
-0.182,-0.766
-0.181,-0.766
-0.18,-0.766
-0.179,-0.766
-0.178,-0.766
-0.177,-0.766
-0.176,-0.766
-0.175,-0.766
-0.174,-0.766
-0.173,-0.766
-0.172,-0.766
-0.171,-0.766
-0.17,-0.766
-0.169,-0.766
-0.168,-0.766
-0.167,-0.766
-0.166,-0.766
-0.165,-0.766
-0.164,-0.766
-0.163,-0.766
-0.162,-0.766
-0.161,-0.766
-0.16,-0.766
-0.159,-0.766
-0.158,-0.766
-0.157,-0.766
-0.156,-0.766
-0.155,-0.766
-0.154,-0.766
-0.153,-0.766
-0.152,-0.766
-0.151,-0.766
-0.15,-0.766
-0.149,-0.766
-0.148,-0.766
-0.147,-0.766
-0.146,-0.766
-0.145,-0.766
-0.144,-0.766
-0.143,-0.766
-0.142,-0.766
-0.141,-0.766
-0.14,-0.766
-0.139,-0.766
-0.138,-0.766
-0.137,-0.766
-0.136,-0.766
-0.135,-0.766
-0.134,-0.766
-0.133,-0.766
-0.132,-0.766
-0.131,-0.766
-0.13,-0.766
-0.129,-0.766
-0.128,-0.766
-0.127,-0.766
-0.126,-0.766
-0.125,-0.766
-0.124,-0.766
-0.123,-0.766
-0.122,-0.766
-0.121,-0.766
-0.12,-0.766
-0.119,-0.766
-0.118,-0.766
-0.117,-0.766
-0.116,-0.766
-0.115,-0.766
-0.114,-0.766
-0.113,-0.766
-0.112,-0.766
-0.111,-0.766
-0.11,-0.766
-0.109,-0.766
-0.108,-0.766
-0.107,-0.766
-0.106,-0.766
-0.105,-0.766
-0.104,-0.766
-0.103,-0.766
-0.102,-0.766
-0.101,-0.766
-0.1,-0.766
-0.099,-0.766
-0.098,-0.766
-0.097,-0.766
-0.096,-0.766
-0.095,-0.766
-0.094,-0.766
-0.093,-0.766
-0.092,-0.766
-0.091,-0.766
-0.09,-0.766
-0.089,-0.766
-0.088,-0.766
-0.087,-0.766
-0.086,-0.766
-0.085,-0.766
-0.084,-0.766
-0.083,-0.766
-0.082,-0.766
-0.081,-0.766
-0.08,-0.766
-0.079,-0.766
-0.078,-0.766
-0.077,-0.766
-0.076,-0.766
-0.075,-0.766
-0.074,-0.766
-0.073,-0.766
-0.072,-0.766
-0.071,-0.766
-0.07,-0.766
-0.069,-0.766
-0.068,-0.766
-0.067,-0.766
-0.066,-0.766
-0.065,-0.766
-0.064,-0.766
-0.063,-0.766
-0.062,-0.766
-0.061,-0.766
-0.06,-0.766
-0.059,-0.766
-0.058,-0.766
-0.057,-0.766
-0.056,-0.766
-0.055,-0.766
-0.054,-0.766
-0.053,-0.766
-0.052,-0.766
-0.051,-0.766
-0.05,-0.766
-0.049,-0.766
-0.048,-0.766
-0.047,-0.766
-0.046,-0.766
-0.045,-0.766
-0.044,-0.766
-0.043,-0.766
-0.042,-0.766
-0.041,-0.766
-0.04,-0.766
-0.039,-0.766
-0.038,-0.766
-0.037,-0.766
-0.036,-0.766
-0.035,-0.766
-0.034,-0.766
-0.033,-0.766
-0.032,-0.766
-0.031,-0.766
-0.221,-0.765
-0.22,-0.765
-0.219,-0.765
-0.218,-0.765
-0.217,-0.765
-0.216,-0.765
-0.215,-0.765
-0.214,-0.765
-0.213,-0.765
-0.212,-0.765
-0.211,-0.765
-0.21,-0.765
-0.209,-0.765
-0.208,-0.765
-0.207,-0.765
-0.206,-0.765
-0.205,-0.765
-0.204,-0.765
-0.203,-0.765
-0.202,-0.765
-0.201,-0.765
-0.2,-0.765
-0.199,-0.765
-0.198,-0.765
-0.197,-0.765
-0.196,-0.765
-0.195,-0.765
-0.194,-0.765
-0.193,-0.765
-0.192,-0.765
-0.191,-0.765
-0.19,-0.765
-0.189,-0.765
-0.188,-0.765
-0.187,-0.765
-0.186,-0.765
-0.185,-0.765
-0.184,-0.765
-0.183,-0.765
-0.182,-0.765
-0.181,-0.765
-0.18,-0.765
-0.179,-0.765
-0.178,-0.765
-0.177,-0.765
-0.176,-0.765
-0.175,-0.765
-0.174,-0.765
-0.173,-0.765
-0.172,-0.765
-0.171,-0.765
-0.17,-0.765
-0.169,-0.765
-0.168,-0.765
-0.167,-0.765
-0.166,-0.765
-0.165,-0.765
-0.164,-0.765
-0.163,-0.765
-0.162,-0.765
-0.161,-0.765
-0.16,-0.765
-0.159,-0.765
-0.158,-0.765
-0.157,-0.765
-0.156,-0.765
-0.155,-0.765
-0.154,-0.765
-0.153,-0.765
-0.152,-0.765
-0.151,-0.765
-0.15,-0.765
-0.149,-0.765
-0.148,-0.765
-0.147,-0.765
-0.146,-0.765
-0.145,-0.765
-0.144,-0.765
-0.143,-0.765
-0.142,-0.765
-0.141,-0.765
-0.14,-0.765
-0.139,-0.765
-0.138,-0.765
-0.137,-0.765
-0.136,-0.765
-0.135,-0.765
-0.134,-0.765
-0.133,-0.765
-0.132,-0.765
-0.131,-0.765
-0.13,-0.765
-0.129,-0.765
-0.128,-0.765
-0.127,-0.765
-0.126,-0.765
-0.125,-0.765
-0.124,-0.765
-0.123,-0.765
-0.122,-0.765
-0.121,-0.765
-0.12,-0.765
-0.119,-0.765
-0.118,-0.765
-0.117,-0.765
-0.116,-0.765
-0.115,-0.765
-0.114,-0.765
-0.113,-0.765
-0.112,-0.765
-0.111,-0.765
-0.11,-0.765
-0.109,-0.765
-0.108,-0.765
-0.107,-0.765
-0.106,-0.765
-0.105,-0.765
-0.104,-0.765
-0.103,-0.765
-0.102,-0.765
-0.101,-0.765
-0.1,-0.765
-0.099,-0.765
-0.098,-0.765
-0.097,-0.765
-0.096,-0.765
-0.095,-0.765
-0.094,-0.765
-0.093,-0.765
-0.092,-0.765
-0.091,-0.765
-0.09,-0.765
-0.089,-0.765
-0.088,-0.765
-0.087,-0.765
-0.086,-0.765
-0.085,-0.765
-0.084,-0.765
-0.083,-0.765
-0.082,-0.765
-0.081,-0.765
-0.08,-0.765
-0.079,-0.765
-0.078,-0.765
-0.077,-0.765
-0.076,-0.765
-0.075,-0.765
-0.074,-0.765
-0.073,-0.765
-0.072,-0.765
-0.071,-0.765
-0.07,-0.765
-0.069,-0.765
-0.068,-0.765
-0.067,-0.765
-0.066,-0.765
-0.065,-0.765
-0.064,-0.765
-0.063,-0.765
-0.062,-0.765
-0.061,-0.765
-0.06,-0.765
-0.059,-0.765
-0.058,-0.765
-0.057,-0.765
-0.056,-0.765
-0.055,-0.765
-0.054,-0.765
-0.053,-0.765
-0.052,-0.765
-0.051,-0.765
-0.05,-0.765
-0.049,-0.765
-0.048,-0.765
-0.047,-0.765
-0.046,-0.765
-0.045,-0.765
-0.044,-0.765
-0.043,-0.765
-0.042,-0.765
-0.041,-0.765
-0.04,-0.765
-0.039,-0.765
-0.038,-0.765
-0.037,-0.765
-0.036,-0.765
-0.035,-0.765
-0.034,-0.765
-0.033,-0.765
-0.032,-0.765
-0.029,-0.765
-0.221,-0.764
-0.22,-0.764
-0.219,-0.764
-0.218,-0.764
-0.217,-0.764
-0.216,-0.764
-0.215,-0.764
-0.214,-0.764
-0.213,-0.764
-0.212,-0.764
-0.211,-0.764
-0.21,-0.764
-0.209,-0.764
-0.208,-0.764
-0.207,-0.764
-0.206,-0.764
-0.205,-0.764
-0.204,-0.764
-0.203,-0.764
-0.202,-0.764
-0.201,-0.764
-0.2,-0.764
-0.199,-0.764
-0.198,-0.764
-0.197,-0.764
-0.196,-0.764
-0.195,-0.764
-0.194,-0.764
-0.193,-0.764
-0.192,-0.764
-0.191,-0.764
-0.19,-0.764
-0.189,-0.764
-0.188,-0.764
-0.187,-0.764
-0.186,-0.764
-0.185,-0.764
-0.184,-0.764
-0.183,-0.764
-0.182,-0.764
-0.181,-0.764
-0.18,-0.764
-0.179,-0.764
-0.178,-0.764
-0.177,-0.764
-0.176,-0.764
-0.175,-0.764
-0.174,-0.764
-0.173,-0.764
-0.172,-0.764
-0.171,-0.764
-0.17,-0.764
-0.169,-0.764
-0.168,-0.764
-0.167,-0.764
-0.166,-0.764
-0.165,-0.764
-0.164,-0.764
-0.163,-0.764
-0.162,-0.764
-0.161,-0.764
-0.16,-0.764
-0.159,-0.764
-0.158,-0.764
-0.157,-0.764
-0.156,-0.764
-0.155,-0.764
-0.154,-0.764
-0.153,-0.764
-0.152,-0.764
-0.151,-0.764
-0.15,-0.764
-0.149,-0.764
-0.148,-0.764
-0.147,-0.764
-0.146,-0.764
-0.145,-0.764
-0.144,-0.764
-0.143,-0.764
-0.142,-0.764
-0.141,-0.764
-0.14,-0.764
-0.139,-0.764
-0.138,-0.764
-0.137,-0.764
-0.136,-0.764
-0.135,-0.764
-0.134,-0.764
-0.133,-0.764
-0.132,-0.764
-0.131,-0.764
-0.13,-0.764
-0.129,-0.764
-0.128,-0.764
-0.127,-0.764
-0.126,-0.764
-0.125,-0.764
-0.124,-0.764
-0.123,-0.764
-0.122,-0.764
-0.121,-0.764
-0.12,-0.764
-0.119,-0.764
-0.118,-0.764
-0.117,-0.764
-0.116,-0.764
-0.115,-0.764
-0.114,-0.764
-0.113,-0.764
-0.112,-0.764
-0.111,-0.764
-0.11,-0.764
-0.109,-0.764
-0.108,-0.764
-0.107,-0.764
-0.106,-0.764
-0.105,-0.764
-0.104,-0.764
-0.103,-0.764
-0.102,-0.764
-0.101,-0.764
-0.1,-0.764
-0.099,-0.764
-0.098,-0.764
-0.097,-0.764
-0.096,-0.764
-0.095,-0.764
-0.094,-0.764
-0.093,-0.764
-0.092,-0.764
-0.091,-0.764
-0.09,-0.764
-0.089,-0.764
-0.088,-0.764
-0.087,-0.764
-0.086,-0.764
-0.085,-0.764
-0.084,-0.764
-0.083,-0.764
-0.082,-0.764
-0.081,-0.764
-0.08,-0.764
-0.079,-0.764
-0.078,-0.764
-0.077,-0.764
-0.076,-0.764
-0.075,-0.764
-0.074,-0.764
-0.073,-0.764
-0.072,-0.764
-0.071,-0.764
-0.07,-0.764
-0.069,-0.764
-0.068,-0.764
-0.067,-0.764
-0.066,-0.764
-0.065,-0.764
-0.064,-0.764
-0.063,-0.764
-0.062,-0.764
-0.061,-0.764
-0.06,-0.764
-0.059,-0.764
-0.058,-0.764
-0.057,-0.764
-0.056,-0.764
-0.055,-0.764
-0.054,-0.764
-0.053,-0.764
-0.052,-0.764
-0.051,-0.764
-0.05,-0.764
-0.049,-0.764
-0.048,-0.764
-0.047,-0.764
-0.046,-0.764
-0.045,-0.764
-0.044,-0.764
-0.043,-0.764
-0.042,-0.764
-0.041,-0.764
-0.04,-0.764
-0.039,-0.764
-0.038,-0.764
-0.037,-0.764
-0.036,-0.764
-0.035,-0.764
-0.034,-0.764
-0.033,-0.764
-0.032,-0.764
-0.031,-0.764
-0.03,-0.764
-0.029,-0.764
-0.028,-0.764
-0.025,-0.764
-0.024,-0.764
-0.022,-0.764
-0.224,-0.763
-0.218,-0.763
-0.217,-0.763
-0.216,-0.763
-0.215,-0.763
-0.214,-0.763
-0.213,-0.763
-0.212,-0.763
-0.211,-0.763
-0.21,-0.763
-0.209,-0.763
-0.208,-0.763
-0.207,-0.763
-0.206,-0.763
-0.205,-0.763
-0.204,-0.763
-0.203,-0.763
-0.202,-0.763
-0.201,-0.763
-0.2,-0.763
-0.199,-0.763
-0.198,-0.763
-0.197,-0.763
-0.196,-0.763
-0.195,-0.763
-0.194,-0.763
-0.193,-0.763
-0.192,-0.763
-0.191,-0.763
-0.19,-0.763
-0.189,-0.763
-0.188,-0.763
-0.187,-0.763
-0.186,-0.763
-0.185,-0.763
-0.184,-0.763
-0.183,-0.763
-0.182,-0.763
-0.181,-0.763
-0.18,-0.763
-0.179,-0.763
-0.178,-0.763
-0.177,-0.763
-0.176,-0.763
-0.175,-0.763
-0.174,-0.763
-0.173,-0.763
-0.172,-0.763
-0.171,-0.763
-0.17,-0.763
-0.169,-0.763
-0.168,-0.763
-0.167,-0.763
-0.166,-0.763
-0.165,-0.763
-0.164,-0.763
-0.163,-0.763
-0.162,-0.763
-0.161,-0.763
-0.16,-0.763
-0.159,-0.763
-0.158,-0.763
-0.157,-0.763
-0.156,-0.763
-0.155,-0.763
-0.154,-0.763
-0.153,-0.763
-0.152,-0.763
-0.151,-0.763
-0.15,-0.763
-0.149,-0.763
-0.148,-0.763
-0.147,-0.763
-0.146,-0.763
-0.145,-0.763
-0.144,-0.763
-0.143,-0.763
-0.142,-0.763
-0.141,-0.763
-0.14,-0.763
-0.139,-0.763
-0.138,-0.763
-0.137,-0.763
-0.136,-0.763
-0.135,-0.763
-0.134,-0.763
-0.133,-0.763
-0.132,-0.763
-0.131,-0.763
-0.13,-0.763
-0.129,-0.763
-0.128,-0.763
-0.127,-0.763
-0.126,-0.763
-0.125,-0.763
-0.124,-0.763
-0.123,-0.763
-0.122,-0.763
-0.121,-0.763
-0.12,-0.763
-0.119,-0.763
-0.118,-0.763
-0.117,-0.763
-0.116,-0.763
-0.115,-0.763
-0.114,-0.763
-0.113,-0.763
-0.112,-0.763
-0.111,-0.763
-0.11,-0.763
-0.109,-0.763
-0.108,-0.763
-0.107,-0.763
-0.106,-0.763
-0.105,-0.763
-0.104,-0.763
-0.103,-0.763
-0.102,-0.763
-0.101,-0.763
-0.1,-0.763
-0.099,-0.763
-0.098,-0.763
-0.097,-0.763
-0.096,-0.763
-0.095,-0.763
-0.094,-0.763
-0.093,-0.763
-0.092,-0.763
-0.091,-0.763
-0.09,-0.763
-0.089,-0.763
-0.088,-0.763
-0.087,-0.763
-0.086,-0.763
-0.085,-0.763
-0.084,-0.763
-0.083,-0.763
-0.082,-0.763
-0.081,-0.763
-0.08,-0.763
-0.079,-0.763
-0.078,-0.763
-0.077,-0.763
-0.076,-0.763
-0.075,-0.763
-0.074,-0.763
-0.073,-0.763
-0.072,-0.763
-0.071,-0.763
-0.07,-0.763
-0.069,-0.763
-0.068,-0.763
-0.067,-0.763
-0.066,-0.763
-0.065,-0.763
-0.064,-0.763
-0.063,-0.763
-0.062,-0.763
-0.061,-0.763
-0.06,-0.763
-0.059,-0.763
-0.058,-0.763
-0.057,-0.763
-0.056,-0.763
-0.055,-0.763
-0.054,-0.763
-0.053,-0.763
-0.052,-0.763
-0.051,-0.763
-0.05,-0.763
-0.049,-0.763
-0.048,-0.763
-0.047,-0.763
-0.046,-0.763
-0.045,-0.763
-0.044,-0.763
-0.043,-0.763
-0.042,-0.763
-0.041,-0.763
-0.04,-0.763
-0.039,-0.763
-0.038,-0.763
-0.037,-0.763
-0.036,-0.763
-0.035,-0.763
-0.034,-0.763
-0.033,-0.763
-0.032,-0.763
-0.031,-0.763
-0.03,-0.763
-0.029,-0.763
-0.028,-0.763
-0.027,-0.763
-0.025,-0.763
-0.023,-0.763
-0.231,-0.762
-0.23,-0.762
-0.224,-0.762
-0.22,-0.762
-0.219,-0.762
-0.218,-0.762
-0.217,-0.762
-0.216,-0.762
-0.215,-0.762
-0.214,-0.762
-0.213,-0.762
-0.212,-0.762
-0.211,-0.762
-0.21,-0.762
-0.209,-0.762
-0.208,-0.762
-0.207,-0.762
-0.206,-0.762
-0.205,-0.762
-0.204,-0.762
-0.203,-0.762
-0.202,-0.762
-0.201,-0.762
-0.2,-0.762
-0.199,-0.762
-0.198,-0.762
-0.197,-0.762
-0.196,-0.762
-0.195,-0.762
-0.194,-0.762
-0.193,-0.762
-0.192,-0.762
-0.191,-0.762
-0.19,-0.762
-0.189,-0.762
-0.188,-0.762
-0.187,-0.762
-0.186,-0.762
-0.185,-0.762
-0.184,-0.762
-0.183,-0.762
-0.182,-0.762
-0.181,-0.762
-0.18,-0.762
-0.179,-0.762
-0.178,-0.762
-0.177,-0.762
-0.176,-0.762
-0.175,-0.762
-0.174,-0.762
-0.173,-0.762
-0.172,-0.762
-0.171,-0.762
-0.17,-0.762
-0.169,-0.762
-0.168,-0.762
-0.167,-0.762
-0.166,-0.762
-0.165,-0.762
-0.164,-0.762
-0.163,-0.762
-0.162,-0.762
-0.161,-0.762
-0.16,-0.762
-0.159,-0.762
-0.158,-0.762
-0.157,-0.762
-0.156,-0.762
-0.155,-0.762
-0.154,-0.762
-0.153,-0.762
-0.152,-0.762
-0.151,-0.762
-0.15,-0.762
-0.149,-0.762
-0.148,-0.762
-0.147,-0.762
-0.146,-0.762
-0.145,-0.762
-0.144,-0.762
-0.143,-0.762
-0.142,-0.762
-0.141,-0.762
-0.14,-0.762
-0.139,-0.762
-0.138,-0.762
-0.137,-0.762
-0.136,-0.762
-0.135,-0.762
-0.134,-0.762
-0.133,-0.762
-0.132,-0.762
-0.131,-0.762
-0.13,-0.762
-0.129,-0.762
-0.128,-0.762
-0.127,-0.762
-0.126,-0.762
-0.125,-0.762
-0.124,-0.762
-0.123,-0.762
-0.122,-0.762
-0.121,-0.762
-0.12,-0.762
-0.119,-0.762
-0.118,-0.762
-0.117,-0.762
-0.116,-0.762
-0.115,-0.762
-0.114,-0.762
-0.113,-0.762
-0.112,-0.762
-0.111,-0.762
-0.11,-0.762
-0.109,-0.762
-0.108,-0.762
-0.107,-0.762
-0.106,-0.762
-0.105,-0.762
-0.104,-0.762
-0.103,-0.762
-0.102,-0.762
-0.101,-0.762
-0.1,-0.762
-0.099,-0.762
-0.098,-0.762
-0.097,-0.762
-0.096,-0.762
-0.095,-0.762
-0.094,-0.762
-0.093,-0.762
-0.092,-0.762
-0.091,-0.762
-0.09,-0.762
-0.089,-0.762
-0.088,-0.762
-0.087,-0.762
-0.086,-0.762
-0.085,-0.762
-0.084,-0.762
-0.083,-0.762
-0.082,-0.762
-0.081,-0.762
-0.08,-0.762
-0.079,-0.762
-0.078,-0.762
-0.077,-0.762
-0.076,-0.762
-0.075,-0.762
-0.074,-0.762
-0.073,-0.762
-0.072,-0.762
-0.071,-0.762
-0.07,-0.762
-0.069,-0.762
-0.068,-0.762
-0.067,-0.762
-0.066,-0.762
-0.065,-0.762
-0.064,-0.762
-0.063,-0.762
-0.062,-0.762
-0.061,-0.762
-0.06,-0.762
-0.059,-0.762
-0.058,-0.762
-0.057,-0.762
-0.056,-0.762
-0.055,-0.762
-0.054,-0.762
-0.053,-0.762
-0.052,-0.762
-0.051,-0.762
-0.05,-0.762
-0.049,-0.762
-0.048,-0.762
-0.047,-0.762
-0.046,-0.762
-0.045,-0.762
-0.044,-0.762
-0.043,-0.762
-0.042,-0.762
-0.041,-0.762
-0.04,-0.762
-0.039,-0.762
-0.038,-0.762
-0.037,-0.762
-0.036,-0.762
-0.035,-0.762
-0.034,-0.762
-0.033,-0.762
-0.032,-0.762
-0.031,-0.762
-0.03,-0.762
-0.029,-0.762
-0.028,-0.762
-0.027,-0.762
-0.026,-0.762
-0.025,-0.762
-0.231,-0.761
-0.23,-0.761
-0.22,-0.761
-0.219,-0.761
-0.218,-0.761
-0.217,-0.761
-0.216,-0.761
-0.215,-0.761
-0.214,-0.761
-0.213,-0.761
-0.212,-0.761
-0.211,-0.761
-0.21,-0.761
-0.209,-0.761
-0.208,-0.761
-0.207,-0.761
-0.206,-0.761
-0.205,-0.761
-0.204,-0.761
-0.203,-0.761
-0.202,-0.761
-0.201,-0.761
-0.2,-0.761
-0.199,-0.761
-0.198,-0.761
-0.197,-0.761
-0.196,-0.761
-0.195,-0.761
-0.194,-0.761
-0.193,-0.761
-0.192,-0.761
-0.191,-0.761
-0.19,-0.761
-0.189,-0.761
-0.188,-0.761
-0.187,-0.761
-0.186,-0.761
-0.185,-0.761
-0.184,-0.761
-0.183,-0.761
-0.182,-0.761
-0.181,-0.761
-0.18,-0.761
-0.179,-0.761
-0.178,-0.761
-0.177,-0.761
-0.176,-0.761
-0.175,-0.761
-0.174,-0.761
-0.173,-0.761
-0.172,-0.761
-0.171,-0.761
-0.17,-0.761
-0.169,-0.761
-0.168,-0.761
-0.167,-0.761
-0.166,-0.761
-0.165,-0.761
-0.164,-0.761
-0.163,-0.761
-0.162,-0.761
-0.161,-0.761
-0.16,-0.761
-0.159,-0.761
-0.158,-0.761
-0.157,-0.761
-0.156,-0.761
-0.155,-0.761
-0.154,-0.761
-0.153,-0.761
-0.152,-0.761
-0.151,-0.761
-0.15,-0.761
-0.149,-0.761
-0.148,-0.761
-0.147,-0.761
-0.146,-0.761
-0.145,-0.761
-0.144,-0.761
-0.143,-0.761
-0.142,-0.761
-0.141,-0.761
-0.14,-0.761
-0.139,-0.761
-0.138,-0.761
-0.137,-0.761
-0.136,-0.761
-0.135,-0.761
-0.134,-0.761
-0.133,-0.761
-0.132,-0.761
-0.131,-0.761
-0.13,-0.761
-0.129,-0.761
-0.128,-0.761
-0.127,-0.761
-0.126,-0.761
-0.125,-0.761
-0.124,-0.761
-0.123,-0.761
-0.122,-0.761
-0.121,-0.761
-0.12,-0.761
-0.119,-0.761
-0.118,-0.761
-0.117,-0.761
-0.116,-0.761
-0.115,-0.761
-0.114,-0.761
-0.113,-0.761
-0.112,-0.761
-0.111,-0.761
-0.11,-0.761
-0.109,-0.761
-0.108,-0.761
-0.107,-0.761
-0.106,-0.761
-0.105,-0.761
-0.104,-0.761
-0.103,-0.761
-0.102,-0.761
-0.101,-0.761
-0.1,-0.761
-0.099,-0.761
-0.098,-0.761
-0.097,-0.761
-0.096,-0.761
-0.095,-0.761
-0.094,-0.761
-0.093,-0.761
-0.092,-0.761
-0.091,-0.761
-0.09,-0.761
-0.089,-0.761
-0.088,-0.761
-0.087,-0.761
-0.086,-0.761
-0.085,-0.761
-0.084,-0.761
-0.083,-0.761
-0.082,-0.761
-0.081,-0.761
-0.08,-0.761
-0.079,-0.761
-0.078,-0.761
-0.077,-0.761
-0.076,-0.761
-0.075,-0.761
-0.074,-0.761
-0.073,-0.761
-0.072,-0.761
-0.071,-0.761
-0.07,-0.761
-0.069,-0.761
-0.068,-0.761
-0.067,-0.761
-0.066,-0.761
-0.065,-0.761
-0.064,-0.761
-0.063,-0.761
-0.062,-0.761
-0.061,-0.761
-0.06,-0.761
-0.059,-0.761
-0.058,-0.761
-0.057,-0.761
-0.056,-0.761
-0.055,-0.761
-0.054,-0.761
-0.053,-0.761
-0.052,-0.761
-0.051,-0.761
-0.05,-0.761
-0.049,-0.761
-0.048,-0.761
-0.047,-0.761
-0.046,-0.761
-0.045,-0.761
-0.044,-0.761
-0.043,-0.761
-0.042,-0.761
-0.041,-0.761
-0.04,-0.761
-0.039,-0.761
-0.038,-0.761
-0.037,-0.761
-0.036,-0.761
-0.035,-0.761
-0.034,-0.761
-0.033,-0.761
-0.032,-0.761
-0.031,-0.761
-0.03,-0.761
-0.029,-0.761
-0.028,-0.761
-0.027,-0.761
-0.025,-0.761
-0.233,-0.76
-0.232,-0.76
-0.227,-0.76
-0.219,-0.76
-0.218,-0.76
-0.217,-0.76
-0.216,-0.76
-0.215,-0.76
-0.214,-0.76
-0.213,-0.76
-0.212,-0.76
-0.211,-0.76
-0.21,-0.76
-0.209,-0.76
-0.208,-0.76
-0.207,-0.76
-0.206,-0.76
-0.205,-0.76
-0.204,-0.76
-0.203,-0.76
-0.202,-0.76
-0.201,-0.76
-0.2,-0.76
-0.199,-0.76
-0.198,-0.76
-0.197,-0.76
-0.196,-0.76
-0.195,-0.76
-0.194,-0.76
-0.193,-0.76
-0.192,-0.76
-0.191,-0.76
-0.19,-0.76
-0.189,-0.76
-0.188,-0.76
-0.187,-0.76
-0.186,-0.76
-0.185,-0.76
-0.184,-0.76
-0.183,-0.76
-0.182,-0.76
-0.181,-0.76
-0.18,-0.76
-0.179,-0.76
-0.178,-0.76
-0.177,-0.76
-0.176,-0.76
-0.175,-0.76
-0.174,-0.76
-0.173,-0.76
-0.172,-0.76
-0.171,-0.76
-0.17,-0.76
-0.169,-0.76
-0.168,-0.76
-0.167,-0.76
-0.166,-0.76
-0.165,-0.76
-0.164,-0.76
-0.163,-0.76
-0.162,-0.76
-0.161,-0.76
-0.16,-0.76
-0.159,-0.76
-0.158,-0.76
-0.157,-0.76
-0.156,-0.76
-0.155,-0.76
-0.154,-0.76
-0.153,-0.76
-0.152,-0.76
-0.151,-0.76
-0.15,-0.76
-0.149,-0.76
-0.148,-0.76
-0.147,-0.76
-0.146,-0.76
-0.145,-0.76
-0.144,-0.76
-0.143,-0.76
-0.142,-0.76
-0.141,-0.76
-0.14,-0.76
-0.139,-0.76
-0.138,-0.76
-0.137,-0.76
-0.136,-0.76
-0.135,-0.76
-0.134,-0.76
-0.133,-0.76
-0.132,-0.76
-0.131,-0.76
-0.13,-0.76
-0.129,-0.76
-0.128,-0.76
-0.127,-0.76
-0.126,-0.76
-0.125,-0.76
-0.124,-0.76
-0.123,-0.76
-0.122,-0.76
-0.121,-0.76
-0.12,-0.76
-0.119,-0.76
-0.118,-0.76
-0.117,-0.76
-0.116,-0.76
-0.115,-0.76
-0.114,-0.76
-0.113,-0.76
-0.112,-0.76
-0.111,-0.76
-0.11,-0.76
-0.109,-0.76
-0.108,-0.76
-0.107,-0.76
-0.106,-0.76
-0.105,-0.76
-0.104,-0.76
-0.103,-0.76
-0.102,-0.76
-0.101,-0.76
-0.1,-0.76
-0.099,-0.76
-0.098,-0.76
-0.097,-0.76
-0.096,-0.76
-0.095,-0.76
-0.094,-0.76
-0.093,-0.76
-0.092,-0.76
-0.091,-0.76
-0.09,-0.76
-0.089,-0.76
-0.088,-0.76
-0.087,-0.76
-0.086,-0.76
-0.085,-0.76
-0.084,-0.76
-0.083,-0.76
-0.082,-0.76
-0.081,-0.76
-0.08,-0.76
-0.079,-0.76
-0.078,-0.76
-0.077,-0.76
-0.076,-0.76
-0.075,-0.76
-0.074,-0.76
-0.073,-0.76
-0.072,-0.76
-0.071,-0.76
-0.07,-0.76
-0.069,-0.76
-0.068,-0.76
-0.067,-0.76
-0.066,-0.76
-0.065,-0.76
-0.064,-0.76
-0.063,-0.76
-0.062,-0.76
-0.061,-0.76
-0.06,-0.76
-0.059,-0.76
-0.058,-0.76
-0.057,-0.76
-0.056,-0.76
-0.055,-0.76
-0.054,-0.76
-0.053,-0.76
-0.052,-0.76
-0.051,-0.76
-0.05,-0.76
-0.049,-0.76
-0.048,-0.76
-0.047,-0.76
-0.046,-0.76
-0.045,-0.76
-0.044,-0.76
-0.043,-0.76
-0.042,-0.76
-0.041,-0.76
-0.04,-0.76
-0.039,-0.76
-0.038,-0.76
-0.037,-0.76
-0.036,-0.76
-0.035,-0.76
-0.034,-0.76
-0.033,-0.76
-0.032,-0.76
-0.031,-0.76
-0.03,-0.76
-0.029,-0.76
-0.028,-0.76
-0.025,-0.76
-0.232,-0.759
-0.231,-0.759
-0.226,-0.759
-0.225,-0.759
-0.224,-0.759
-0.223,-0.759
-0.22,-0.759
-0.219,-0.759
-0.218,-0.759
-0.217,-0.759
-0.216,-0.759
-0.215,-0.759
-0.214,-0.759
-0.213,-0.759
-0.212,-0.759
-0.211,-0.759
-0.21,-0.759
-0.209,-0.759
-0.208,-0.759
-0.207,-0.759
-0.206,-0.759
-0.205,-0.759
-0.204,-0.759
-0.203,-0.759
-0.202,-0.759
-0.201,-0.759
-0.2,-0.759
-0.199,-0.759
-0.198,-0.759
-0.197,-0.759
-0.196,-0.759
-0.195,-0.759
-0.194,-0.759
-0.193,-0.759
-0.192,-0.759
-0.191,-0.759
-0.19,-0.759
-0.189,-0.759
-0.188,-0.759
-0.187,-0.759
-0.186,-0.759
-0.185,-0.759
-0.184,-0.759
-0.183,-0.759
-0.182,-0.759
-0.181,-0.759
-0.18,-0.759
-0.179,-0.759
-0.178,-0.759
-0.177,-0.759
-0.176,-0.759
-0.175,-0.759
-0.174,-0.759
-0.173,-0.759
-0.172,-0.759
-0.171,-0.759
-0.17,-0.759
-0.169,-0.759
-0.168,-0.759
-0.167,-0.759
-0.166,-0.759
-0.165,-0.759
-0.164,-0.759
-0.163,-0.759
-0.162,-0.759
-0.161,-0.759
-0.16,-0.759
-0.159,-0.759
-0.158,-0.759
-0.157,-0.759
-0.156,-0.759
-0.155,-0.759
-0.154,-0.759
-0.153,-0.759
-0.152,-0.759
-0.151,-0.759
-0.15,-0.759
-0.149,-0.759
-0.148,-0.759
-0.147,-0.759
-0.146,-0.759
-0.145,-0.759
-0.144,-0.759
-0.143,-0.759
-0.142,-0.759
-0.141,-0.759
-0.14,-0.759
-0.139,-0.759
-0.138,-0.759
-0.137,-0.759
-0.136,-0.759
-0.135,-0.759
-0.134,-0.759
-0.133,-0.759
-0.132,-0.759
-0.131,-0.759
-0.13,-0.759
-0.129,-0.759
-0.128,-0.759
-0.127,-0.759
-0.126,-0.759
-0.125,-0.759
-0.124,-0.759
-0.123,-0.759
-0.122,-0.759
-0.121,-0.759
-0.12,-0.759
-0.119,-0.759
-0.118,-0.759
-0.117,-0.759
-0.116,-0.759
-0.115,-0.759
-0.114,-0.759
-0.113,-0.759
-0.112,-0.759
-0.111,-0.759
-0.11,-0.759
-0.109,-0.759
-0.108,-0.759
-0.107,-0.759
-0.106,-0.759
-0.105,-0.759
-0.104,-0.759
-0.103,-0.759
-0.102,-0.759
-0.101,-0.759
-0.1,-0.759
-0.099,-0.759
-0.098,-0.759
-0.097,-0.759
-0.096,-0.759
-0.095,-0.759
-0.094,-0.759
-0.093,-0.759
-0.092,-0.759
-0.091,-0.759
-0.09,-0.759
-0.089,-0.759
-0.088,-0.759
-0.087,-0.759
-0.086,-0.759
-0.085,-0.759
-0.084,-0.759
-0.083,-0.759
-0.082,-0.759
-0.081,-0.759
-0.08,-0.759
-0.079,-0.759
-0.078,-0.759
-0.077,-0.759
-0.076,-0.759
-0.075,-0.759
-0.074,-0.759
-0.073,-0.759
-0.072,-0.759
-0.071,-0.759
-0.07,-0.759
-0.069,-0.759
-0.068,-0.759
-0.067,-0.759
-0.066,-0.759
-0.065,-0.759
-0.064,-0.759
-0.063,-0.759
-0.062,-0.759
-0.061,-0.759
-0.06,-0.759
-0.059,-0.759
-0.058,-0.759
-0.057,-0.759
-0.056,-0.759
-0.055,-0.759
-0.054,-0.759
-0.053,-0.759
-0.052,-0.759
-0.051,-0.759
-0.05,-0.759
-0.049,-0.759
-0.048,-0.759
-0.047,-0.759
-0.046,-0.759
-0.045,-0.759
-0.044,-0.759
-0.043,-0.759
-0.042,-0.759
-0.041,-0.759
-0.04,-0.759
-0.039,-0.759
-0.038,-0.759
-0.037,-0.759
-0.036,-0.759
-0.035,-0.759
-0.034,-0.759
-0.033,-0.759
-0.032,-0.759
-0.031,-0.759
-0.029,-0.759
-0.028,-0.759
-0.025,-0.759
-0.024,-0.759
-0.246,-0.758
-0.24,-0.758
-0.233,-0.758
-0.231,-0.758
-0.23,-0.758
-0.229,-0.758
-0.227,-0.758
-0.226,-0.758
-0.225,-0.758
-0.224,-0.758
-0.223,-0.758
-0.222,-0.758
-0.219,-0.758
-0.218,-0.758
-0.217,-0.758
-0.216,-0.758
-0.215,-0.758
-0.214,-0.758
-0.213,-0.758
-0.212,-0.758
-0.211,-0.758
-0.21,-0.758
-0.209,-0.758
-0.208,-0.758
-0.207,-0.758
-0.206,-0.758
-0.205,-0.758
-0.204,-0.758
-0.203,-0.758
-0.202,-0.758
-0.201,-0.758
-0.2,-0.758
-0.199,-0.758
-0.198,-0.758
-0.197,-0.758
-0.196,-0.758
-0.195,-0.758
-0.194,-0.758
-0.193,-0.758
-0.192,-0.758
-0.191,-0.758
-0.19,-0.758
-0.189,-0.758
-0.188,-0.758
-0.187,-0.758
-0.186,-0.758
-0.185,-0.758
-0.184,-0.758
-0.183,-0.758
-0.182,-0.758
-0.181,-0.758
-0.18,-0.758
-0.179,-0.758
-0.178,-0.758
-0.177,-0.758
-0.176,-0.758
-0.175,-0.758
-0.174,-0.758
-0.173,-0.758
-0.172,-0.758
-0.171,-0.758
-0.17,-0.758
-0.169,-0.758
-0.168,-0.758
-0.167,-0.758
-0.166,-0.758
-0.165,-0.758
-0.164,-0.758
-0.163,-0.758
-0.162,-0.758
-0.161,-0.758
-0.16,-0.758
-0.159,-0.758
-0.158,-0.758
-0.157,-0.758
-0.156,-0.758
-0.155,-0.758
-0.154,-0.758
-0.153,-0.758
-0.152,-0.758
-0.151,-0.758
-0.15,-0.758
-0.149,-0.758
-0.148,-0.758
-0.147,-0.758
-0.146,-0.758
-0.145,-0.758
-0.144,-0.758
-0.143,-0.758
-0.142,-0.758
-0.141,-0.758
-0.14,-0.758
-0.139,-0.758
-0.138,-0.758
-0.137,-0.758
-0.136,-0.758
-0.135,-0.758
-0.134,-0.758
-0.133,-0.758
-0.132,-0.758
-0.131,-0.758
-0.13,-0.758
-0.129,-0.758
-0.128,-0.758
-0.127,-0.758
-0.126,-0.758
-0.125,-0.758
-0.124,-0.758
-0.123,-0.758
-0.122,-0.758
-0.121,-0.758
-0.12,-0.758
-0.119,-0.758
-0.118,-0.758
-0.117,-0.758
-0.116,-0.758
-0.115,-0.758
-0.114,-0.758
-0.113,-0.758
-0.112,-0.758
-0.111,-0.758
-0.11,-0.758
-0.109,-0.758
-0.108,-0.758
-0.107,-0.758
-0.106,-0.758
-0.105,-0.758
-0.104,-0.758
-0.103,-0.758
-0.102,-0.758
-0.101,-0.758
-0.1,-0.758
-0.099,-0.758
-0.098,-0.758
-0.097,-0.758
-0.096,-0.758
-0.095,-0.758
-0.094,-0.758
-0.093,-0.758
-0.092,-0.758
-0.091,-0.758
-0.09,-0.758
-0.089,-0.758
-0.088,-0.758
-0.087,-0.758
-0.086,-0.758
-0.085,-0.758
-0.084,-0.758
-0.083,-0.758
-0.082,-0.758
-0.081,-0.758
-0.08,-0.758
-0.079,-0.758
-0.078,-0.758
-0.077,-0.758
-0.076,-0.758
-0.075,-0.758
-0.074,-0.758
-0.073,-0.758
-0.072,-0.758
-0.071,-0.758
-0.07,-0.758
-0.069,-0.758
-0.068,-0.758
-0.067,-0.758
-0.066,-0.758
-0.065,-0.758
-0.064,-0.758
-0.063,-0.758
-0.062,-0.758
-0.061,-0.758
-0.06,-0.758
-0.059,-0.758
-0.058,-0.758
-0.057,-0.758
-0.056,-0.758
-0.055,-0.758
-0.054,-0.758
-0.053,-0.758
-0.052,-0.758
-0.051,-0.758
-0.05,-0.758
-0.049,-0.758
-0.048,-0.758
-0.047,-0.758
-0.046,-0.758
-0.045,-0.758
-0.044,-0.758
-0.043,-0.758
-0.042,-0.758
-0.041,-0.758
-0.04,-0.758
-0.039,-0.758
-0.038,-0.758
-0.037,-0.758
-0.036,-0.758
-0.035,-0.758
-0.034,-0.758
-0.033,-0.758
-0.032,-0.758
-0.031,-0.758
-0.243,-0.757
-0.231,-0.757
-0.23,-0.757
-0.229,-0.757
-0.228,-0.757
-0.227,-0.757
-0.226,-0.757
-0.225,-0.757
-0.224,-0.757
-0.223,-0.757
-0.222,-0.757
-0.221,-0.757
-0.219,-0.757
-0.218,-0.757
-0.217,-0.757
-0.216,-0.757
-0.215,-0.757
-0.214,-0.757
-0.213,-0.757
-0.212,-0.757
-0.211,-0.757
-0.21,-0.757
-0.209,-0.757
-0.208,-0.757
-0.207,-0.757
-0.206,-0.757
-0.205,-0.757
-0.204,-0.757
-0.203,-0.757
-0.202,-0.757
-0.201,-0.757
-0.2,-0.757
-0.199,-0.757
-0.198,-0.757
-0.197,-0.757
-0.196,-0.757
-0.195,-0.757
-0.194,-0.757
-0.193,-0.757
-0.192,-0.757
-0.191,-0.757
-0.19,-0.757
-0.189,-0.757
-0.188,-0.757
-0.187,-0.757
-0.186,-0.757
-0.185,-0.757
-0.184,-0.757
-0.183,-0.757
-0.182,-0.757
-0.181,-0.757
-0.18,-0.757
-0.179,-0.757
-0.178,-0.757
-0.177,-0.757
-0.176,-0.757
-0.175,-0.757
-0.174,-0.757
-0.173,-0.757
-0.172,-0.757
-0.171,-0.757
-0.17,-0.757
-0.169,-0.757
-0.168,-0.757
-0.167,-0.757
-0.166,-0.757
-0.165,-0.757
-0.164,-0.757
-0.163,-0.757
-0.162,-0.757
-0.161,-0.757
-0.16,-0.757
-0.159,-0.757
-0.158,-0.757
-0.157,-0.757
-0.156,-0.757
-0.155,-0.757
-0.154,-0.757
-0.153,-0.757
-0.152,-0.757
-0.151,-0.757
-0.15,-0.757
-0.149,-0.757
-0.148,-0.757
-0.147,-0.757
-0.146,-0.757
-0.145,-0.757
-0.144,-0.757
-0.143,-0.757
-0.142,-0.757
-0.141,-0.757
-0.14,-0.757
-0.139,-0.757
-0.138,-0.757
-0.137,-0.757
-0.136,-0.757
-0.135,-0.757
-0.134,-0.757
-0.133,-0.757
-0.132,-0.757
-0.131,-0.757
-0.13,-0.757
-0.129,-0.757
-0.128,-0.757
-0.127,-0.757
-0.126,-0.757
-0.125,-0.757
-0.124,-0.757
-0.123,-0.757
-0.122,-0.757
-0.121,-0.757
-0.12,-0.757
-0.119,-0.757
-0.118,-0.757
-0.117,-0.757
-0.116,-0.757
-0.115,-0.757
-0.114,-0.757
-0.113,-0.757
-0.112,-0.757
-0.111,-0.757
-0.11,-0.757
-0.109,-0.757
-0.108,-0.757
-0.107,-0.757
-0.106,-0.757
-0.105,-0.757
-0.104,-0.757
-0.103,-0.757
-0.102,-0.757
-0.101,-0.757
-0.1,-0.757
-0.099,-0.757
-0.098,-0.757
-0.097,-0.757
-0.096,-0.757
-0.095,-0.757
-0.094,-0.757
-0.093,-0.757
-0.092,-0.757
-0.091,-0.757
-0.09,-0.757
-0.089,-0.757
-0.088,-0.757
-0.087,-0.757
-0.086,-0.757
-0.085,-0.757
-0.084,-0.757
-0.083,-0.757
-0.082,-0.757
-0.081,-0.757
-0.08,-0.757
-0.079,-0.757
-0.078,-0.757
-0.077,-0.757
-0.076,-0.757
-0.075,-0.757
-0.074,-0.757
-0.073,-0.757
-0.072,-0.757
-0.071,-0.757
-0.07,-0.757
-0.069,-0.757
-0.068,-0.757
-0.067,-0.757
-0.066,-0.757
-0.065,-0.757
-0.064,-0.757
-0.063,-0.757
-0.062,-0.757
-0.061,-0.757
-0.06,-0.757
-0.059,-0.757
-0.058,-0.757
-0.057,-0.757
-0.056,-0.757
-0.055,-0.757
-0.054,-0.757
-0.053,-0.757
-0.052,-0.757
-0.051,-0.757
-0.05,-0.757
-0.049,-0.757
-0.048,-0.757
-0.047,-0.757
-0.046,-0.757
-0.045,-0.757
-0.044,-0.757
-0.043,-0.757
-0.042,-0.757
-0.041,-0.757
-0.04,-0.757
-0.039,-0.757
-0.038,-0.757
-0.037,-0.757
-0.036,-0.757
-0.035,-0.757
-0.034,-0.757
-0.033,-0.757
-0.032,-0.757
-0.031,-0.757
-0.03,-0.757
-0.244,-0.756
-0.233,-0.756
-0.232,-0.756
-0.23,-0.756
-0.229,-0.756
-0.228,-0.756
-0.227,-0.756
-0.226,-0.756
-0.225,-0.756
-0.224,-0.756
-0.223,-0.756
-0.222,-0.756
-0.221,-0.756
-0.219,-0.756
-0.218,-0.756
-0.217,-0.756
-0.216,-0.756
-0.215,-0.756
-0.214,-0.756
-0.213,-0.756
-0.212,-0.756
-0.211,-0.756
-0.21,-0.756
-0.209,-0.756
-0.208,-0.756
-0.207,-0.756
-0.206,-0.756
-0.205,-0.756
-0.204,-0.756
-0.203,-0.756
-0.202,-0.756
-0.201,-0.756
-0.2,-0.756
-0.199,-0.756
-0.198,-0.756
-0.197,-0.756
-0.196,-0.756
-0.195,-0.756
-0.194,-0.756
-0.193,-0.756
-0.192,-0.756
-0.191,-0.756
-0.19,-0.756
-0.189,-0.756
-0.188,-0.756
-0.187,-0.756
-0.186,-0.756
-0.185,-0.756
-0.184,-0.756
-0.183,-0.756
-0.182,-0.756
-0.181,-0.756
-0.18,-0.756
-0.179,-0.756
-0.178,-0.756
-0.177,-0.756
-0.176,-0.756
-0.175,-0.756
-0.174,-0.756
-0.173,-0.756
-0.172,-0.756
-0.171,-0.756
-0.17,-0.756
-0.169,-0.756
-0.168,-0.756
-0.167,-0.756
-0.166,-0.756
-0.165,-0.756
-0.164,-0.756
-0.163,-0.756
-0.162,-0.756
-0.161,-0.756
-0.16,-0.756
-0.159,-0.756
-0.158,-0.756
-0.157,-0.756
-0.156,-0.756
-0.155,-0.756
-0.154,-0.756
-0.153,-0.756
-0.152,-0.756
-0.151,-0.756
-0.15,-0.756
-0.149,-0.756
-0.148,-0.756
-0.147,-0.756
-0.146,-0.756
-0.145,-0.756
-0.144,-0.756
-0.143,-0.756
-0.142,-0.756
-0.141,-0.756
-0.14,-0.756
-0.139,-0.756
-0.138,-0.756
-0.137,-0.756
-0.136,-0.756
-0.135,-0.756
-0.134,-0.756
-0.133,-0.756
-0.132,-0.756
-0.131,-0.756
-0.13,-0.756
-0.129,-0.756
-0.128,-0.756
-0.127,-0.756
-0.126,-0.756
-0.125,-0.756
-0.124,-0.756
-0.123,-0.756
-0.122,-0.756
-0.121,-0.756
-0.12,-0.756
-0.119,-0.756
-0.118,-0.756
-0.117,-0.756
-0.116,-0.756
-0.115,-0.756
-0.114,-0.756
-0.113,-0.756
-0.112,-0.756
-0.111,-0.756
-0.11,-0.756
-0.109,-0.756
-0.108,-0.756
-0.107,-0.756
-0.106,-0.756
-0.105,-0.756
-0.104,-0.756
-0.103,-0.756
-0.102,-0.756
-0.101,-0.756
-0.1,-0.756
-0.099,-0.756
-0.098,-0.756
-0.097,-0.756
-0.096,-0.756
-0.095,-0.756
-0.094,-0.756
-0.093,-0.756
-0.092,-0.756
-0.091,-0.756
-0.09,-0.756
-0.089,-0.756
-0.088,-0.756
-0.087,-0.756
-0.086,-0.756
-0.085,-0.756
-0.084,-0.756
-0.083,-0.756
-0.082,-0.756
-0.081,-0.756
-0.08,-0.756
-0.079,-0.756
-0.078,-0.756
-0.077,-0.756
-0.076,-0.756
-0.075,-0.756
-0.074,-0.756
-0.073,-0.756
-0.072,-0.756
-0.071,-0.756
-0.07,-0.756
-0.069,-0.756
-0.068,-0.756
-0.067,-0.756
-0.066,-0.756
-0.065,-0.756
-0.064,-0.756
-0.063,-0.756
-0.062,-0.756
-0.061,-0.756
-0.06,-0.756
-0.059,-0.756
-0.058,-0.756
-0.057,-0.756
-0.056,-0.756
-0.055,-0.756
-0.054,-0.756
-0.053,-0.756
-0.052,-0.756
-0.051,-0.756
-0.05,-0.756
-0.049,-0.756
-0.048,-0.756
-0.047,-0.756
-0.046,-0.756
-0.045,-0.756
-0.044,-0.756
-0.043,-0.756
-0.042,-0.756
-0.041,-0.756
-0.04,-0.756
-0.039,-0.756
-0.038,-0.756
-0.037,-0.756
-0.036,-0.756
-0.035,-0.756
-0.034,-0.756
-0.033,-0.756
-0.032,-0.756
-0.031,-0.756
-0.018,-0.756
-0.244,-0.755
-0.243,-0.755
-0.241,-0.755
-0.234,-0.755
-0.232,-0.755
-0.231,-0.755
-0.23,-0.755
-0.229,-0.755
-0.228,-0.755
-0.227,-0.755
-0.226,-0.755
-0.225,-0.755
-0.224,-0.755
-0.223,-0.755
-0.222,-0.755
-0.221,-0.755
-0.22,-0.755
-0.219,-0.755
-0.218,-0.755
-0.217,-0.755
-0.216,-0.755
-0.215,-0.755
-0.214,-0.755
-0.213,-0.755
-0.212,-0.755
-0.211,-0.755
-0.21,-0.755
-0.209,-0.755
-0.208,-0.755
-0.207,-0.755
-0.206,-0.755
-0.205,-0.755
-0.204,-0.755
-0.203,-0.755
-0.202,-0.755
-0.201,-0.755
-0.2,-0.755
-0.199,-0.755
-0.198,-0.755
-0.197,-0.755
-0.196,-0.755
-0.195,-0.755
-0.194,-0.755
-0.193,-0.755
-0.192,-0.755
-0.191,-0.755
-0.19,-0.755
-0.189,-0.755
-0.188,-0.755
-0.187,-0.755
-0.186,-0.755
-0.185,-0.755
-0.184,-0.755
-0.183,-0.755
-0.182,-0.755
-0.181,-0.755
-0.18,-0.755
-0.179,-0.755
-0.178,-0.755
-0.177,-0.755
-0.176,-0.755
-0.175,-0.755
-0.174,-0.755
-0.173,-0.755
-0.172,-0.755
-0.171,-0.755
-0.17,-0.755
-0.169,-0.755
-0.168,-0.755
-0.167,-0.755
-0.166,-0.755
-0.165,-0.755
-0.164,-0.755
-0.163,-0.755
-0.162,-0.755
-0.161,-0.755
-0.16,-0.755
-0.159,-0.755
-0.158,-0.755
-0.157,-0.755
-0.156,-0.755
-0.155,-0.755
-0.154,-0.755
-0.153,-0.755
-0.152,-0.755
-0.151,-0.755
-0.15,-0.755
-0.149,-0.755
-0.148,-0.755
-0.147,-0.755
-0.146,-0.755
-0.145,-0.755
-0.144,-0.755
-0.143,-0.755
-0.142,-0.755
-0.141,-0.755
-0.14,-0.755
-0.139,-0.755
-0.138,-0.755
-0.137,-0.755
-0.136,-0.755
-0.135,-0.755
-0.134,-0.755
-0.133,-0.755
-0.132,-0.755
-0.131,-0.755
-0.13,-0.755
-0.129,-0.755
-0.128,-0.755
-0.127,-0.755
-0.126,-0.755
-0.125,-0.755
-0.124,-0.755
-0.123,-0.755
-0.122,-0.755
-0.121,-0.755
-0.12,-0.755
-0.119,-0.755
-0.118,-0.755
-0.117,-0.755
-0.116,-0.755
-0.115,-0.755
-0.114,-0.755
-0.113,-0.755
-0.112,-0.755
-0.111,-0.755
-0.11,-0.755
-0.109,-0.755
-0.108,-0.755
-0.107,-0.755
-0.106,-0.755
-0.105,-0.755
-0.104,-0.755
-0.103,-0.755
-0.102,-0.755
-0.101,-0.755
-0.1,-0.755
-0.099,-0.755
-0.098,-0.755
-0.097,-0.755
-0.096,-0.755
-0.095,-0.755
-0.094,-0.755
-0.093,-0.755
-0.092,-0.755
-0.091,-0.755
-0.09,-0.755
-0.089,-0.755
-0.088,-0.755
-0.087,-0.755
-0.086,-0.755
-0.085,-0.755
-0.084,-0.755
-0.083,-0.755
-0.082,-0.755
-0.081,-0.755
-0.08,-0.755
-0.079,-0.755
-0.078,-0.755
-0.077,-0.755
-0.076,-0.755
-0.075,-0.755
-0.074,-0.755
-0.073,-0.755
-0.072,-0.755
-0.071,-0.755
-0.07,-0.755
-0.069,-0.755
-0.068,-0.755
-0.067,-0.755
-0.066,-0.755
-0.065,-0.755
-0.064,-0.755
-0.063,-0.755
-0.062,-0.755
-0.061,-0.755
-0.06,-0.755
-0.059,-0.755
-0.058,-0.755
-0.057,-0.755
-0.056,-0.755
-0.055,-0.755
-0.054,-0.755
-0.053,-0.755
-0.052,-0.755
-0.051,-0.755
-0.05,-0.755
-0.049,-0.755
-0.048,-0.755
-0.047,-0.755
-0.046,-0.755
-0.045,-0.755
-0.044,-0.755
-0.043,-0.755
-0.042,-0.755
-0.041,-0.755
-0.04,-0.755
-0.039,-0.755
-0.038,-0.755
-0.037,-0.755
-0.036,-0.755
-0.035,-0.755
-0.034,-0.755
-0.033,-0.755
-0.032,-0.755
-0.031,-0.755
-0.03,-0.755
-0.029,-0.755
-0.028,-0.755
-0.026,-0.755
-0.234,-0.754
-0.231,-0.754
-0.23,-0.754
-0.229,-0.754
-0.228,-0.754
-0.227,-0.754
-0.226,-0.754
-0.225,-0.754
-0.224,-0.754
-0.223,-0.754
-0.222,-0.754
-0.221,-0.754
-0.22,-0.754
-0.219,-0.754
-0.218,-0.754
-0.217,-0.754
-0.216,-0.754
-0.215,-0.754
-0.214,-0.754
-0.213,-0.754
-0.212,-0.754
-0.211,-0.754
-0.21,-0.754
-0.209,-0.754
-0.208,-0.754
-0.207,-0.754
-0.206,-0.754
-0.205,-0.754
-0.204,-0.754
-0.203,-0.754
-0.202,-0.754
-0.201,-0.754
-0.2,-0.754
-0.199,-0.754
-0.198,-0.754
-0.197,-0.754
-0.196,-0.754
-0.195,-0.754
-0.194,-0.754
-0.193,-0.754
-0.192,-0.754
-0.191,-0.754
-0.19,-0.754
-0.189,-0.754
-0.188,-0.754
-0.187,-0.754
-0.186,-0.754
-0.185,-0.754
-0.184,-0.754
-0.183,-0.754
-0.182,-0.754
-0.181,-0.754
-0.18,-0.754
-0.179,-0.754
-0.178,-0.754
-0.177,-0.754
-0.176,-0.754
-0.175,-0.754
-0.174,-0.754
-0.173,-0.754
-0.172,-0.754
-0.171,-0.754
-0.17,-0.754
-0.169,-0.754
-0.168,-0.754
-0.167,-0.754
-0.166,-0.754
-0.165,-0.754
-0.164,-0.754
-0.163,-0.754
-0.162,-0.754
-0.161,-0.754
-0.16,-0.754
-0.159,-0.754
-0.158,-0.754
-0.157,-0.754
-0.156,-0.754
-0.155,-0.754
-0.154,-0.754
-0.153,-0.754
-0.152,-0.754
-0.151,-0.754
-0.15,-0.754
-0.149,-0.754
-0.148,-0.754
-0.147,-0.754
-0.146,-0.754
-0.145,-0.754
-0.144,-0.754
-0.143,-0.754
-0.142,-0.754
-0.141,-0.754
-0.14,-0.754
-0.139,-0.754
-0.138,-0.754
-0.137,-0.754
-0.136,-0.754
-0.135,-0.754
-0.134,-0.754
-0.133,-0.754
-0.132,-0.754
-0.131,-0.754
-0.13,-0.754
-0.129,-0.754
-0.128,-0.754
-0.127,-0.754
-0.126,-0.754
-0.125,-0.754
-0.124,-0.754
-0.123,-0.754
-0.122,-0.754
-0.121,-0.754
-0.12,-0.754
-0.119,-0.754
-0.118,-0.754
-0.117,-0.754
-0.116,-0.754
-0.115,-0.754
-0.114,-0.754
-0.113,-0.754
-0.112,-0.754
-0.111,-0.754
-0.11,-0.754
-0.109,-0.754
-0.108,-0.754
-0.107,-0.754
-0.106,-0.754
-0.105,-0.754
-0.104,-0.754
-0.103,-0.754
-0.102,-0.754
-0.101,-0.754
-0.1,-0.754
-0.099,-0.754
-0.098,-0.754
-0.097,-0.754
-0.096,-0.754
-0.095,-0.754
-0.094,-0.754
-0.093,-0.754
-0.092,-0.754
-0.091,-0.754
-0.09,-0.754
-0.089,-0.754
-0.088,-0.754
-0.087,-0.754
-0.086,-0.754
-0.085,-0.754
-0.084,-0.754
-0.083,-0.754
-0.082,-0.754
-0.081,-0.754
-0.08,-0.754
-0.079,-0.754
-0.078,-0.754
-0.077,-0.754
-0.076,-0.754
-0.075,-0.754
-0.074,-0.754
-0.073,-0.754
-0.072,-0.754
-0.071,-0.754
-0.07,-0.754
-0.069,-0.754
-0.068,-0.754
-0.067,-0.754
-0.066,-0.754
-0.065,-0.754
-0.064,-0.754
-0.063,-0.754
-0.062,-0.754
-0.061,-0.754
-0.06,-0.754
-0.059,-0.754
-0.058,-0.754
-0.057,-0.754
-0.056,-0.754
-0.055,-0.754
-0.054,-0.754
-0.053,-0.754
-0.052,-0.754
-0.051,-0.754
-0.05,-0.754
-0.049,-0.754
-0.048,-0.754
-0.047,-0.754
-0.046,-0.754
-0.045,-0.754
-0.044,-0.754
-0.043,-0.754
-0.042,-0.754
-0.041,-0.754
-0.04,-0.754
-0.039,-0.754
-0.038,-0.754
-0.037,-0.754
-0.036,-0.754
-0.035,-0.754
-0.034,-0.754
-0.033,-0.754
-0.032,-0.754
-0.031,-0.754
-0.03,-0.754
-0.029,-0.754
-0.028,-0.754
-0.027,-0.754
-0.24,-0.753
-0.235,-0.753
-0.233,-0.753
-0.231,-0.753
-0.23,-0.753
-0.229,-0.753
-0.228,-0.753
-0.227,-0.753
-0.226,-0.753
-0.225,-0.753
-0.224,-0.753
